{"type":"FeatureCollection","features":[{"type":"Feature","properties":{"name":"India"},"geometry":{"type":"MultiPolygon","coordinates":[[[[77.5187,35.4857],[77.5087,35.5802],[77.4689,35.6519],[77.4214,35.6402],[77.3486,35.7198],[77.209,35.7097],[77.0896,35.7402],[77.0686,35.7799],[77.0086,35.8197],[76.8391,35.8595],[76.7789,35.9103],[76.7789,36.0398],[76.7587,36.11],[76.7188,36.1599],[76.6689,36.1904],[76.5683,36.1904],[76.4693,36.22],[76.4286,36.2395],[76.3889,36.3098],[76.3186,36.3301],[76.239,36.3199],[76.1493,36.4245],[76.0279,36.4396],[75.9977,36.4888],[75.9983,36.5015],[75.969,36.5215],[75.9358,36.5756],[75.9411,36.6064],[75.8468,36.6863],[75.7356,36.7531],[75.7037,36.7555],[75.6769,36.7711],[75.6334,36.7801],[75.5858,36.7721],[75.5709,36.7796],[75.5397,36.7801],[75.5344,36.734],[75.515,36.7344],[75.5037,36.7488],[75.491,36.7462],[75.4783,36.7298],[75.4601,36.7298],[75.4264,36.7843],[75.4333,36.8765],[75.4232,36.8956],[75.3978,36.9093],[75.3941,36.9284],[75.419,36.9448],[75.4179,36.9591],[75.2818,36.983],[75.241,36.9718],[75.1687,36.9993],[75.1706,37.0227],[75.1457,37.0343],[75.1309,37.0206],[75.0636,37.0131],[75.0334,37.0259],[74.9969,37.0006],[74.9789,37.0036],[74.9371,36.9925],[74.9233,36.9835],[74.9392,36.948],[74.9243,36.9501],[74.9021,36.9406],[74.8703,36.9983],[74.8428,37.0237],[74.8407,37.0656],[74.8121,37.0651],[74.7935,37.0571],[74.7914,37.0375],[74.7808,37.0343],[74.7348,37.0375],[74.7205,37.0518],[74.7042,37.0976],[74.689,37.0958],[74.6312,37.0754],[74.6232,37.0593],[74.5734,37.0389],[74.5761,37.0042],[74.5628,36.9713],[74.5477,36.9677],[74.537,36.9766],[74.5316,36.9989],[74.5219,37.006],[74.424,37.0069],[74.4063,36.9891],[74.3582,36.9748],[74.2773,36.9153],[74.2426,36.9055],[74.2177,36.9144],[74.151,36.9179],[74.1297,36.8574],[74.0852,36.8521],[74.0407,36.8343],[74.0221,36.8414],[73.9749,36.8405],[73.9456,36.869],[73.9109,36.8886],[73.8904,36.8859],[73.8424,36.9073],[73.8006,36.9001],[73.7553,36.9126],[73.7286,36.9099],[73.6699,36.9224],[73.6506,36.9158],[73.697,36.8548],[73.7208,36.8423],[73.785,36.8346],[73.7933,36.812],[73.839,36.8013],[73.8681,36.755],[73.861,36.7247],[73.8515,36.7176],[73.8343,36.7098],[73.7755,36.7283],[73.7345,36.7188],[73.6875,36.7229],[73.6733,36.7098],[73.6566,36.7069],[73.6037,36.7098],[73.5788,36.7188],[73.5687,36.736],[73.5069,36.73],[73.4493,36.7413],[73.4089,36.7586],[73.3744,36.758],[73.2681,36.7211],[73.214,36.7176],[73.1522,36.73],[73.1249,36.711],[73.0619,36.6974],[73.0494,36.6849],[73.0494,36.673],[73.075,36.6094],[73.0547,36.5869],[73.0411,36.5476],[73.0102,36.5245],[72.9704,36.509],[72.9674,36.4769],[72.924,36.474],[72.8715,36.4524],[72.8483,36.3764],[72.7218,36.3135],[72.6864,36.2755],[72.6525,36.2636],[72.5937,36.2696],[72.5491,36.2327],[72.5402,36.1917],[72.5426,36.149],[72.5236,36.1115],[72.5212,36.0789],[72.5301,36.0604],[72.5658,36.0289],[72.5681,36.0123],[72.5099,35.9024],[72.552,35.8803],[72.5685,35.8518],[72.6834,35.8204],[72.7857,35.8481],[72.7975,35.8661],[72.8095,35.8625],[72.8195,35.8881],[72.8367,35.8733],[72.8908,35.8774],[72.8919,35.8495],[72.9038,35.8418],[72.9604,35.8489],[72.9817,35.8614],[72.9989,35.8626],[73.0263,35.8423],[73.0922,35.8756],[73.1291,35.8459],[73.1498,35.8436],[73.1783,35.8602],[73.2003,35.8269],[73.2003,35.7871],[73.1878,35.7853],[73.1581,35.7616],[73.1201,35.7651],[73.1118,35.7592],[73.126,35.7212],[73.1486,35.7129],[73.192,35.6772],[73.236,35.6677],[73.2401,35.6576],[73.2906,35.6707],[73.2966,35.6623],[73.331,35.6629],[73.356,35.6095],[73.3952,35.5869],[73.4053,35.5293],[73.4179,35.5251],[73.4999,35.5429],[73.6169,35.5411],[73.6649,35.531],[73.7856,35.5245],[73.7856,35.4633],[73.7945,35.449],[73.7547,35.4431],[73.7529,35.4324],[73.7273,35.4193],[73.6982,35.3712],[73.7006,35.3528],[73.6929,35.3492],[73.7119,35.2797],[73.7303,35.2737],[73.7499,35.2209],[73.7655,35.2209],[73.8093,35.2429],[73.8325,35.2274],[73.8474,35.2262],[73.8711,35.2048],[73.9258,35.2102],[73.9579,35.165],[74.003,35.1846],[74.0078,35.171],[74.0357,35.1496],[74.0803,35.1561],[74.0969,35.146],[74.1123,35.1532],[74.1159,35.1234],[74.1319,35.1193],[74.1286,35.1052],[74.0875,35.0826],[74.0767,35.0475],[74.1112,35.0176],[74.0971,35.0006],[74.0694,34.9967],[74.0609,34.9887],[74.0716,34.9379],[74.0389,34.9141],[74.0451,34.8904],[74.0219,34.874],[73.9778,34.8661],[73.9682,34.8356],[73.9343,34.8316],[73.9275,34.8113],[73.8981,34.8197],[73.8653,34.809],[73.8382,34.8141],[73.8308,34.7915],[73.7777,34.7949],[73.728,34.7643],[73.7037,34.7191],[73.6856,34.7055],[73.6867,34.692],[73.6647,34.6699],[73.6635,34.6626],[73.6997,34.6479],[73.659,34.5993],[73.6658,34.5801],[73.6567,34.5625],[73.6364,34.5648],[73.6177,34.5823],[73.564,34.5897],[73.5375,34.5716],[73.4957,34.5772],[73.4533,34.5693],[73.4482,34.536],[73.4357,34.5269],[73.4442,34.5054],[73.429,34.4693],[73.4278,34.4167],[73.4126,34.3856],[73.3984,34.3783],[73.4493,34.3212],[73.4516,34.3003],[73.4623,34.2878],[73.4696,34.2799],[73.4804,34.2912],[73.4883,34.2793],[73.4736,34.2562],[73.499,34.2076],[73.4951,34.1352],[73.5149,34.0369],[73.511,34.0187],[73.5014,34.018],[73.5245,34.0125],[73.5194,34.0001],[73.5347,33.9882],[73.5437,33.9543],[73.5884,33.9074],[73.5946,33.8916],[73.5923,33.8627],[73.5669,33.7977],[73.5985,33.7395],[73.6008,33.6988],[73.5957,33.6807],[73.577,33.6666],[73.572,33.6304],[73.6019,33.6061],[73.6285,33.5677],[73.6257,33.5451],[73.6336,33.5264],[73.6121,33.5083],[73.6115,33.4919],[73.6302,33.4563],[73.6019,33.4349],[73.576,33.3774],[73.5888,33.3418],[73.6083,33.3349],[73.6037,33.3191],[73.6274,33.2415],[73.6703,33.211],[73.6703,33.1522],[73.6251,33.1319],[73.6341,33.0934],[73.6534,33.0804],[73.7297,33.064],[73.7461,33.0561],[73.776,33.0211],[73.8162,33.0103],[73.8778,33.0347],[73.9043,33.0392],[73.9258,33.0341],[74.001,32.9544],[74.053,32.9307],[74.0832,32.928],[74.3413,32.8097],[74.3494,32.7826],[74.3718,32.7696],[74.4107,32.772],[74.4395,32.7881],[74.4452,32.8041],[74.4638,32.7766],[74.4753,32.7766],[74.4847,32.7652],[74.5112,32.7644],[74.5143,32.7442],[74.543,32.7514],[74.5471,32.7456],[74.5556,32.7587],[74.5661,32.7601],[74.5796,32.7494],[74.6175,32.7614],[74.6376,32.7515],[74.632,32.776],[74.6586,32.7875],[74.6329,32.8089],[74.6526,32.8278],[74.6655,32.8239],[74.7053,32.842],[74.7046,32.8173],[74.6545,32.7291],[74.6639,32.7257],[74.6537,32.697],[74.6662,32.6756],[74.6962,32.6659],[74.6951,32.6606],[74.6696,32.6383],[74.6545,32.6371],[74.6542,32.6152],[74.6385,32.6146],[74.6415,32.5996],[74.6591,32.5967],[74.6484,32.5855],[74.655,32.5809],[74.6516,32.563],[74.6731,32.568],[74.6733,32.5536],[74.6611,32.5541],[74.6619,32.5458],[74.6902,32.5343],[74.6814,32.4928],[74.6917,32.4866],[74.7104,32.4929],[74.7117,32.4787],[74.7272,32.4758],[74.7295,32.4811],[74.7553,32.4829],[74.8126,32.4801],[74.82,32.4995],[74.8462,32.4901],[74.8577,32.4941],[74.8676,32.4851],[74.8771,32.4939],[74.8845,32.4904],[74.8764,32.4773],[74.9005,32.4671],[74.9054,32.473],[74.9185,32.464],[74.9392,32.4713],[74.9516,32.4465],[74.9657,32.4582],[74.992,32.4524],[75.0155,32.4644],[75.0265,32.4976],[75.0852,32.4691],[75.1017,32.4775],[75.1344,32.4282],[75.1275,32.4239],[75.1329,32.4088],[75.1535,32.4211],[75.1918,32.4261],[75.2016,32.4153],[75.1931,32.4112],[75.1928,32.401],[75.2091,32.3947],[75.2132,32.4027],[75.2454,32.3848],[75.2569,32.3894],[75.2582,32.3723],[75.2728,32.3763],[75.2897,32.3701],[75.287,32.361],[75.299,32.3466],[75.322,32.3437],[75.3375,32.3206],[75.3208,32.2972],[75.3505,32.29],[75.3439,32.2786],[75.3716,32.2795],[75.3815,32.2688],[75.3706,32.2579],[75.3723,32.2258],[75.3574,32.218],[75.3313,32.2196],[75.3162,32.208],[75.3103,32.1946],[75.3223,32.1793],[75.2995,32.1534],[75.2854,32.1516],[75.2786,32.1169],[75.2403,32.091],[75.2294,32.0933],[75.2351,32.1037],[75.227,32.1068],[75.2238,32.0981],[75.2178,32.1034],[75.2157,32.1211],[75.2034,32.1202],[75.1983,32.0828],[75.1743,32.0677],[75.1577,32.0818],[75.1229,32.0815],[75.1067,32.0697],[75.1049,32.0587],[75.0911,32.0718],[75.084,32.06],[75.073,32.0597],[75.0687,32.0672],[75.0407,32.0426],[75.034,32.0507],[75.0216,32.0486],[75.0124,32.0357],[75.003,32.0436],[74.9719,32.0425],[74.974,32.0535],[74.9336,32.0656],[74.9246,32.0662],[74.9048,32.0503],[74.8794,32.0538],[74.8688,32.0419],[74.88,32.0319],[74.8688,32.022],[74.8655,32.0304],[74.8656,32.0232],[74.8483,32.0205],[74.8531,32.0134],[74.8289,31.9992],[74.8312,31.9808],[74.819,31.9587],[74.8059,31.963],[74.7685,31.9477],[74.7554,31.9558],[74.7564,31.9437],[74.7199,31.9414],[74.7139,31.9322],[74.7191,31.9238],[74.6667,31.9226],[74.6575,31.9019],[74.6362,31.8842],[74.6074,31.8901],[74.6066,31.8685],[74.5978,31.868],[74.5907,31.8485],[74.5834,31.8519],[74.5721,31.839],[74.5731,31.8161],[74.5579,31.8048],[74.5672,31.7963],[74.5556,31.7913],[74.5513,31.7787],[74.5594,31.7579],[74.5039,31.7403],[74.503,31.7284],[74.4866,31.7151],[74.4993,31.7094],[74.502,31.6956],[74.5351,31.6776],[74.5288,31.6664],[74.5403,31.6599],[74.5555,31.6079],[74.5754,31.604],[74.5921,31.5741],[74.6159,31.569],[74.6067,31.5625],[74.6188,31.5516],[74.6129,31.5273],[74.5842,31.5208],[74.5801,31.507],[74.5873,31.5042],[74.5754,31.5009],[74.6098,31.4998],[74.6223,31.482],[74.6367,31.4847],[74.6278,31.4769],[74.6363,31.4777],[74.6522,31.4572],[74.6386,31.4442],[74.6547,31.4259],[74.6425,31.4159],[74.6224,31.4301],[74.6193,31.4198],[74.6013,31.4199],[74.5835,31.379],[74.5517,31.3644],[74.5488,31.3348],[74.5368,31.3302],[74.5348,31.3135],[74.5264,31.3124],[74.5421,31.3037],[74.5211,31.2721],[74.5327,31.2494],[74.5172,31.2284],[74.5261,31.2119],[74.5196,31.1841],[74.5105,31.1803],[74.5104,31.132],[74.5485,31.122],[74.5514,31.0865],[74.5713,31.0814],[74.5891,31.0924],[74.6008,31.088],[74.6106,31.0991],[74.5965,31.1273],[74.6024,31.1333],[74.6309,31.1327],[74.6364,31.1181],[74.6591,31.134],[74.6665,31.1244],[74.6892,31.128],[74.7024,31.0923],[74.6907,31.0814],[74.6961,31.074],[74.6711,31.0536],[74.5969,31.0376],[74.5904,31.05],[74.5683,31.0548],[74.5423,31.0166],[74.5465,30.9925],[74.5163,30.9795],[74.5062,30.9659],[74.4799,30.9742],[74.457,30.9642],[74.4664,30.9568],[74.442,30.9517],[74.4395,30.9421],[74.4165,30.9403],[74.4138,30.9296],[74.4288,30.9311],[74.4235,30.9207],[74.4103,30.9234],[74.4243,30.916],[74.4228,30.9078],[74.3973,30.9094],[74.383,30.8953],[74.3659,30.893],[74.3609,30.8737],[74.3822,30.8604],[74.3646,30.8573],[74.3634,30.8472],[74.3482,30.855],[74.3204,30.8466],[74.3198,30.8273],[74.2947,30.7944],[74.3068,30.7892],[74.3019,30.7794],[74.2612,30.7747],[74.2744,30.7442],[74.2865,30.7356],[74.2684,30.7344],[74.2609,30.7231],[74.2324,30.7244],[74.2192,30.6935],[74.1934,30.6651],[74.1632,30.6484],[74.1488,30.6315],[74.1378,30.6274],[74.1274,30.6348],[74.118,30.6079],[74.1051,30.6192],[74.096,30.6114],[74.1019,30.611],[74.0953,30.6011],[74.102,30.5792],[74.0735,30.5546],[74.0909,30.5494],[74.0723,30.5229],[74.0574,30.5186],[74.0499,30.5375],[74.0393,30.5425],[74.0311,30.5269],[74.0119,30.5336],[74.011,30.5211],[74.02,30.5141],[73.9928,30.5142],[73.982,30.504],[73.9637,30.4848],[73.9698,30.4752],[73.9642,30.4564],[73.9502,30.46],[73.9478,30.4839],[73.9347,30.4902],[73.928,30.4658],[73.9372,30.445],[73.9265,30.4389],[73.9738,30.444],[73.9644,30.4242],[73.8798,30.3598],[73.9026,30.3491],[73.931,30.3201],[73.9565,30.276],[73.9727,30.1983],[73.8262,30.0909],[73.8066,30.068],[73.5971,30.0189],[73.397,29.9459],[73.2823,29.5721],[73.0844,29.2362],[73.0044,29.153],[72.9458,29.0278],[72.7331,28.948],[72.4795,28.8119],[72.4038,28.783],[72.3903,28.7697],[72.2993,28.6697],[72.2066,28.3948],[72.1323,28.3129],[72.0043,28.2185],[71.9273,28.1217],[71.8983,27.9612],[71.6665,27.8778],[71.3831,27.8725],[71.2056,27.8353],[70.9632,27.7293],[70.9062,27.7095],[70.872,27.7055],[70.7594,27.7212],[70.7398,27.7419],[70.6843,27.8282],[70.6774,27.9218],[70.5986,27.9931],[70.5895,28.0105],[70.5057,28.037],[70.3722,28.0118],[70.2962,27.936],[70.227,27.9014],[70.1326,27.806],[70.0259,27.5629],[69.9337,27.4977],[69.8629,27.4022],[69.7028,27.2843],[69.6448,27.2251],[69.5868,27.1833],[69.5134,27.0099],[69.4844,26.8049],[69.5103,26.7435],[69.7225,26.6534],[69.7919,26.5982],[69.8232,26.589],[69.8862,26.5787],[70.0563,26.6005],[70.1174,26.5869],[70.1743,26.5513],[70.1844,26.4847],[70.177,26.424],[70.1854,26.3742],[70.1636,26.2949],[70.1752,26.2515],[70.1412,26.156],[70.0834,26.0834],[70.0998,25.9382],[70.1744,25.8284],[70.2225,25.7931],[70.247,25.7621],[70.2686,25.7136],[70.387,25.6737],[70.5302,25.6834],[70.6086,25.7149],[70.6473,25.7126],[70.6601,25.702],[70.674,25.6758],[70.6672,25.5313],[70.6786,25.5255],[70.6648,25.3969],[70.7368,25.3324],[70.7517,25.2777],[70.8885,25.1481],[70.9377,24.9386],[71.0267,24.8088],[71.0655,24.7174],[71.0962,24.6886],[71.0746,24.6621],[71.0089,24.6354],[70.9863,24.5956],[70.9927,24.564],[70.9875,24.5435],[71.005,24.5232],[70.9985,24.4444],[71.0374,24.4321],[71.1032,24.4357],[71.1258,24.4201],[71.1196,24.4025],[71.0843,24.3945],[71.042,24.3511],[71.0034,24.3509],[70.986,24.3653],[70.9469,24.3485],[70.8739,24.2949],[70.8752,24.2807],[70.9067,24.2594],[70.8766,24.2458],[70.8516,24.2449],[70.8362,24.2316],[70.8054,24.2208],[70.714,24.2157],[70.6444,24.2248],[70.5713,24.2518],[70.5847,24.2904],[70.5621,24.354],[70.5805,24.3632],[70.6025,24.4082],[70.5731,24.4223],[70.5613,24.4209],[70.5487,24.4119],[70.4117,24.3754],[70.3687,24.3509],[70.3269,24.3521],[70.2539,24.3254],[70.1099,24.295],[70.0665,24.199],[70.025,24.171],[69.7315,24.171],[69.5943,24.2924],[69.494,24.2678],[69.4445,24.2805],[69.3809,24.2693],[69.3128,24.2814],[69.1942,24.2364],[69.0948,24.2744],[69.0034,24.2231],[68.9848,24.2277],[68.9673,24.2721],[68.9454,24.3025],[68.9068,24.2798],[68.8799,24.2162],[68.866,24.2122],[68.8567,24.2139],[68.8473,24.2387],[68.8436,24.2775],[68.8308,24.3115],[68.8262,24.3174],[68.808,24.3135],[68.7647,24.2958],[68.7694,24.2655],[68.753,23.9714],[68.3796,23.9708],[68.3716,23.9653],[68.3715,23.9424],[68.3651,23.9404],[68.357,23.9742],[68.3463,23.9609],[68.3509,23.9396],[68.3348,23.9162],[68.3215,23.9133],[68.2936,23.9219],[68.2794,23.9171],[68.2907,23.8929],[68.2668,23.8951],[68.2579,23.8825],[68.2571,23.875],[68.2666,23.8713],[68.2608,23.8354],[68.2458,23.8538],[68.2308,23.8346],[68.2071,23.8342],[68.2154,23.7584],[68.2079,23.7575],[68.1896,23.7267],[68.2158,23.6946],[68.2266,23.6963],[68.2308,23.7071],[68.2271,23.6883],[68.2458,23.6712],[68.2688,23.6875],[68.2554,23.7134],[68.2625,23.7363],[68.2662,23.7226],[68.2587,23.7109],[68.2708,23.698],[68.2954,23.72],[68.2854,23.7292],[68.2983,23.7237],[68.327,23.7333],[68.3203,23.7584],[68.3362,23.7517],[68.3496,23.73],[68.3391,23.7413],[68.3295,23.7234],[68.3324,23.7121],[68.3275,23.7221],[68.3141,23.7171],[68.2929,23.6825],[68.3021,23.6767],[68.2841,23.6746],[68.2617,23.6504],[68.2282,23.6437],[68.2412,23.6408],[68.2349,23.6379],[68.2167,23.6462],[68.1999,23.6329],[68.2016,23.6396],[68.1946,23.6367],[68.2116,23.6479],[68.1908,23.6462],[68.172,23.6167],[68.1779,23.6033],[68.2091,23.5771],[68.2541,23.5679],[68.2704,23.6033],[68.2716,23.6246],[68.2745,23.6017],[68.2896,23.5983],[68.2783,23.5887],[68.2721,23.5942],[68.2604,23.5683],[68.2658,23.5563],[68.2933,23.5721],[68.35,23.5821],[68.3746,23.5975],[68.3641,23.6121],[68.3858,23.6004],[68.392,23.6058],[68.3816,23.6213],[68.3791,23.6137],[68.377,23.6241],[68.3696,23.6242],[68.375,23.6388],[68.3841,23.6246],[68.3941,23.6263],[68.3996,23.6367],[68.3954,23.6542],[68.4204,23.7167],[68.4179,23.7584],[68.3991,23.7513],[68.4216,23.7612],[68.4337,23.7767],[68.4224,23.8059],[68.4268,23.8194],[68.4381,23.8234],[68.4456,23.818],[68.4529,23.7792],[68.4313,23.7425],[68.4341,23.7363],[68.477,23.7434],[68.4595,23.7692],[68.4641,23.7738],[68.4658,23.7655],[68.4983,23.7579],[68.5141,23.7454],[68.5212,23.77],[68.5153,23.78],[68.5245,23.7759],[68.522,23.7592],[68.5324,23.7521],[68.5816,23.8138],[68.6399,23.8254],[68.647,23.8342],[68.6432,23.8421],[68.6329,23.8401],[68.6399,23.8446],[68.6591,23.8355],[68.6829,23.8492],[68.6591,23.8587],[68.6799,23.8571],[68.6908,23.8463],[68.7158,23.8471],[68.7166,23.8554],[68.7491,23.8471],[68.7695,23.8658],[68.7624,23.8838],[68.7736,23.8692],[68.7724,23.8588],[68.7871,23.8684],[68.7899,23.8838],[68.7991,23.8854],[68.8108,23.8788],[68.7982,23.8829],[68.7903,23.86],[68.7649,23.8413],[68.6816,23.8213],[68.6754,23.8158],[68.6799,23.7987],[68.6754,23.8125],[68.6666,23.8121],[68.6296,23.7608],[68.5478,23.7142],[68.492,23.6542],[68.4837,23.6308],[68.4704,23.62],[68.4675,23.5971],[68.4528,23.5967],[68.4529,23.5808],[68.4446,23.5708],[68.4612,23.5742],[68.4279,23.5583],[68.4254,23.5092],[68.4324,23.5021],[68.4496,23.5049],[68.4404,23.5291],[68.4691,23.5513],[68.4487,23.5325],[68.4537,23.5158],[68.4699,23.5104],[68.4837,23.5183],[68.4841,23.5271],[68.4854,23.5175],[68.4503,23.4984],[68.4487,23.48],[68.4849,23.4779],[68.5091,23.4937],[68.4928,23.4708],[68.4979,23.4541],[68.5216,23.4462],[68.5224,23.4571],[68.5303,23.4192],[68.5412,23.4133],[68.5378,23.4075],[68.5591,23.3954],[68.5741,23.4004],[68.5586,23.3916],[68.5636,23.38],[68.5857,23.3729],[68.5816,23.3829],[68.5995,23.3658],[68.5966,23.3562],[68.5891,23.3721],[68.5691,23.3729],[68.5637,23.3649],[68.5762,23.3583],[68.5758,23.347],[68.5824,23.3495],[68.5932,23.3354],[68.619,23.3254],[68.6187,23.3492],[68.6083,23.3671],[68.622,23.3475],[68.6212,23.34],[68.6262,23.345],[68.6357,23.3062],[68.6557,23.3012],[68.662,23.3175],[68.6599,23.3021],[68.6795,23.3016],[68.6278,23.2933],[68.6345,23.2666],[68.6424,23.2637],[68.6624,23.2729],[68.6503,23.2633],[68.6578,23.2516],[68.6482,23.2579],[68.6308,23.2446],[68.6036,23.2408],[68.6182,23.2179],[68.6303,23.2199],[68.6191,23.2145],[68.6099,23.2304],[68.602,23.2266],[68.5983,23.2404],[68.5795,23.2274],[68.6166,23.1879],[68.6374,23.1795],[68.6387,23.1858],[68.6482,23.1829],[68.6378,23.1766],[68.6441,23.1696],[68.6608,23.1795],[68.6833,23.1495],[68.6933,23.1504],[68.7078,23.1432],[68.7057,23.1371],[68.7211,23.1341],[68.7174,23.1254],[68.6582,23.1512],[68.6299,23.1779],[68.6316,23.1687],[68.6549,23.1495],[68.7141,23.1171],[68.7566,23.0804],[68.8091,23.0595],[68.8157,23.0653],[68.8144,23.0566],[68.9625,22.9679],[68.9825,22.992],[68.9687,22.9667],[68.9908,22.9537],[69.0071,22.9492],[69.0037,22.9592],[69.0142,22.9829],[69.0071,22.9542],[69.0146,22.9492],[69.0087,22.9475],[69.0642,22.9154],[69.0758,22.9521],[69.0692,22.9171],[69.0825,22.9287],[69.0854,22.9083],[69.0796,22.9075],[69.1083,22.8871],[69.1158,22.8921],[69.1241,22.8838],[69.1425,22.8962],[69.1212,22.8775],[69.175,22.8487],[69.17,22.8579],[69.1934,22.8504],[69.1958,22.8362],[69.2271,22.8375],[69.225,22.8762],[69.2354,22.8384],[69.2304,22.8325],[69.2758,22.8221],[69.3241,22.8437],[69.3033,22.8304],[69.35,22.8179],[69.3579,22.8325],[69.3496,22.845],[69.3487,22.8675],[69.3617,22.8812],[69.3529,22.8617],[69.3566,22.8404],[69.3721,22.8549],[69.352,22.8184],[69.3825,22.8146],[69.4516,22.7754],[69.4783,22.7712],[69.4979,22.7767],[69.4708,22.7913],[69.4942,22.7821],[69.5475,22.7821],[69.5691,22.7962],[69.5521,22.7825],[69.5591,22.7754],[69.5691,22.7779],[69.5612,22.7742],[69.5766,22.7596],[69.6133,22.7571],[69.6033,22.7779],[69.6175,22.7596],[69.6608,22.7479],[69.6521,22.7583],[69.6612,22.7583],[69.6641,22.7721],[69.6658,22.7529],[69.7108,22.7379],[69.6829,22.7633],[69.7167,22.7437],[69.705,22.7604],[69.7166,22.7521],[69.7137,22.7742],[69.7258,22.7646],[69.7312,22.7767],[69.7138,22.7991],[69.7341,22.7796],[69.7438,22.7875],[69.7429,22.8042],[69.7288,22.8191],[69.7424,22.8112],[69.7442,22.8304],[69.75,22.8162],[69.7725,22.8354],[69.7825,22.8345],[69.7904,22.8416],[69.7779,22.855],[69.7846,22.855],[69.7841,22.8637],[69.79,22.8487],[69.7991,22.8454],[69.81,22.8537],[69.8124,22.8471],[69.8291,22.8529],[69.8325,22.8637],[69.8392,22.8562],[69.875,22.8671],[69.8912,22.8908],[69.885,22.9129],[69.8908,22.9037],[69.8954,22.9141],[69.8904,22.8766],[69.8983,22.8713],[69.9299,22.8962],[69.9563,22.8966],[69.945,22.9079],[69.965,22.8971],[69.9975,22.9021],[70.0016,22.9088],[70.0066,22.9045],[70.0041,22.9196],[70.0109,22.9054],[70.0675,22.9196],[70.0708,22.9104],[70.1,22.9079],[70.1092,22.9196],[70.1396,22.9333],[70.1375,22.9429],[70.1141,22.9463],[70.1304,22.9483],[70.107,22.9641],[70.1317,22.9959],[70.1321,22.98],[70.1196,22.9624],[70.1475,22.9463],[70.1958,22.9421],[70.2241,22.9529],[70.2279,22.96],[70.2062,22.9775],[70.2329,22.9641],[70.2196,23.0233],[70.2137,23.0241],[70.2212,23.0266],[70.2146,23.0491],[70.2191,23.0554],[70.2312,23.0375],[70.2354,22.9791],[70.2875,22.9446],[70.3517,22.9229],[70.3904,22.9358],[70.4029,22.9633],[70.3958,22.9804],[70.4341,22.9787],[70.4308,22.9646],[70.4475,22.9704],[70.4404,22.9633],[70.4475,22.957],[70.4279,22.9558],[70.4112,22.9275],[70.4171,22.9225],[70.3767,22.9096],[70.3512,22.885],[70.3354,22.825],[70.3196,22.795],[70.3179,22.7592],[70.295,22.7296],[70.2596,22.7183],[70.2721,22.7092],[70.2649,22.6996],[70.2838,22.6942],[70.2696,22.6975],[70.2687,22.6841],[70.2841,22.6762],[70.2692,22.6729],[70.2633,22.6863],[70.2554,22.6825],[70.2504,22.675],[70.2604,22.6708],[70.2546,22.6692],[70.2588,22.6566],[70.2079,22.6092],[70.215,22.5979],[70.1979,22.6008],[70.2,22.5837],[70.2117,22.5863],[70.2129,22.5799],[70.2062,22.5791],[70.2158,22.5704],[70.205,22.5679],[70.2037,22.5766],[70.1941,22.5746],[70.1917,22.5804],[70.1779,22.5666],[70.1742,22.542],[70.1458,22.5554],[70.1442,22.5362],[70.1408,22.5504],[70.1316,22.5521],[70.1229,22.5458],[70.12,22.5212],[70.1167,22.5262],[70.1075,22.5196],[70.1204,22.5367],[70.1183,22.5504],[70.0879,22.5491],[70.0875,22.5404],[70.0871,22.5467],[70.0717,22.5513],[70.0658,22.5413],[70.0654,22.55],[70.0425,22.5604],[70.0329,22.5575],[70.0258,22.5362],[70.0179,22.5375],[70.0275,22.5521],[70.0075,22.5471],[70.0041,22.5362],[70.0025,22.5471],[69.9858,22.5446],[69.9825,22.5362],[69.9725,22.5387],[69.9462,22.5267],[69.9524,22.5087],[69.9654,22.5175],[69.9554,22.5066],[69.9608,22.5029],[69.9492,22.5071],[69.9446,22.5017],[69.9425,22.5121],[69.93,22.5096],[69.9079,22.4891],[69.9045,22.4791],[69.9229,22.4491],[69.9208,22.4379],[69.9174,22.4538],[69.915,22.4454],[69.8983,22.4654],[69.8667,22.4462],[69.8316,22.4496],[69.8083,22.3979],[69.7875,22.4045],[69.7608,22.4412],[69.7508,22.4279],[69.74,22.4287],[69.7438,22.4342],[69.7296,22.4425],[69.7404,22.45],[69.7284,22.4746],[69.7029,22.4499],[69.7087,22.4325],[69.6979,22.42],[69.6987,22.3984],[69.6642,22.3946],[69.6546,22.3592],[69.6462,22.3566],[69.6596,22.3474],[69.6679,22.3233],[69.6546,22.3325],[69.6508,22.3479],[69.6216,22.3654],[69.6104,22.3491],[69.6129,22.3283],[69.6116,22.3362],[69.6071,22.33],[69.6095,22.3466],[69.6042,22.3304],[69.6054,22.3433],[69.5963,22.3392],[69.5941,22.3521],[69.5812,22.3441],[69.5741,22.3221],[69.5788,22.3425],[69.5691,22.3321],[69.5712,22.3409],[69.5912,22.3541],[69.5904,22.365],[69.575,22.3696],[69.5642,22.3521],[69.5525,22.3487],[69.5612,22.3633],[69.5454,22.375],[69.5571,22.375],[69.5546,22.3875],[69.5445,22.3942],[69.5512,22.3991],[69.5329,22.4109],[69.5292,22.4212],[69.51,22.4254],[69.5071,22.4191],[69.5212,22.4116],[69.5154,22.4017],[69.5254,22.3908],[69.5188,22.375],[69.5241,22.3687],[69.4966,22.3671],[69.48,22.3321],[69.4567,22.3263],[69.4525,22.3337],[69.4141,22.3154],[69.3308,22.3279],[69.3362,22.3108],[69.32,22.292],[69.2908,22.2854],[69.2929,22.2783],[69.2833,22.2704],[69.2508,22.267],[69.2275,22.2562],[69.1775,22.2838],[69.1571,22.31],[69.1679,22.3291],[69.1621,22.3467],[69.1754,22.3442],[69.175,22.3537],[69.1679,22.3516],[69.1812,22.3683],[69.1717,22.3662],[69.1675,22.3721],[69.1996,22.3891],[69.1987,22.4],[69.1854,22.4],[69.1921,22.4183],[69.175,22.4221],[69.1641,22.4037],[69.1571,22.405],[69.1608,22.4112],[69.1291,22.3962],[69.1117,22.4096],[69.1008,22.4079],[69.0933,22.3929],[69.0791,22.3854],[69.0625,22.3846],[69.0508,22.3971],[69.0425,22.3854],[69.0354,22.39],[69.0462,22.4183],[69.0421,22.4342],[69.0746,22.455],[69.0829,22.4717],[69.0683,22.4787],[69.0125,22.4438],[68.9804,22.4083],[68.9816,22.4013],[68.9891,22.4013],[68.9816,22.3987],[68.9766,22.4021],[68.9596,22.3733],[68.9579,22.3425],[68.95,22.3304],[68.9421,22.3308],[68.9354,22.3067],[68.9571,22.2591],[68.9571,22.2391],[68.9746,22.23],[68.9671,22.2308],[68.9762,22.215],[69.1975,21.9813],[69.2104,21.9867],[69.2008,21.9771],[69.2492,21.9329],[69.2596,21.9142],[69.355,21.8354],[69.3717,21.8296],[69.3841,21.8621],[69.3958,21.8546],[69.3812,21.8425],[69.3825,21.8221],[69.3737,21.8283],[69.3912,21.805],[69.4366,21.762],[69.4487,21.7683],[69.4554,21.7574],[69.4445,21.7583],[69.5733,21.6429],[69.6116,21.6271],[69.775,21.4579],[69.7758,21.4646],[69.7867,21.4546],[69.805,21.4596],[69.8108,21.4487],[69.7771,21.4549],[70.0029,21.2008],[70.0917,21.1112],[70.1341,21.0771],[70.1441,21.0821],[70.1513,21.0733],[70.1363,21.0741],[70.1558,21.0546],[70.2283,20.9954],[70.2408,20.9979],[70.2379,20.9925],[70.2617,20.9696],[70.3141,20.9329],[70.3416,20.9154],[70.3534,20.9229],[70.3471,20.9142],[70.3625,20.9021],[70.39,20.8946],[70.4092,20.8779],[70.4221,20.8933],[70.4254,20.8825],[70.4121,20.8758],[70.45,20.8487],[70.6158,20.7696],[70.6342,20.7663],[70.6366,20.7746],[70.6542,20.7729],[70.6591,20.7795],[70.66,20.7729],[70.6663,20.7741],[70.6533,20.7587],[70.6691,20.7579],[70.6741,20.7654],[70.6779,20.7583],[70.6704,20.7558],[70.7008,20.7387],[70.7483,20.7179],[70.7892,20.7121],[70.8221,20.6908],[70.8388,20.6899],[70.8354,20.7],[70.8433,20.7054],[70.8746,20.7033],[70.8704,20.725],[70.8775,20.7279],[70.8738,20.7083],[70.8933,20.7054],[70.8983,20.6971],[70.915,20.697],[70.9241,20.7087],[70.9808,20.7004],[70.9979,20.7133],[70.9725,20.7279],[70.99,20.7204],[71.0125,20.7379],[71.0467,20.7287],[71.0725,20.7329],[71.0829,20.7392],[71.0663,20.7524],[71.0783,20.7437],[71.0746,20.7517],[71.0829,20.755],[71.0762,20.7583],[71.0863,20.7567],[71.0813,20.765],[71.0867,20.7696],[71.0908,20.7562],[71.1475,20.7579],[71.1483,20.7629],[71.1237,20.7625],[71.1383,20.7712],[71.1508,20.7646],[71.16,20.7771],[71.2042,20.787],[71.2084,20.8062],[71.2308,20.8013],[71.3241,20.8446],[71.3854,20.855],[71.3645,20.8724],[71.375,20.8671],[71.3916,20.8738],[71.4017,20.8629],[71.4425,20.8679],[71.4796,20.8883],[71.4821,20.905],[71.5004,20.9166],[71.4838,20.915],[71.4987,20.9192],[71.4904,20.925],[71.4971,20.9325],[71.492,20.935],[71.5142,20.9554],[71.5399,20.9537],[71.5825,20.9879],[71.5575,20.9546],[71.5349,20.9438],[71.5533,20.9512],[71.5667,20.9487],[71.6,20.9654],[71.6317,20.9696],[71.6316,20.9821],[71.6254,20.9733],[71.6292,20.9838],[71.6616,20.9979],[71.6799,20.9946],[71.6796,21.0023],[71.7216,21.021],[71.7658,21.021],[71.7838,21.0322],[71.775,21.0392],[71.7641,21.0326],[71.7429,21.0347],[71.7554,21.0414],[71.7496,21.0472],[71.7537,21.053],[71.7646,21.0539],[71.7649,21.0659],[71.7737,21.0621],[71.7766,21.0392],[71.8083,21.0367],[71.8025,21.0459],[71.7825,21.0451],[71.7783,21.0676],[71.7817,21.0609],[71.7996,21.0688],[71.7942,21.0509],[71.8217,21.0709],[71.8833,21.0891],[71.8983,21.1133],[71.9416,21.1132],[71.9575,21.1232],[71.9766,21.1223],[71.9737,21.1286],[71.9866,21.1365],[72.0092,21.1346],[72.0183,21.1529],[72.1113,21.1991],[72.1088,21.2116],[72.0871,21.2308],[72.0837,21.2466],[72.1046,21.2725],[72.0942,21.2854],[72.1041,21.2787],[72.1129,21.2975],[72.0892,21.3154],[72.1025,21.3121],[72.1104,21.3008],[72.1288,21.3342],[72.2363,21.4541],[72.2662,21.5416],[72.2679,21.5725],[72.3063,21.6267],[72.3029,21.645],[72.2838,21.6633],[72.2812,21.69],[72.2516,21.6954],[72.2483,21.7062],[72.2379,21.7092],[72.2429,21.7133],[72.2246,21.7467],[72.2396,21.7617],[72.2288,21.7616],[72.2375,21.7663],[72.2204,21.7758],[72.2154,21.7958],[72.2083,21.8045],[72.2008,21.8021],[72.1942,21.8213],[72.1662,21.81],[72.1879,21.8316],[72.1883,21.8404],[72.1925,21.8295],[72.1975,21.8371],[72.1983,21.8287],[72.2087,21.8267],[72.2029,21.84],[72.2145,21.8341],[72.215,21.8571],[72.2146,21.825],[72.2383,21.8062],[72.2496,21.81],[72.2571,21.8375],[72.252,21.8825],[72.2579,21.8866],[72.2471,21.9025],[72.2495,21.9108],[72.2267,21.9437],[72.2108,21.9504],[72.1875,21.9412],[72.1633,21.9596],[72.1825,21.9538],[72.19,21.9429],[72.2117,21.9537],[72.2317,21.9446],[72.2471,21.9242],[72.2379,22],[72.2275,22.0096],[72.21,22.0029],[72.2016,22.0163],[72.1858,22.0113],[72.182,22.0225],[72.1875,22.0138],[72.2025,22.0212],[72.2133,22.0071],[72.2225,22.0196],[72.235,22.0121],[72.2421,22.0317],[72.2804,22.075],[72.2812,22.0925],[72.2883,22.0912],[72.2987,22.1033],[72.3079,22.1466],[72.2921,22.2158],[72.3012,22.2325],[72.2829,22.2449],[72.29,22.2487],[72.3025,22.2379],[72.3091,22.2404],[72.3058,22.2471],[72.315,22.2321],[72.3312,22.2483],[72.3346,22.2616],[72.3213,22.2675],[72.3296,22.2658],[72.3291,22.2721],[72.335,22.2646],[72.3379,22.2825],[72.3279,22.2883],[72.3262,22.3083],[72.3309,22.2879],[72.3459,22.2829],[72.3483,22.2937],[72.3558,22.2854],[72.3496,22.3108],[72.3725,22.3387],[72.38,22.3371],[72.397,22.3025],[72.3987,22.2774],[72.4121,22.2575],[72.4087,22.21],[72.4254,22.2208],[72.422,22.2333],[72.43,22.2388],[72.4246,22.2317],[72.4287,22.2216],[72.422,22.2133],[72.4308,22.2045],[72.4708,22.2521],[72.5337,22.2858],[72.5263,22.3042],[72.535,22.3054],[72.535,22.2896],[72.5499,22.3021],[72.5658,22.3046],[72.6058,22.2854],[72.645,22.2837],[72.7108,22.2421],[72.7483,22.2313],[72.7634,22.2337],[72.84,22.282],[72.8691,22.2846],[72.8908,22.2671],[72.9121,22.265],[72.8958,22.2437],[72.8725,22.2371],[72.8758,22.2304],[72.8341,22.2571],[72.8187,22.2566],[72.8296,22.25],[72.8133,22.2521],[72.8029,22.2416],[72.8083,22.2437],[72.8066,22.2362],[72.8217,22.2387],[72.8083,22.2346],[72.8004,22.2358],[72.8066,22.2262],[72.7941,22.2313],[72.7804,22.2108],[72.7971,22.1983],[72.78,22.2013],[72.7608,22.1737],[72.7017,22.1838],[72.6458,22.2162],[72.6159,22.2162],[72.5858,22.2046],[72.5621,22.1791],[72.5479,22.1483],[72.5287,22.0583],[72.5146,22.0291],[72.5279,22.0108],[72.5158,22.0129],[72.5254,22.0033],[72.5129,21.9983],[72.5279,21.9942],[72.5129,21.985],[72.525,21.9837],[72.5263,21.9767],[72.5079,21.9758],[72.5237,21.9674],[72.5104,21.9592],[72.5104,21.9217],[72.5225,21.9037],[72.5375,21.8962],[72.58,21.9287],[72.6475,21.9654],[72.6683,21.9621],[72.7033,21.9712],[72.7158,21.9529],[72.7267,21.9521],[72.7346,21.9575],[72.727,21.9792],[72.7308,21.9879],[72.7433,21.9879],[72.7371,21.9825],[72.7496,21.9733],[72.7413,21.9541],[72.7141,21.9363],[72.6892,21.9412],[72.6792,21.9546],[72.6516,21.9471],[72.6404,21.9325],[72.6396,21.9116],[72.6187,21.9059],[72.597,21.85],[72.5837,21.8374],[72.5912,21.83],[72.5775,21.8112],[72.5696,21.8125],[72.5721,21.7933],[72.562,21.785],[72.5671,21.7808],[72.5537,21.7599],[72.5612,21.7566],[72.5496,21.7475],[72.5563,21.7466],[72.5533,21.7371],[72.5362,21.7325],[72.5271,21.7108],[72.5279,21.6733],[72.5367,21.6629],[72.555,21.6587],[72.6092,21.6846],[72.715,21.6804],[72.7375,21.6904],[72.7475,21.6887],[72.7591,21.6721],[72.7842,21.6637],[72.8233,21.6687],[72.8692,21.6904],[72.9279,21.6758],[72.8942,21.6629],[72.8508,21.6712],[72.8342,21.6663],[72.8288,21.6558],[72.8363,21.6333],[72.8225,21.6104],[72.7959,21.592],[72.775,21.5971],[72.7275,21.5387],[72.7067,21.5287],[72.6796,21.5008],[72.6654,21.4725],[72.6413,21.455],[72.6458,21.4462],[72.6575,21.4446],[72.6975,21.4696],[72.7174,21.4704],[72.7275,21.4779],[72.7487,21.4708],[72.74,21.4495],[72.7533,21.4588],[72.7624,21.4479],[72.7512,21.445],[72.7525,21.4379],[72.7475,21.4471],[72.7408,21.4454],[72.7391,21.4346],[72.7312,21.4467],[72.7325,21.4671],[72.6991,21.4629],[72.6988,21.4425],[72.6771,21.4283],[72.6604,21.4008],[72.6654,21.39],[72.6462,21.3867],[72.655,21.352],[72.6629,21.3575],[72.6608,21.3471],[72.6862,21.355],[72.67,21.3438],[72.6533,21.3462],[72.6533,21.3304],[72.6266,21.3429],[72.6237,21.325],[72.6371,21.3249],[72.6363,21.3191],[72.6066,21.3162],[72.5979,21.2983],[72.6017,21.2871],[72.6075,21.3037],[72.6191,21.2954],[72.62,21.3021],[72.6275,21.2912],[72.6387,21.2983],[72.6379,21.2859],[72.6225,21.2854],[72.6179,21.2683],[72.6258,21.2537],[72.6462,21.2674],[72.6296,21.25],[72.64,21.2354],[72.6691,21.2329],[72.6775,21.2204],[72.6817,21.2254],[72.7058,21.2129],[72.7004,21.2108],[72.705,21.2038],[72.7283,21.2046],[72.7417,21.1979],[72.7225,21.2029],[72.6949,21.1929],[72.69,21.2037],[72.6771,21.2024],[72.6738,21.2192],[72.6625,21.2262],[72.6542,21.2087],[72.6379,21.2066],[72.6329,21.1692],[72.6208,21.1787],[72.6204,21.1692],[72.6333,21.1312],[72.6475,21.1504],[72.6513,21.1466],[72.635,21.1279],[72.622,21.1375],[72.6246,21.0983],[72.64,21.0804],[72.6533,21.0795],[72.6646,21.0883],[72.6504,21.0891],[72.6621,21.1008],[72.6621,21.1359],[72.6775,21.1579],[72.7333,21.1437],[72.7462,21.1508],[72.7525,21.1787],[72.7887,21.18],[72.7475,21.1437],[72.7192,21.1404],[72.7096,21.1308],[72.707,21.0875],[72.7317,21.0771],[72.7467,21.0854],[72.7633,21.0737],[72.7633,21.0654],[72.7783,21.0654],[72.7925,21.0713],[72.8117,21.0937],[72.8279,21.0917],[72.83,21.0821],[72.8192,21.0904],[72.7996,21.0691],[72.7979,21.05],[72.825,21.037],[72.8358,21.0437],[72.8487,21.0325],[72.8217,21.0321],[72.8116,21.0429],[72.7962,21.0441],[72.7916,21.0562],[72.7779,21.0533],[72.7771,21.0475],[72.7833,21.052],[72.787,21.045],[72.7825,21.0429],[72.7633,21.0479],[72.7391,21.0413],[72.7283,21.0537],[72.7337,20.9983],[72.7583,20.9288],[72.7766,20.9471],[72.7763,20.9416],[72.7958,20.9429],[72.8496,20.9716],[72.8333,20.9596],[72.8642,20.9463],[72.8241,20.9496],[72.8162,20.94],[72.8241,20.9145],[72.8133,20.9312],[72.8017,20.9196],[72.7829,20.9192],[72.8296,20.8158],[72.8262,20.7941],[72.8375,20.7921],[72.8541,20.8237],[72.8504,20.8008],[72.8671,20.7883],[72.8533,20.7962],[72.8462,20.7925],[72.8567,20.752],[72.8942,20.7437],[72.9025,20.7529],[72.9304,20.7591],[72.9141,20.7454],[72.8767,20.7346],[72.845,20.7437],[72.8762,20.6608],[72.8904,20.66],[72.8866,20.6371],[72.8925,20.632],[72.9129,20.6366],[72.8896,20.6275],[72.8996,20.5825],[72.8871,20.5425],[72.9004,20.53],[72.8863,20.53],[72.8921,20.5033],[72.8716,20.4929],[72.8588,20.4666],[72.8304,20.4425],[72.8296,20.4141],[72.8525,20.4088],[72.8287,20.405],[72.822,20.37],[72.8371,20.3725],[72.8133,20.3546],[72.7891,20.3504],[72.7771,20.3358],[72.7737,20.3033],[72.7538,20.29],[72.7508,20.2629],[72.7571,20.2633],[72.7412,20.2425],[72.7471,20.2066],[72.7633,20.2162],[72.7829,20.2108],[72.7633,20.2137],[72.7479,20.2017],[72.7379,20.115],[72.7271,20.0824],[72.7125,20.0804],[72.7079,20.0717],[72.7237,19.9966],[72.7187,19.9725],[72.7308,19.9621],[72.745,19.9637],[72.7363,19.9591],[72.7371,19.9474],[72.7463,19.9416],[72.7363,19.9433],[72.7246,19.9667],[72.7108,19.9687],[72.6895,19.9566],[72.6879,19.9408],[72.6658,19.9337],[72.6796,19.9174],[72.6812,19.8667],[72.6921,19.8633],[72.68,19.8629],[72.6746,19.8491],[72.6608,19.8479],[72.6554,19.8333],[72.6762,19.8159],[72.6883,19.7937],[72.6891,19.8037],[72.6971,19.8017],[72.6879,19.7858],[72.6921,19.7391],[72.7074,19.7354],[72.7149,19.7446],[72.7087,19.7284],[72.6954,19.7258],[72.7154,19.6941],[72.7079,19.675],[72.7304,19.6017],[72.7479,19.5991],[72.7162,19.5917],[72.7304,19.5292],[72.7633,19.5062],[72.7767,19.5079],[72.7875,19.5237],[72.7808,19.5037],[72.8291,19.5096],[72.8458,19.5413],[72.8888,19.5241],[72.8483,19.5212],[72.8217,19.492],[72.7783,19.4921],[72.7446,19.4599],[72.7646,19.3975],[72.7708,19.3962],[72.7588,19.3716],[72.7771,19.3483],[72.8133,19.3238],[72.8341,19.3387],[72.8549,19.3396],[72.8542,19.3504],[72.8579,19.3392],[72.8783,19.3271],[72.8921,19.3033],[72.9121,19.2883],[72.8975,19.2887],[72.8574,19.3154],[72.8292,19.3096],[72.81,19.2921],[72.795,19.3112],[72.7862,19.305],[72.7763,19.2258],[72.7821,19.2108],[72.7762,19.2058],[72.7862,19.2033],[72.7833,19.1921],[72.7945,19.195],[72.7921,19.2025],[72.8195,19.2358],[72.8187,19.245],[72.8412,19.2541],[72.7988,19.1991],[72.7941,19.1712],[72.7825,19.1671],[72.7796,19.1541],[72.7888,19.1483],[72.7887,19.13],[72.7971,19.1291],[72.8008,19.1537],[72.8058,19.1504],[72.8313,19.18],[72.8321,19.1616],[72.8233,19.1629],[72.8046,19.1433],[72.8204,19.1241],[72.8275,19.0837],[72.8346,19.0908],[72.8221,19.0758],[72.8179,19.0433],[72.835,19.0529],[72.8387,19.0433],[72.8283,19.0187],[72.8175,19.0238],[72.8154,18.9791],[72.8054,18.9758],[72.7904,18.9475],[72.7925,18.9354],[72.8092,18.9504],[72.8229,18.9367],[72.8179,18.9216],[72.8254,18.9183],[72.8146,18.9141],[72.815,18.907],[72.8054,18.9092],[72.8062,18.8933],[72.815,18.8929],[72.8217,18.9063],[72.8337,18.91],[72.8337,18.9183],[72.8412,18.9192],[72.8371,18.9267],[72.8462,18.9275],[72.8504,18.97],[72.8621,18.9808],[72.8579,18.9949],[72.8654,18.9942],[72.8658,19.0062],[72.885,19.0112],[72.8933,18.9979],[72.9142,18.9971],[72.9358,19.0246],[72.9579,19.0374],[72.9596,19.0641],[72.9429,19.0591],[72.9579,19.0683],[72.9504,19.09],[72.9304,19.0875],[72.9409,19.0954],[72.9554,19.0933],[72.9466,19.1112],[72.9558,19.1063],[72.9612,19.1158],[72.9646,19.1275],[72.9563,19.1367],[72.9562,19.14],[72.9613,19.1424],[72.9579,19.1375],[72.9659,19.1321],[72.9737,19.1417],[72.9858,19.1895],[72.9879,19.1575],[72.9804,19.1283],[72.9871,19.1267],[72.9879,19.1124],[72.9796,19.12],[72.9787,19.1025],[72.9904,19.1016],[72.9829,19.0975],[72.9884,19.0837],[72.9987,19.0916],[72.9846,19.0683],[72.9971,19.0616],[73.0054,19.0291],[73.0012,19.0041],[73.0092,19.0088],[73.0083,18.9979],[73.0174,18.9979],[73.0233,19.0129],[73.03,19.0012],[73.0491,19.0187],[73.0671,19.0208],[73.0604,19.0174],[73.0671,19.0034],[73.0542,19.0154],[73.0462,19.0083],[73.0542,18.9971],[73.035,19.0012],[73.0325,18.9862],[73.0225,18.9896],[73.0196,18.98],[72.995,18.9679],[72.9858,18.9713],[72.9741,18.9621],[72.9571,18.9692],[72.9566,18.9621],[72.9742,18.9596],[72.9867,18.9429],[72.9808,18.9404],[72.97,18.9513],[72.9504,18.9458],[72.9487,18.935],[72.9654,18.9167],[72.9575,18.9013],[72.9491,18.9104],[72.9421,18.9074],[72.9475,18.8912],[72.9354,18.8925],[72.9292,18.9112],[72.9088,18.8974],[72.9071,18.885],[72.9275,18.8496],[72.9466,18.8437],[72.9892,18.8654],[72.9837,18.8492],[72.9904,18.8242],[72.9846,18.8108],[72.995,18.8046],[73.01,18.8129],[73.0029,18.8058],[73.0129,18.8025],[72.9788,18.8],[73.0021,18.7792],[72.9896,18.7491],[72.9962,18.7325],[73.0163,18.715],[73,18.7229],[72.9804,18.7525],[72.9971,18.7783],[72.9641,18.7962],[72.9392,18.8254],[72.9254,18.8],[72.9133,18.7921],[72.9025,18.8029],[72.8679,18.8008],[72.8654,18.7241],[72.8571,18.6942],[72.8712,18.6391],[72.8833,18.6346],[72.8908,18.6413],[72.8996,18.6342],[72.8866,18.6354],[72.8854,18.6258],[72.9246,18.5416],[72.9533,18.5454],[72.9683,18.5396],[73.0062,18.4667],[72.9746,18.4992],[72.965,18.5354],[72.9424,18.5379],[72.9133,18.5287],[72.9071,18.5399],[72.9121,18.5125],[72.8954,18.4567],[72.9079,18.4341],[72.907,18.4083],[72.9287,18.3816],[72.9267,18.3704],[72.9145,18.3692],[72.9212,18.3475],[72.9379,18.3466],[72.9609,18.3187],[72.9708,18.3179],[72.9579,18.3134],[72.9854,18.2908],[72.9942,18.2729],[73,18.2821],[73.015,18.2846],[73.03,18.2629],[73.0554,18.2692],[73.0412,18.2933],[73.0458,18.3046],[73.0675,18.3029],[73.0842,18.3246],[73.0862,18.3192],[73.0825,18.2996],[73.0475,18.3029],[73.0446,18.2958],[73.0521,18.2808],[73.0687,18.2708],[73.0621,18.2549],[73.0804,18.235],[73.0812,18.2158],[73.0629,18.1908],[73.0904,18.1708],[73.1021,18.1424],[73.0758,18.1537],[73.0762,18.1675],[73.0596,18.1825],[73.0729,18.2175],[73.0208,18.2429],[72.9767,18.2446],[72.9667,18.2787],[72.9363,18.28],[72.9437,18.2433],[72.9329,18.2175],[72.9566,18.2162],[72.9896,18.1917],[72.9812,18.185],[72.9929,18.1575],[72.9829,18.135],[72.9729,18.1299],[72.9987,18.0808],[73.0013,18.0691],[72.9921,18.0525],[73.0083,18.0504],[73.0183,18.0271],[73.0254,18.0449],[73.0404,18.0516],[73.0238,18.0367],[73.0266,18.0271],[73.0387,18.0333],[73.03,18.0246],[73.0037,18.0199],[73.0179,18.0067],[73.0196,17.9908],[73.0416,17.9812],[73.0341,17.9929],[73.045,17.9854],[73.0421,17.9917],[73.0909,17.9904],[73.0858,17.9813],[73.0716,17.9854],[73.0424,17.9779],[73.0338,17.9675],[73.0383,17.9538],[73.0313,17.9492],[73.0408,17.9312],[73.055,17.9271],[73.0921,17.94],[73.0546,17.9241],[73.0537,17.9016],[73.0659,17.8871],[73.0783,17.9004],[73.0854,17.8942],[73.0759,17.8937],[73.0721,17.885],[73.0908,17.8396],[73.0983,17.8471],[73.1296,17.8342],[73.0975,17.8388],[73.0887,17.8341],[73.0929,17.8084],[73.1204,17.7808],[73.1112,17.785],[73.1371,17.7133],[73.1387,17.7025],[73.1183,17.6946],[73.1162,17.68],[73.1438,17.6375],[73.1304,17.6358],[73.1379,17.61],[73.1708,17.5796],[73.1708,17.5854],[73.1975,17.5879],[73.2,17.5954],[73.2166,17.5888],[73.1908,17.5729],[73.1816,17.5779],[73.1642,17.5662],[73.1483,17.5695],[73.1396,17.5575],[73.1438,17.5441],[73.1833,17.5037],[73.1912,17.5108],[73.1846,17.5008],[73.1954,17.4642],[73.1887,17.4408],[73.2137,17.4333],[73.1916,17.4296],[73.1904,17.4133],[73.1725,17.4054],[73.1721,17.3992],[73.1816,17.3837],[73.2129,17.3808],[73.2187,17.355],[73.2279,17.3517],[73.217,17.345],[73.2312,17.3333],[73.2213,17.3275],[73.2437,17.315],[73.2395,17.2908],[73.2567,17.2962],[73.2792,17.287],[73.2996,17.2916],[73.2975,17.282],[73.2891,17.2871],[73.2775,17.2796],[73.2708,17.2896],[73.2604,17.2841],[73.2616,17.2579],[73.2496,17.2708],[73.2508,17.2804],[73.2279,17.2809],[73.2233,17.2996],[73.2066,17.2971],[73.1966,17.3037],[73.1912,17.2966],[73.2054,17.2842],[73.2075,17.2662],[73.2108,17.2771],[73.2225,17.2687],[73.2254,17.2458],[73.2479,17.22],[73.2513,17.195],[73.2337,17.1958],[73.2525,17.1904],[73.2721,17.1499],[73.2654,17.15],[73.2746,17.1225],[73.2687,17.1091],[73.285,17.1004],[73.2829,17.1091],[73.2916,17.1138],[73.2854,17.0791],[73.3066,17.0771],[73.3154,17.0842],[73.2967,17.0671],[73.2912,17.0741],[73.2816,17.0379],[73.2925,17.0496],[73.3042,17.0379],[73.3254,17.04],[73.3175,17.0296],[73.2912,17.0334],[73.2979,17.02],[73.2875,16.9988],[73.2896,17.0108],[73.2771,17.0258],[73.2796,17.0342],[73.2658,17.0479],[73.2571,17.0475],[73.2591,17.0195],[73.2783,17.0237],[73.2862,17.0108],[73.2833,16.9979],[73.2704,16.995],[73.272,16.9866],[73.2908,16.9888],[73.305,16.9821],[73.3075,16.9712],[73.3133,16.9771],[73.3141,16.9612],[73.3304,16.9675],[73.3316,16.9446],[73.3183,16.9571],[73.3062,16.9583],[73.2967,16.9804],[73.2937,16.9558],[73.2829,16.9525],[73.2904,16.9316],[73.2821,16.9283],[73.2862,16.9133],[73.2779,16.8908],[73.2984,16.8987],[73.3171,16.8833],[73.2975,16.8887],[73.2887,16.8791],[73.2962,16.8608],[73.2887,16.8566],[73.2937,16.8466],[73.2887,16.8408],[73.2987,16.8241],[73.297,16.8133],[73.3166,16.8054],[73.3325,16.8279],[73.3463,16.8283],[73.3312,16.8225],[73.3462,16.795],[73.3429,16.7858],[73.3317,16.8096],[73.3196,16.8042],[73.3104,16.7858],[73.3071,16.7283],[73.3216,16.6937],[73.3308,16.6854],[73.3454,16.6917],[73.3429,16.6825],[73.3321,16.6825],[73.3346,16.6474],[73.3246,16.6433],[73.3267,16.6345],[73.3333,16.6396],[73.3421,16.6325],[73.3329,16.6191],[73.3492,16.6196],[73.3716,16.6362],[73.375,16.6304],[73.3908,16.6354],[73.4021,16.6158],[73.39,16.6146],[73.3846,16.6009],[73.4008,16.5888],[73.3804,16.5983],[73.3837,16.6133],[73.3733,16.6287],[73.355,16.6221],[73.3545,16.6116],[73.3429,16.6058],[73.3541,16.5929],[73.3325,16.6063],[73.3187,16.5983],[73.3316,16.5762],[73.3442,16.5771],[73.3483,16.5637],[73.3587,16.5642],[73.3591,16.5529],[73.3916,16.5562],[73.4,16.5512],[73.4096,16.5566],[73.4,16.5437],[73.3884,16.5521],[73.3725,16.5471],[73.3491,16.5546],[73.3542,16.5412],[73.3754,16.5375],[73.3575,16.5371],[73.3625,16.5237],[73.4,16.5104],[73.425,16.5121],[73.4437,16.5],[73.4342,16.4988],[73.4183,16.5104],[73.3608,16.5071],[73.3554,16.5],[73.3621,16.495],[73.3624,16.4779],[73.3529,16.4991],[73.3562,16.5092],[73.3521,16.5133],[73.3646,16.5142],[73.3479,16.5283],[73.3367,16.5604],[73.3242,16.5496],[73.3208,16.5546],[73.3129,16.54],[73.3171,16.5108],[73.3271,16.5108],[73.3533,16.4429],[73.3692,16.4412],[73.3808,16.4521],[73.3879,16.4484],[73.3675,16.4362],[73.3579,16.4408],[73.37,16.3946],[73.3966,16.3996],[73.4075,16.4154],[73.4258,16.4096],[73.4688,16.4133],[73.41,16.4071],[73.4016,16.3896],[73.3883,16.3929],[73.375,16.3762],[73.3708,16.3887],[73.3671,16.3792],[73.3741,16.3587],[73.3942,16.367],[73.3958,16.3604],[73.4066,16.3596],[73.4279,16.3716],[73.4,16.3538],[73.3908,16.3595],[73.3854,16.3358],[73.3946,16.325],[73.4087,16.2742],[73.4191,16.2896],[73.4225,16.2821],[73.435,16.2837],[73.4167,16.2812],[73.4129,16.2725],[73.4304,16.1992],[73.4379,16.2008],[73.4516,16.2254],[73.4496,16.215],[73.4563,16.2125],[73.4462,16.2008],[73.4475,16.1904],[73.4442,16.1971],[73.4388,16.1942],[73.4625,16.0912],[73.4666,16.1404],[73.4737,16.1316],[73.467,16.1058],[73.4762,16.0958],[73.4595,16.0858],[73.4666,16.0721],[73.4737,16.0725],[73.4579,16.0617],[73.4571,16.0533],[73.4658,16.0537],[73.4821,16.0383],[73.4921,16.0141],[73.4871,15.9883],[73.505,15.9637],[73.4987,15.9842],[73.5091,15.9896],[73.5038,15.9533],[73.5112,15.9383],[73.535,15.9321],[73.5383,15.9396],[73.5733,15.9113],[73.5875,15.9096],[73.5975,15.9212],[73.5904,15.9075],[73.6117,15.8654],[73.6292,15.8712],[73.6113,15.8625],[73.6167,15.8529],[73.6296,15.8492],[73.6387,15.8133],[73.6558,15.7913],[73.6663,15.8083],[73.6554,15.7883],[73.6646,15.7542],[73.67,15.7587],[73.6762,15.7517],[73.6683,15.7546],[73.6529,15.7408],[73.6708,15.7329],[73.6808,15.7188],[73.6958,15.7187],[73.7075,15.7337],[73.7162,15.7292],[73.7158,15.7229],[73.6912,15.7133],[73.7337,15.6149],[73.7759,15.6504],[73.7896,15.6524],[73.7487,15.6208],[73.7579,15.6133],[73.7508,15.6046],[73.7375,15.6079],[73.7338,15.5883],[73.7613,15.5324],[73.77,15.4896],[73.7879,15.4941],[73.7817,15.4979],[73.81,15.4946],[73.8191,15.5087],[73.8261,15.5038],[73.8096,15.4867],[73.8063,15.4642],[73.7887,15.4591],[73.8025,15.4504],[73.8266,15.4521],[73.8424,15.4454],[73.8483,15.4504],[73.8641,15.4279],[73.8852,15.4276],[73.8858,15.4004],[73.8766,15.3962],[73.8683,15.4021],[73.8466,15.3987],[73.8441,15.4087],[73.8258,15.4029],[73.8183,15.4096],[73.8083,15.3979],[73.7967,15.4129],[73.7846,15.4083],[73.7924,15.3929],[73.8071,15.3917],[73.8084,15.3754],[73.83,15.3696],[73.8433,15.3571],[73.8775,15.3671],[73.8979,15.3283],[73.9492,15.1429],[73.9563,15.1575],[73.9571,15.1358],[73.9467,15.1404],[73.9371,15.1316],[73.9371,15.1142],[73.9204,15.1083],[73.9262,15.0958],[73.9129,15.0833],[73.9308,15.0837],[73.955,15.0721],[73.9696,15.0633],[73.9766,15.0487],[73.9842,15.0538],[73.992,15.0183],[74.015,15.0096],[74.0191,15.0146],[74.0354,14.9975],[74.0371,14.9833],[74.0513,14.9842],[74.0338,14.9808],[74.0546,14.955],[74.0429,14.9466],[74.0412,14.9175],[74.0583,14.9063],[74.0766,14.9071],[74.0971,14.8916],[74.1154,14.8408],[74.127,14.84],[74.1183,14.8479],[74.1325,14.8421],[74.1647,14.8586],[74.1675,14.8496],[74.1587,14.8425],[74.1712,14.8374],[74.1616,14.8171],[74.1642,14.8371],[74.1516,14.8396],[74.14,14.8321],[74.1258,14.8371],[74.12,14.7987],[74.1108,14.7937],[74.1125,14.8012],[74.0921,14.8008],[74.1095,14.7874],[74.1092,14.7804],[74.115,14.7837],[74.1175,14.7712],[74.1387,14.7758],[74.1546,14.7583],[74.1496,14.7467],[74.1541,14.7421],[74.1691,14.7604],[74.1629,14.7492],[74.18,14.7446],[74.1904,14.7233],[74.2059,14.7137],[74.2037,14.7342],[74.2225,14.7329],[74.2334,14.7446],[74.2479,14.7358],[74.2613,14.71],[74.2692,14.7212],[74.27,14.7121],[74.2837,14.7125],[74.2546,14.7049],[74.2654,14.7008],[74.2804,14.6733],[74.2762,14.6591],[74.2912,14.66],[74.2771,14.6558],[74.2787,14.6475],[74.2962,14.6383],[74.2825,14.6412],[74.2791,14.6237],[74.2679,14.6242],[74.29,14.5962],[74.3112,14.6],[74.3133,14.6154],[74.3221,14.6092],[74.3142,14.5996],[74.3274,14.6087],[74.3496,14.6041],[74.3499,14.5979],[74.32,14.6004],[74.3008,14.5871],[74.2921,14.5941],[74.3129,14.5417],[74.3108,14.5179],[74.3416,14.5112],[74.3533,14.5187],[74.3562,14.525],[74.3458,14.5429],[74.3533,14.5371],[74.3716,14.5621],[74.3646,14.5508],[74.3771,14.5458],[74.3667,14.5479],[74.3629,14.5408],[74.3829,14.5391],[74.3833,14.5304],[74.3775,14.5387],[74.3712,14.5358],[74.3774,14.5259],[74.3496,14.5016],[74.3604,14.4966],[74.3721,14.47],[74.3829,14.4167],[74.4058,14.4196],[74.4096,14.415],[74.4092,14.4087],[74.405,14.4179],[74.3937,14.4133],[74.422,14.2858],[74.4304,14.2833],[74.4221,14.3],[74.4274,14.3087],[74.4287,14.2883],[74.4425,14.2721],[74.4817,14.277],[74.4937,14.2675],[74.4863,14.2658],[74.4929,14.2549],[74.5171,14.2416],[74.4908,14.2429],[74.4725,14.2529],[74.455,14.2454],[74.4271,14.2775],[74.4437,14.22],[74.4546,14.1975],[74.4671,14.1917],[74.4871,14.0991],[74.4812,14.0908],[74.4887,14.0883],[74.5021,14.0266],[74.5075,14.0421],[74.5096,14.0308],[74.5292,14.0221],[74.5029,14.0233],[74.5129,13.9866],[74.5458,13.9546],[74.5474,13.9446],[74.5675,13.9454],[74.5762,13.9233],[74.5858,13.9229],[74.5896,13.9191],[74.5845,13.9208],[74.5963,13.8809],[74.6062,13.8675],[74.6262,13.7967],[74.6504,13.6641],[74.6696,13.6367],[74.6746,13.6483],[74.6691,13.6637],[74.6779,13.6817],[74.6796,13.6566],[74.6862,13.6559],[74.6795,13.65],[74.6983,13.6538],[74.7221,13.6383],[74.7208,13.6329],[74.7067,13.6371],[74.7008,13.6263],[74.7025,13.6371],[74.6791,13.6337],[74.68,13.6054],[74.6721,13.6325],[74.6663,13.6309],[74.6888,13.4625],[74.6971,13.4542],[74.6996,13.4675],[74.6988,13.4466],[74.7066,13.4371],[74.7196,13.4525],[74.7141,13.4338],[74.7029,13.4333],[74.7112,13.4158],[74.7075,13.4096],[74.6962,13.415],[74.695,13.4512],[74.6913,13.4442],[74.6962,13.3483],[74.7137,13.335],[74.6954,13.3433],[74.7146,13.3175],[74.7187,13.28],[74.775,13.0771],[74.7774,13.0954],[74.7812,13.09],[74.7808,13.0588],[74.7758,13.0746],[74.7754,13.065],[74.8045,12.9292],[74.8204,12.9274],[74.8071,12.915],[74.8221,12.8492],[74.8292,12.8438],[74.8139,12.9075],[74.8229,12.9],[74.8321,12.8475],[74.8458,12.8387],[74.8666,12.8412],[74.8696,12.8333],[74.84,12.832],[74.847,12.8283],[74.8433,12.8229],[74.8254,12.8383],[74.8837,12.7066],[74.8954,12.7042],[74.9004,12.6925],[74.8924,12.7037],[74.8887,12.7],[74.9291,12.6071],[74.9362,12.6141],[74.9421,12.5858],[74.9304,12.605],[74.9337,12.5933],[74.9796,12.4875],[74.9854,12.4816],[74.9825,12.4971],[75,12.4746],[75.0021,12.4916],[75.0033,12.4687],[74.9854,12.4775],[75.0033,12.4412],[75.0141,12.4471],[75.0046,12.4375],[75.0488,12.37],[75.1179,12.2024],[75.1237,12.2033],[75.1171,12.2146],[75.1312,12.2125],[75.1302,12.1979],[75.125,12.2021],[75.1204,12.195],[75.2012,12.0041],[75.2321,12.0217],[75.2925,11.9521],[75.3046,11.9542],[75.2871,11.975],[75.2808,11.9954],[75.3142,11.9504],[75.3037,11.97],[75.3146,11.97],[75.3096,11.9658],[75.3179,11.9525],[75.3446,11.9333],[75.3041,11.9496],[75.3004,11.9433],[75.3213,11.9158],[75.3179,11.9058],[75.337,11.8942],[75.3554,11.8617],[75.3667,11.8512],[75.3833,11.8579],[75.4379,11.8042],[75.455,11.7779],[75.4529,11.7825],[75.4621,11.7817],[75.4629,11.8041],[75.4645,11.7808],[75.4563,11.7724],[75.4683,11.7654],[75.4867,11.7804],[75.4754,11.7683],[75.49,11.7646],[75.4754,11.7633],[75.4971,11.7333],[75.5113,11.7275],[75.5275,11.7062],[75.5429,11.7108],[75.5321,11.7016],[75.5896,11.5708],[75.5866,11.5904],[75.5996,11.57],[75.6021,11.5449],[75.5962,11.5499],[75.6204,11.4758],[75.6358,11.4613],[75.6491,11.4679],[75.66,11.4637],[75.6887,11.4399],[75.7188,11.39],[75.7337,11.3466],[75.7354,11.3566],[75.7579,11.36],[75.7471,11.355],[75.7454,11.3449],[75.7371,11.3516],[75.7354,11.3308],[75.7471,11.3166],[75.7779,11.2284],[75.7867,11.2371],[75.8017,11.2338],[75.7875,11.2337],[75.7804,11.2225],[75.8037,11.1625],[75.8166,11.1796],[75.8271,11.1791],[75.8137,11.1624],[75.8287,11.1566],[75.81,11.1613],[75.8054,11.1549],[75.8258,11.1237],[75.8467,11.1438],[75.8696,11.1241],[75.8646,11.1158],[75.8662,11.125],[75.8483,11.1412],[75.8412,11.1275],[75.8262,11.12],[75.8379,11.1016],[75.8821,10.9366],[75.9121,10.7849],[75.9163,10.7825],[75.9162,10.8066],[75.91,10.8271],[75.9204,10.8075],[75.9166,10.7937],[75.9442,10.8012],[75.9579,10.8166],[75.955,10.8037],[75.9196,10.7783],[75.9304,10.7658],[75.9383,10.7337],[75.9454,10.7525],[75.9429,10.7225],[76.0284,10.5279],[76.0312,10.5342],[76.0471,10.5342],[76.045,10.5521],[76.05,10.5446],[76.0654,10.5433],[76.0625,10.5363],[76.0537,10.5417],[76.0633,10.5246],[76.0566,10.5337],[76.0338,10.5275],[76.0596,10.4883],[76.0592,10.4754],[76.045,10.4996],[76.1112,10.35],[76.1563,10.1842],[76.1616,10.1779],[76.1596,10.1867],[76.1958,10.2004],[76.2083,10.1954],[76.1908,10.1838],[76.1783,10.1838],[76.1783,10.1746],[76.1733,10.1829],[76.1679,10.18],[76.1829,10.1442],[76.1721,10.1399],[76.1871,10.1316],[76.1846,10.1192],[76.1929,10.1],[76.18,10.1179],[76.1796,10.1083],[76.2196,9.9991],[76.2362,9.9867],[76.2408,9.9729],[76.2396,10.0033],[76.2304,10.0183],[76.244,10.0359],[76.2704,10.0325],[76.2596,10.0225],[76.2671,10.0259],[76.2762,10.005],[76.2704,9.9908],[76.288,9.9466],[76.2742,9.9663],[76.2579,9.9708],[76.2688,9.9383],[76.2772,9.9332],[76.2717,9.9304],[76.2566,9.9645],[76.245,9.9712],[76.2362,9.9599],[76.2829,9.7516],[76.2887,9.7499],[76.2838,9.7442],[76.2971,9.6074],[76.3212,9.4675],[76.3462,9.3941],[76.382,9.3158],[76.3896,9.32],[76.3892,9.3379],[76.3958,9.3237],[76.3846,9.3075],[76.4579,9.1417],[76.4579,9.1591],[76.4487,9.1667],[76.452,9.1733],[76.4229,9.2391],[76.4283,9.2496],[76.4421,9.2333],[76.4437,9.1975],[76.4725,9.1421],[76.4788,9.1475],[76.4779,9.1675],[76.4958,9.1679],[76.4842,9.1654],[76.4804,9.155],[76.4866,9.1146],[76.48,9.1254],[76.4758,9.1162],[76.4704,9.1191],[76.4604,9.1358],[76.5129,9.0241],[76.5387,8.9341],[76.5454,8.9383],[76.5366,8.9612],[76.5433,8.957],[76.5725,8.9821],[76.5762,8.9766],[76.5579,8.9675],[76.5637,8.9625],[76.5496,8.9583],[76.5633,8.9545],[76.5592,8.9454],[76.5667,8.9471],[76.5875,8.9937],[76.5979,8.9909],[76.5975,8.9812],[76.6075,8.9904],[76.6108,8.9754],[76.62,8.9754],[76.6295,8.9833],[76.6275,8.9913],[76.6333,8.9862],[76.645,8.9987],[76.6471,8.9875],[76.6663,8.9942],[76.6579,8.9891],[76.6612,8.9783],[76.6541,8.9846],[76.6396,8.9816],[76.6442,8.977],[76.6321,8.9792],[76.6466,8.9696],[76.6525,8.9754],[76.6525,8.9671],[76.6683,8.9737],[76.6629,8.9649],[76.6721,8.9642],[76.6625,8.9537],[76.66,8.9637],[76.6516,8.9571],[76.6424,8.9663],[76.6358,8.9604],[76.6333,8.9687],[76.6312,8.9533],[76.6454,8.9517],[76.6291,8.9471],[76.6266,8.9571],[76.6221,8.955],[76.627,8.9641],[76.6142,8.9679],[76.6096,8.9625],[76.6171,8.9591],[76.6066,8.9513],[76.6062,8.97],[76.6,8.9712],[76.5971,8.9466],[76.5729,8.9266],[76.59,8.932],[76.5924,8.9413],[76.6029,8.9342],[76.5716,8.9204],[76.5691,8.9129],[76.5633,8.9254],[76.5441,8.9321],[76.5462,8.9],[76.5683,8.8754],[76.5775,8.8787],[76.6017,8.8654],[76.6404,8.825],[76.6996,8.7367],[76.955,8.4237],[76.9496,8.4375],[76.9554,8.44],[76.9713,8.4099],[76.9562,8.42],[76.9737,8.3967],[76.9721,8.3884],[76.9967,8.3738],[77.0125,8.3504],[77.1658,8.2388],[77.1641,8.2496],[77.1829,8.2167],[77.2216,8.1946],[77.2433,8.1729],[77.2883,8.1546],[77.3167,8.1229],[77.3367,8.1262],[77.4508,8.092],[77.55,8.0737],[77.5671,8.0883],[77.5596,8.0925],[77.5638,8.1183],[77.5841,8.1371],[77.6258,8.1529],[77.7075,8.1629],[77.7467,8.1754],[77.7787,8.195],[77.7879,8.2091],[77.7871,8.2233],[77.8067,8.2404],[77.8967,8.2737],[77.9091,8.2879],[77.9408,8.3029],[78.0075,8.3512],[78.07,8.3737],[78.05,8.3862],[78.0437,8.3833],[78.0483,8.3887],[78.0604,8.3849],[78.0695,8.4217],[78.1312,8.495],[78.1237,8.5275],[78.1396,8.5883],[78.1342,8.5938],[78.1149,8.5804],[78.1183,8.5896],[78.1363,8.5975],[78.1284,8.6379],[78.1096,8.6392],[78.1267,8.6395],[78.1238,8.6508],[78.1296,8.6483],[78.1371,8.6908],[78.1562,8.71],[78.1696,8.7433],[78.1908,8.7487],[78.1988,8.7583],[78.2012,8.785],[78.1937,8.7858],[78.1979,8.7725],[78.1908,8.7638],[78.1691,8.7704],[78.1654,8.7542],[78.16,8.7496],[78.1254,8.7617],[78.16,8.7521],[78.1637,8.7567],[78.1662,8.7691],[78.1587,8.77],[78.1637,8.785],[78.1596,8.8008],[78.1696,8.8241],[78.172,8.8841],[78.1804,8.8908],[78.1862,8.92],[78.2063,8.9533],[78.2671,9],[78.2658,9.0179],[78.2804,9.0124],[78.2688,9.0133],[78.2725,9.0012],[78.3625,9.067],[78.3704,9.075],[78.3646,9.0842],[78.3683,9.0921],[78.3724,9.0771],[78.4158,9.1087],[78.4824,9.1237],[78.4917,9.1412],[78.4863,9.1241],[78.5325,9.1329],[78.5834,9.1271],[78.6083,9.1438],[78.6596,9.1524],[78.6462,9.1725],[78.6666,9.1888],[78.6909,9.1921],[78.72,9.1854],[78.7196,9.1967],[78.7333,9.2079],[78.8609,9.2513],[78.8833,9.2546],[78.9108,9.2479],[78.9308,9.2662],[78.9658,9.2712],[79.0908,9.2587],[79.1891,9.2804],[79.1408,9.2929],[79.1266,9.2871],[79.0608,9.2987],[79.0042,9.3412],[78.9975,9.3421],[79.0012,9.3333],[78.9958,9.3296],[78.9592,9.3404],[78.9949,9.3313],[78.9987,9.3334],[78.9946,9.3408],[78.9996,9.3475],[78.922,9.435],[78.9004,9.4867],[78.9196,9.4925],[78.9262,9.5275],[78.9212,9.545],[78.9313,9.5867],[78.9454,9.615],[78.9646,9.6292],[78.9737,9.67],[78.9954,9.7117],[79.0188,9.7333],[79.0354,9.7616],[79.0612,9.7767],[79.0912,9.8258],[79.1246,9.8558],[79.1233,9.8621],[79.1121,9.8633],[79.1221,9.865],[79.1288,9.8933],[79.1546,9.9175],[79.1563,9.9308],[79.245,10.0262],[79.2679,10.04],[79.2529,10.0525],[79.2538,10.0692],[79.2404,10.0758],[79.2296,10.0975],[79.2296,10.1133],[79.2396,10.1291],[79.2304,10.1366],[79.2312,10.1467],[79.2421,10.1574],[79.2429,10.1825],[79.2787,10.2108],[79.2712,10.2333],[79.2941,10.2604],[79.3392,10.2871],[79.3783,10.2962],[79.3821,10.315],[79.3933,10.3204],[79.5108,10.3087],[79.5241,10.3146],[79.4683,10.3221],[79.4612,10.3283],[79.4921,10.3283],[79.4833,10.3371],[79.4592,10.3413],[79.4616,10.3496],[79.4791,10.3396],[79.4983,10.3413],[79.4958,10.3313],[79.5083,10.3429],[79.5125,10.3371],[79.5175,10.3404],[79.5208,10.3296],[79.5349,10.3321],[79.5433,10.3237],[79.552,10.3258],[79.5396,10.3375],[79.5479,10.3416],[79.5454,10.35],[79.605,10.3463],[79.5925,10.3287],[79.5666,10.3329],[79.5604,10.3267],[79.5583,10.3154],[79.5808,10.3121],[79.6141,10.3362],[79.6296,10.3358],[79.6337,10.3408],[79.6254,10.3433],[79.6391,10.3654],[79.6354,10.3491],[79.6412,10.3358],[79.6583,10.3229],[79.6687,10.3266],[79.6625,10.3479],[79.6725,10.3312],[79.69,10.3246],[79.7291,10.3254],[79.755,10.3129],[79.7708,10.3154],[79.7859,10.3046],[79.7983,10.3046],[79.8112,10.2866],[79.7933,10.2729],[79.8608,10.2804],[79.8812,10.3108],[79.8775,10.3229],[79.8787,10.3117],[79.872,10.2975],[79.8696,10.3216],[79.8749,10.3104],[79.8763,10.3183],[79.8688,10.3417],[79.8787,10.3267],[79.8662,10.3925],[79.8504,10.825],[79.827,10.8175],[79.8487,10.8275],[79.8521,10.8375],[79.8604,11.0983],[79.8571,11.1958],[79.8371,11.2983],[79.8388,11.3525],[79.7613,11.3792],[79.775,11.3862],[79.8142,11.3621],[79.8125,11.3704],[79.8275,11.3579],[79.8321,11.3608],[79.8096,11.4375],[79.7817,11.4996],[79.7654,11.485],[79.7754,11.5075],[79.7629,11.5267],[79.7562,11.5783],[79.7796,11.7008],[79.7588,11.6716],[79.7763,11.7025],[79.7745,11.7108],[79.7784,11.7037],[79.7829,11.71],[79.8054,11.8208],[79.8246,11.8766],[79.8158,11.8713],[79.8196,11.8749],[79.8121,11.8808],[79.8262,11.8816],[79.8296,11.9],[79.8196,11.9058],[79.8279,11.9075],[79.8242,11.9171],[79.8312,11.9033],[79.8454,11.9683],[79.8729,12.04],[80.012,12.2587],[79.9758,12.2279],[79.9716,12.2346],[80.0146,12.2642],[80.0446,12.3158],[80.1312,12.4258],[80.1129,12.4433],[80.115,12.4537],[80.1154,12.4442],[80.1341,12.4312],[80.1563,12.4624],[80.1629,12.5075],[80.1554,12.5117],[80.1646,12.5108],[80.1879,12.5724],[80.2562,12.7808],[80.2475,12.8004],[80.2467,12.7921],[80.2387,12.7975],[80.2404,12.785],[80.2296,12.7866],[80.2387,12.8033],[80.2329,12.845],[80.2421,12.805],[80.2458,12.8254],[80.2492,12.8029],[80.2571,12.9192],[80.2771,13.0067],[80.2641,13.0112],[80.2795,13.0158],[80.2846,13.0634],[80.2762,13.0683],[80.2867,13.0654],[80.3046,13.0908],[80.3033,13.0996],[80.2958,13.0862],[80.2946,13.1217],[80.3313,13.2267],[80.3213,13.2242],[80.3092,13.2021],[80.3137,13.2466],[80.3175,13.2296],[80.3279,13.2325],[80.3462,13.2833],[80.3446,13.3442],[80.3279,13.44],[80.322,13.4433],[80.3325,13.3762],[80.3221,13.3892],[80.3271,13.3967],[80.3179,13.4091],[80.3212,13.4158],[80.3158,13.4271],[80.31,13.4254],[80.3163,13.435],[80.3054,13.4541],[80.3104,13.4667],[80.2404,13.6216],[80.2362,13.6441],[80.2379,13.7225],[80.2571,13.7816],[80.245,13.8121],[80.225,13.8187],[80.2437,13.8142],[80.1612,14.0092],[80.1488,14.0175],[80.1546,14.0208],[80.1437,14.0692],[80.1262,14.0658],[80.1421,14.0725],[80.1329,14.1058],[80.1279,14.1841],[80.1371,14.2416],[80.1133,14.2471],[80.1099,14.2413],[80.1037,14.2525],[80.1258,14.2479],[80.1296,14.2517],[80.1221,14.2558],[80.1316,14.2562],[80.1375,14.2446],[80.1454,14.2875],[80.1679,14.3391],[80.1829,14.5225],[80.1958,14.5779],[80.1842,14.5679],[80.14,14.5654],[80.1816,14.5854],[80.1854,14.5967],[80.1687,14.6208],[80.1404,14.7158],[80.1412,14.7008],[80.1341,14.6921],[80.1396,14.7016],[80.1346,14.7174],[80.1191,14.7338],[80.1137,14.7241],[80.1125,14.7454],[80.1296,14.7283],[80.1087,14.7566],[80.095,14.8121],[80.0908,14.8037],[80.0779,14.8091],[80.0929,14.8133],[80.0888,14.8783],[80.0537,15.0108],[80.0479,15.0741],[80.0629,15.1441],[80.0804,15.1808],[80.0758,15.1779],[80.0646,15.19],[80.0817,15.1821],[80.0896,15.2075],[80.0829,15.2625],[80.1079,15.3283],[80.0991,15.3104],[80.0996,15.3208],[80.1288,15.3758],[80.2045,15.4683],[80.2146,15.5042],[80.2084,15.4921],[80.1975,15.4896],[80.2004,15.4983],[80.1929,15.5016],[80.2071,15.5075],[80.2042,15.5121],[80.2154,15.5083],[80.2321,15.5425],[80.2183,15.5312],[80.2279,15.5424],[80.2404,15.6091],[80.2629,15.6516],[80.2504,15.6517],[80.2596,15.6533],[80.2642,15.6721],[80.2708,15.6671],[80.3112,15.7158],[80.375,15.7721],[80.4783,15.8287],[80.5283,15.847],[80.5224,15.8571],[80.5371,15.855],[80.5358,15.8487],[80.5908,15.8687],[80.6292,15.8746],[80.6325,15.8846],[80.64,15.8763],[80.6767,15.8804],[80.6775,15.8896],[80.6825,15.8804],[80.7325,15.8771],[80.7667,15.8654],[80.77,15.8695],[80.8054,15.8425],[80.8163,15.8117],[80.8087,15.8],[80.8108,15.7796],[80.7887,15.8183],[80.7867,15.8537],[80.7813,15.8542],[80.7846,15.8084],[80.8079,15.7658],[80.8125,15.7421],[80.8354,15.7508],[80.8316,15.7013],[80.9233,15.7146],[80.9267,15.7196],[80.8954,15.7492],[80.8979,15.755],[80.9383,15.7104],[80.9687,15.7308],[80.9741,15.7496],[80.9516,15.7321],[80.9713,15.75],[80.9591,15.7587],[80.9754,15.7533],[80.9758,15.7379],[80.9966,15.7412],[81.0129,15.7567],[80.9959,15.7587],[80.9816,15.7746],[81.0313,15.7608],[81.0346,15.7825],[81.0274,15.7896],[81.0274,15.7662],[81.0062,15.7766],[80.9949,15.8171],[81.0083,15.8045],[81.0096,15.81],[80.9971,15.8225],[81.0646,15.9041],[81.1387,15.965],[81.1262,15.9933],[81.1367,15.9729],[81.1521,15.9717],[81.1479,16.0133],[81.1913,16.0925],[81.2046,16.1383],[81.1879,16.1424],[81.2,16.1438],[81.1979,16.1741],[81.2083,16.1938],[81.2071,16.175],[81.227,16.2242],[81.2679,16.2733],[81.2675,16.2929],[81.2717,16.277],[81.3192,16.3096],[81.3979,16.3424],[81.4775,16.3529],[81.5375,16.3504],[81.5425,16.3563],[81.5534,16.3521],[81.5533,16.3721],[81.5575,16.3621],[81.5621,16.3666],[81.5558,16.3487],[81.5416,16.3529],[81.5466,16.3454],[81.6774,16.3246],[81.6883,16.3304],[81.6945,16.3125],[81.71,16.3054],[81.7116,16.3113],[81.7054,16.3108],[81.717,16.325],[81.7171,16.3646],[81.7246,16.3625],[81.7262,16.35],[81.7191,16.3087],[81.8767,16.3804],[81.9508,16.3929],[81.9635,16.4361],[81.9616,16.3971],[82.0275,16.4387],[82.0262,16.4425],[82.0446,16.4541],[82.0396,16.4633],[82.0496,16.4533],[82.03,16.4412],[82.2342,16.5429],[82.3046,16.5599],[82.3025,16.5679],[82.2924,16.5571],[82.2837,16.5575],[82.2975,16.5646],[82.2616,16.5554],[82.2587,16.5608],[82.2908,16.5712],[82.3004,16.5849],[82.2823,16.6301],[82.2554,16.648],[82.2582,16.6887],[82.266,16.6739],[82.2585,16.6496],[82.2843,16.6413],[82.3089,16.5975],[82.3287,16.6655],[82.3686,16.713],[82.37,16.724],[82.3625,16.7321],[82.3448,16.7276],[82.3661,16.7187],[82.3594,16.7094],[82.34,16.7167],[82.3553,16.7105],[82.3335,16.6876],[82.334,16.6983],[82.3452,16.7037],[82.3389,16.7135],[82.2897,16.6961],[82.2689,16.7067],[82.2928,16.7078],[82.3125,16.7313],[82.3419,16.7363],[82.3621,16.8158],[82.3712,16.9091],[82.3629,16.9624],[82.3441,16.9854],[82.3333,16.9888],[82.3296,16.9841],[82.3621,16.9433],[82.3654,16.85],[82.3596,16.825],[82.3558,16.8512],[82.3258,16.8546],[82.3158,16.8412],[82.3171,16.8508],[82.3033,16.8637],[82.2892,16.8662],[82.2766,16.8546],[82.285,16.8721],[82.2687,16.8716],[82.2616,16.8854],[82.2508,16.8754],[82.2562,16.8958],[82.2479,16.9116],[82.2504,16.9358],[82.2746,16.9441],[82.2737,16.9616],[82.2912,17.0175],[82.3062,17.0383],[82.4641,17.1887],[82.6017,17.2838],[82.7516,17.3654],[82.8691,17.4154],[82.8549,17.4254],[82.8716,17.4254],[82.8916,17.4471],[82.8962,17.4459],[82.8825,17.4246],[82.9958,17.4737],[83.0062,17.4941],[83.0266,17.5096],[83.16,17.5604],[83.1775,17.5754],[83.2149,17.5904],[83.2387,17.6142],[83.2379,17.6284],[83.2979,17.6758],[83.2991,17.6854],[83.2829,17.6891],[83.295,17.6887],[83.3441,17.722],[83.3504,17.7492],[83.3825,17.7729],[83.4112,17.8083],[83.4154,17.8517],[83.44,17.8679],[83.4563,17.8908],[83.4566,17.8979],[83.4454,17.9008],[83.4521,17.9025],[83.4454,17.9099],[83.4579,17.91],[83.4545,17.9233],[83.4604,17.9142],[83.4566,17.9004],[83.5437,17.9642],[83.5704,18.0066],[83.5554,18.0133],[83.5563,18.0258],[83.5666,18.0121],[83.5779,18.0142],[83.5704,18.0191],[83.5866,18.0187],[83.6783,18.0837],[83.6683,18.0879],[83.68,18.087],[83.705,18.1054],[83.8104,18.1542],[83.8066,18.1621],[83.8141,18.1546],[83.8592,18.1704],[83.8874,18.1937],[83.94,18.2096],[83.9246,18.2292],[83.9517,18.2137],[83.9946,18.2375],[83.9892,18.2421],[83.9975,18.2396],[84.0417,18.2596],[84.1292,18.3096],[84.132,18.3433],[84.0996,18.35],[84.1383,18.3512],[84.1646,18.3858],[84.2441,18.4604],[84.3596,18.5541],[84.3608,18.5654],[84.3392,18.5437],[84.3063,18.5333],[84.3221,18.55],[84.3375,18.5537],[84.3383,18.5679],[84.3492,18.5604],[84.3346,18.5767],[84.3566,18.5837],[84.3579,18.5783],[84.3454,18.5725],[84.3533,18.5637],[84.3591,18.5712],[84.3621,18.5675],[84.3721,18.5942],[84.4421,18.6575],[84.4712,18.7117],[84.5058,18.7496],[84.5579,18.79],[84.5612,18.8108],[84.5896,18.8633],[84.6904,18.9667],[84.7929,19.1141],[84.7617,19.0996],[84.7596,19.0866],[84.7458,19.0746],[84.7408,19.0879],[84.7262,19.0908],[84.7371,19.095],[84.7458,19.1171],[84.7775,19.1079],[84.7879,19.1275],[84.7975,19.1312],[84.795,19.1162],[84.8096,19.1491],[84.8371,19.185],[84.9154,19.2583],[84.9071,19.2633],[84.9091,19.2787],[84.9175,19.2596],[85.005,19.3295],[85.0821,19.3742],[85.0666,19.3662],[85.05,19.3679],[85.0362,19.3791],[85.0379,19.3917],[85.0475,19.3771],[85.0633,19.3704],[85.0809,19.3821],[85.0833,19.3779],[85.0996,19.4058],[85.1483,19.447],[85.3433,19.5812],[85.5921,19.7033],[85.5279,19.6793],[85.54,19.6962],[85.6333,19.7329],[85.6333,19.7271],[85.6558,19.7429],[85.675,19.7445],[85.6054,19.7133],[85.7658,19.7738],[85.9196,19.8208],[85.9116,19.8238],[85.9242,19.8213],[86.0738,19.8558],[86.0579,19.8517],[86.07,19.8512],[86.2166,19.8946],[86.2354,19.9041],[86.2196,19.9108],[86.2433,19.9212],[86.2454,19.9125],[86.2375,19.9062],[86.3117,19.9429],[86.3716,19.9521],[86.3733,19.9587],[86.3508,19.9629],[86.3233,19.9846],[86.3158,19.9804],[86.315,19.9879],[86.3268,19.9936],[86.3333,19.9871],[86.3379,19.9908],[86.3425,19.9804],[86.3467,19.9846],[86.3666,19.9779],[86.3783,19.9912],[86.3825,19.9845],[86.3746,19.9774],[86.3824,19.9654],[86.3862,19.9766],[86.4225,20.0021],[86.4346,20.0191],[86.4396,20.0575],[86.4779,20.0916],[86.5212,20.1633],[86.5542,20.1938],[86.5391,20.1929],[86.5429,20.1875],[86.5137,20.1701],[86.5209,20.1846],[86.535,20.1946],[86.5592,20.1962],[86.6058,20.2279],[86.6791,20.2596],[86.6721,20.2742],[86.6775,20.2763],[86.6817,20.2679],[86.7325,20.2946],[86.7988,20.3467],[86.8054,20.3642],[86.7883,20.3395],[86.7241,20.2938],[86.6883,20.2854],[86.6738,20.2941],[86.6842,20.2912],[86.6896,20.3061],[86.7216,20.3021],[86.7321,20.3091],[86.7291,20.3154],[86.7375,20.3112],[86.7683,20.3288],[86.7771,20.3374],[86.7746,20.3491],[86.7879,20.3766],[86.7687,20.37],[86.7846,20.3858],[86.7791,20.3954],[86.7608,20.3921],[86.745,20.3771],[86.7592,20.3987],[86.7458,20.3946],[86.7391,20.3829],[86.7466,20.4004],[86.7358,20.4029],[86.73,20.3937],[86.72,20.3938],[86.7079,20.4091],[86.7258,20.3962],[86.7354,20.4158],[86.7312,20.4442],[86.7379,20.4767],[86.7158,20.4788],[86.7383,20.4796],[86.7458,20.4688],[86.7621,20.5025],[86.7316,20.5346],[86.755,20.5212],[86.7691,20.5029],[86.7967,20.5404],[86.8671,20.5883],[86.86,20.5871],[86.8608,20.5929],[86.8691,20.5904],[87.0696,20.7208],[87.0224,20.6971],[86.9984,20.6954],[86.9933,20.6987],[87.0074,20.7013],[86.9858,20.7029],[86.9642,20.6946],[86.9812,20.705],[86.9466,20.7129],[86.9284,20.7054],[86.9258,20.7104],[86.9425,20.7162],[87.0034,20.7121],[87.0112,20.7383],[86.9958,20.7696],[86.8924,20.767],[86.8676,20.7752],[86.8691,20.7879],[86.8875,20.7971],[86.9675,20.7821],[86.9746,20.8208],[86.9608,20.8546],[86.9538,20.8533],[86.9613,20.8633],[86.9371,20.9166],[86.9129,20.9525],[86.8921,21.01],[86.8538,21.0658],[86.8271,21.1366],[86.8304,21.1591],[86.8238,21.175],[86.8346,21.1966],[86.8321,21.2124],[86.8383,21.2045],[86.8962,21.3133],[86.9154,21.3316],[86.9121,21.3383],[86.92,21.3362],[86.9924,21.4154],[87.0604,21.47],[87.0387,21.4783],[87.06,21.4821],[87.0758,21.4729],[87.1087,21.5016],[87.1179,21.5141],[87.0983,21.5238],[87.0925,21.5371],[87.1091,21.5187],[87.1175,21.5204],[87.1325,21.5187],[87.1208,21.5187],[87.1216,21.5146],[87.1275,21.5129],[87.2012,21.545],[87.1696,21.5383],[87.1721,21.55],[87.1875,21.5546],[87.1971,21.555],[87.185,21.5521],[87.18,21.5429],[87.28,21.5562],[87.3767,21.5504],[87.375,21.5604],[87.3416,21.5704],[87.3405,21.5777],[87.3475,21.5829],[87.3875,21.5712],[87.4341,21.5963],[87.54,21.6246],[87.5575,21.6362],[87.5675,21.6321],[87.6342,21.6437],[87.6458,21.6579],[87.642,21.6492],[87.6575,21.6462],[87.7092,21.6604],[87.7541,21.6846],[87.7508,21.6962],[87.7775,21.6904],[87.8042,21.6962],[87.8074,21.7012],[87.7946,21.6991],[87.8191,21.7137],[87.8871,21.7774],[87.8913,21.79],[87.8756,21.8174],[87.8933,21.7929],[87.9191,21.8013],[87.9737,21.8542],[88.0129,21.9142],[88.0254,21.9617],[88.0488,21.9941],[88.0483,22.0145],[88.0724,22.0145],[88.1483,22.0595],[88.1812,22.0874],[88.1903,22.1041],[88.1887,22.1174],[88.1333,22.1837],[88.1041,22.1903],[88.0675,22.1862],[88.0374,22.2078],[88.0216,22.2004],[88.0155,22.2109],[88.0196,22.2229],[88.0483,22.2162],[88.0565,22.2243],[88.0741,22.207],[88.12,22.2062],[88.1808,22.1912],[88.2087,22.1491],[88.207,22.1299],[88.2162,22.1182],[88.2245,22.0749],[88.1929,21.995],[88.1562,21.9558],[88.1762,21.9258],[88.1687,21.8691],[88.2029,21.8124],[88.2196,21.7617],[88.212,21.7275],[88.2196,21.6983],[88.1996,21.6884],[88.1988,21.6808],[88.2329,21.6666],[88.2346,21.6358],[88.2154,21.6125],[88.2312,21.5958],[88.2421,21.5758],[88.237,21.5708],[88.2466,21.5612],[88.2908,21.5562],[88.3096,21.5792],[88.2862,21.5991],[88.2996,21.6458],[88.2946,21.6475],[88.3029,21.6508],[88.3095,21.6749],[88.2812,21.71],[88.2749,21.7337],[88.295,21.7054],[88.3075,21.7304],[88.3062,21.7142],[88.3166,21.7071],[88.3287,21.7092],[88.3267,21.722],[88.3433,21.7204],[88.3396,21.7083],[88.3487,21.6925],[88.3683,21.6821],[88.3971,21.7142],[88.3675,21.7196],[88.365,21.7313],[88.3725,21.7221],[88.4021,21.72],[88.3996,21.6983],[88.3796,21.675],[88.3846,21.6258],[88.3912,21.6234],[88.3862,21.6074],[88.3966,21.5912],[88.4096,21.5925],[88.415,21.6112],[88.4337,21.6199],[88.4129,21.6516],[88.4137,21.6867],[88.4287,21.7],[88.4242,21.7188],[88.4346,21.7016],[88.4196,21.6867],[88.4204,21.6533],[88.4404,21.6233],[88.43,21.6054],[88.4509,21.6121],[88.4729,21.6708],[88.4563,21.71],[88.4571,21.7258],[88.46,21.7204],[88.4662,21.725],[88.4779,21.7875],[88.4525,21.8004],[88.4488,21.8116],[88.4742,21.8354],[88.4912,21.8409],[88.4821,21.885],[88.4579,21.8958],[88.4758,21.8929],[88.4824,21.9062],[88.5046,21.9141],[88.5113,21.9383],[88.5,21.9554],[88.5183,21.9479],[88.5279,21.9358],[88.5279,21.9191],[88.5013,21.8883],[88.4996,21.8758],[88.5266,21.8521],[88.5521,21.8758],[88.5346,21.84],[88.555,21.8154],[88.5549,21.8304],[88.5638,21.8308],[88.5762,21.8575],[88.5796,21.8883],[88.5708,21.9071],[88.5858,21.8887],[88.6071,21.905],[88.6137,21.9208],[88.5949,21.9471],[88.5804,21.9542],[88.5787,21.9758],[88.5812,21.965],[88.6166,21.9295],[88.6012,21.965],[88.6136,22.0124],[88.6003,22.0174],[88.5986,22.0307],[88.6032,22.0186],[88.6191,22.0178],[88.6378,22.0399],[88.6262,22.0616],[88.6391,22.0762],[88.6562,22.0641],[88.6636,22.0208],[88.7199,22.0028],[88.7378,22.0107],[88.7353,22.0299],[88.6915,22.052],[88.6853,22.0674],[88.6982,22.0745],[88.7091,22.0587],[88.7265,22.0528],[88.7549,22.0753],[88.7494,22.0541],[88.7628,22.0499],[88.7511,22.0457],[88.7628,22.0182],[88.7786,22.0141],[88.7628,22.0107],[88.7646,21.9958],[88.7538,21.9816],[88.7583,21.9679],[88.7516,21.9762],[88.727,21.975],[88.7237,21.9408],[88.7304,21.9301],[88.722,21.9266],[88.7196,21.9133],[88.7279,21.9],[88.7179,21.9025],[88.7004,21.8567],[88.7016,21.8446],[88.7067,21.8546],[88.7204,21.8525],[88.7084,21.8529],[88.6979,21.8391],[88.7042,21.8212],[88.7083,21.8271],[88.7192,21.8254],[88.7091,21.8254],[88.7071,21.8158],[88.722,21.8042],[88.7137,21.8033],[88.7121,21.7766],[88.6979,21.7425],[88.712,21.6916],[88.7225,21.6779],[88.7516,21.6587],[88.7587,21.6608],[88.7533,21.6696],[88.7617,21.6621],[88.8008,21.6546],[88.8112,21.6608],[88.8121,21.6833],[88.8187,21.6839],[88.8262,21.6591],[88.8096,21.6341],[88.8175,21.6237],[88.8491,21.6162],[88.8463,21.6383],[88.85,21.6229],[88.8646,21.6358],[88.847,21.6725],[88.8429,21.71],[88.8671,21.7575],[88.835,21.7621],[88.8319,21.7677],[88.8392,21.7771],[88.86,21.7771],[88.8788,21.7658],[88.8854,21.7433],[88.8721,21.7058],[88.8863,21.6583],[88.92,21.6304],[88.9379,21.665],[88.9447,21.6658],[88.9496,21.6625],[88.9404,21.645],[88.9575,21.6171],[88.9849,21.6087],[89,21.6195],[89.0041,21.5994],[89.0266,21.5986],[89.0421,21.6182],[89.027,21.629],[89.02,21.6603],[89.0312,21.6548],[89.0313,21.634],[89.0574,21.6119],[89.0724,21.6136],[89.0996,21.6373],[89.0912,21.6757],[89.0712,21.6874],[89.0753,21.7015],[89.0679,21.7148],[89.0537,21.7207],[89.0608,21.7211],[89.0604,21.7282],[89.0254,21.7557],[89.0208,21.8102],[89.002,21.809],[89.0295,21.8207],[89.0337,21.839],[89.0237,21.8456],[89.0346,21.8523],[89.0321,21.8632],[88.9875,21.8879],[88.9857,21.8956],[88.9933,21.9046],[89.0167,21.8994],[89.0187,21.9237],[88.9962,21.9408],[88.9945,21.9508],[89.0191,21.9761],[89.0028,21.9523],[89.0075,21.9402],[89.0308,21.9252],[89.0636,21.9365],[89.0764,21.9975],[89.0454,22.0424],[89.0337,22.0458],[89.0437,22.0491],[89.0399,22.1025],[89.0527,22.1207],[89.0924,22.1446],[89.098,22.1551],[89.0895,22.1596],[89.0714,22.1486],[89.063,22.1697],[89.0707,22.1969],[89.0396,22.2282],[89.0332,22.2585],[89.0151,22.2538],[89.0187,22.2699],[88.996,22.2857],[88.9988,22.2966],[89.0244,22.2958],[89.0002,22.3238],[88.9848,22.3262],[88.9895,22.3644],[88.9833,22.3747],[88.9904,22.3921],[88.9723,22.4113],[89.0001,22.4296],[88.9898,22.4449],[88.9962,22.4694],[88.9764,22.4943],[88.9606,22.5503],[88.9376,22.5601],[88.939,22.5908],[88.9603,22.6161],[88.9558,22.6211],[88.9345,22.6181],[88.9261,22.6521],[88.945,22.6623],[88.9623,22.6945],[88.9278,22.7182],[88.9163,22.7367],[88.9205,22.7531],[88.9115,22.7573],[88.9182,22.7697],[88.9264,22.7694],[88.9252,22.7794],[88.9357,22.783],[88.9374,22.793],[88.9588,22.7973],[88.9566,22.8122],[88.9685,22.845],[88.9453,22.8808],[88.9293,22.8721],[88.9233,22.8806],[88.9094,22.8799],[88.8954,22.9138],[88.9082,22.9197],[88.8871,22.9336],[88.894,22.9524],[88.8793,22.9543],[88.8595,22.9427],[88.8559,22.9657],[88.8711,22.9789],[88.8653,23.0009],[88.8449,23.0092],[88.88,23.0069],[88.8722,23.0169],[88.8841,23.0403],[88.8749,23.0445],[88.8741,23.0659],[88.861,23.0774],[88.8745,23.09],[88.8687,23.101],[88.8835,23.1046],[88.8827,23.1112],[88.8997,23.1114],[88.9103,23.1299],[88.9179,23.1292],[88.9233,23.1454],[88.9307,23.1431],[88.9276,23.1627],[88.9342,23.1618],[88.9389,23.1774],[88.9567,23.1824],[88.9665,23.1938],[88.9801,23.1826],[88.9877,23.2028],[88.9799,23.2124],[88.9958,23.215],[88.9826,23.222],[88.9795,23.216],[88.976,23.2245],[88.9785,23.2151],[88.9708,23.2227],[88.9426,23.2062],[88.9266,23.218],[88.9166,23.22],[88.921,23.2164],[88.9146,23.2135],[88.9169,23.2235],[88.9068,23.2361],[88.8867,23.2315],[88.886,23.2261],[88.8733,23.2345],[88.8537,23.2364],[88.8445,23.2307],[88.8366,23.2438],[88.8241,23.2339],[88.8291,23.2448],[88.8115,23.2562],[88.8059,23.2379],[88.8115,23.2217],[88.7897,23.2184],[88.7744,23.2245],[88.778,23.2361],[88.7695,23.2449],[88.7521,23.24],[88.7188,23.2551],[88.7242,23.2721],[88.7115,23.278],[88.7094,23.2896],[88.6974,23.292],[88.6962,23.3022],[88.7108,23.3129],[88.7067,23.3039],[88.7256,23.2987],[88.7303,23.3198],[88.7314,23.3084],[88.7455,23.3078],[88.7497,23.3214],[88.733,23.3277],[88.739,23.3432],[88.7321,23.3522],[88.746,23.349],[88.7477,23.3622],[88.7574,23.3598],[88.7654,23.3673],[88.7586,23.3739],[88.7629,23.3873],[88.7527,23.3893],[88.7495,23.4009],[88.7607,23.4092],[88.7544,23.4165],[88.7639,23.448],[88.773,23.4488],[88.7803,23.4377],[88.7854,23.4449],[88.7954,23.4431],[88.7875,23.4699],[88.8002,23.4823],[88.7946,23.4858],[88.8008,23.4973],[88.7922,23.5032],[88.7852,23.498],[88.7865,23.5072],[88.7703,23.4976],[88.7746,23.4802],[88.7615,23.4908],[88.7559,23.4871],[88.7608,23.4787],[88.7414,23.4797],[88.7245,23.5122],[88.7137,23.5086],[88.6956,23.5173],[88.6829,23.5418],[88.6538,23.5564],[88.6506,23.5853],[88.6387,23.5908],[88.6461,23.6092],[88.6057,23.6002],[88.6063,23.6105],[88.5972,23.602],[88.5804,23.6028],[88.5853,23.6165],[88.5942,23.617],[88.5938,23.6409],[88.5624,23.6371],[88.5583,23.6492],[88.5738,23.667],[88.5647,23.7121],[88.5763,23.7333],[88.5701,23.7482],[88.581,23.7606],[88.5795,23.7748],[88.5561,23.7846],[88.578,23.7867],[88.581,23.797],[88.5961,23.805],[88.5851,23.8138],[88.5946,23.8089],[88.602,23.817],[88.5864,23.8311],[88.5911,23.8526],[88.5784,23.8507],[88.5755,23.8618],[88.5877,23.8718],[88.6083,23.863],[88.6088,23.8731],[88.6176,23.8769],[88.6271,23.8651],[88.6373,23.8716],[88.6542,23.8656],[88.6676,23.8696],[88.6643,23.8825],[88.6829,23.8887],[88.6884,23.9016],[88.7053,23.9002],[88.6993,23.9102],[88.7063,23.9164],[88.7334,23.9111],[88.7349,23.933],[88.7433,23.9298],[88.7425,23.9511],[88.7324,23.9613],[88.7379,23.9832],[88.7694,23.9821],[88.7579,24.007],[88.729,23.9942],[88.7408,24.0359],[88.7238,24.0474],[88.7418,24.0484],[88.7425,24.0554],[88.7245,24.0683],[88.6987,24.1207],[88.7071,24.1193],[88.7461,24.147],[88.7313,24.1733],[88.7403,24.2521],[88.7354,24.2791],[88.7222,24.3005],[88.6988,24.3137],[88.6587,24.315],[88.6524,24.3052],[88.6487,24.3115],[88.6296,24.306],[88.6235,24.3155],[88.6008,24.3107],[88.5877,24.3146],[88.5871,24.3254],[88.57,24.3271],[88.5551,24.2934],[88.5265,24.3448],[88.5091,24.3433],[88.445,24.3789],[88.4257,24.3832],[88.3886,24.3715],[88.3339,24.3815],[88.2721,24.4406],[88.2035,24.46],[88.1733,24.4933],[88.1416,24.5107],[88.0954,24.5585],[88.0362,24.6458],[88.0086,24.6678],[88.0621,24.7209],[88.0724,24.7437],[88.0657,24.7508],[88.0745,24.7609],[88.0683,24.7692],[88.0778,24.7691],[88.089,24.783],[88.1061,24.7797],[88.1055,24.8011],[88.1235,24.8232],[88.1306,24.8048],[88.1364,24.8053],[88.1322,24.8361],[88.141,24.8344],[88.1453,24.8514],[88.1602,24.8485],[88.162,24.8582],[88.175,24.8602],[88.1526,24.8844],[88.1577,24.8924],[88.1686,24.8883],[88.1689,24.893],[88.14,24.914],[88.1379,24.9363],[88.1574,24.9335],[88.1702,24.9504],[88.1752,24.9463],[88.2064,24.9613],[88.2238,24.9618],[88.261,24.9177],[88.2572,24.878],[88.2671,24.8783],[88.2761,24.8979],[88.278,24.8882],[88.3019,24.886],[88.3019,24.8719],[88.3178,24.8839],[88.3303,24.8702],[88.3471,24.8925],[88.3436,24.8998],[88.3324,24.8974],[88.3242,24.9162],[88.3366,24.9188],[88.3404,24.9404],[88.3544,24.9419],[88.3637,24.9534],[88.3663,24.9449],[88.3806,24.9393],[88.399,24.9452],[88.3952,24.9692],[88.4051,24.9798],[88.4174,24.9745],[88.4119,24.9987],[88.4206,24.9994],[88.4252,25.0163],[88.4272,25.0078],[88.4364,25.0065],[88.4385,25.0223],[88.4527,25.0371],[88.4378,25.0428],[88.435,25.056],[88.4527,25.0792],[88.446,25.083],[88.4414,25.1279],[88.4593,25.1353],[88.4621,25.1497],[88.4577,25.1646],[88.4418,25.1736],[88.4434,25.1952],[88.4354,25.1997],[88.4417,25.2105],[88.4373,25.1987],[88.4636,25.1949],[88.472,25.1976],[88.4754,25.2134],[88.4993,25.2102],[88.4999,25.2035],[88.5379,25.1979],[88.5339,25.1878],[88.5482,25.1955],[88.5575,25.1928],[88.5559,25.1792],[88.5656,25.1752],[88.5796,25.1769],[88.5911,25.1855],[88.5903,25.1948],[88.5978,25.1909],[88.6127,25.2042],[88.6429,25.2065],[88.6693,25.1982],[88.68,25.2091],[88.7113,25.2077],[88.7329,25.1988],[88.7344,25.1847],[88.7509,25.1832],[88.7491,25.1767],[88.7693,25.1899],[88.7739,25.1797],[88.8058,25.1706],[88.8438,25.2139],[88.8515,25.2006],[88.8649,25.2008],[88.8641,25.1901],[88.8748,25.1962],[88.8751,25.1792],[88.8898,25.1785],[88.8901,25.1848],[88.9108,25.1802],[88.9117,25.1683],[88.923,25.1651],[88.9334,25.1818],[88.9407,25.1736],[88.9486,25.1779],[88.9475,25.1946],[88.9336,25.1997],[88.9363,25.2106],[88.9613,25.2085],[88.9516,25.2326],[88.9562,25.2552],[88.9824,25.2652],[88.9867,25.2745],[89.0084,25.2644],[89.0089,25.3031],[89.0004,25.2951],[88.9851,25.2987],[88.9852,25.306],[88.9712,25.3011],[88.9294,25.3042],[88.9283,25.3168],[88.9151,25.3125],[88.9062,25.3378],[88.8876,25.3372],[88.8843,25.3258],[88.8665,25.343],[88.8688,25.3523],[88.8409,25.3639],[88.8408,25.3973],[88.8126,25.4105],[88.8182,25.4182],[88.8299,25.4171],[88.8343,25.4318],[88.8262,25.4446],[88.8393,25.4582],[88.8296,25.4904],[88.8132,25.4892],[88.8105,25.5233],[88.7923,25.5228],[88.7823,25.5152],[88.7598,25.5256],[88.7575,25.5094],[88.77,25.5036],[88.7673,25.4977],[88.7486,25.4952],[88.7442,25.4883],[88.7422,25.5051],[88.7138,25.4957],[88.7075,25.5],[88.7103,25.4808],[88.6993,25.4713],[88.6629,25.4738],[88.6601,25.4819],[88.6469,25.4779],[88.6427,25.4928],[88.6485,25.4969],[88.6224,25.497],[88.613,25.51],[88.6067,25.5085],[88.609,25.5164],[88.5955,25.5061],[88.5561,25.514],[88.5521,25.5208],[88.5399,25.5084],[88.5332,25.5421],[88.5235,25.5352],[88.519,25.5452],[88.5089,25.5443],[88.4935,25.5589],[88.5,25.584],[88.47,25.5832],[88.4585,25.5987],[88.4441,25.597],[88.4497,25.6046],[88.445,25.6155],[88.4562,25.6286],[88.4538,25.665],[88.4019,25.6726],[88.4041,25.6856],[88.3901,25.6841],[88.3914,25.6936],[88.3713,25.6966],[88.3744,25.7169],[88.3567,25.7214],[88.3588,25.7281],[88.3439,25.7295],[88.3375,25.7377],[88.3207,25.7375],[88.3142,25.7551],[88.2664,25.7826],[88.2694,25.8083],[88.2595,25.814],[88.2485,25.8135],[88.2468,25.8061],[88.2366,25.8101],[88.2306,25.7964],[88.2148,25.8007],[88.2099,25.787],[88.1837,25.802],[88.1733,25.7866],[88.1598,25.7876],[88.1526,25.7757],[88.1411,25.7806],[88.1444,25.794],[88.1145,25.7983],[88.12,25.8126],[88.1069,25.8151],[88.1115,25.8217],[88.1011,25.829],[88.1088,25.8377],[88.1003,25.8434],[88.1135,25.8524],[88.1121,25.8652],[88.1078,25.8697],[88.1009,25.8623],[88.1016,25.872],[88.0933,25.8738],[88.1029,25.8889],[88.0892,25.8963],[88.0938,25.9099],[88.0857,25.9166],[88.0955,25.9323],[88.1114,25.9333],[88.1126,25.9435],[88.1223,25.9481],[88.1151,25.9625],[88.1242,25.9664],[88.1192,25.9716],[88.1295,25.9802],[88.1296,25.997],[88.1438,26.0008],[88.1396,26.0131],[88.1835,26.0252],[88.1705,26.033],[88.1691,26.0459],[88.1786,26.0466],[88.1756,26.0586],[88.1855,26.0623],[88.1841,26.0725],[88.1683,26.083],[88.1575,26.0795],[88.1655,26.0874],[88.1579,26.097],[88.1796,26.1248],[88.1729,26.1273],[88.177,26.148],[88.1956,26.1521],[88.196,26.1638],[88.2048,26.1586],[88.2163,26.1628],[88.2146,26.1701],[88.2273,26.168],[88.2384,26.1781],[88.2331,26.1846],[88.2471,26.1907],[88.2522,26.1849],[88.2693,26.1864],[88.2854,26.2007],[88.3009,26.1966],[88.3083,26.2042],[88.3259,26.2048],[88.3302,26.2172],[88.3502,26.2203],[88.3598,26.2426],[88.3484,26.2502],[88.3495,26.2823],[88.3841,26.3132],[88.4148,26.3152],[88.4156,26.3244],[88.4033,26.329],[88.4127,26.3375],[88.4342,26.3352],[88.4576,26.3766],[88.4587,26.3623],[88.4778,26.3577],[88.4802,26.3507],[88.4922,26.3511],[88.4882,26.3604],[88.5077,26.3626],[88.5044,26.3487],[88.5242,26.3594],[88.5148,26.3647],[88.525,26.3755],[88.5179,26.3703],[88.5126,26.377],[88.52,26.3902],[88.5125,26.3877],[88.5044,26.3987],[88.5098,26.4082],[88.503,26.403],[88.4958,26.409],[88.5035,26.4177],[88.4941,26.4187],[88.4987,26.4263],[88.4893,26.4311],[88.497,26.4365],[88.4785,26.4525],[88.4851,26.4604],[88.4367,26.4661],[88.4341,26.4727],[88.4227,26.4728],[88.4195,26.4659],[88.4047,26.486],[88.3884,26.4783],[88.3716,26.488],[88.3602,26.4843],[88.3657,26.4711],[88.3531,26.4477],[88.347,26.4684],[88.3316,26.4819],[88.3321,26.495],[88.3592,26.5291],[88.3572,26.5428],[88.371,26.5605],[88.3768,26.5935],[88.3977,26.6018],[88.3869,26.6108],[88.3995,26.6266],[88.416,26.6317],[88.4213,26.5706],[88.4359,26.5451],[88.4481,26.5354],[88.4564,26.537],[88.4588,26.5472],[88.4846,26.5413],[88.4894,26.5102],[88.5071,26.5165],[88.5214,26.5106],[88.5265,26.4807],[88.5568,26.4853],[88.5521,26.4769],[88.5606,26.4735],[88.5599,26.4576],[88.5927,26.45],[88.5943,26.4709],[88.6229,26.471],[88.6238,26.4351],[88.6497,26.4297],[88.6444,26.419],[88.6601,26.4164],[88.6678,26.4073],[88.6859,26.413],[88.6873,26.4011],[88.6696,26.3972],[88.6891,26.3958],[88.6874,26.3868],[88.7022,26.3886],[88.6809,26.3798],[88.6962,26.362],[88.6942,26.3463],[88.704,26.3417],[88.7026,26.3345],[88.7091,26.3334],[88.7126,26.3437],[88.726,26.3414],[88.7358,26.3481],[88.7331,26.3539],[88.7454,26.3479],[88.7341,26.3287],[88.7487,26.3317],[88.7464,26.3224],[88.6971,26.3122],[88.6903,26.3226],[88.6956,26.3288],[88.675,26.3202],[88.6843,26.2946],[88.7088,26.2881],[88.6861,26.2821],[88.6808,26.2956],[88.6679,26.2973],[88.6721,26.2688],[88.6662,26.2628],[88.6831,26.261],[88.6922,26.2693],[88.6854,26.2797],[88.7188,26.2821],[88.7197,26.2931],[88.7446,26.2893],[88.7472,26.3111],[88.7565,26.3109],[88.7641,26.299],[88.7934,26.3101],[88.819,26.2946],[88.8099,26.277],[88.8131,26.2555],[88.8292,26.2501],[88.8275,26.2397],[88.8415,26.2309],[88.8778,26.2336],[88.8777,26.2423],[88.8722,26.2399],[88.8614,26.252],[88.8617,26.2735],[88.8757,26.2866],[88.8983,26.2888],[88.9262,26.2839],[88.9589,26.2402],[89.0274,26.2478],[89.0507,26.2417],[89.0519,26.2561],[89.0626,26.2536],[89.0627,26.271],[89.0542,26.2774],[89.0628,26.2783],[89.0602,26.2931],[89.0457,26.2956],[89.0479,26.2805],[89.0398,26.2766],[89.0405,26.2859],[89.0274,26.2826],[89.0191,26.2893],[89.0268,26.3055],[89.0211,26.3092],[89.0147,26.3004],[89.0183,26.2898],[89.0067,26.3048],[88.9959,26.2901],[88.9975,26.2998],[88.9848,26.3007],[88.9826,26.31],[88.9846,26.3178],[88.997,26.3139],[88.9914,26.3223],[89.0009,26.3299],[88.9855,26.3329],[88.9872,26.3484],[88.9613,26.3524],[88.9628,26.3364],[88.9524,26.3316],[88.9521,26.3424],[88.959,26.3436],[88.9462,26.3464],[88.9583,26.3618],[88.9497,26.366],[88.9467,26.3556],[88.927,26.3646],[88.9189,26.3595],[88.92,26.3663],[88.9103,26.3704],[88.9207,26.3787],[88.909,26.3802],[88.9181,26.4005],[88.9047,26.4086],[88.9264,26.4071],[88.9232,26.4236],[88.9327,26.4269],[88.9261,26.4322],[88.9447,26.4257],[88.9512,26.4351],[88.9461,26.448],[88.9652,26.4513],[88.9565,26.4597],[88.9832,26.4466],[88.9807,26.4254],[88.9937,26.4129],[88.9935,26.4231],[89.0059,26.4215],[89.0071,26.4128],[89.0221,26.4139],[89.0193,26.4043],[89.0301,26.407],[89.035,26.3952],[89.0631,26.4008],[89.0745,26.3911],[89.0874,26.3977],[89.0801,26.39],[89.0962,26.391],[89.0883,26.3658],[89.0795,26.363],[89.0978,26.3591],[89.0934,26.353],[89.1013,26.3366],[89.0843,26.3222],[89.0918,26.3202],[89.0971,26.3293],[89.1127,26.3186],[89.1362,26.3202],[89.1225,26.2865],[89.1047,26.3159],[89.0994,26.3038],[89.1073,26.3002],[89.1071,26.291],[89.1,26.2796],[89.1252,26.2636],[89.1198,26.2528],[89.1409,26.2359],[89.1421,26.2146],[89.1493,26.2088],[89.1345,26.1812],[89.1409,26.1694],[89.1572,26.1632],[89.149,26.1585],[89.1553,26.1383],[89.1924,26.1242],[89.2031,26.1294],[89.2297,26.1239],[89.2291,26.1166],[89.2516,26.1015],[89.2512,26.0914],[89.2665,26.0939],[89.254,26.064],[89.2696,26.0596],[89.2805,26.0657],[89.2756,26.0491],[89.2965,26.0454],[89.3003,26.0504],[89.3561,26.0078],[89.3738,26.012],[89.3932,26.0065],[89.3908,26.023],[89.4067,26.0308],[89.407,26.0415],[89.4235,26.0476],[89.4327,26.0383],[89.4308,26.0111],[89.4806,25.9969],[89.4912,26.0062],[89.5408,26.006],[89.5481,26.0002],[89.535,25.9891],[89.5401,25.9702],[89.5576,25.9654],[89.566,25.9804],[89.5688,25.9678],[89.5774,25.9691],[89.5738,25.9801],[89.5848,25.9759],[89.5866,25.9808],[89.5786,26.0263],[89.5853,26.0264],[89.5868,26.0384],[89.5972,26.0379],[89.5922,26.0449],[89.6127,26.0527],[89.6051,26.0636],[89.6206,26.0535],[89.6305,26.0629],[89.6501,26.0628],[89.6337,26.0808],[89.6396,26.0902],[89.6298,26.1073],[89.6211,26.1005],[89.614,26.1041],[89.6169,26.0952],[89.6098,26.096],[89.6089,26.0887],[89.5963,26.0986],[89.5979,26.1129],[89.6158,26.1067],[89.6301,26.1185],[89.6258,26.1287],[89.6198,26.1198],[89.6119,26.1279],[89.6038,26.1176],[89.6012,26.1235],[89.6075,26.1251],[89.5964,26.135],[89.5976,26.1539],[89.5908,26.1573],[89.5997,26.1609],[89.6104,26.1547],[89.6193,26.1676],[89.6112,26.1687],[89.6154,26.1748],[89.6091,26.1806],[89.6237,26.1792],[89.6247,26.1713],[89.637,26.1789],[89.6319,26.1724],[89.6492,26.1645],[89.6554,26.1815],[89.6277,26.1841],[89.6301,26.1959],[89.6436,26.1851],[89.6495,26.1903],[89.6326,26.21],[89.6343,26.2292],[89.6556,26.2192],[89.6719,26.2199],[89.6793,26.2383],[89.6894,26.2214],[89.6788,26.2236],[89.6798,26.214],[89.6845,26.2084],[89.6917,26.2128],[89.6858,26.2066],[89.6759,26.2088],[89.6734,26.2017],[89.6864,26.1983],[89.6875,26.1816],[89.7013,26.1735],[89.6815,26.1637],[89.7019,26.1519],[89.7146,26.1689],[89.7204,26.1564],[89.7475,26.1575],[89.7661,26.1308],[89.7563,26.1091],[89.7842,26.1052],[89.7812,26.0835],[89.7946,26.088],[89.7904,26.0753],[89.7965,26.0764],[89.7986,26.0593],[89.7852,26.0568],[89.7884,26.0486],[89.7735,26.0377],[89.7881,26.0403],[89.7904,26.0339],[89.7935,26.0424],[89.8017,26.0403],[89.7904,26.0178],[89.8088,26.0433],[89.8192,26.026],[89.8195,25.9881],[89.8359,25.9824],[89.8354,26.0107],[89.8508,25.9896],[89.8711,25.9811],[89.8716,25.9741],[89.8386,25.9682],[89.849,25.9491],[89.8303,25.9553],[89.8253,25.9455],[89.8426,25.9402],[89.8869,25.9453],[89.8782,25.9244],[89.8324,25.8707],[89.8345,25.8404],[89.8165,25.8155],[89.8259,25.8106],[89.841,25.7612],[89.8274,25.7323],[89.8353,25.716],[89.851,25.7116],[89.8464,25.6958],[89.871,25.6626],[89.8824,25.6173],[89.8659,25.5465],[89.8512,25.5387],[89.8601,25.5173],[89.8491,25.4925],[89.8522,25.466],[89.8329,25.4382],[89.8198,25.3818],[89.823,25.349],[89.8411,25.3166],[89.8311,25.2962],[89.8383,25.2932],[89.8765,25.2854],[89.9086,25.3082],[89.9389,25.2991],[89.9437,25.3046],[89.9491,25.2928],[89.9665,25.3038],[89.9772,25.2963],[89.9805,25.2809],[90.0046,25.2804],[90.0336,25.2628],[90.055,25.2605],[90.1188,25.2233],[90.172,25.2225],[90.2251,25.2008],[90.234,25.2044],[90.3103,25.1889],[90.3301,25.1938],[90.3704,25.163],[90.4041,25.1602],[90.4409,25.1446],[90.4991,25.172],[90.5096,25.1704],[90.5088,25.1767],[90.555,25.1716],[90.6094,25.1787],[90.6411,25.1749],[90.6402,25.1837],[90.6502,25.1821],[90.649,25.1937],[90.6564,25.1852],[90.6633,25.1975],[90.6661,25.1659],[90.6736,25.1764],[90.6856,25.175],[90.6824,25.1648],[90.6979,25.1571],[90.7101,25.1689],[90.7332,25.1551],[90.7415,25.1608],[90.7343,25.1666],[90.7601,25.1684],[90.7626,25.1777],[90.7804,25.1862],[90.8056,25.1737],[90.8058,25.166],[90.8621,25.1577],[90.8841,25.1666],[90.9255,25.1621],[91.0748,25.1977],[91.1317,25.1944],[91.1949,25.2015],[91.2504,25.1963],[91.2679,25.2073],[91.2921,25.1932],[91.2862,25.1856],[91.3176,25.1838],[91.3536,25.1714],[91.3627,25.1784],[91.3751,25.1684],[91.4104,25.1633],[91.4145,25.1713],[91.4403,25.1501],[91.4685,25.152],[91.464,25.1351],[91.4704,25.1339],[91.4998,25.1357],[91.5093,25.1476],[91.557,25.1499],[91.5629,25.1608],[91.576,25.1604],[91.5706,25.1649],[91.5772,25.1728],[91.6125,25.1763],[91.6152,25.1702],[91.5988,25.1595],[91.6019,25.1429],[91.6213,25.1436],[91.623,25.128],[91.6378,25.1227],[91.6526,25.1314],[91.6643,25.1294],[91.6696,25.138],[91.6918,25.1373],[91.7031,25.1593],[91.7469,25.1405],[91.7447,25.1696],[91.7521,25.1761],[91.7758,25.1633],[91.8274,25.1775],[91.8805,25.173],[91.9193,25.1824],[91.9645,25.1771],[91.9762,25.1683],[92.0037,25.186],[92.0151,25.1873],[92.0254,25.1793],[92.0617,25.1878],[92.1326,25.1601],[92.1405,25.1547],[92.1341,25.1427],[92.1522,25.1338],[92.1641,25.136],[92.159,25.1322],[92.1646,25.1263],[92.1785,25.1264],[92.1819,25.1192],[92.1885,25.1359],[92.1935,25.1264],[92.2273,25.1175],[92.2093,25.1186],[92.2072,25.1114],[92.2231,25.1034],[92.2274,25.0932],[92.2313,25.0969],[92.3108,25.0694],[92.3348,25.0787],[92.3475,25.0736],[92.3396,25.0502],[92.363,25.0501],[92.3694,25.041],[92.4254,25.0303],[92.4162,24.9913],[92.4227,24.9898],[92.419,24.9665],[92.4479,24.9648],[92.4569,24.9715],[92.4691,24.964],[92.4655,24.9554],[92.4512,24.9517],[92.4494,24.9399],[92.4887,24.9485],[92.4843,24.9289],[92.4947,24.9184],[92.4919,24.8783],[92.498,24.8765],[92.4762,24.868],[92.4591,24.874],[92.4426,24.8709],[92.4386,24.8564],[92.4063,24.8593],[92.3998,24.8487],[92.3845,24.8527],[92.375,24.8737],[92.3632,24.8723],[92.3459,24.8942],[92.3395,24.8783],[92.2994,24.916],[92.2808,24.9058],[92.2477,24.909],[92.2318,24.9003],[92.2481,24.8861],[92.2463,24.8676],[92.2351,24.8618],[92.2414,24.8422],[92.2547,24.8386],[92.2499,24.8303],[92.273,24.8276],[92.273,24.7995],[92.2888,24.788],[92.2853,24.769],[92.2926,24.7567],[92.2791,24.7456],[92.2964,24.7367],[92.2544,24.6781],[92.2237,24.5174],[92.2124,24.5037],[92.1693,24.5319],[92.1545,24.5232],[92.1534,24.472],[92.1693,24.428],[92.164,24.4186],[92.1536,24.4258],[92.1366,24.4251],[92.1349,24.4068],[92.1189,24.3903],[92.1219,24.3824],[92.1018,24.3828],[92.0973,24.3725],[92.0439,24.3749],[92.02,24.3867],[92.0078,24.3814],[91.9967,24.3938],[91.9946,24.3882],[91.9877,24.3911],[91.9856,24.3759],[91.9697,24.3847],[91.9671,24.3791],[91.9848,24.361],[91.9784,24.3574],[91.9982,24.3348],[91.9957,24.3222],[91.9816,24.3232],[91.9573,24.3566],[91.9407,24.3426],[91.9199,24.3371],[91.9405,24.2684],[91.9118,24.1682],[91.9145,24.1537],[91.9016,24.1366],[91.8849,24.1387],[91.874,24.174],[91.8453,24.1914],[91.8419,24.2005],[91.8554,24.2123],[91.8456,24.2172],[91.8505,24.2238],[91.8368,24.2255],[91.8378,24.2188],[91.8165,24.2101],[91.8065,24.221],[91.7892,24.2214],[91.7448,24.2474],[91.7626,24.1418],[91.7285,24.1434],[91.7214,24.1531],[91.7059,24.1543],[91.702,24.1642],[91.6881,24.1622],[91.6672,24.2114],[91.6659,24.2335],[91.6477,24.2188],[91.6601,24.1898],[91.6556,24.1763],[91.6466,24.1793],[91.6466,24.1567],[91.6345,24.1384],[91.6382,24.1042],[91.6113,24.0919],[91.5957,24.0973],[91.591,24.0913],[91.5995,24.0855],[91.5861,24.0727],[91.5745,24.0801],[91.5723,24.0749],[91.5454,24.0744],[91.4745,24.1003],[91.4422,24.0968],[91.4123,24.1159],[91.4002,24.1076],[91.3745,24.1075],[91.3771,24.08],[91.3965,24.0498],[91.3914,24.0267],[91.3732,24.0029],[91.3793,23.9754],[91.3617,23.9863],[91.3411,23.9821],[91.3302,23.9926],[91.315,23.9905],[91.3039,23.9983],[91.2998,23.9723],[91.2874,23.9681],[91.2848,23.9827],[91.2642,23.9444],[91.2762,23.9227],[91.2328,23.9272],[91.2463,23.9137],[91.2285,23.8986],[91.2297,23.8811],[91.2541,23.8372],[91.233,23.8111],[91.2263,23.7908],[91.2307,23.765],[91.219,23.7366],[91.2103,23.7492],[91.1967,23.7512],[91.1673,23.7498],[91.1571,23.7422],[91.1497,23.7124],[91.1534,23.6888],[91.1955,23.6923],[91.2084,23.6865],[91.1996,23.6465],[91.1909,23.647],[91.1928,23.6542],[91.1701,23.6578],[91.1563,23.6709],[91.1596,23.6106],[91.1625,23.5951],[91.1771,23.5933],[91.1752,23.5857],[91.1872,23.5776],[91.1944,23.5474],[91.2129,23.5505],[91.2007,23.5202],[91.2078,23.5123],[91.2236,23.5142],[91.2199,23.4984],[91.2355,23.5019],[91.2363,23.4891],[91.2493,23.4903],[91.2515,23.4529],[91.2706,23.4299],[91.2634,23.4238],[91.2764,23.4148],[91.2797,23.3766],[91.2945,23.3756],[91.2843,23.3711],[91.2948,23.3614],[91.2911,23.3507],[91.3201,23.3602],[91.3112,23.3537],[91.3108,23.3426],[91.2961,23.3408],[91.2899,23.3186],[91.3095,23.314],[91.3131,23.3065],[91.315,23.2968],[91.3071,23.3],[91.3002,23.2926],[91.317,23.282],[91.3098,23.2765],[91.318,23.2531],[91.3265,23.2525],[91.3187,23.2456],[91.3234,23.1582],[91.3331,23.153],[91.3417,23.1179],[91.3476,23.1189],[91.347,23.1024],[91.3697,23.0705],[91.3958,23.0562],[91.4172,23.0647],[91.4108,23.0663],[91.4172,23.0826],[91.4081,23.0835],[91.406,23.097],[91.4002,23.0965],[91.4034,23.1139],[91.397,23.1178],[91.3799,23.1846],[91.3877,23.208],[91.3807,23.2086],[91.3921,23.2202],[91.3864,23.2277],[91.4008,23.2292],[91.3924,23.2459],[91.4087,23.2477],[91.3973,23.2564],[91.3975,23.2652],[91.4113,23.2557],[91.4088,23.2851],[91.4195,23.2734],[91.4183,23.2556],[91.4211,23.262],[91.4542,23.2604],[91.4479,23.2439],[91.4579,23.2462],[91.4703,23.2278],[91.4505,23.2193],[91.4584,23.2133],[91.4754,23.2205],[91.4844,23.2093],[91.4824,23.1985],[91.4708,23.1965],[91.4849,23.1883],[91.5032,23.1922],[91.5011,23.1854],[91.5075,23.1838],[91.4917,23.1777],[91.4982,23.1718],[91.4909,23.1578],[91.4943,23.1523],[91.5072,23.1544],[91.4948,23.1472],[91.4998,23.142],[91.5153,23.1449],[91.5031,23.1306],[91.5175,23.1256],[91.5203,23.1146],[91.5123,23.1133],[91.5113,23.1044],[91.5223,23.1041],[91.5189,23.0943],[91.5297,23.0918],[91.5251,23.0829],[91.5353,23.0635],[91.525,23.0554],[91.5362,23.0546],[91.5302,23.0384],[91.5503,23.0385],[91.5383,23.0193],[91.5482,23.0193],[91.5425,22.9997],[91.557,22.9967],[91.5573,22.9786],[91.5766,22.9652],[91.5904,22.977],[91.6059,22.9718],[91.6136,22.9584],[91.6049,22.9623],[91.6001,22.9548],[91.6156,22.9517],[91.6186,22.9373],[91.6256,22.9443],[91.6246,22.962],[91.6354,22.9611],[91.6453,22.9848],[91.6516,22.9765],[91.6572,22.9817],[91.6718,22.977],[91.6757,22.9827],[91.679,22.9761],[91.6941,22.9883],[91.7084,22.9818],[91.7099,22.9882],[91.7207,22.9876],[91.7244,22.9979],[91.7718,23.0332],[91.7682,23.0409],[91.7742,23.0389],[91.7741,23.0273],[91.7801,23.029],[91.784,23.04],[91.7743,23.0695],[91.7894,23.0718],[91.794,23.0625],[91.8063,23.0634],[91.8187,23.0726],[91.8163,23.0827],[91.8357,23.0924],[91.8132,23.0986],[91.818,23.1121],[91.8111,23.1216],[91.8146,23.1338],[91.8083,23.1354],[91.8141,23.146],[91.8062,23.1575],[91.81,23.1653],[91.789,23.2043],[91.7912,23.2269],[91.7833,23.2432],[91.7761,23.2433],[91.777,23.2693],[91.7612,23.2771],[91.762,23.3001],[91.7661,23.3116],[91.793,23.3278],[91.793,23.3351],[91.8027,23.3345],[91.8126,23.3538],[91.8249,23.3539],[91.8257,23.3635],[91.8377,23.3712],[91.8451,23.4063],[91.8586,23.4053],[91.8726,23.414],[91.8996,23.4408],[91.9433,23.4354],[91.9372,23.4666],[91.9471,23.4661],[91.9584,23.4795],[91.9703,23.4783],[91.9709,23.5034],[91.9559,23.5271],[91.9645,23.5353],[91.9568,23.5513],[91.9541,23.6096],[91.9424,23.6339],[91.9466,23.6464],[91.934,23.6847],[91.9416,23.6937],[91.958,23.6946],[91.9482,23.7142],[91.957,23.7341],[91.9781,23.7332],[92.0009,23.6707],[92.0471,23.6458],[92.0793,23.6487],[92.0765,23.6682],[92.0834,23.68],[92.1002,23.6767],[92.1071,23.6893],[92.1208,23.6929],[92.1483,23.7356],[92.1711,23.7391],[92.178,23.7077],[92.203,23.7058],[92.2138,23.6852],[92.2062,23.6726],[92.2147,23.6521],[92.2257,23.6551],[92.2332,23.6675],[92.2412,23.7204],[92.2575,23.7253],[92.28,23.7194],[92.2913,23.6815],[92.273,23.6422],[92.2821,23.6385],[92.2786,23.6249],[92.2831,23.6304],[92.2962,23.6214],[92.2875,23.6169],[92.2872,23.5961],[92.2967,23.5881],[92.3014,23.5929],[92.3082,23.578],[92.3134,23.5559],[92.3062,23.535],[92.3177,23.5264],[92.3134,23.5161],[92.3219,23.4909],[92.3159,23.4868],[92.3261,23.4788],[92.3169,23.4716],[92.3317,23.4664],[92.3253,23.4593],[92.3331,23.4561],[92.3269,23.4488],[92.3339,23.4285],[92.3463,23.4332],[92.3475,23.4131],[92.3574,23.4106],[92.3526,23.3812],[92.365,23.3799],[92.3565,23.372],[92.364,23.3661],[92.3707,23.3736],[92.379,23.3619],[92.3806,23.3514],[92.3643,23.323],[92.3685,23.3173],[92.3675,23.323],[92.376,23.3201],[92.3858,23.3061],[92.381,23.2852],[92.4042,23.2408],[92.3465,23.2365],[92.354,23.2216],[92.3538,23.1846],[92.3614,23.1824],[92.3544,23.179],[92.3647,23.1567],[92.3568,23.1343],[92.3681,23.1273],[92.3582,23.1032],[92.38,23.0866],[92.3924,23.0564],[92.3822,23.0332],[92.385,22.9862],[92.3743,22.9712],[92.3781,22.9531],[92.3714,22.9362],[92.3764,22.9293],[92.3968,22.9303],[92.4006,22.9119],[92.4042,22.9181],[92.4134,22.9133],[92.4203,22.9189],[92.4342,22.8854],[92.4458,22.8972],[92.4498,22.8939],[92.4478,22.877],[92.4603,22.8709],[92.4521,22.8628],[92.4645,22.8543],[92.4565,22.8513],[92.4637,22.842],[92.4528,22.8428],[92.462,22.8308],[92.4544,22.8191],[92.472,22.7964],[92.4691,22.7827],[92.4792,22.7529],[92.4741,22.7467],[92.5054,22.7392],[92.5168,22.7223],[92.5137,22.7083],[92.5289,22.6647],[92.5248,22.6401],[92.5324,22.6331],[92.5274,22.621],[92.5394,22.5893],[92.5329,22.5877],[92.5383,22.5754],[92.5273,22.5732],[92.5218,22.5602],[92.5399,22.541],[92.5438,22.5134],[92.5514,22.5134],[92.5428,22.499],[92.5502,22.4971],[92.5432,22.4907],[92.5512,22.4273],[92.5567,22.4245],[92.5506,22.4237],[92.5521,22.409],[92.5599,22.4021],[92.5593,22.382],[92.5813,22.3221],[92.5775,22.3111],[92.5865,22.2802],[92.5812,22.269],[92.5911,22.2549],[92.5875,22.216],[92.595,22.2034],[92.5948,22.1746],[92.6074,22.1721],[92.6094,22.1643],[92.6062,22.1238],[92.5934,22.126],[92.592,22.1392],[92.5799,22.143],[92.5622,22.1278],[92.575,22.1157],[92.5923,22.065],[92.6025,22.062],[92.5926,22.0379],[92.6002,22.0286],[92.598,22.0088],[92.6127,21.9914],[92.6025,21.9781],[92.6346,21.9835],[92.6518,22.0163],[92.6796,22.0115],[92.6854,22.0417],[92.6816,22.1035],[92.6878,22.1038],[92.6903,22.0723],[92.6915,22.1341],[92.6995,22.155],[92.7129,22.1473],[92.727,22.1491],[92.7351,22.1342],[92.76,22.1258],[92.771,22.1095],[92.7901,22.1054],[92.7978,22.0939],[92.81,22.0963],[92.8183,22.0752],[92.8365,22.0722],[92.8409,22.0595],[92.852,22.0667],[92.8625,22.0629],[92.8641,22.025],[92.8913,22.0115],[92.9062,21.9414],[92.9155,21.9798],[92.935,22.0061],[92.9266,22.0154],[92.9398,22.0141],[92.9512,22.03],[92.978,21.9982],[92.9814,21.9807],[92.9972,21.9788],[93.0051,21.9872],[93.0044,22.0171],[92.9941,22.0422],[93.0119,22.0889],[93.0045,22.1047],[93.0592,22.1012],[93.0567,22.122],[93.0366,22.1448],[93.0488,22.1694],[93.0378,22.1954],[93.0627,22.2078],[93.0885,22.1968],[93.1109,22.2043],[93.1236,22.174],[93.1507,22.1763],[93.1612,22.1965],[93.1483,22.2118],[93.1417,22.2457],[93.1771,22.246],[93.1992,22.2559],[93.202,22.2641],[93.1937,22.2882],[93.1992,22.2941],[93.1898,22.3005],[93.1957,22.3144],[93.1891,22.3231],[93.1966,22.329],[93.1857,22.3399],[93.1852,22.4277],[93.1632,22.4512],[93.1389,22.4542],[93.1312,22.4679],[93.1349,22.4921],[93.1237,22.5085],[93.1284,22.5236],[93.1064,22.5269],[93.1119,22.5578],[93.1402,22.5927],[93.1283,22.624],[93.1077,22.6369],[93.1096,22.6558],[93.0954,22.6723],[93.0945,22.6806],[93.102,22.6831],[93.0909,22.7048],[93.1071,22.7509],[93.0942,22.8062],[93.1103,22.8189],[93.1031,22.8241],[93.1177,22.8425],[93.1171,22.8638],[93.1339,22.8922],[93.131,22.907],[93.1397,22.9142],[93.1497,22.9084],[93.1642,22.9115],[93.1477,22.9257],[93.145,22.946],[93.1377,22.951],[93.1403,22.9897],[93.1197,23.0024],[93.1265,23.044],[93.1349,23.0482],[93.1364,23.0608],[93.1405,23.0533],[93.1512,23.054],[93.1552,23.0435],[93.1846,23.0595],[93.1879,23.0523],[93.2013,23.0547],[93.2099,23.0479],[93.2148,23.0269],[93.2292,23.0199],[93.2288,23.0116],[93.2936,23.0067],[93.3053,23.0207],[93.3132,23.0191],[93.3341,23.0595],[93.343,23.0588],[93.34,23.0676],[93.3514,23.0705],[93.3385,23.0742],[93.3441,23.0926],[93.3534,23.0967],[93.3553,23.1166],[93.3626,23.1154],[93.3853,23.1347],[93.3856,23.1445],[93.3675,23.1442],[93.3681,23.1754],[93.3804,23.1869],[93.3747,23.2045],[93.388,23.2165],[93.3759,23.2479],[93.3689,23.2501],[93.3735,23.2607],[93.3621,23.2799],[93.3696,23.2871],[93.3646,23.3059],[93.3713,23.3094],[93.3633,23.3129],[93.3711,23.3136],[93.3664,23.3215],[93.3725,23.3294],[93.3554,23.3526],[93.3877,23.3595],[93.3864,23.3744],[93.4014,23.3842],[93.3881,23.4205],[93.3877,23.4455],[93.3946,23.4479],[93.3991,23.472],[93.3925,23.4787],[93.3948,23.5038],[93.4183,23.5401],[93.4097,23.5643],[93.4217,23.5711],[93.428,23.5882],[93.4159,23.647],[93.4377,23.6868],[93.4073,23.7072],[93.4109,23.7293],[93.3918,23.7562],[93.4043,23.8068],[93.3903,23.8177],[93.3849,23.8482],[93.3952,23.9239],[93.3811,23.9346],[93.3694,23.9299],[93.3612,23.9447],[93.3514,23.9415],[93.3513,23.9614],[93.3287,23.985],[93.3372,23.9897],[93.3298,24.0207],[93.3389,24.0219],[93.326,24.0298],[93.3379,24.0404],[93.326,24.0465],[93.3384,24.0621],[93.3285,24.081],[93.3353,24.0903],[93.3539,24.0906],[93.3428,24.0974],[93.3487,24.105],[93.3579,24.0913],[93.3986,24.0854],[93.414,24.0741],[93.4331,24.0243],[93.4397,24.0154],[93.4525,24.0141],[93.4527,23.9996],[93.4613,23.9983],[93.4634,23.9736],[93.5051,23.9425],[93.515,23.9428],[93.525,23.9561],[93.5503,23.9595],[93.5595,23.982],[93.5709,23.9776],[93.5736,23.967],[93.5919,23.9607],[93.5992,23.9726],[93.6085,23.9719],[93.612,23.9972],[93.6238,24.0114],[93.6524,24.0097],[93.6564,24.002],[93.6904,24.0091],[93.7233,23.9975],[93.7401,24.0026],[93.7412,23.9972],[93.7543,24.0055],[93.772,23.969],[93.7979,23.9473],[93.8078,23.9268],[93.8591,23.9321],[93.8934,23.9529],[93.9301,23.95],[93.9441,23.9463],[93.9604,23.9284],[93.9887,23.9286],[93.9982,23.9218],[94.0167,23.9269],[94.0405,23.9107],[94.049,23.8872],[94.0681,23.89],[94.0817,23.8821],[94.0961,23.8892],[94.1131,23.863],[94.1135,23.8433],[94.1261,23.8335],[94.1438,23.8352],[94.1456,23.8497],[94.1566,23.8479],[94.1696,23.9287],[94.1899,23.9335],[94.2019,23.9826],[94.2374,24.0354],[94.2277,24.0567],[94.2392,24.0521],[94.2545,24.0825],[94.2516,24.1264],[94.2599,24.1655],[94.2764,24.1733],[94.2923,24.234],[94.3033,24.2355],[94.3219,24.2772],[94.322,24.3289],[94.3499,24.3344],[94.3785,24.3797],[94.3609,24.3944],[94.395,24.4096],[94.4085,24.4399],[94.3971,24.4544],[94.3982,24.4823],[94.4258,24.4813],[94.4565,24.5731],[94.4679,24.5717],[94.5086,24.5939],[94.5399,24.6443],[94.5483,24.6838],[94.5419,24.7044],[94.5588,24.7133],[94.5682,24.7059],[94.5797,24.7249],[94.5776,24.7112],[94.5855,24.7059],[94.605,24.7126],[94.6124,24.7407],[94.6291,24.7571],[94.6179,24.7806],[94.6296,24.8054],[94.6322,24.8396],[94.6569,24.8713],[94.6732,24.8754],[94.6876,24.8893],[94.7018,24.9296],[94.7136,24.935],[94.6963,24.9683],[94.7071,24.9871],[94.727,25],[94.7441,25.037],[94.7446,25.0601],[94.7377,25.0656],[94.7447,25.0801],[94.7363,25.1101],[94.7409,25.1266],[94.7365,25.1351],[94.7024,25.1455],[94.6975,25.1549],[94.6895,25.1576],[94.6801,25.1489],[94.6642,25.1628],[94.6401,25.1661],[94.62,25.1868],[94.606,25.1814],[94.5756,25.2139],[94.5858,25.2291],[94.5851,25.2668],[94.6224,25.3458],[94.6344,25.3557],[94.6347,25.3952],[94.6601,25.4055],[94.6704,25.4187],[94.6712,25.4423],[94.6834,25.4662],[94.7181,25.4692],[94.7442,25.4812],[94.7517,25.4938],[94.762,25.4821],[94.7838,25.4806],[94.789,25.4895],[94.8079,25.4939],[94.812,25.5115],[94.8248,25.5238],[94.8253,25.5424],[94.8456,25.5613],[94.8982,25.5656],[94.8819,25.5908],[94.9148,25.6075],[94.9226,25.6454],[94.9355,25.6668],[94.9702,25.6886],[95.0034,25.7286],[95.0405,25.7417],[95.0487,25.7598],[95.044,25.7737],[95.0498,25.8009],[95.0329,25.8143],[95.0293,25.8403],[95.0089,25.8669],[95.019,25.881],[95.0116,25.898],[95.0284,25.914],[95.031,25.9313],[95.0438,25.9269],[95.0582,25.9406],[95.0892,25.9506],[95.1167,25.985],[95.1258,25.9862],[95.1589,26.0248],[95.164,26.0488],[95.1857,26.0733],[95.1647,26.0925],[95.1506,26.0866],[95.1177,26.1012],[95.1156,26.1129],[95.1264,26.1292],[95.1171,26.1587],[95.1266,26.1781],[95.1219,26.1849],[95.1425,26.2116],[95.1145,26.2327],[95.1272,26.2537],[95.1194,26.2649],[95.1282,26.2932],[95.1223,26.3072],[95.1282,26.3396],[95.1211,26.3496],[95.1322,26.3777],[95.1253,26.388],[95.0998,26.394],[95.104,26.4206],[95.0844,26.4473],[95.0661,26.4416],[95.0617,26.4495],[95.0729,26.4725],[95.1141,26.5184],[95.1072,26.5415],[95.1253,26.5577],[95.1393,26.5561],[95.1543,26.5828],[95.1467,26.5932],[95.1491,26.616],[95.1635,26.6215],[95.1666,26.6341],[95.181,26.643],[95.2085,26.6478],[95.2339,26.6825],[95.2492,26.6839],[95.2573,26.6761],[95.2596,26.6554],[95.2743,26.6588],[95.3034,26.6508],[95.3351,26.6736],[95.3602,26.6709],[95.374,26.684],[95.3945,26.6849],[95.4033,26.6944],[95.4306,26.7],[95.4322,26.7152],[95.4593,26.7429],[95.4739,26.7404],[95.4824,26.7465],[95.5065,26.8081],[95.5224,26.8135],[95.5246,26.8227],[95.5432,26.8354],[95.5566,26.8326],[95.5696,26.8163],[95.608,26.8132],[95.6266,26.8428],[95.6315,26.8737],[95.6439,26.8761],[95.6672,26.9029],[95.7058,26.8806],[95.7231,26.8815],[95.745,26.8963],[95.7479,26.9261],[95.7598,26.9367],[95.7552,26.954],[95.7684,26.977],[95.7812,26.9777],[95.8023,27.0151],[95.831,27.0075],[95.8426,27.0142],[95.8702,27.0131],[95.904,27.0391],[95.9457,27.0514],[95.9674,27.0985],[96.0101,27.1423],[96.0226,27.18],[96.0772,27.2082],[96.0899,27.2232],[96.1551,27.2484],[96.1853,27.2492],[96.1939,27.2615],[96.2095,27.2614],[96.2286,27.2788],[96.2714,27.2714],[96.2742,27.2834],[96.3074,27.2942],[96.3402,27.2849],[96.3522,27.2949],[96.3862,27.2847],[96.4026,27.2932],[96.4077,27.2878],[96.4214,27.3014],[96.4406,27.3063],[96.4882,27.2962],[96.4902,27.3025],[96.5076,27.299],[96.5236,27.2863],[96.5509,27.3183],[96.5962,27.3336],[96.5912,27.348],[96.6057,27.3658],[96.6977,27.3577],[96.7042,27.3723],[96.7513,27.3526],[96.7668,27.3574],[96.7967,27.3458],[96.8222,27.3091],[96.8481,27.2904],[96.8469,27.2716],[96.8628,27.2597],[96.8843,27.2602],[96.8856,27.2269],[96.8547,27.2108],[96.8568,27.1925],[96.8677,27.1847],[96.9013,27.1686],[96.9313,27.1616],[96.9559,27.1642],[96.9842,27.1544],[96.9929,27.1402],[97.0306,27.1314],[97.0339,27.1185],[97.0634,27.0918],[97.0709,27.0898],[97.0766,27.0992],[97.0968,27.0968],[97.1004,27.109],[97.1382,27.0915],[97.1495,27.1176],[97.1616,27.1232],[97.1636,27.1422],[97.151,27.1493],[97.147,27.1653],[97.1246,27.1747],[97.1219,27.1904],[97.0905,27.2136],[97.0882,27.2388],[97.0549,27.2654],[97.0547,27.2752],[97.0405,27.2822],[97.0281,27.3085],[96.9984,27.3188],[96.9902,27.3441],[96.981,27.3458],[96.9621,27.3729],[96.9676,27.3812],[96.9624,27.4016],[96.9347,27.4153],[96.9324,27.4314],[96.9034,27.4528],[96.9105,27.4867],[96.926,27.508],[96.9353,27.5083],[96.9196,27.5367],[96.9067,27.5443],[96.9084,27.5794],[96.8902,27.5794],[96.8898,27.6059],[96.8929,27.6159],[96.9035,27.6138],[96.9214,27.6329],[96.9351,27.6617],[96.983,27.6665],[96.9854,27.6859],[97.0315,27.7495],[97.0475,27.7393],[97.0615,27.7486],[97.0877,27.7342],[97.0971,27.7657],[97.1133,27.7853],[97.1213,27.7846],[97.1396,27.8062],[97.1646,27.8148],[97.1652,27.8282],[97.1848,27.8321],[97.1819,27.8408],[97.226,27.8736],[97.2475,27.9001],[97.2981,27.9161],[97.3066,27.9134],[97.3191,27.8886],[97.3425,27.8855],[97.3602,27.8732],[97.3791,27.8921],[97.3669,27.9365],[97.3771,27.9498],[97.3631,27.9653],[97.3675,27.9771],[97.3839,27.9861],[97.3951,28.0125],[97.3776,28.0226],[97.3545,28.0668],[97.338,28.0584],[97.3123,28.0621],[97.3271,28.0843],[97.3238,28.1026],[97.332,28.1058],[97.3227,28.113],[97.3251,28.1384],[97.3587,28.1632],[97.3536,28.1767],[97.3612,28.2034],[97.2981,28.2334],[97.2844,28.2314],[97.281,28.2455],[97.27,28.2451],[97.2644,28.2651],[97.2426,28.2658],[97.2372,28.2942],[97.2036,28.3043],[97.1783,28.3336],[97.1669,28.3294],[97.1264,28.3619],[97.0778,28.3708],[97.0254,28.3303],[97.0006,28.3251],[96.9251,28.3526],[96.9224,28.3643],[96.8878,28.3873],[96.8836,28.4033],[96.8934,28.4181],[96.862,28.453],[96.8606,28.483],[96.821,28.5047],[96.8006,28.5039],[96.76,28.5194],[96.7509,28.5417],[96.762,28.5531],[96.7497,28.5685],[96.7224,28.5788],[96.7119,28.6114],[96.7035,28.5978],[96.6869,28.5898],[96.6476,28.6187],[96.614,28.6204],[96.5913,28.5978],[96.5606,28.5825],[96.5512,28.5618],[96.5195,28.5568],[96.4931,28.5418],[96.5079,28.5203],[96.4976,28.495],[96.5057,28.4875],[96.5119,28.4535],[96.4981,28.429],[96.4919,28.4308],[96.4898,28.4615],[96.4745,28.4956],[96.4557,28.486],[96.4306,28.5107],[96.4065,28.5059],[96.4092,28.5245],[96.4386,28.5177],[96.4656,28.5229],[96.4623,28.5455],[96.4818,28.559],[96.4754,28.5733],[96.4901,28.5842],[96.514,28.5823],[96.5178,28.5936],[96.5102,28.6099],[96.528,28.6196],[96.5257,28.6433],[96.5438,28.651],[96.5375,28.6776],[96.5447,28.6874],[96.5558,28.6859],[96.5627,28.6978],[96.5771,28.6832],[96.6235,28.6735],[96.6406,28.6795],[96.6468,28.6914],[96.6296,28.7006],[96.6318,28.7337],[96.6154,28.7406],[96.6026,28.7593],[96.6028,28.7809],[96.5732,28.7838],[96.5894,28.8188],[96.5715,28.8226],[96.5503,28.8495],[96.5393,28.8492],[96.5228,28.8621],[96.5266,28.8806],[96.5167,28.9077],[96.5286,28.9171],[96.5217,28.9389],[96.5034,28.9486],[96.467,28.933],[96.4485,28.9403],[96.4359,28.9706],[96.4441,28.9951],[96.4145,29.0238],[96.364,29.0423],[96.366,29.0815],[96.3509,29.0814],[96.3302,29.1131],[96.3084,29.1146],[96.299,29.0988],[96.274,29.098],[96.2569,29.083],[96.2444,29.0874],[96.237,29.0671],[96.2124,29.048],[96.2069,29.0326],[96.1868,29.0373],[96.1848,29.0456],[96.215,29.0693],[96.1996,29.0988],[96.2129,29.1135],[96.2493,29.1118],[96.2856,29.1302],[96.3051,29.1847],[96.2844,29.2026],[96.2868,29.209],[96.2603,29.2173],[96.2644,29.246],[96.2253,29.2562],[96.215,29.2657],[96.1951,29.2656],[96.1703,29.295],[96.1523,29.2964],[96.1431,29.3142],[96.1451,29.3336],[96.1322,29.3478],[96.0537,29.3827],[96.0165,29.3625],[95.9946,29.3686],[95.981,29.362],[95.9657,29.3758],[95.9415,29.3658],[95.9388,29.3489],[95.8926,29.3312],[95.8775,29.3146],[95.8411,29.3212],[95.8389,29.3531],[95.8123,29.3475],[95.7768,29.323],[95.7574,29.3226],[95.7371,29.298],[95.7524,29.2762],[95.7303,29.2397],[95.7432,29.2257],[95.7088,29.204],[95.6983,29.2247],[95.6642,29.2236],[95.648,29.2104],[95.6361,29.2233],[95.6056,29.236],[95.5963,29.2238],[95.5946,29.2067],[95.6035,29.1958],[95.5957,29.188],[95.5738,29.1799],[95.5487,29.1969],[95.5291,29.1892],[95.5021,29.1922],[95.5153,29.1432],[95.5036,29.126],[95.4805,29.1411],[95.4579,29.1368],[95.4488,29.1608],[95.4539,29.1764],[95.4339,29.1927],[95.419,29.1807],[95.4094,29.1443],[95.4127,29.1259],[95.3973,29.1249],[95.3916,29.1345],[95.3789,29.1368],[95.2993,29.1365],[95.2775,29.1161],[95.283,29.1099],[95.2719,29.1032],[95.2714,29.0732],[95.2626,29.0683],[95.2588,29.0803],[95.2365,29.0858],[95.2304,29.1036],[95.2115,29.1076],[95.179,29.1044],[95.136,29.0885],[95.1302,29.0981],[95.1038,29.0961],[95.1009,29.1014],[95.1194,29.1124],[95.101,29.1283],[95.0972,29.142],[95.0548,29.1534],[95.0421,29.1507],[94.9947,29.1736],[94.9865,29.1732],[95.011,29.1524],[95.0218,29.1275],[94.9996,29.1323],[94.9923,29.146],[94.9648,29.1588],[94.9176,29.1575],[94.8842,29.1791],[94.8475,29.1826],[94.8073,29.1649],[94.7974,29.1861],[94.8037,29.2084],[94.7943,29.2177],[94.7708,29.2183],[94.7517,29.2297],[94.7349,29.2869],[94.7155,29.2915],[94.6916,29.3177],[94.6443,29.2965],[94.6265,29.2958],[94.6191,29.2839],[94.5715,29.2562],[94.5684,29.2412],[94.541,29.2197],[94.5106,29.2312],[94.492,29.2078],[94.4569,29.2131],[94.4481,29.1834],[94.4292,29.1874],[94.4174,29.1789],[94.3905,29.1842],[94.3789,29.1541],[94.2932,29.1523],[94.2952,29.1345],[94.2901,29.1213],[94.276,29.1127],[94.2769,29.0939],[94.3156,29.0759],[94.3133,29.0662],[94.3276,29.0405],[94.3604,29.0343],[94.3664,29.0259],[94.3419,29.0019],[94.3095,28.994],[94.274,28.9679],[94.2747,28.9525],[94.2577,28.9302],[94.231,28.9276],[94.1786,28.9359],[94.1664,28.9238],[94.1748,28.9118],[94.1359,28.8905],[94.0592,28.875],[94.0582,28.8587],[94.0334,28.8563],[94.0233,28.845],[94.0197,28.7935],[93.988,28.795],[93.987,28.8083],[93.9749,28.8215],[93.9122,28.7732],[93.9146,28.741],[93.8966,28.7575],[93.8599,28.7423],[93.8411,28.7487],[93.8041,28.7356],[93.7898,28.737],[93.7843,28.7133],[93.7122,28.6647],[93.6885,28.6783],[93.6373,28.6545],[93.6228,28.6855],[93.5112,28.6674],[93.4804,28.674],[93.4256,28.662],[93.3706,28.5997],[93.251,28.5454],[93.2018,28.4945],[93.1924,28.494],[93.1682,28.4548],[93.1675,28.4141],[93.1459,28.3795],[93.1492,28.3669],[93.0771,28.325],[93.0602,28.3046],[93.0506,28.3106],[93.0023,28.2945],[92.9913,28.2731],[92.9469,28.2616],[92.9323,28.2488],[92.9283,28.2256],[92.9359,28.217],[92.9216,28.2007],[92.8829,28.2016],[92.8327,28.1752],[92.7844,28.1867],[92.7707,28.1784],[92.7736,28.1693],[92.763,28.1607],[92.7492,28.1624],[92.739,28.1537],[92.7172,28.1677],[92.6917,28.1502],[92.6773,28.151],[92.6564,28.08],[92.6683,28.0681],[92.7018,28.0682],[92.7315,28.0545],[92.7363,28.0378],[92.7209,27.9994],[92.7324,27.9857],[92.7296,27.9782],[92.6768,27.9491],[92.6463,27.9126],[92.6069,27.9168],[92.5947,27.9104],[92.5803,27.8816],[92.5327,27.866],[92.5271,27.8539],[92.5117,27.8474],[92.5003,27.8512],[92.4776,27.8343],[92.4558,27.7933],[92.4268,27.8035],[92.4239,27.8349],[92.4078,27.8208],[92.3648,27.8046],[92.3191,27.7974],[92.3164,27.817],[92.2974,27.8335],[92.303,27.8529],[92.2934,27.8725],[92.2665,27.8869],[92.2561,27.8799],[92.2437,27.8882],[92.2132,27.8732],[92.2135,27.8633],[92.1933,27.8566],[92.1866,27.8469],[92.174,27.8473],[92.1644,27.8311],[92.1429,27.835],[92.111,27.8034],[92.0626,27.7898],[92.0569,27.78],[92.0174,27.7765],[92.003,27.7837],[91.9827,27.7773],[91.9654,27.7391],[91.9244,27.7165],[91.9032,27.7292],[91.8735,27.722],[91.8477,27.7611],[91.643,27.7611],[91.6351,27.7462],[91.6376,27.7305],[91.6271,27.7157],[91.6293,27.7],[91.5728,27.6608],[91.5623,27.6314],[91.5845,27.6084],[91.5657,27.5836],[91.5943,27.5423],[91.6124,27.5437],[91.6235,27.5126],[91.6469,27.5006],[91.652,27.4833],[91.682,27.4937],[91.6945,27.5056],[91.7176,27.4981],[91.7089,27.4765],[91.7302,27.4694],[91.7653,27.4742],[91.7674,27.4649],[91.8057,27.476],[91.8281,27.4681],[91.8487,27.4865],[91.8622,27.4848],[91.8726,27.4704],[91.923,27.4742],[91.9435,27.4598],[91.9608,27.4601],[91.9889,27.4674],[91.9946,27.4786],[92.0167,27.4806],[92.0222,27.447],[92.0422,27.4359],[92.0371,27.4183],[92.0561,27.3999],[92.0477,27.3623],[92.0649,27.3273],[92.0885,27.3049],[92.1233,27.2866],[92.1195,27.2709],[92.087,27.2694],[92.0741,27.2785],[92.0467,27.2693],[92.0377,27.2585],[92.0593,27.2521],[92.0718,27.2348],[92.0569,27.1883],[92.0269,27.1686],[92.036,27.1373],[92.0231,27.1102],[92.0312,27.08],[92.0447,27.052],[92.0817,27.0406],[92.078,27.018],[92.1034,27.004],[92.1053,26.9804],[92.1196,26.9721],[92.1213,26.9607],[92.1128,26.9509],[92.1172,26.8992],[92.1013,26.8807],[92.1026,26.8675],[92.0564,26.8473],[91.9828,26.8596],[91.9639,26.8839],[91.8924,26.9206],[91.8592,26.9134],[91.8244,26.8645],[91.7206,26.812],[91.6897,26.8067],[91.6253,26.8211],[91.5924,26.8055],[91.4951,26.7916],[91.4637,26.8026],[91.4076,26.8402],[91.375,26.7953],[91.3364,26.7804],[91.2958,26.7874],[91.2767,26.8005],[91.2356,26.8125],[91.1446,26.811],[91.0968,26.822],[91.0528,26.7829],[90.9923,26.7949],[90.9521,26.779],[90.9518,26.7854],[90.7422,26.7764],[90.7172,26.7699],[90.6936,26.7722],[90.6762,26.7853],[90.646,26.7777],[90.634,26.7942],[90.5464,26.8168],[90.4173,26.9048],[90.3555,26.9008],[90.346,26.8743],[90.3003,26.8484],[90.2304,26.859],[90.2012,26.8358],[90.1875,26.8071],[90.1939,26.7735],[90.0457,26.7297],[89.8971,26.7246],[89.8617,26.7376],[89.8609,26.702],[89.8064,26.7108],[89.7747,26.7021],[89.755,26.7338],[89.724,26.7232],[89.7001,26.7377],[89.6896,26.733],[89.6705,26.7396],[89.6581,26.7187],[89.6261,26.7235],[89.6171,26.729],[89.6265,26.7419],[89.6434,26.7487],[89.6431,26.7602],[89.6529,26.7672],[89.6498,26.777],[89.6314,26.7828],[89.6211,26.7783],[89.6148,26.7866],[89.5661,26.7991],[89.5574,26.8134],[89.5144,26.8141],[89.4967,26.8034],[89.4696,26.8027],[89.4502,26.8181],[89.4505,26.8308],[89.4394,26.8405],[89.4228,26.836],[89.3899,26.8419],[89.3789,26.8623],[89.3268,26.8433],[89.3188,26.8516],[89.2747,26.8286],[89.2625,26.8142],[89.2282,26.8184],[89.1937,26.8107],[89.1761,26.8191],[89.1336,26.8075],[89.1011,26.8441],[89.1065,26.8597],[89.0925,26.8729],[89.0957,26.8917],[89.0699,26.904],[89.0485,26.8993],[89.0511,26.9162],[89.03,26.9231],[89.0214,26.9407],[88.9791,26.9179],[88.9451,26.9335],[88.9541,26.9479],[88.9522,26.9685],[88.9213,26.9942],[88.8753,26.9432],[88.8689,26.9943],[88.8808,27.0623],[88.8716,27.1088],[88.8424,27.111],[88.8119,27.1268],[88.8025,27.1393],[88.7818,27.1347],[88.7456,27.142],[88.7601,27.153],[88.7573,27.1653],[88.7651,27.1778],[88.7891,27.1853],[88.803,27.2191],[88.8024,27.2488],[88.8318,27.2626],[88.8793,27.2608],[88.9045,27.273],[88.9148,27.2913],[88.9088,27.3042],[88.9214,27.3273],[88.8953,27.3329],[88.8828,27.346],[88.8814,27.3605],[88.8629,27.3701],[88.8611,27.3863],[88.8379,27.3796],[88.8216,27.3938],[88.8211,27.4047],[88.8068,27.4054],[88.8082,27.4231],[88.7947,27.4291],[88.7935,27.4472],[88.7768,27.4693],[88.7936,27.5269],[88.7771,27.5326],[88.7633,27.5664],[88.7918,27.5742],[88.7882,27.5859],[88.8088,27.6031],[88.8112,27.6194],[88.8043,27.6243],[88.8148,27.6469],[88.8317,27.6472],[88.8482,27.6682],[88.8424,27.6826],[88.848,27.6961],[88.8385,27.7054],[88.8567,27.7172],[88.8591,27.7384],[88.867,27.7427],[88.8542,27.7646],[88.8571,27.8155],[88.8804,27.8305],[88.8881,27.8564],[88.8676,27.9197],[88.8608,27.9272],[88.8362,27.9278],[88.8441,27.9892],[88.8361,28.0153],[88.8043,28.03],[88.7547,28.0803],[88.7304,28.0726],[88.6896,28.0793],[88.6706,28.0741],[88.6355,28.1181],[88.6125,28.1107],[88.6024,28.0896],[88.5833,28.0842],[88.5682,28.0909],[88.5544,28.0823],[88.5536,28.0394],[88.546,28.034],[88.5246,28.0353],[88.4949,28.0551],[88.4755,28.0363],[88.4682,28.0169],[88.4174,28],[88.4136,27.9811],[88.3898,27.9765],[88.3773,27.9893],[88.3404,27.9858],[88.3319,27.9759],[88.316,27.9778],[88.3042,27.9655],[88.2842,27.9652],[88.2793,27.9548],[88.2647,27.9565],[88.2513,27.9417],[88.2376,27.9695],[88.2235,27.9609],[88.2088,27.9624],[88.207,27.9407],[88.1874,27.9427],[88.1425,27.9653],[88.1301,27.9502],[88.1367,27.9373],[88.1181,27.9169],[88.1386,27.8908],[88.1394,27.8783],[88.1962,27.854],[88.2009,27.8374],[88.173,27.8206],[88.197,27.791],[88.1814,27.7758],[88.178,27.7466],[88.1556,27.7352],[88.1474,27.7027],[88.1541,27.6916],[88.1443,27.6641],[88.1199,27.6454],[88.1134,27.6102],[88.0828,27.587],[88.075,27.5722],[88.0799,27.5632],[88.0589,27.5354],[88.0673,27.5263],[88.057,27.521],[88.0612,27.5124],[88.0437,27.4959],[88.0437,27.4783],[88.0668,27.4581],[88.0748,27.4321],[88.0506,27.4128],[88.0417,27.372],[88.0665,27.336],[88.0414,27.3042],[88.0447,27.2937],[88.0316,27.2863],[88.0313,27.2522],[88.0122,27.216],[88.0123,27.1777],[88.0192,27.1712],[87.9873,27.1194],[87.9913,27.1056],[88.003,27.1046],[88.0206,27.0876],[88.0156,27.074],[88.0372,27.0368],[88.0595,27.0292],[88.0775,27.0353],[88.0916,27.0051],[88.1146,26.9887],[88.1353,26.9851],[88.1227,26.9691],[88.1203,26.9504],[88.1459,26.921],[88.1362,26.8986],[88.1736,26.8654],[88.1674,26.838],[88.1741,26.8342],[88.1877,26.7723],[88.1863,26.7385],[88.1671,26.6996],[88.1603,26.6366],[88.1419,26.6258],[88.1391,26.6069],[88.1298,26.6013],[88.1301,26.5737],[88.1241,26.5776],[88.1191,26.5686],[88.112,26.5716],[88.1126,26.558],[88.1053,26.5609],[88.1114,26.5452],[88.0966,26.5355],[88.1045,26.5279],[88.0937,26.5095],[88.106,26.4886],[88.0983,26.4814],[88.1055,26.4691],[88.0881,26.4625],[88.0977,26.451],[88.0906,26.426],[88.0312,26.3885],[88.0302,26.3649],[88.0084,26.3613],[87.9914,26.3704],[87.9917,26.3927],[87.9657,26.3973],[87.9269,26.4176],[87.9259,26.4276],[87.916,26.4317],[87.9245,26.4465],[87.8986,26.4489],[87.9097,26.4577],[87.8881,26.4869],[87.8858,26.4765],[87.8582,26.4639],[87.8614,26.449],[87.8508,26.4454],[87.8486,26.4365],[87.8281,26.4401],[87.8295,26.4501],[87.7928,26.4689],[87.7721,26.4497],[87.7786,26.4348],[87.7671,26.4107],[87.7536,26.4081],[87.7481,26.418],[87.7391,26.4177],[87.7337,26.4077],[87.7117,26.4275],[87.6775,26.4356],[87.6779,26.4159],[87.65,26.406],[87.6517,26.3936],[87.6121,26.3902],[87.6046,26.3809],[87.5867,26.3821],[87.5827,26.3938],[87.553,26.4058],[87.5475,26.4185],[87.4658,26.4404],[87.4277,26.4225],[87.3884,26.4192],[87.3687,26.408],[87.3563,26.3885],[87.3582,26.3612],[87.3406,26.3474],[87.3123,26.3716],[87.3014,26.3662],[87.2893,26.3738],[87.2658,26.3739],[87.2661,26.4057],[87.2604,26.4096],[87.2291,26.4137],[87.2186,26.4031],[87.2125,26.4132],[87.1857,26.4143],[87.1888,26.4055],[87.1624,26.404],[87.0915,26.4504],[87.0726,26.5421],[87.0716,26.5858],[87.0445,26.5873],[87.0423,26.5684],[87.0152,26.5322],[86.9751,26.5201],[86.9612,26.524],[86.9327,26.5174],[86.9296,26.4898],[86.8914,26.4861],[86.8937,26.462],[86.8727,26.454],[86.8614,26.4578],[86.856,26.4488],[86.8453,26.4479],[86.8467,26.4421],[86.8336,26.439],[86.7656,26.4593],[86.7647,26.451],[86.7435,26.4356],[86.7468,26.4289],[86.7306,26.4226],[86.7199,26.435],[86.6999,26.4372],[86.6938,26.4512],[86.6336,26.4637],[86.6256,26.4679],[86.6295,26.4777],[86.6147,26.4868],[86.57,26.4965],[86.5416,26.5387],[86.4976,26.5424],[86.4557,26.568],[86.3948,26.5852],[86.3976,26.5931],[86.3387,26.6073],[86.3449,26.6167],[86.3331,26.6191],[86.3076,26.6201],[86.2928,26.6132],[86.2526,26.6172],[86.2344,26.5908],[86.2175,26.5886],[86.2056,26.5967],[86.1962,26.5939],[86.1919,26.6149],[86.172,26.6171],[86.1362,26.6064],[86.1387,26.6289],[86.1193,26.6301],[86.0694,26.6576],[86.0269,26.6668],[86.0096,26.654],[85.9751,26.6585],[85.9585,26.6513],[85.9471,26.613],[85.9283,26.6168],[85.9265,26.6095],[85.891,26.5944],[85.8879,26.5832],[85.8516,26.568],[85.8484,26.577],[85.8579,26.5899],[85.8511,26.6087],[85.831,26.6115],[85.8304,26.6017],[85.8175,26.6028],[85.8016,26.6243],[85.7697,26.6299],[85.734,26.6508],[85.7367,26.6643],[85.7235,26.6743],[85.7256,26.7208],[85.7339,26.7373],[85.7289,26.8081],[85.7041,26.8323],[85.6423,26.8532],[85.6344,26.8723],[85.6238,26.8738],[85.5855,26.8473],[85.5856,26.8561],[85.5754,26.861],[85.5658,26.8411],[85.5576,26.8443],[85.5535,26.8345],[85.5431,26.8384],[85.5197,26.8145],[85.4978,26.8123],[85.4954,26.7972],[85.4795,26.8024],[85.4779,26.7932],[85.4592,26.7824],[85.4075,26.7914],[85.3753,26.7612],[85.3546,26.76],[85.334,26.7416],[85.2399,26.762],[85.2125,26.7581],[85.1971,26.7698],[85.1929,26.7905],[85.1803,26.7959],[85.1765,26.8098],[85.191,26.8309],[85.1907,26.87],[85.1113,26.8724],[85.0865,26.8673],[85.0869,26.8528],[85.0771,26.8588],[85.0638,26.8495],[85.0631,26.858],[85.0574,26.8492],[85.024,26.8544],[85.0327,26.8595],[85.025,26.8733],[85.0488,26.8782],[85.0527,26.8892],[85.0047,26.8948],[84.9926,26.903],[85.0024,26.9035],[84.9999,26.912],[84.9691,26.916],[84.9782,26.9406],[84.9625,26.9605],[84.8917,26.9698],[84.8886,26.9774],[84.8557,26.9865],[84.8544,27.0083],[84.8253,27.021],[84.8086,27.0183],[84.808,27.0077],[84.7931,26.9959],[84.7862,26.9986],[84.7888,27.0096],[84.7733,27.0178],[84.7567,27.0029],[84.6433,27.0462],[84.6461,27.0757],[84.6748,27.0969],[84.6695,27.1082],[84.6768,27.1153],[84.6834,27.1553],[84.6752,27.1714],[84.6852,27.1822],[84.6812,27.2007],[84.689,27.2206],[84.6223,27.3365],[84.4768,27.3624],[84.4691,27.3553],[84.4408,27.3705],[84.3919,27.3683],[84.3734,27.3769],[84.3329,27.3776],[84.3002,27.3909],[84.2917,27.3851],[84.2764,27.3965],[84.278,27.4159],[84.2541,27.4541],[84.2313,27.4565],[84.2199,27.4412],[84.2082,27.4425],[84.2057,27.4702],[84.186,27.4707],[84.1486,27.4861],[84.1507,27.5169],[84.1238,27.5113],[84.1085,27.5218],[84.0977,27.5172],[84.0953,27.4898],[84.07,27.4811],[84.0518,27.4427],[84.0318,27.4419],[84.0239,27.4326],[83.9961,27.4465],[83.9779,27.439],[83.9677,27.447],[83.9461,27.4419],[83.9335,27.4504],[83.8846,27.4331],[83.8474,27.4454],[83.8332,27.4257],[83.8844,27.3773],[83.8637,27.3459],[83.8307,27.3698],[83.6143,27.4695],[83.3881,27.4798],[83.3884,27.4706],[83.4024,27.4661],[83.4017,27.4572],[83.3843,27.436],[83.4095,27.4126],[83.3845,27.3903],[83.3877,27.3755],[83.3745,27.37],[83.3735,27.357],[83.3578,27.3507],[83.3591,27.3429],[83.3373,27.3326],[83.3179,27.3374],[83.3173,27.33],[83.2945,27.3334],[83.2724,27.3527],[83.2654,27.3654],[83.2722,27.3834],[83.2189,27.4163],[83.1879,27.4544],[83.0346,27.4488],[82.9541,27.4678],[82.9293,27.5012],[82.8014,27.4964],[82.7356,27.5023],[82.7367,27.5178],[82.7497,27.5225],[82.7381,27.5519],[82.7488,27.5559],[82.7425,27.5608],[82.758,27.5858],[82.735,27.611],[82.7404,27.6253],[82.7328,27.6295],[82.74,27.6318],[82.7312,27.6315],[82.7385,27.6374],[82.736,27.6461],[82.7299,27.643],[82.7317,27.6538],[82.7124,27.663],[82.7193,27.6788],[82.7043,27.7039],[82.7079,27.7228],[82.7052,27.7166],[82.6992,27.7224],[82.6809,27.714],[82.6658,27.716],[82.6643,27.7227],[82.6552,27.7135],[82.6273,27.7115],[82.619,27.7022],[82.6052,27.706],[82.5937,27.6968],[82.5414,27.6857],[82.5166,27.6906],[82.4732,27.6764],[82.4487,27.6793],[82.4019,27.7035],[82.368,27.7425],[82.3034,27.7727],[82.2304,27.8209],[82.209,27.8429],[82.1541,27.8666],[82.1501,27.8582],[82.1211,27.8659],[82.07,27.9237],[81.9681,27.9292],[81.9253,27.8756],[81.9258,27.8596],[81.8849,27.857],[81.8329,27.898],[81.805,27.9034],[81.6985,27.9882],[81.6248,28.0013],[81.4782,28.0828],[81.484,28.1186],[81.4499,28.1408],[81.4466,28.1611],[81.4166,28.174],[81.3746,28.177],[81.3671,28.1654],[81.3783,28.1559],[81.3713,28.1426],[81.3179,28.1337],[81.3183,28.1452],[81.328,28.1481],[81.3204,28.1603],[81.3113,28.1556],[81.3015,28.1663],[81.3219,28.1695],[81.3209,28.1975],[81.2325,28.2891],[81.2344,28.3247],[81.2106,28.3608],[81.0798,28.385],[81.0357,28.4138],[81.0335,28.3975],[81.0166,28.4159],[81.0337,28.428],[81.0294,28.4387],[81.019,28.4317],[81.0129,28.4382],[81.0177,28.4518],[80.9998,28.4537],[80.9891,28.4415],[80.9776,28.4423],[80.9788,28.434],[80.965,28.4377],[80.9802,28.4551],[80.967,28.4571],[80.964,28.4497],[80.9517,28.4476],[80.9515,28.4557],[80.9321,28.4588],[80.9426,28.4688],[80.9307,28.458],[80.9174,28.4602],[80.9142,28.4684],[80.9156,28.458],[80.903,28.4777],[80.9086,28.4979],[80.8961,28.507],[80.8755,28.5107],[80.8616,28.5044],[80.866,28.4896],[80.8557,28.4975],[80.8447,28.4956],[80.8153,28.5208],[80.7886,28.5248],[80.7893,28.5435],[80.7694,28.55],[80.7679,28.5661],[80.7383,28.5748],[80.7385,28.5664],[80.7244,28.5752],[80.7146,28.5684],[80.6904,28.5877],[80.6958,28.6035],[80.6775,28.6044],[80.6795,28.6206],[80.6676,28.6421],[80.6513,28.6341],[80.6415,28.6434],[80.6331,28.6373],[80.6123,28.6394],[80.6062,28.6525],[80.5898,28.6482],[80.5976,28.656],[80.5802,28.6614],[80.5904,28.68],[80.5685,28.688],[80.5397,28.6907],[80.5035,28.6649],[80.5217,28.5767],[80.5307,28.5724],[80.517,28.5518],[80.5065,28.5689],[80.4802,28.5876],[80.4685,28.5831],[80.4638,28.6152],[80.4515,28.6287],[80.4164,28.6396],[80.3766,28.6287],[80.3607,28.6346],[80.3606,28.6457],[80.3258,28.6664],[80.3161,28.7006],[80.2935,28.7114],[80.2788,28.7091],[80.2565,28.7292],[80.2653,28.7422],[80.2544,28.7555],[80.2161,28.7555],[80.1709,28.7825],[80.1181,28.829],[80.0752,28.8245],[80.0648,28.8376],[80.0585,28.9166],[80.1002,28.9866],[80.1181,28.9819],[80.1267,29.0061],[80.1354,29.0074],[80.1248,29.013],[80.1364,29.059],[80.1285,29.0612],[80.1448,29.1043],[80.1834,29.1372],[80.2097,29.122],[80.2332,29.1186],[80.254,29.1381],[80.2716,29.1422],[80.2583,29.1659],[80.2579,29.1875],[80.2408,29.2026],[80.2483,29.2212],[80.2608,29.2069],[80.275,29.2072],[80.2872,29.1953],[80.2972,29.2052],[80.2906,29.2317],[80.3003,29.2423],[80.3042,29.2854],[80.3179,29.3018],[80.3169,29.3149],[80.2962,29.3244],[80.2801,29.3464],[80.2793,29.3596],[80.2711,29.3647],[80.2789,29.3787],[80.2746,29.3932],[80.2416,29.4117],[80.2429,29.4439],[80.2581,29.4519],[80.2742,29.4497],[80.2691,29.4552],[80.2762,29.4587],[80.2804,29.4511],[80.3024,29.4532],[80.2866,29.477],[80.299,29.4907],[80.313,29.4847],[80.3138,29.4992],[80.3496,29.519],[80.3579,29.5327],[80.3418,29.5405],[80.3426,29.553],[80.364,29.5567],[80.3636,29.5642],[80.3788,29.5615],[80.3791,29.5716],[80.3879,29.5719],[80.4079,29.5955],[80.4057,29.613],[80.4209,29.6299],[80.4202,29.6393],[80.4145,29.6541],[80.3981,29.659],[80.3845,29.6745],[80.3753,29.7204],[80.366,29.725],[80.3657,29.7479],[80.3975,29.7594],[80.4068,29.7946],[80.4289,29.7982],[80.4347,29.8061],[80.4441,29.7992],[80.4936,29.796],[80.5072,29.8232],[80.5527,29.8505],[80.5726,29.8954],[80.5742,29.9236],[80.6029,29.9585],[80.6302,29.9653],[80.6485,29.956],[80.674,29.9573],[80.7195,30.0004],[80.7469,30.006],[80.7611,30.0496],[80.7794,30.0568],[80.8154,30.0965],[80.837,30.0976],[80.8452,30.1024],[80.8449,30.1161],[80.8777,30.1287],[80.8715,30.1609],[80.8626,30.1695],[80.8802,30.1812],[80.91,30.2233],[80.9199,30.2261],[80.9303,30.2133],[80.9236,30.1937],[80.9329,30.1771],[80.975,30.1916],[80.9971,30.186],[81.0447,30.2059],[81.0258,30.2265],[81.0309,30.2471],[80.9824,30.2711],[80.9294,30.2658],[80.9304,30.2785],[80.9146,30.2868],[80.9071,30.3037],[80.8736,30.3012],[80.8609,30.3143],[80.8348,30.313],[80.8016,30.323],[80.7855,30.3535],[80.7341,30.4006],[80.7073,30.4174],[80.6884,30.415],[80.6776,30.4292],[80.6239,30.4629],[80.6136,30.4593],[80.6066,30.4715],[80.5652,30.4638],[80.5589,30.4538],[80.5407,30.4491],[80.4992,30.4879],[80.4885,30.4846],[80.446,30.4969],[80.4161,30.5173],[80.4183,30.5236],[80.3854,30.5175],[80.3646,30.5275],[80.3455,30.5203],[80.3191,30.5454],[80.3154,30.5645],[80.2833,30.5698],[80.2545,30.5646],[80.2366,30.5786],[80.2183,30.5802],[80.2079,30.5883],[80.2194,30.6428],[80.1926,30.666],[80.1978,30.6862],[80.233,30.6905],[80.2331,30.7088],[80.2488,30.7204],[80.2386,30.7623],[80.2125,30.7527],[80.1972,30.7657],[80.2005,30.7759],[80.1728,30.809],[80.1582,30.8069],[80.1543,30.7896],[80.1428,30.7921],[80.127,30.78],[80.1124,30.7797],[80.0875,30.7956],[80.054,30.8388],[80.0319,30.8408],[80.0082,30.8662],[79.9966,30.8659],[79.9887,30.8769],[79.9615,30.8885],[79.931,30.8805],[79.9084,30.9147],[79.8888,30.9177],[79.8821,30.9551],[79.866,30.9718],[79.8166,30.9717],[79.7921,30.9862],[79.7756,30.9865],[79.7523,31.0058],[79.7349,30.9795],[79.7007,30.9707],[79.6656,30.9829],[79.6632,30.9645],[79.6031,30.9399],[79.5532,30.9569],[79.516,30.9975],[79.5195,31.0055],[79.5091,31.0151],[79.5069,31.0324],[79.4714,31.0348],[79.4275,31.0229],[79.4131,31.073],[79.4128,31.108],[79.403,31.1153],[79.3767,31.1135],[79.365,31.1238],[79.3521,31.1225],[79.3124,31.1483],[79.3009,31.219],[79.2827,31.2389],[79.2606,31.2398],[79.2263,31.2606],[79.2492,31.2847],[79.2501,31.2936],[79.229,31.3037],[79.2202,31.3165],[79.2365,31.335],[79.2134,31.354],[79.1706,31.3631],[79.1773,31.3855],[79.1709,31.3991],[79.1547,31.4091],[79.1423,31.4321],[79.0991,31.4547],[79.086,31.4504],[79.0752,31.459],[79.0608,31.4296],[79.0497,31.4256],[79.0371,31.4332],[79.0189,31.4267],[79.018,31.391],[79.0101,31.3822],[79.0187,31.349],[79.0005,31.3418],[78.9877,31.348],[78.9892,31.3562],[78.9794,31.3639],[78.9697,31.3569],[78.9448,31.3663],[78.9388,31.3457],[78.9143,31.3114],[78.8975,31.3026],[78.9018,31.2944],[78.8926,31.2875],[78.8823,31.287],[78.8616,31.3153],[78.8514,31.3089],[78.8534,31.2944],[78.8328,31.2942],[78.8114,31.307],[78.7928,31.3041],[78.7808,31.3102],[78.7684,31.3263],[78.7738,31.3333],[78.7633,31.3411],[78.7695,31.349],[78.7498,31.3656],[78.7613,31.4003],[78.7967,31.4441],[78.7753,31.4542],[78.7575,31.4829],[78.7258,31.4838],[78.7218,31.5124],[78.7353,31.5365],[78.7616,31.5486],[78.7752,31.5436],[78.7801,31.5559],[78.8034,31.5656],[78.8065,31.5772],[78.8224,31.5786],[78.8466,31.6069],[78.8416,31.6219],[78.8019,31.6476],[78.7988,31.6816],[78.7678,31.6747],[78.7511,31.6802],[78.7536,31.6953],[78.73,31.7332],[78.7255,31.7581],[78.7051,31.7738],[78.7023,31.8076],[78.7397,31.8418],[78.7494,31.8745],[78.7408,31.8852],[78.7477,31.8914],[78.7424,31.9016],[78.7689,31.9308],[78.7648,31.9587],[78.7791,31.9666],[78.7735,31.9743],[78.7796,31.9936],[78.7669,32.0036],[78.7344,32.005],[78.7057,32.0644],[78.6826,32.0801],[78.6945,32.0951],[78.6825,32.1146],[78.6312,32.1258],[78.6268,32.1379],[78.5916,32.1672],[78.6,32.1745],[78.5957,32.198],[78.5599,32.2022],[78.5202,32.262],[78.4884,32.2756],[78.5104,32.3031],[78.4974,32.3246],[78.4788,32.3251],[78.4852,32.3589],[78.481,32.3665],[78.4694,32.3649],[78.4543,32.3865],[78.4709,32.3971],[78.4722,32.4419],[78.4507,32.4606],[78.455,32.4713],[78.4404,32.4798],[78.4109,32.5227],[78.395,32.5299],[78.3935,32.5392],[78.42,32.5693],[78.4487,32.574],[78.4538,32.5813],[78.4791,32.5763],[78.5009,32.5836],[78.5175,32.6038],[78.5163,32.6145],[78.5416,32.6123],[78.5584,32.6225],[78.583,32.6037],[78.6326,32.605],[78.641,32.611],[78.6341,32.6454],[78.7105,32.6677],[78.7396,32.6957],[78.7499,32.6866],[78.7421,32.6553],[78.7814,32.6163],[78.7744,32.5854],[78.7619,32.5794],[78.7575,32.5672],[78.7701,32.5248],[78.7808,32.5157],[78.7794,32.479],[78.7957,32.4749],[78.8087,32.4383],[78.8322,32.4279],[78.8386,32.4127],[78.8686,32.4135],[78.882,32.3982],[78.8923,32.4005],[78.9055,32.3893],[78.9075,32.3725],[78.9683,32.3357],[78.9902,32.3708],[79.0136,32.3812],[79.0604,32.3871],[79.1002,32.3706],[79.1054,32.4075],[79.1264,32.4217],[79.1175,32.4545],[79.132,32.4695],[79.1315,32.481],[79.1492,32.4769],[79.1556,32.4945],[79.184,32.4978],[79.1883,32.5159],[79.2209,32.5096],[79.2234,32.5247],[79.2482,32.5167],[79.276,32.556],[79.2935,32.5396],[79.3111,32.5601],[79.3312,32.5654],[79.34,32.5541],[79.3339,32.5426],[79.351,32.5285],[79.3673,32.5324],[79.4133,32.52],[79.4137,32.5405],[79.4331,32.544],[79.4276,32.561],[79.4525,32.6038],[79.5029,32.6437],[79.5246,32.6515],[79.5484,32.6766],[79.5386,32.6828],[79.5408,32.7032],[79.5613,32.7144],[79.543,32.7295],[79.5573,32.7592],[79.5411,32.764],[79.5447,32.773],[79.5053,32.7835],[79.4829,32.7989],[79.4613,32.8326],[79.4728,32.8495],[79.4712,32.8788],[79.4215,32.895],[79.3905,32.917],[79.3997,32.9417],[79.3796,32.9457],[79.3641,32.9382],[79.3529,32.9547],[79.3635,32.963],[79.3315,33.0008],[79.3385,33.0023],[79.3414,33.0197],[79.3284,33.0345],[79.3406,33.0574],[79.3585,33.0611],[79.3682,33.0853],[79.3643,33.1061],[79.3904,33.1389],[79.399,33.14],[79.3929,33.156],[79.3959,33.1694],[79.411,33.1712],[79.4083,33.1888],[79.3852,33.2019],[79.3623,33.1973],[79.3376,33.2043],[79.3239,33.1903],[79.3025,33.1907],[79.2959,33.2027],[79.2733,33.2126],[79.2722,33.2212],[79.2558,33.2154],[79.2384,33.2331],[79.217,33.2379],[79.2096,33.2127],[79.2006,33.2097],[79.1829,33.22],[79.152,33.1819],[79.1244,33.2026],[79.1074,33.1998],[79.0668,33.232],[79.0799,33.2449],[79.0451,33.2608],[79.0352,33.2727],[79.0378,33.3054],[79.0291,33.3078],[79.0267,33.3203],[78.9818,33.3267],[78.963,33.3391],[78.9504,33.3643],[78.9541,33.3715],[78.9401,33.38],[78.9274,33.4406],[78.9314,33.4868],[78.9135,33.5546],[78.9098,33.5654],[78.8857,33.5762],[78.9074,33.6205],[79.0035,33.6074],[79.0252,33.6191],[79.0851,33.6195],[79.0904,33.6372],[79.064,33.6664],[79.0221,33.6743],[79.0119,33.6852],[79.0102,33.7144],[79.0283,33.7537],[79.0004,33.7734],[78.9933,33.7946],[78.9652,33.8213],[78.9371,33.9126],[78.8872,33.9726],[78.9117,34.0097],[78.9952,34.0368],[79.0295,34.0104],[79.0994,33.99],[79.1389,33.9945],[79.171,34.0218],[79.1896,34.0252],[79.2253,34.0107],[79.2489,34.024],[79.3005,34.0085],[79.3162,34.0149],[79.3665,33.9943],[79.4033,34.0023],[79.4102,34.0102],[79.4045,34.0273],[79.4221,34.0447],[79.4185,34.0544],[79.4304,34.0613],[79.4161,34.1001],[79.4276,34.1135],[79.4701,34.1161],[79.4856,34.1256],[79.498,34.1684],[79.4906,34.1909],[79.5449,34.2029],[79.5898,34.241],[79.6074,34.2382],[79.6101,34.2842],[79.6028,34.3066],[79.5747,34.319],[79.559,34.3716],[79.5348,34.4008],[79.5306,34.4426],[79.5089,34.4537],[79.5255,34.4607],[79.5382,34.4789],[79.5611,34.4584],[79.6005,34.4663],[79.6234,34.4498],[79.6736,34.4546],[79.685,34.4767],[79.7019,34.486],[79.7216,34.4717],[79.7527,34.4777],[79.7655,34.4705],[79.7943,34.4801],[79.8115,34.5341],[79.7883,34.564],[79.8018,34.5893],[79.7858,34.6086],[79.7865,34.6274],[79.8297,34.6461],[79.8486,34.6722],[79.8985,34.6962],[79.9178,34.6882],[79.9324,34.6919],[79.9515,34.6737],[79.9722,34.6997],[79.9948,34.692],[80.0741,34.7058],[80.0792,34.7334],[80.0669,34.7623],[80.099,34.7745],[80.1118,34.8263],[80.1361,34.8551],[80.1369,34.8689],[80.1571,34.8685],[80.1682,34.8729],[80.1675,34.8801],[80.2051,34.8912],[80.2035,34.9206],[80.1863,34.9465],[80.1934,34.9587],[80.2249,34.9704],[80.2336,34.9896],[80.2161,34.9927],[80.1948,35.118],[80.2331,35.148],[80.2227,35.1713],[80.2448,35.1853],[80.2553,35.2056],[80.2826,35.2039],[80.2852,35.2113],[80.2745,35.2167],[80.2943,35.2679],[80.2662,35.2964],[80.2736,35.3005],[80.2859,35.3543],[80.2988,35.3685],[80.3468,35.391],[80.3607,35.3867],[80.3769,35.3923],[80.4119,35.426],[80.4217,35.4517],[80.4116,35.4771],[80.3895,35.4877],[80.3584,35.5291],[80.3466,35.5246],[80.3276,35.5349],[80.3158,35.5238],[80.3022,35.534],[80.2975,35.5561],[80.2768,35.5529],[80.2638,35.5683],[80.25,35.5569],[80.2327,35.56],[80.2249,35.5547],[80.2054,35.5752],[80.1662,35.5528],[80.1826,35.5088],[80.1419,35.498],[80.1271,35.4784],[80.11,35.4784],[80.081,35.4504],[80.088,35.4325],[80.0723,35.4232],[80.0549,35.4234],[80.0349,35.4386],[79.994,35.5098],[79.9947,35.5231],[79.9783,35.5488],[79.9663,35.5536],[79.9653,35.5747],[79.9953,35.5841],[79.9989,35.6024],[79.9546,35.6162],[79.9542,35.6339],[79.938,35.621],[79.9246,35.6207],[79.921,35.6047],[79.869,35.5983],[79.8608,35.5767],[79.8457,35.5746],[79.8367,35.5863],[79.8393,35.6016],[79.8168,35.627],[79.7715,35.6257],[79.734,35.6428],[79.7211,35.636],[79.7043,35.639],[79.6982,35.6635],[79.6794,35.6707],[79.6786,35.7002],[79.6646,35.7185],[79.6451,35.7239],[79.6341,35.7416],[79.6426,35.751],[79.6294,35.7671],[79.6386,35.7777],[79.5925,35.7889],[79.5845,35.7997],[79.5884,35.815],[79.5719,35.8127],[79.5643,35.8298],[79.584,35.8539],[79.5884,35.877],[79.5721,35.8965],[79.5632,35.8968],[79.5578,35.8804],[79.5462,35.8811],[79.5381,35.8679],[79.5253,35.8658],[79.5173,35.8503],[79.4889,35.8492],[79.4565,35.872],[79.4523,35.8828],[79.4684,35.9003],[79.4563,35.9241],[79.4396,35.9342],[79.4417,35.9683],[79.3434,35.9879],[79.3384,35.9635],[79.308,35.9545],[79.2944,35.9386],[79.2696,35.9274],[79.1913,35.9323],[79.1645,35.9448],[79.0777,35.947],[79.0572,35.9415],[79.0284,35.9142],[79.0115,35.9312],[78.9884,35.9292],[78.9765,35.9398],[78.966,35.9353],[78.9548,35.9485],[78.9264,35.9452],[78.8559,35.9742],[78.8361,35.9419],[78.8277,35.9085],[78.8002,35.8698],[78.7503,35.8597],[78.7218,35.863],[78.6947,35.8497],[78.6735,35.8521],[78.6566,35.8221],[78.6076,35.8152],[78.5767,35.7972],[78.5617,35.7754],[78.5356,35.7635],[78.5054,35.7712],[78.4627,35.7644],[78.4603,35.775],[78.4405,35.7807],[78.4172,35.7624],[78.4088,35.7307],[78.3403,35.7198],[78.3019,35.727],[78.2436,35.7253],[78.2401,35.7062],[78.2083,35.6677],[78.1859,35.6752],[78.1817,35.6674],[78.1944,35.6581],[78.1974,35.6398],[78.18,35.6344],[78.1729,35.6167],[78.1813,35.6008],[78.1617,35.5929],[78.1572,35.5509],[78.1297,35.5455],[78.1031,35.5561],[78.0905,35.5334],[78.0725,35.5445],[78.0766,35.56],[78.0681,35.5703],[78.0404,35.5868],[78.0279,35.5827],[78.0323,35.5723],[78.0224,35.5642],[78.0123,35.5712],[77.996,35.5592],[77.9776,35.5722],[77.9506,35.5521],[77.9379,35.5593],[77.9283,35.5413],[77.9367,35.5248],[77.911,35.4621],[77.8669,35.4982],[77.8601,35.5002],[77.8535,35.4909],[77.8397,35.5035],[77.8277,35.5043],[77.8146,35.5223],[77.7801,35.4978],[77.759,35.5025],[77.7417,35.4945],[77.7184,35.4616],[77.6982,35.4636],[77.6877,35.4531],[77.6512,35.4874],[77.6384,35.4836],[77.6384,35.4661],[77.6297,35.4621],[77.6055,35.4727],[77.584,35.468],[77.5863,35.478],[77.5588,35.488],[77.5187,35.4857]]],[[[93.8458,7.2446],[93.8367,7.237],[93.8121,7.2366],[93.8104,7.2058],[93.8,7.2129],[93.7708,7.2095],[93.7625,7.2153],[93.7571,7.2016],[93.7525,7.2054],[93.735,7.1887],[93.6875,7.187],[93.6796,7.1791],[93.6863,7.1558],[93.6604,7.1283],[93.6625,7.1171],[93.6754,7.1158],[93.6621,7.1041],[93.6762,7.0366],[93.6696,7.0174],[93.6816,7.0137],[93.6842,7.0212],[93.7,7.0221],[93.7125,6.9979],[93.7296,6.995],[93.7433,6.9571],[93.7516,6.9604],[93.7579,6.9483],[93.7629,6.9316],[93.7546,6.9266],[93.7629,6.9083],[93.7741,6.9196],[93.7829,6.8933],[93.8025,6.8837],[93.7896,6.8775],[93.7937,6.8608],[93.8096,6.8517],[93.8029,6.835],[93.8167,6.8146],[93.8279,6.8183],[93.8304,6.7941],[93.822,6.7625],[93.8425,6.7529],[93.8529,6.7566],[93.8683,6.8154],[93.88,6.8171],[93.895,6.7946],[93.9146,6.81],[93.9254,6.8366],[93.91,6.8387],[93.9063,6.8467],[93.9046,6.8633],[93.9146,6.8842],[93.9088,6.8883],[93.9095,6.905],[93.9245,6.9091],[93.9263,6.9416],[93.9571,6.9591],[93.9417,6.9687],[93.9413,6.985],[93.9287,6.9958],[93.94,7.0112],[93.955,6.9937],[93.9629,7.0033],[93.9391,7.0279],[93.9258,7.0279],[93.9163,7.075],[93.8971,7.0883],[93.8962,7.1083],[93.9029,7.1174],[93.8946,7.1208],[93.8937,7.1658],[93.8879,7.175],[93.8937,7.2041],[93.8866,7.2004],[93.8791,7.2129],[93.8625,7.2112],[93.8571,7.2233],[93.8629,7.2366],[93.8458,7.2446]]],[[[93.7362,7.4233],[93.7208,7.4445],[93.7254,7.4191],[93.7179,7.4],[93.7279,7.3949],[93.7233,7.3887],[93.7091,7.3912],[93.6908,7.3762],[93.6791,7.3787],[93.6633,7.3671],[93.6479,7.3724],[93.6513,7.3216],[93.6379,7.3083],[93.6508,7.2996],[93.647,7.265],[93.6641,7.2479],[93.6862,7.2641],[93.7033,7.2945],[93.7387,7.31],[93.7546,7.3283],[93.7554,7.3425],[93.7687,7.3558],[93.7662,7.3633],[93.775,7.3654],[93.7712,7.3849],[93.7387,7.4008],[93.7362,7.4233]]],[[[93.3775,8.0212],[93.3567,8.0054],[93.335,8.0087],[93.3195,7.9941],[93.3204,7.9716],[93.3095,7.9549],[93.3187,7.9241],[93.3279,7.9191],[93.3299,7.9278],[93.3454,7.9299],[93.3499,7.9421],[93.3516,7.9321],[93.3587,7.9349],[93.3437,7.9224],[93.3487,7.9208],[93.3412,7.9124],[93.3399,7.8887],[93.3766,7.8779],[93.3958,7.8954],[93.4266,7.9003],[93.4483,7.8712],[93.4592,7.8703],[93.4679,7.8899],[93.4546,7.9325],[93.4266,7.9646],[93.4116,7.9571],[93.4004,7.9682],[93.397,7.9949],[93.4037,8.0058],[93.3775,8.0212]]],[[[93.5675,8.0262],[93.5571,8.0241],[93.5654,8.0058],[93.5624,7.9962],[93.5437,8.0233],[93.5413,8.005],[93.5308,7.9937],[93.5225,7.9979],[93.5188,7.9833],[93.5899,7.9262],[93.5954,7.9416],[93.5929,7.9883],[93.5762,8.0225],[93.5675,8.0262]]],[[[93.5979,8.1125],[93.5883,8.1304],[93.5729,8.1225],[93.5775,8.1087],[93.5846,8.1075],[93.5821,8.0958],[93.5921,8.0791],[93.5846,8.0658],[93.6066,8.0379],[93.6137,8.05],[93.6021,8.075],[93.6021,8.0925],[93.5937,8.0958],[93.5979,8.1125]]],[[[93.5375,8.2362],[93.505,8.2279],[93.4987,8.2024],[93.4817,8.1862],[93.4667,8.1821],[93.4629,8.1675],[93.4646,8.15],[93.4771,8.1417],[93.4713,8.1249],[93.4796,8.1208],[93.4829,8.0967],[93.5013,8.0908],[93.4904,8.0858],[93.4971,8.0516],[93.5246,8.0725],[93.5267,8.0837],[93.5446,8.0791],[93.5345,8.0683],[93.5487,8.0658],[93.5371,8.06],[93.5404,8.0525],[93.525,8.0479],[93.5208,8.0662],[93.5154,8.0558],[93.5196,8.0391],[93.4962,8.0425],[93.4996,8.0125],[93.5124,7.9979],[93.5196,8],[93.5208,8.0313],[93.5375,8.0321],[93.5433,8.0462],[93.5612,8.0375],[93.557,8.0892],[93.5404,8.1017],[93.5313,8.1283],[93.5087,8.1508],[93.5171,8.1541],[93.5154,8.1658],[93.525,8.1754],[93.5496,8.1808],[93.5579,8.2208],[93.5516,8.2329],[93.5375,8.2362]]],[[[93.2546,8.2342],[93.2433,8.2638],[93.2254,8.2558],[93.2271,8.235],[93.2442,8.2179],[93.2546,8.22],[93.2546,8.2342]]],[[[73.0608,8.2779],[73.0796,8.3234],[73.0542,8.2796],[73.03,8.2704],[73.0183,8.2771],[73.0179,8.2708],[73.0466,8.2629],[73.0608,8.2779]]],[[[93.1309,8.3546],[93.1091,8.3487],[93.0996,8.3342],[93.0879,8.2941],[93.0954,8.2649],[93.1241,8.2262],[93.1658,8.202],[93.2025,8.1962],[93.2104,8.2175],[93.1591,8.2429],[93.1337,8.2733],[93.1362,8.3133],[93.1488,8.345],[93.1309,8.3546]]],[[[93.0791,8.4288],[93.0804,8.4533],[93.0667,8.4612],[93.0604,8.4408],[93.0791,8.4288]]],[[[93.6279,8.5291],[93.6191,8.5712],[93.6171,8.5408],[93.6304,8.5091],[93.6229,8.4491],[93.6283,8.4171],[93.6296,8.4541],[93.635,8.4629],[93.6454,8.4617],[93.6437,8.5183],[93.6279,8.5291]]],[[[92.7804,9.2467],[92.7758,9.2546],[92.7641,9.2146],[92.7204,9.2108],[92.7212,9.1417],[92.7391,9.1204],[92.7733,9.1263],[92.7833,9.1171],[92.8041,9.1179],[92.8304,9.1417],[92.832,9.1617],[92.8237,9.1742],[92.8187,9.2142],[92.7804,9.2467]]],[[[72.2816,10.0321],[72.285,10.0462],[72.2762,10.0408],[72.2816,10.0321]]],[[[73.6487,10.0709],[73.6516,10.0962],[73.6454,10.075],[73.6359,10.0712],[73.6417,10.0554],[73.6487,10.0575],[73.6487,10.0709]]],[[[73.6624,10.1279],[73.6662,10.1417],[73.6616,10.1546],[73.6624,10.1279]]],[[[72.61,10.5587],[72.6188,10.5708],[72.6092,10.5779],[72.5829,10.5416],[72.61,10.5587]]],[[[72.5291,10.7854],[72.5225,10.7854],[72.5216,10.7754],[72.5312,10.78],[72.5291,10.7854]]],[[[73.6758,10.8162],[73.6624,10.8162],[73.6596,10.8092],[73.6758,10.8021],[73.702,10.8116],[73.6758,10.8162]]],[[[72.2,10.8813],[72.1762,10.8708],[72.1791,10.8413],[72.1954,10.8524],[72.2,10.8813]]],[[[92.5491,10.8804],[92.5408,10.8954],[92.5249,10.8971],[92.5162,10.8883],[92.5221,10.8699],[92.5125,10.8671],[92.5179,10.8725],[92.5129,10.8883],[92.5033,10.8895],[92.4671,10.86],[92.4624,10.8421],[92.4337,10.8249],[92.4304,10.8108],[92.4083,10.7887],[92.3966,10.8029],[92.3846,10.7908],[92.3863,10.6575],[92.4041,10.6504],[92.4162,10.6291],[92.4112,10.5883],[92.3837,10.5374],[92.3874,10.5271],[92.4017,10.5262],[92.4208,10.5413],[92.4375,10.5445],[92.485,10.5112],[92.5241,10.5071],[92.5404,10.5142],[92.5412,10.5283],[92.5779,10.5683],[92.5708,10.5779],[92.5575,10.5771],[92.5479,10.5925],[92.5637,10.6242],[92.5775,10.6354],[92.5916,10.6354],[92.5954,10.6567],[92.6195,10.6699],[92.622,10.7616],[92.6042,10.7837],[92.5954,10.7833],[92.6025,10.7662],[92.5875,10.7879],[92.5662,10.7958],[92.5954,10.7899],[92.5846,10.8366],[92.5887,10.8533],[92.5549,10.8804],[92.5504,10.8683],[92.5566,10.8604],[92.545,10.8654],[92.5491,10.8804]]],[[[72.2883,10.9346],[72.2908,10.9454],[72.2846,10.9425],[72.2883,10.9346]]],[[[72.7208,11.1129],[72.7333,11.1362],[72.7187,11.1275],[72.7208,11.1129]]],[[[72.7787,11.1908],[72.8171,11.2567],[72.8158,11.2646],[72.805,11.2612],[72.7904,11.2391],[72.7787,11.1908]]],[[[92.7008,11.2354],[92.7171,11.2591],[92.7142,11.2863],[92.7012,11.2766],[92.7037,11.2575],[92.6963,11.2409],[92.7008,11.2354]]],[[[92.725,11.3062],[92.7346,11.3142],[92.7316,11.3287],[92.7246,11.3258],[92.7196,11.3075],[92.7079,11.3041],[92.7158,11.2987],[92.725,11.3062]]],[[[73.0024,11.4971],[73.0108,11.4679],[73.0113,11.485],[73.0024,11.4971]]],[[[92.6608,11.4937],[92.6533,11.507],[92.6408,11.5112],[92.6237,11.4883],[92.6196,11.45],[92.6304,11.4341],[92.6296,11.4],[92.5975,11.3971],[92.6004,11.3775],[92.5888,11.365],[92.5912,11.355],[92.6108,11.3395],[92.645,11.3429],[92.6575,11.3537],[92.6724,11.3479],[92.6758,11.3587],[92.6996,11.365],[92.6987,11.3867],[92.6808,11.3946],[92.6741,11.3904],[92.6741,11.3996],[92.6546,11.405],[92.6775,11.4112],[92.6816,11.4212],[92.6945,11.4216],[92.6837,11.4567],[92.6879,11.4658],[92.6754,11.4742],[92.6733,11.4879],[92.6608,11.4937]]],[[[92.5663,11.5341],[92.5554,11.5333],[92.5587,11.5208],[92.575,11.5112],[92.5663,11.5341]]],[[[92.6212,11.5533],[92.6087,11.5491],[92.6183,11.5262],[92.6287,11.5508],[92.6212,11.5533]]],[[[92.6038,11.5358],[92.5975,11.5737],[92.5904,11.5433],[92.5966,11.5287],[92.6034,11.5271],[92.6038,11.5358]]],[[[92.6187,11.5833],[92.6075,11.5837],[92.6079,11.5633],[92.6216,11.5596],[92.6187,11.5833]]],[[[92.2329,11.5875],[92.225,11.5904],[92.2113,11.5825],[92.2237,11.5708],[92.2196,11.5408],[92.2254,11.5267],[92.2741,11.5138],[92.2879,11.5316],[92.2813,11.575],[92.2733,11.5854],[92.2329,11.5875]]],[[[92.5475,11.6046],[92.5388,11.5975],[92.5391,11.5496],[92.5483,11.5588],[92.5642,11.5571],[92.5637,11.5641],[92.5738,11.57],[92.5713,11.5783],[92.5796,11.5833],[92.5575,11.5887],[92.5475,11.6046]]],[[[72.1941,11.5912],[72.1996,11.5958],[72.1942,11.6062],[72.1842,11.6054],[72.1858,11.5929],[72.1941,11.5912]]],[[[72.6933,11.6804],[72.7,11.7021],[72.6887,11.6825],[72.6933,11.6804]]],[[[93.0242,11.8479],[93.0204,11.8291],[93.055,11.8096],[93.0683,11.8096],[93.0821,11.8333],[93.0725,11.8429],[93.0458,11.8379],[93.0242,11.8479]]],[[[92.7658,11.9671],[92.75,11.9604],[92.7462,11.9475],[92.7641,11.9429],[92.7779,11.9483],[92.7658,11.9671]]],[[[92.9754,12.0332],[92.9708,12.0478],[92.9533,12.0078],[92.9392,12.0053],[92.9304,11.9925],[92.9408,11.9829],[92.9646,11.9808],[92.9788,11.9491],[92.99,11.9429],[93.0021,11.95],[92.9954,11.9708],[93.0054,11.9642],[93.0067,11.9487],[93.0162,11.9575],[93.0021,11.9791],[93.0104,11.975],[93.0195,11.9575],[93.0104,11.9492],[93.0225,11.9462],[93.0329,11.9308],[93.0083,11.9446],[93.0037,11.9342],[93.0146,11.9258],[93.0313,11.8875],[93.0483,11.8796],[93.0612,11.9008],[93.0488,11.9433],[93.037,11.9533],[93.0146,12.0025],[93.0162,12.0183],[92.9908,12.0403],[92.9821,12.0382],[92.9808,12.0287],[92.9754,12.0332]]],[[[93.0058,12.1029],[92.9708,12.1045],[92.9679,12.0941],[92.9788,12.0874],[92.9687,12.0782],[92.9696,12.0699],[92.9804,12.0641],[92.9779,12.0558],[92.9858,12.057],[92.9975,12.0453],[93.0062,12.0483],[93.0087,12.0625],[93.0058,12.1029]]],[[[92.9754,12.1474],[92.9725,12.1511],[92.9621,12.1424],[92.9679,12.1182],[92.995,12.112],[93.0046,12.125],[93.0029,12.1367],[92.9959,12.1445],[92.9754,12.1474]]],[[[93.0321,12.1475],[93.035,12.1637],[93.0129,12.1483],[93.0079,12.1317],[93.0137,12.08],[93.0517,12.0446],[93.0587,12.0691],[93.0396,12.1016],[93.0387,12.1317],[93.0225,12.1412],[93.0329,12.1408],[93.0321,12.1475]]],[[[93.0792,12.2087],[93.0733,12.2113],[93.0546,12.1758],[93.0446,12.1258],[93.0617,12.1171],[93.0563,12.1092],[93.0808,12.0821],[93.0962,12.0967],[93.092,12.1267],[93.1021,12.1441],[93.092,12.1491],[93.0996,12.1766],[93.0929,12.1758],[93.0963,12.1917],[93.0792,12.2087]]],[[[92.9416,12.192],[92.9496,12.2149],[92.9433,12.2229],[92.9304,12.2141],[92.9416,12.192]]],[[[92.7096,12.2274],[92.7033,12.2395],[92.6954,12.2124],[92.6874,12.222],[92.6821,12.2141],[92.68,12.1737],[92.6762,12.2091],[92.6687,12.2091],[92.6287,12.1016],[92.6254,12.0732],[92.6329,12.0408],[92.6254,12.0374],[92.6288,12.0224],[92.6204,12.0124],[92.6271,11.9866],[92.6221,11.9841],[92.6238,11.9333],[92.6154,11.9191],[92.6229,11.8841],[92.615,11.8471],[92.6112,11.8933],[92.6008,11.8996],[92.6021,11.8899],[92.5938,11.8841],[92.5912,11.9192],[92.5796,11.925],[92.5716,11.9404],[92.5617,11.9179],[92.5567,11.9221],[92.5421,11.9083],[92.5471,11.9],[92.5338,11.8891],[92.5212,11.8433],[92.5271,11.8375],[92.5238,11.8291],[92.5333,11.8221],[92.5475,11.8362],[92.5524,11.8263],[92.5521,11.8425],[92.5571,11.8433],[92.5596,11.8308],[92.5487,11.8133],[92.5587,11.8075],[92.5579,11.7783],[92.5646,11.7675],[92.5587,11.7608],[92.5612,11.7217],[92.5721,11.6916],[92.5813,11.695],[92.5813,11.7125],[92.5933,11.7121],[92.5958,11.7196],[92.6017,11.7071],[92.6066,11.7121],[92.6129,11.7025],[92.6012,11.7025],[92.607,11.6817],[92.5995,11.6667],[92.6104,11.6533],[92.6129,11.6341],[92.635,11.6246],[92.6399,11.6379],[92.6433,11.6271],[92.6496,11.63],[92.6433,11.6129],[92.635,11.6196],[92.6325,11.6121],[92.6146,11.6141],[92.6137,11.59],[92.6279,11.5725],[92.6263,11.5575],[92.6425,11.5746],[92.6562,11.5666],[92.6496,11.5533],[92.6571,11.5491],[92.6521,11.5341],[92.6562,11.515],[92.6758,11.4987],[92.6833,11.5062],[92.7096,11.4992],[92.7192,11.4729],[92.7362,11.5075],[92.7312,11.5224],[92.7429,11.5374],[92.7462,11.5492],[92.7404,11.5558],[92.7495,11.565],[92.7621,11.6083],[92.7587,11.6341],[92.7413,11.6325],[92.7629,11.6391],[92.7629,11.6584],[92.7558,11.6704],[92.7408,11.6671],[92.7383,11.6754],[92.7292,11.6771],[92.7254,11.66],[92.7387,11.6533],[92.7208,11.6479],[92.7221,11.6391],[92.7054,11.6466],[92.7096,11.6367],[92.7021,11.6317],[92.7033,11.6163],[92.6983,11.6229],[92.6946,11.6167],[92.69,11.6321],[92.6796,11.6208],[92.672,11.6475],[92.6933,11.6462],[92.6958,11.6579],[92.7179,11.6658],[92.7112,11.6708],[92.7138,11.6933],[92.6979,11.6925],[92.7091,11.7013],[92.7212,11.6908],[92.725,11.7004],[92.7325,11.6904],[92.7458,11.6921],[92.7483,11.6829],[92.7546,11.6875],[92.7512,11.705],[92.7571,11.6958],[92.7629,11.6975],[92.7629,11.7283],[92.7746,11.745],[92.7812,11.8108],[92.7954,11.8458],[92.7988,11.8825],[92.7895,11.8883],[92.8004,11.8966],[92.7937,11.9],[92.7979,11.9166],[92.79,11.9354],[92.7525,11.9304],[92.7394,11.8928],[92.7329,11.9],[92.7329,11.9291],[92.7275,11.9312],[92.7229,11.9233],[92.7337,11.9491],[92.7237,11.9583],[92.7438,11.9641],[92.7333,11.977],[92.7616,11.9771],[92.7663,11.9867],[92.7521,11.995],[92.7729,12],[92.7733,12.012],[92.7617,12.0036],[92.7567,12.0162],[92.7454,12.0141],[92.7496,12.0191],[92.7421,12.0224],[92.7487,12.0282],[92.7429,12.0299],[92.76,12.032],[92.7708,12.0204],[92.7838,12.0266],[92.7804,12.0358],[92.7979,12.0507],[92.7721,12.0449],[92.7484,12.062],[92.7496,12.0516],[92.7391,12.0537],[92.7333,12.0453],[92.7175,12.0428],[92.7121,12.0491],[92.7309,12.0478],[92.7383,12.057],[92.7471,12.0549],[92.7404,12.0991],[92.7529,12.1141],[92.7637,12.1724],[92.7417,12.1812],[92.7071,12.1633],[92.7204,12.1891],[92.7096,12.2274]]],[[[92.7404,12.2058],[92.7391,12.2403],[92.7296,12.2299],[92.7312,12.1899],[92.7433,12.192],[92.7541,12.1779],[92.7746,12.1824],[92.7716,12.222],[92.755,12.2262],[92.75,12.2345],[92.7521,12.2191],[92.7437,12.2166],[92.7404,12.2058]]],[[[92.9154,12.2432],[92.9083,12.2512],[92.8942,12.2387],[92.8829,12.2416],[92.8779,12.2308],[92.8866,12.2061],[92.8887,12.2216],[92.8983,12.2295],[92.9125,12.2287],[92.9229,12.2157],[92.9221,12.2366],[92.9154,12.2432]]],[[[93.1137,12.2375],[93.1125,12.2587],[93.1046,12.2416],[93.095,12.2371],[93.0938,12.255],[93.0875,12.2587],[93.0762,12.2508],[93.0687,12.2292],[93.0959,12.2262],[93.1108,12.2037],[93.1137,12.2375]]],[[[93.8608,12.2813],[93.8454,12.2675],[93.8446,12.2558],[93.8533,12.247],[93.87,12.2521],[93.8762,12.2633],[93.8729,12.275],[93.8608,12.2813]]],[[[92.7175,12.2954],[92.7137,12.2416],[92.7233,12.227],[92.7362,12.2925],[92.7175,12.2954]]],[[[92.9504,12.2774],[92.9429,12.2866],[92.9458,12.3079],[92.9388,12.3016],[92.9383,12.2762],[92.9225,12.2887],[92.9112,12.2858],[92.9079,12.2666],[92.9271,12.2657],[92.9325,12.2295],[92.9504,12.2774]]],[[[92.8266,12.3029],[92.8174,12.3087],[92.8033,12.3012],[92.7808,12.3078],[92.7754,12.2966],[92.7858,12.2987],[92.7862,12.2766],[92.7742,12.2562],[92.7608,12.2687],[92.7495,12.2466],[92.7692,12.227],[92.7862,12.2374],[92.7746,12.2049],[92.7779,12.1833],[92.7629,12.1516],[92.7562,12.1082],[92.7462,12.0941],[92.7487,12.0782],[92.765,12.072],[92.7733,12.0587],[92.78,12.0703],[92.7992,12.0753],[92.7988,12.0841],[92.8096,12.0891],[92.7921,12.0991],[92.8196,12.1049],[92.8204,12.1141],[92.8096,12.1266],[92.8191,12.1262],[92.8329,12.1474],[92.8233,12.1595],[92.8317,12.167],[92.8333,12.1603],[92.855,12.1537],[92.8646,12.1641],[92.8625,12.1879],[92.8566,12.1829],[92.8508,12.1945],[92.87,12.1987],[92.8816,12.1887],[92.8887,12.1932],[92.8696,12.2391],[92.8979,12.2549],[92.8988,12.2633],[92.8912,12.2624],[92.8946,12.2833],[92.8821,12.2841],[92.8779,12.2899],[92.8837,12.2949],[92.8767,12.3012],[92.8325,12.2979],[92.8266,12.3029]]],[[[92.8758,12.4053],[92.8625,12.4079],[92.8529,12.3999],[92.8725,12.377],[92.8829,12.3758],[92.8866,12.3837],[92.8925,12.3703],[92.9037,12.3974],[92.9004,12.4041],[92.8883,12.3978],[92.8758,12.4053]]],[[[92.9704,12.4124],[92.9675,12.4328],[92.9571,12.4241],[92.9575,12.412],[92.9532,12.4187],[92.9395,12.4132],[92.9321,12.3933],[92.9379,12.3841],[92.9287,12.3774],[92.9275,12.3603],[92.9416,12.3545],[92.9529,12.3974],[92.9704,12.4124]]],[[[92.7249,12.8254],[92.7162,12.8241],[92.7045,12.7916],[92.7212,12.7508],[92.7204,12.7191],[92.7316,12.7154],[92.727,12.7474],[92.7303,12.7516],[92.7358,12.7404],[92.737,12.7533],[92.7245,12.7683],[92.7249,12.8254]]],[[[92.7399,12.8612],[92.727,12.8599],[92.717,12.8391],[92.7216,12.8287],[92.7329,12.8366],[92.7399,12.8612]]],[[[92.9095,12.9108],[92.9074,12.9237],[92.9037,12.8949],[92.8849,12.892],[92.8836,12.8833],[92.8691,12.8753],[92.8561,12.8774],[92.8566,12.8912],[92.8441,12.8845],[92.8266,12.8946],[92.8033,12.8879],[92.7883,12.8245],[92.7782,12.842],[92.7708,12.8345],[92.7608,12.842],[92.7533,12.8212],[92.7487,12.8325],[92.7491,12.8095],[92.7429,12.8299],[92.7303,12.8225],[92.732,12.7933],[92.7429,12.7924],[92.7312,12.7866],[92.732,12.7799],[92.7445,12.73],[92.7521,12.7224],[92.7462,12.7141],[92.7495,12.6966],[92.7379,12.6966],[92.7429,12.6691],[92.7799,12.6712],[92.7962,12.7008],[92.7916,12.6329],[92.7837,12.6657],[92.7591,12.667],[92.7429,12.6549],[92.7445,12.6383],[92.7324,12.6229],[92.7241,12.6428],[92.7191,12.6137],[92.6937,12.6124],[92.6949,12.602],[92.7153,12.5975],[92.7104,12.5891],[92.7162,12.5574],[92.7012,12.5183],[92.7179,12.4916],[92.7096,12.4699],[92.7154,12.4524],[92.7071,12.4183],[92.7071,12.3875],[92.7137,12.3875],[92.7063,12.3274],[92.7171,12.3199],[92.7187,12.3074],[92.7374,12.3003],[92.7441,12.3061],[92.7466,12.2961],[92.7646,12.2949],[92.7683,12.3046],[92.77,12.297],[92.7808,12.3154],[92.8,12.3062],[92.8158,12.3137],[92.835,12.302],[92.897,12.3208],[92.8949,12.3295],[92.8754,12.3316],[92.9025,12.3354],[92.8996,12.3457],[92.8662,12.3616],[92.8696,12.3674],[92.8587,12.3857],[92.8429,12.3982],[92.8512,12.4007],[92.8396,12.4141],[92.8404,12.4233],[92.8087,12.4333],[92.8099,12.457],[92.8154,12.4516],[92.8112,12.4358],[92.8583,12.4195],[92.8783,12.4237],[92.8883,12.4103],[92.8958,12.4195],[92.9075,12.4128],[92.9071,12.4191],[92.8504,12.4699],[92.8641,12.4595],[92.8724,12.462],[92.872,12.4558],[92.8917,12.442],[92.9096,12.4574],[92.8979,12.4408],[92.9179,12.4191],[92.9225,12.402],[92.9329,12.4224],[92.9296,12.4375],[92.9471,12.4441],[92.9533,12.4587],[92.9679,12.4574],[92.9704,12.4683],[92.9633,12.4712],[92.9408,12.4604],[92.9324,12.4637],[92.9433,12.4645],[92.9412,12.4766],[92.9554,12.4808],[92.9583,12.4937],[92.9683,12.4795],[92.9787,12.4883],[92.9762,12.5007],[92.9895,12.5349],[92.9654,12.5991],[92.9679,12.6124],[92.9599,12.6187],[92.9487,12.6158],[92.9679,12.6224],[92.9754,12.7016],[92.9912,12.7083],[92.9737,12.7208],[92.9778,12.7366],[92.9562,12.7599],[92.9587,12.7675],[92.9412,12.7733],[92.9637,12.7908],[92.9545,12.8208],[92.9571,12.8357],[92.9471,12.8357],[92.9495,12.8532],[92.937,12.8599],[92.937,12.8841],[92.9145,12.8824],[92.9303,12.9091],[92.9095,12.9108]]],[[[92.7107,12.9862],[92.6982,12.9904],[92.677,12.9633],[92.6761,12.9433],[92.6853,12.9399],[92.677,12.9242],[92.6779,12.8816],[92.6579,12.8575],[92.6753,12.8058],[92.6679,12.7874],[92.6775,12.7787],[92.6853,12.8008],[92.697,12.8066],[92.6954,12.8191],[92.6857,12.8179],[92.6854,12.8233],[92.707,12.8308],[92.7087,12.8441],[92.7303,12.8674],[92.7212,12.8774],[92.7299,12.877],[92.7345,12.8891],[92.7212,12.9425],[92.7253,12.9766],[92.7107,12.9862]]],[[[93.0171,12.9875],[93.0166,12.9937],[93.0059,12.9871],[92.9949,12.9895],[92.9866,12.967],[92.9724,12.9862],[92.9628,12.9733],[92.9754,12.9624],[92.9658,12.9637],[92.9645,12.9582],[92.9812,12.9516],[92.982,12.9432],[92.9707,12.9445],[92.9616,12.9345],[92.9808,12.9371],[92.9912,12.9274],[92.9978,12.9508],[92.9929,12.9624],[93.0171,12.9875]]],[[[92.935,13.0246],[92.9262,13.0108],[92.9287,12.9991],[92.9508,12.9937],[92.9504,13.0208],[92.935,13.0246]]],[[[92.7192,13.0979],[92.7024,13.1062],[92.6979,13.085],[92.7167,13.0612],[92.7346,13.09],[92.7325,13.0962],[92.7192,13.0979]]],[[[94.295,13.4454],[94.2871,13.4466],[94.277,13.4266],[94.2771,13.42],[94.2908,13.4121],[94.3004,13.4174],[94.3054,13.4333],[94.3029,13.4467],[94.295,13.4454]]],[[[93.0487,13.5458],[93.0367,13.5746],[93.0279,13.5658],[93.0225,13.5413],[93.0154,13.5608],[92.9987,13.5658],[92.9929,13.5525],[92.9975,13.5279],[92.9825,13.5296],[92.9767,13.5396],[92.955,13.5312],[92.9292,13.5321],[92.9258,13.5212],[92.9413,13.5208],[92.9187,13.5042],[92.9321,13.505],[92.9379,13.4941],[92.91,13.4963],[92.9075,13.4762],[92.8787,13.4667],[92.8821,13.4383],[92.89,13.4379],[92.8937,13.4292],[92.8779,13.4183],[92.8863,13.4033],[92.8783,13.4096],[92.8766,13.3996],[92.8566,13.4087],[92.8521,13.4],[92.8521,13.3883],[92.8637,13.3825],[92.8863,13.3858],[92.8629,13.3741],[92.8599,13.3579],[92.8567,13.3729],[92.8491,13.3737],[92.8421,13.3633],[92.8429,13.3366],[92.8329,13.3258],[92.8296,13.3067],[92.8496,13.2975],[92.8442,13.2812],[92.8325,13.2871],[92.8296,13.2666],[92.8421,13.2624],[92.8475,13.2521],[92.8608,13.2529],[92.8621,13.2358],[92.8475,13.2412],[92.8354,13.2333],[92.8304,13.2142],[92.8396,13.2142],[92.8262,13.1783],[92.8412,13.1675],[92.8224,13.1704],[92.8171,13.1517],[92.8275,13.1388],[92.85,13.1404],[92.857,13.135],[92.8454,13.1325],[92.85,13.1204],[92.8333,13.1321],[92.817,13.1225],[92.8225,13.1096],[92.8329,13.1117],[92.8275,13.0912],[92.8225,13.1004],[92.8137,13.0933],[92.8141,13.0762],[92.8224,13.0721],[92.8116,13.0712],[92.8087,13.0858],[92.7987,13.0883],[92.8071,13.0283],[92.8,13.0271],[92.7946,13.0133],[92.8074,13.0029],[92.8275,13.0021],[92.8371,13.0092],[92.8266,12.9829],[92.8149,12.9812],[92.8082,12.9895],[92.7995,12.9741],[92.807,12.9666],[92.7991,12.9662],[92.7978,12.9575],[92.8071,12.9433],[92.8037,12.9132],[92.8095,12.8983],[92.8258,12.8987],[92.8432,12.8895],[92.8574,12.8953],[92.8607,12.8803],[92.8766,12.8812],[92.8828,12.9016],[92.8687,12.9066],[92.8649,12.9379],[92.8741,12.9304],[92.8878,12.9374],[92.8837,12.9491],[92.8903,12.9691],[92.9061,12.9908],[92.9145,12.9791],[92.9149,12.9446],[92.9291,12.9587],[92.9366,12.952],[92.947,12.9666],[92.9391,12.987],[92.9249,12.9845],[92.922,12.9958],[92.9144,12.9966],[92.9112,13.0191],[92.9212,13.0416],[92.9083,13.0479],[92.8958,13.0337],[92.8871,13.0408],[92.895,13.0379],[92.9033,13.0512],[92.9204,13.0566],[92.9062,13.07],[92.9042,13.0821],[92.8946,13.0825],[92.8967,13.0887],[92.9104,13.0833],[92.9283,13.0537],[92.94,13.0504],[92.9379,13.0783],[92.9496,13.0958],[92.9421,13.0758],[92.9454,13.0583],[92.9537,13.0625],[92.9437,13.035],[92.9699,13.007],[92.9821,13.0108],[92.9766,13.0313],[92.9941,13.0212],[93.0059,13.0337],[93.015,13.0237],[93.0229,13.0433],[93.0413,13.0575],[93.0338,13.0691],[93.0462,13.0824],[93.0404,13.1191],[93.0488,13.1291],[93.0437,13.1858],[93.0554,13.2033],[93.0496,13.2175],[93.0646,13.2283],[93.0729,13.2633],[93.0542,13.2554],[93.0488,13.2667],[93.0546,13.2742],[93.04,13.2721],[93.0317,13.2787],[93.0208,13.2729],[93.0279,13.2916],[93.0163,13.2983],[93.0184,13.3162],[93.0012,13.2924],[93.0062,13.2842],[92.9971,13.2883],[92.9937,13.2967],[93.0025,13.2987],[93.0062,13.3092],[92.9858,13.3229],[92.9725,13.3229],[92.9629,13.3425],[92.9741,13.3596],[92.9787,13.3417],[92.9966,13.3246],[93.0125,13.3479],[93.0425,13.3404],[93.0517,13.3504],[93.0479,13.3183],[93.0683,13.3246],[93.0716,13.3054],[93.0963,13.3275],[93.0962,13.3358],[93.0779,13.345],[93.0596,13.3758],[93.0604,13.3858],[93.0796,13.3992],[93.0679,13.395],[93.0704,13.4125],[93.0533,13.4021],[93.04,13.4237],[93.0242,13.4262],[93.0208,13.4204],[93.0154,13.4275],[93.0421,13.4308],[93.0413,13.4525],[93.0287,13.4575],[93.0408,13.4595],[93.045,13.4804],[93.0504,13.4792],[93.0487,13.5458]]],[[[93.0292,13.6696],[93.0191,13.6596],[93.0158,13.6654],[92.9942,13.6604],[92.9904,13.65],[92.9958,13.6379],[93.0233,13.6429],[93.04,13.6221],[93.0437,13.6291],[93.0292,13.6696]]],[[[88.1929,21.5737],[88.1778,21.5997],[88.1701,21.5911],[88.1764,21.5728],[88.1879,21.5681],[88.1929,21.5737]]],[[[88.53,21.5602],[88.5321,21.5814],[88.4972,21.5997],[88.4917,21.596],[88.4817,21.5591],[88.5024,21.5496],[88.5097,21.5577],[88.5091,21.5475],[88.53,21.5502],[88.53,21.5602]]],[[[88.8453,21.5995],[88.8343,21.6065],[88.8311,21.5771],[88.8402,21.5646],[88.884,21.5574],[88.8976,21.5627],[88.8996,21.5687],[88.8841,21.5862],[88.8453,21.5995]]],[[[88.5529,21.6312],[88.5241,21.6525],[88.5249,21.6233],[88.5112,21.6052],[88.5116,21.599],[88.5382,21.5875],[88.5447,21.5685],[88.579,21.58],[88.5899,21.6017],[88.5889,21.612],[88.5882,21.6067],[88.5529,21.6312]]],[[[88.3083,21.7063],[88.3003,21.705],[88.3162,21.665],[88.3071,21.6134],[88.3175,21.6062],[88.3425,21.6244],[88.3533,21.6513],[88.3433,21.6649],[88.3496,21.6745],[88.3445,21.6917],[88.3302,21.7048],[88.3083,21.7063]]],[[[88.7266,21.6657],[88.7038,21.6844],[88.6971,21.7106],[88.6896,21.6829],[88.7121,21.6633],[88.7208,21.6391],[88.7098,21.5913],[88.731,21.5761],[88.7519,21.5961],[88.7491,21.5872],[88.7578,21.5806],[88.791,21.5844],[88.7953,21.5979],[88.7742,21.6172],[88.7688,21.6546],[88.7499,21.6504],[88.7266,21.6657]]],[[[88.2108,21.6704],[88.1963,21.6817],[88.1992,21.6929],[88.2162,21.6991],[88.205,21.7237],[88.1879,21.71],[88.1804,21.6892],[88.2021,21.6066],[88.2133,21.5954],[88.2112,21.62],[88.2329,21.6416],[88.2271,21.6683],[88.2108,21.6704]]],[[[88.5589,21.7299],[88.5413,21.7368],[88.5178,21.7116],[88.5345,21.6701],[88.5284,21.6588],[88.5443,21.6387],[88.5538,21.6427],[88.557,21.6352],[88.5965,21.62],[88.6027,21.6231],[88.5867,21.6605],[88.6028,21.6746],[88.6027,21.6842],[88.5698,21.7326],[88.5589,21.7299]]],[[[88.5449,21.8118],[88.529,21.8035],[88.5049,21.7723],[88.5036,21.7647],[88.5136,21.7664],[88.5036,21.7614],[88.5086,21.7405],[88.5227,21.7194],[88.5398,21.7377],[88.5595,21.7304],[88.5713,21.735],[88.562,21.7628],[88.5711,21.7897],[88.5449,21.8118]]],[[[88.5983,21.8473],[88.5908,21.8523],[88.5848,21.8458],[88.5771,21.8161],[88.5909,21.7978],[88.6129,21.7987],[88.6071,21.8147],[88.6177,21.8287],[88.5983,21.8473]]],[[[88.1687,21.7858],[88.1762,21.81],[88.1366,21.8754],[88.1062,21.835],[88.0879,21.7949],[88.0904,21.7842],[88.0796,21.7767],[88.077,21.7525],[88.0521,21.715],[88.0596,21.7099],[88.0387,21.665],[88.0517,21.6404],[88.0725,21.6312],[88.0908,21.6379],[88.0867,21.6304],[88.11,21.6229],[88.1341,21.6246],[88.1487,21.6342],[88.1587,21.6475],[88.1571,21.6741],[88.1279,21.68],[88.1554,21.6817],[88.1721,21.7358],[88.1687,21.7858]]],[[[88.6463,21.9172],[88.6351,21.9176],[88.6234,21.9017],[88.6288,21.8872],[88.6189,21.8955],[88.5951,21.8584],[88.6209,21.8309],[88.6125,21.8167],[88.6201,21.7968],[88.6367,21.7862],[88.6427,21.7886],[88.6531,21.8679],[88.6409,21.8717],[88.6522,21.8721],[88.6674,21.9127],[88.6463,21.9172]]],[[[88.6637,22.0186],[88.654,22.0191],[88.6392,22.0039],[88.6294,21.959],[88.6346,21.952],[88.6557,21.9555],[88.6793,21.9443],[88.6858,21.9529],[88.6744,21.952],[88.6938,21.9647],[88.6848,21.9751],[88.693,21.9695],[88.7151,22.0005],[88.6637,22.0186]]],[[[88.0702,21.9217],[88.1433,22.0279],[88.0802,22.0093],[88.0593,21.9693],[88.0488,21.916],[88.0702,21.9217]]],[[[68.1679,23.7341],[68.1948,23.7876],[68.1644,23.7631],[68.1679,23.7341]]],[[[68.3277,23.9333],[68.3165,23.9401],[68.3154,23.9339],[68.3277,23.9333]]]]}}]}
