page_number,college_code,college_name,choice_code,course_name,SI,MS_seats,minority_seats,all_india,institute_seats,orphan,CAP_seats,seat_type,OPEN_General,OPEN_Ladies,SC_General,SC_Ladies,ST_General,ST_Ladies,VJ_DT_General,VJ_DT_Ladies,NTB_General,NTB_Ladies,NTC_General,NTC_Ladies,NTD_General,NTD_Ladies,OBC_General,OBC_Ladies,SEBC_General,SEBC_Ladies,Total,PWD_total,PWD_common_reserved,DEF_total,DEF_common_reserved,EWS_seats,TFWS_choice_code,TFWS_seats
1,01002,"Government College of Engineering, Amravati",0100219110,Civil Engineering,60,60,0,0,0,1,60,State_Level,15,7,6,2,3,1,1,1,1,0,1,1,1,0,6,3,4,2,55,2,1,2,1,6,0100219111T,3
2,01002,"Government College of Engineering, Amravati",0100224210,Computer Science and Engineering,60,60,0,0,0,1,60,State_Level,15,6,5,3,3,1,1,0,1,1,2,0,0,1,7,3,4,2,55,2,1,2,1,6,0100224211T,3
3,01002,"Government College of Engineering, Amravati",0100224610,Information Technology,60,60,0,0,0,1,60,State_Level,16,6,5,2,2,2,2,0,2,0,1,1,1,0,7,2,5,1,55,2,1,2,1,6,0100224611T,3
4,01002,"Government College of Engineering, Amravati",0100229310,Electrical Engineering,60,60,0,0,0,1,60,State_Level,15,7,6,2,3,1,1,1,0,1,2,0,1,0,6,3,4,2,55,2,1,2,1,6,0100229311T,3
5,01002,"Government College of Engineering, Amravati",0100237210,Electronics and Telecommunication Engg,60,60,0,0,0,1,60,State_Level,15,7,5,2,4,1,1,1,1,0,1,1,1,0,6,3,4,2,55,2,1,2,1,6,0100237211T,3
6,01002,"Government College of Engineering, Amravati",0100246610,Instrumentation Engineering,30,30,0,0,0,0,30,State_Level,7,3,2,2,1,1,1,0,1,0,1,0,0,1,4,1,2,1,28,1,1,1,1,3,0100246611T,2
7,01002,"Government College of Engineering, Amravati",0100261210,Mechanical Engineering,60,60,0,0,0,1,60,State_Level,16,6,6,2,3,1,1,0,1,1,1,1,1,0,6,3,4,2,55,2,1,2,1,6,0100261211T,3
8,01105,"Prof. Ram Meghe Institute of Technology & Research, Amravati",0110519110,Civil Engineering,120,102,0,18,0,1,120,State_Level,25,11,8,3,5,2,2,1,2,1,3,1,1,1,12,5,6,2,91,5,0,5,0,12,0110519111T,6
9,01105,"Prof. Ram Meghe Institute of Technology & Research, Amravati",0110524210,Computer Science and Engineering,180,117,0,27,36,1,144,State_Level,30,13,9,4,5,3,2,1,2,1,3,1,2,0,14,6,7,3,106,5,1,5,1,18,0110524211T,9
10,01105,"Prof. Ram Meghe Institute of Technology & Research, Amravati",0110524610,Information Technology,120,78,0,18,24,1,96,State_Level,18,8,5,3,5,1,2,1,2,0,2,1,0,1,9,4,5,2,69,4,0,4,0,12,0110524611T,6
11,01105,"Prof. Ram Meghe Institute of Technology & Research, Amravati",0110526310,Artificial Intelligence (AI) and Data Science,120,78,0,18,24,1,96,State_Level,19,8,6,2,3,2,1,1,1,1,2,1,2,0,8,4,5,3,69,4,0,4,0,12,0110526311T,6
12,01105,"Prof. Ram Meghe Institute of Technology & Research, Amravati",0110526710,Computer Science and Engineering (IoT),60,39,0,9,12,0,48,State_Level,10,4,4,1,2,1,1,0,1,0,1,0,1,0,5,2,3,1,37,1,1,1,1,6,0110526711T,3
13,01105,"Prof. Ram Meghe Institute of Technology & Research, Amravati",0110537210,Electronics and Telecommunication Engg,120,78,0,18,24,1,96,State_Level,19,8,5,3,4,1,2,1,1,1,2,1,0,1,9,3,6,2,69,4,0,4,0,12,0110537211T,6
14,01105,"Prof. Ram Meghe Institute of Technology & Research, Amravati",0110561210,Mechanical Engineering,120,102,0,18,0,1,120,State_Level,25,11,8,3,5,2,2,1,2,1,3,1,2,0,12,5,5,3,91,5,0,5,0,12,0110561211T,6
15,01107,"P. R. Pote Patil College of Engineering & Management, Amravati",0110719110,Civil Engineering,60,39,0,9,12,0,48,State_Level,10,4,3,2,2,1,1,0,1,0,0,1,0,1,5,2,3,1,37,1,1,1,1,6,0110719111T,3
16,01107,"P. R. Pote Patil College of Engineering & Management, Amravati",0110724210,Computer Science and Engineering,180,117,0,27,36,1,144,State_Level,29,13,9,4,5,3,2,1,2,1,3,1,2,0,14,7,7,3,106,5,1,5,1,18,0110724211T,9
17,01107,"P. R. Pote Patil College of Engineering & Management, Amravati",0110729310,Electrical Engineering,60,39,0,9,12,0,48,State_Level,10,4,4,1,2,1,1,0,1,0,1,0,0,1,5,2,3,1,37,1,1,1,1,6,0110729311T,3
18,01107,"P. R. Pote Patil College of Engineering & Management, Amravati",0110737210,Electronics and Telecommunication Engg,60,39,0,9,12,0,48,State_Level,9,4,3,2,3,0,1,1,0,1,0,1,1,0,5,2,3,1,37,1,1,1,1,6,0110737211T,3
19,01107,"P. R. Pote Patil College of Engineering & Management, Amravati",0110761210,Mechanical Engineering,60,39,0,9,12,0,48,State_Level,10,4,4,1,1,1,1,0,1,0,1,0,1,0,6,2,3,1,37,1,1,1,1,6,0110761211T,3
20,01107,"P. R. Pote Patil College of Engineering & Management, Amravati",0110791110,Computer Science and Engineering(Artificial,180,117,0,27,36,1,144,State_Level,29,13,10,4,6,2,2,1,2,1,3,1,1,1,14,6,7,3,106,5,1,5,1,18,0110791111T,9
21,01107,"P. R. Pote Patil College of Engineering & Management, Amravati",0110799510,Artificial Intelligence and Data Science,180,117,0,27,36,1,144,State_Level,30,13,9,4,6,3,3,1,2,0,3,1,2,0,14,6,6,3,106,5,1,5,1,18,0110799511T,9
22,01114,"Sipna Shikshan Prasarak Mandal College of Engineering & Technology, Amravati",0111419110,Civil Engineering,60,39,0,9,12,0,48,State_Level,10,4,3,2,2,1,1,0,0,1,0,1,0,1,5,2,3,1,37,1,1,1,1,6,0111419111T,3
23,01114,"Sipna Shikshan Prasarak Mandal College of Engineering & Technology, Amravati",0111424210,Computer Science and Engineering,180,117,0,27,36,1,144,State_Level,30,13,9,4,6,2,2,2,2,0,3,1,2,0,14,6,7,3,106,5,1,5,1,18,0111424211T,9
24,01114,"Sipna Shikshan Prasarak Mandal College of Engineering & Technology, Amravati",0111424610,Information Technology,120,78,0,18,24,1,96,State_Level,19,8,6,2,3,2,2,0,1,1,2,0,1,1,9,4,5,3,69,4,0,4,0,12,0111424611T,6
25,01114,"Sipna Shikshan Prasarak Mandal College of Engineering & Technology, Amravati",0111426310,Artificial Intelligence (AI) and Data Science,60,39,0,9,12,0,48,State_Level,10,4,4,1,2,1,0,1,1,0,0,1,1,0,5,2,3,1,37,1,1,1,1,6,0111426311T,3
26,01114,"Sipna Shikshan Prasarak Mandal College of Engineering & Technology, Amravati",0111437210,Electronics and Telecommunication Engg,120,78,0,18,24,1,96,State_Level,19,8,5,3,4,2,3,0,1,1,2,1,1,0,8,4,5,2,69,4,0,4,0,12,0111437211T,6
27,01114,"Sipna Shikshan Prasarak Mandal College of Engineering & Technology, Amravati",0111461210,Mechanical Engineering,60,39,0,9,12,0,48,State_Level,9,4,4,1,2,1,0,1,1,0,1,0,0,1,6,2,3,1,37,1,1,1,1,6,0111461211T,3
28,01127,"Jagadambha Bahuuddeshiya Gramin Vikas Sanstha's Jagdambha College of Engineering and Technology, Yavatmal",0112719110,Civil Engineering,30,23,0,5,2,0,28,State_Level,5,3,2,1,2,0,1,0,0,0,1,0,0,0,2,2,1,1,21,1,0,1,0,3,0112719111T,2
29,01127,"Jagadambha Bahuuddeshiya Gramin Vikas Sanstha's Jagdambha College of Engineering and Technology, Yavatmal",0112724510,Computer Engineering,120,84,0,18,18,1,102,State_Level,20,9,5,3,4,2,1,1,1,1,2,1,2,0,10,4,7,2,75,4,0,4,0,12,0112724511T,6
30,01127,"Jagadambha Bahuuddeshiya Gramin Vikas Sanstha's Jagdambha College of Engineering and Technology, Yavatmal",0112729310,Electrical Engineering,60,51,0,9,0,1,60,State_Level,13,5,5,2,2,1,1,0,2,0,1,1,0,1,5,2,3,2,46,2,1,2,1,6,0112729311T,3
31,01127,"Jagadambha Bahuuddeshiya Gramin Vikas Sanstha's Jagdambha College of Engineering and Technology, Yavatmal",0112737210,Electronics and Telecommunication Engg,60,48,0,9,3,0,57,State_Level,12,5,4,2,3,1,1,1,0,1,2,0,1,0,6,3,3,1,46,1,1,1,1,6,0112737211T,3
32,01127,"Jagadambha Bahuuddeshiya Gramin Vikas Sanstha's Jagdambha College of Engineering and Technology, Yavatmal",0112761210,Mechanical Engineering,60,51,0,9,0,1,60,State_Level,12,6,5,2,2,1,1,0,1,0,1,1,1,0,6,2,3,2,46,2,1,2,1,6,0112761211T,3
33,02008,"Government College of Engineering, Chhatrapati Sambhajinagar",0200819110,Civil Engineering,60,60,0,0,0,1,60,State_Level,16,6,6,2,3,1,1,0,2,0,2,0,0,1,6,3,5,1,55,2,1,2,1,6,0200819111T,3
34,02008,"Government College of Engineering, Chhatrapati Sambhajinagar",0200824210,Computer Science and Engineering,60,60,0,0,0,1,60,State_Level,15,6,6,2,3,2,1,1,0,1,1,1,1,0,7,2,4,2,55,2,1,2,1,6,0200824211T,3
35,02008,"Government College of Engineering, Chhatrapati Sambhajinagar",0200824610,Information Technology,60,60,0,0,0,1,60,State_Level,15,7,5,3,3,1,1,0,2,0,1,1,1,0,6,3,4,2,55,2,1,2,1,6,0200824611T,3
36,02008,"Government College of Engineering, Chhatrapati Sambhajinagar",0200829310,Electrical Engineering,60,60,0,0,0,1,60,State_Level,15,7,6,2,3,1,1,1,0,1,2,0,1,0,6,3,4,2,55,2,1,2,1,6,0200829311T,3
37,02008,"Government College of Engineering, Chhatrapati Sambhajinagar",0200837210,Electronics and Telecommunication Engg,60,60,0,0,0,1,60,State_Level,15,6,5,3,3,1,1,0,2,0,1,1,0,1,7,3,4,2,55,2,1,2,1,6,0200837211T,3
38,02008,"Government College of Engineering, Chhatrapati Sambhajinagar",0200861210,Mechanical Engineering,60,60,0,0,0,1,60,State_Level,15,7,6,2,3,1,1,1,0,1,2,0,1,0,6,3,5,1,55,2,1,2,1,6,0200861211T,3
39,02020,"Shri Guru Gobind Singhji Institute of Engineering and Technology, Nanded",0202019110,Civil Engineering,60,58,0,0,2,1,58,State_Level,15,6,6,2,2,2,2,0,2,0,1,1,1,0,6,2,3,2,53,2,1,2,1,6,0202019111T,3
40,02020,"Shri Guru Gobind Singhji Institute of Engineering and Technology, Nanded",0202024210,Computer Science and Engineering,120,118,0,0,2,1,118,State_Level,30,13,9,4,6,2,3,1,1,1,3,1,1,1,15,6,7,3,107,5,1,5,1,12,0202024211T,6
41,02020,"Shri Guru Gobind Singhji Institute of Engineering and Technology, Nanded",0202024610,Information Technology,60,58,0,0,2,1,58,State_Level,15,6,5,2,3,1,1,1,2,0,1,1,1,0,6,3,4,1,53,2,1,2,1,6,0202024611T,3
42,02020,"Shri Guru Gobind Singhji Institute of Engineering and Technology, Nanded",0202029310,Electrical Engineering,30,28,0,0,2,0,28,State_Level,6,3,2,1,1,1,1,0,0,1,1,0,0,1,4,1,2,1,26,1,0,1,0,3,0202029311T,2
43,02020,"Shri Guru Gobind Singhji Institute of Engineering and Technology, Nanded",0202037210,Electronics and Telecommunication Engg,120,118,0,0,2,1,118,State_Level,30,13,9,4,6,3,3,1,2,0,3,1,2,0,14,6,7,3,107,5,1,5,1,12,0202037211T,6
44,02020,"Shri Guru Gobind Singhji Institute of Engineering and Technology, Nanded",0202046610,Instrumentation Engineering,40,38,0,0,2,0,38,State_Level,9,4,3,2,2,0,0,1,0,1,1,1,1,0,5,3,2,1,36,1,1,1,1,4,0202046611T,2
45,02020,"Shri Guru Gobind Singhji Institute of Engineering and Technology, Nanded",0202050710,Chemical Engineering,30,28,0,0,2,0,28,State_Level,6,4,3,1,1,1,1,0,1,0,1,0,0,0,4,1,1,1,26,1,0,1,0,3,0202050711T,2
46,02020,"Shri Guru Gobind Singhji Institute of Engineering and Technology, Nanded",0202060610,Production Engineering,60,58,0,0,2,1,58,State_Level,15,6,5,2,3,1,1,0,2,0,1,1,0,1,6,3,4,2,53,2,1,2,1,6,0202060611T,3
47,02020,"Shri Guru Gobind Singhji Institute of Engineering and Technology, Nanded",0202061210,Mechanical Engineering,60,58,0,0,2,1,58,State_Level,15,6,6,2,3,1,1,1,0,1,2,0,1,0,6,3,4,1,53,2,1,2,1,6,0202061211T,3
48,02020,"Shri Guru Gobind Singhji Institute of Engineering and Technology, Nanded",0202089610,Textile Technology,30,28,0,0,2,0,28,State_Level,5,4,2,1,1,1,1,0,1,0,0,1,1,0,4,1,2,1,26,1,0,1,0,3,0202089611T,2
49,02032,"Institute of Chemical Technology, Mumbai Marathwada off campus, Jalna",0203290410,Chemical Engineering,60,42,0,18,0,0,60,State_Level,11,4,3,2,2,1,0,1,1,0,1,0,0,1,5,3,3,2,40,1,1,1,1,6,0203290411T,3
50,02113,"G. S. Mandal's Maharashtra Institute of Technology, Aurangabad",0211301110,Agricultural Engineering,30,25,0,5,0,0,30,State_Level,5,3,3,1,1,0,1,0,0,0,1,0,0,0,4,1,3,0,23,1,0,1,0,3,,
51,02113,"G. S. Mandal's Maharashtra Institute of Technology, Aurangabad",0211319110,Civil Engineering,90,76,0,14,0,1,90,State_Level,18,8,5,2,4,2,2,0,1,1,2,1,1,0,8,4,5,3,67,4,0,4,0,9,,
52,02113,"G. S. Mandal's Maharashtra Institute of Technology, Aurangabad",0211324210,Computer Science and Engineering,240,156,0,36,48,2,192,State_Level,39,16,12,6,8,3,3,2,3,1,3,2,3,1,18,7,9,4,140,7,1,7,1,24,0211324211T,12
53,02113,"G. S. Mandal's Maharashtra Institute of Technology, Aurangabad",0211325710,Computer Science and Design,120,102,0,18,0,1,120,State_Level,25,12,8,3,5,2,2,1,1,1,3,1,1,1,12,5,6,2,91,5,0,5,0,12,0211325711T,6
54,02113,"G. S. Mandal's Maharashtra Institute of Technology, Aurangabad",0211326310,Artificial Intelligence (AI) and Data Science,120,96,0,18,6,1,114,State_Level,24,10,7,3,5,2,2,1,2,1,3,1,1,0,11,5,5,2,85,5,0,5,0,12,0211326311T,6
55,02113,"G. S. Mandal's Maharashtra Institute of Technology, Aurangabad",0211329310,Electrical Engineering,120,102,0,18,0,1,120,State_Level,25,11,8,3,5,2,2,1,2,1,2,1,1,1,12,6,5,3,91,5,0,5,0,12,0211329311T,6
56,02113,"G. S. Mandal's Maharashtra Institute of Technology, Aurangabad",0211337210,Electronics and Telecommunication Engg,60,51,0,9,0,1,60,State_Level,13,5,4,2,2,2,1,0,2,0,1,1,1,0,5,2,4,1,46,2,1,2,1,6,0211337211T,3
57,02113,"G. S. Mandal's Maharashtra Institute of Technology, Aurangabad",0211350110,Plastic and Polymer Engineering,60,51,0,9,0,1,60,State_Level,13,5,5,2,3,0,1,1,1,0,1,0,1,0,6,2,3,2,46,2,1,2,1,6,,
58,02113,"G. S. Mandal's Maharashtra Institute of Technology, Aurangabad",0211361210,Mechanical Engineering,120,102,0,18,0,1,120,State_Level,25,11,8,3,4,3,3,0,2,1,3,1,1,1,12,5,6,2,91,5,0,5,0,12,0211361211T,6
59,02113,"G. S. Mandal's Maharashtra Institute of Technology, Aurangabad",0211362410,Mechatronics Engineering,30,25,0,5,0,0,30,State_Level,5,3,2,1,2,0,0,1,0,1,1,0,0,0,3,2,1,1,23,1,0,1,0,3,0211362411T,2
60,02113,"G. S. Mandal's Maharashtra Institute of Technology, Aurangabad",0211384410,Electronics and Computer Engineering,120,102,0,18,0,1,120,State_Level,26,11,7,4,5,2,2,1,2,0,2,2,2,0,12,5,6,2,91,5,0,5,0,12,0211384411T,6
61,03012,"Veermata Jijabai Technological Institute(VJTI), Matunga, Mumbai",0301219110,Civil Engineering,60,60,0,0,0,1,60,State_Level,14,7,6,2,3,1,2,0,1,1,2,0,0,1,7,2,4,2,55,2,1,2,1,6,0301219111T,3
62,03012,"Veermata Jijabai Technological Institute(VJTI), Matunga, Mumbai",0301224510,Computer Engineering,60,60,0,0,0,1,60,State_Level,16,6,6,2,2,2,1,1,1,0,1,1,1,0,6,3,4,2,55,2,1,2,1,6,0301224511T,3
63,03012,"Veermata Jijabai Technological Institute(VJTI), Matunga, Mumbai",0301224610,Information Technology,60,60,0,0,0,1,60,State_Level,15,6,5,3,3,1,1,0,1,1,2,0,1,0,7,3,5,1,55,2,1,2,1,6,0301224611T,3
64,03012,"Veermata Jijabai Technological Institute(VJTI), Matunga, Mumbai",0301229310,Electrical Engineering,60,60,0,0,0,1,60,State_Level,15,7,6,2,3,1,1,1,1,0,1,1,0,1,6,3,4,2,55,2,1,2,1,6,0301229311T,3
65,03012,"Veermata Jijabai Technological Institute(VJTI), Matunga, Mumbai",0301237210,Electronics and Telecommunication Engg,60,60,0,0,0,1,60,State_Level,15,7,5,2,3,1,2,0,1,1,1,1,1,0,6,3,4,2,55,2,1,2,1,6,0301237211T,3
66,03012,"Veermata Jijabai Technological Institute(VJTI), Matunga, Mumbai",0301237610,Electronics Engineering,60,60,0,0,0,1,60,State_Level,15,6,5,3,3,1,1,1,1,0,2,0,1,0,7,3,4,2,55,2,1,2,1,6,0301237611T,3
67,03012,"Veermata Jijabai Technological Institute(VJTI), Matunga, Mumbai",0301261210,Mechanical Engineering,60,60,0,0,0,1,60,State_Level,15,7,5,2,2,2,1,1,1,1,1,1,0,1,7,2,4,2,55,2,1,2,1,6,0301261211T,3
68,03012,"Veermata Jijabai Technological Institute(VJTI), Matunga, Mumbai",0301262610,Production Engineering[Sandwich],60,60,0,0,0,1,60,State_Level,15,6,6,2,3,1,2,0,1,0,2,0,1,0,7,3,5,1,55,2,1,2,1,6,0301262611T,3
69,03012,"Veermata Jijabai Technological Institute(VJTI), Matunga, Mumbai",0301289610,Textile Technology,60,60,0,0,0,1,60,State_Level,16,6,5,3,3,1,1,1,1,0,1,1,1,0,6,3,4,2,55,2,1,2,1,6,0301289611T,3
70,03014,"Sardar Patel College of Engineering, Andheri",0301419110,Civil Engineering,60,60,0,0,0,1,60,State_Level,15,7,6,2,3,1,2,0,1,0,1,1,1,0,6,3,4,2,55,2,1,2,1,6,0301419111T,3
71,03014,"Sardar Patel College of Engineering, Andheri",0301429310,Electrical Engineering,60,60,0,0,0,1,60,State_Level,15,7,6,2,3,1,0,1,1,1,2,0,0,1,7,2,4,2,55,2,1,2,1,6,0301429311T,3
72,03014,"Sardar Patel College of Engineering, Andheri",0301461210,Mechanical Engineering,60,60,0,0,0,1,60,State_Level,16,6,5,2,2,2,2,0,1,0,1,1,1,0,7,3,4,2,55,2,1,2,1,6,0301461211T,3
73,03036,"Institute of Chemical Technology, Matunga, Mumbai",0303650710,Chemical Engineering,75,52,0,23,0,1,75,State_Level,13,6,4,2,3,1,2,0,1,0,2,0,1,0,5,2,4,1,47,2,1,2,1,8,0303650711T,4
74,03036,"Institute of Chemical Technology, Matunga, Mumbai",0303651110,Dyestuff Technology,18,13,0,5,0,0,18,State_Level,2,1,2,0,0,1,0,0,0,0,0,0,0,0,2,1,1,1,11,1,0,1,0,2,0303651111T,1
75,03036,"Institute of Chemical Technology, Matunga, Mumbai",0303651210,"Oil,Oleochemicals and Surfactants Technology",16,11,0,5,0,0,16,State_Level,0,2,1,1,1,0,0,0,1,0,0,0,0,0,1,1,1,0,9,1,0,1,0,2,0303651211T,1
76,03036,"Institute of Chemical Technology, Matunga, Mumbai",0303651310,Pharmaceuticals Chemistry and Technology,18,13,0,5,0,0,18,State_Level,2,1,2,0,0,0,0,1,0,0,0,0,1,0,2,1,1,0,11,1,0,1,0,2,0303651311T,1
77,03036,"Institute of Chemical Technology, Matunga, Mumbai",0303651410,Fibres and Textile Processing Technology,34,24,0,10,0,0,34,State_Level,5,3,2,1,2,0,0,0,0,1,0,1,0,0,4,1,1,1,22,1,0,1,0,3,0303651411T,2
78,03036,"Institute of Chemical Technology, Matunga, Mumbai",0303651910,Polymer Engineering and Technology,16,11,0,5,0,0,16,State_Level,1,1,0,1,0,1,1,0,0,0,1,0,0,0,1,1,1,0,9,1,0,1,0,2,0303651911T,1
79,03036,"Institute of Chemical Technology, Matunga, Mumbai",0303653410,Food Engineering and Technology,16,11,0,5,0,0,16,State_Level,1,2,1,0,1,0,0,0,0,0,1,0,0,0,1,1,1,0,9,1,0,1,0,2,0303653411T,1
80,03036,"Institute of Chemical Technology, Matunga, Mumbai",0303672910,Surface Coating Technology,16,11,0,5,0,0,16,State_Level,1,1,1,0,1,0,0,0,1,0,0,0,1,0,2,0,0,1,9,1,0,1,0,2,0303672911T,1
81,03139,"Vidyalankar Institute of Technology,Wadala, Mumbai",0313924510,Computer Engineering,180,117,0,27,36,1,144,State_Level,29,13,10,4,5,3,3,1,2,0,2,2,1,1,14,6,7,3,106,5,1,5,1,18,0313924511T,9
82,03139,"Vidyalankar Institute of Technology,Wadala, Mumbai",0313924610,Information Technology,180,117,0,27,36,1,144,State_Level,30,13,9,4,6,2,3,1,2,1,3,1,1,1,14,6,7,2,106,5,1,5,1,18,0313924611T,9
83,03139,"Vidyalankar Institute of Technology,Wadala, Mumbai",0313937210,Electronics and Telecommunication Engg,120,78,0,18,24,1,96,State_Level,19,8,5,3,3,2,1,1,1,1,2,0,2,0,9,4,5,3,69,4,0,4,0,12,0313937211T,6
84,03139,"Vidyalankar Institute of Technology,Wadala, Mumbai",0313946110,Bio Medical Engineering,60,39,0,9,12,0,48,State_Level,10,4,4,1,2,1,1,0,1,0,0,1,0,1,5,2,3,1,37,1,1,1,1,6,0313946111T,3
85,03139,"Vidyalankar Institute of Technology,Wadala, Mumbai",0313990010,Electronics and Computer Science,120,78,0,18,24,1,96,State_Level,19,8,5,3,4,1,1,1,1,1,2,1,1,0,9,4,6,2,69,4,0,4,0,12,0313990011T,6
86,03148,"Mahavir Education Trust's Shah & Anchor Kutchhi Engineering College, Mumbai",0314824510,Computer Engineering,180,75,92,13,0,0,180,State_Level,53,22,0,0,0,0,0,0,0,0,0,0,0,0,0,0,0,0,75,0,0,0,0,0,0314824511T,9
87,03148,"Mahavir Education Trust's Shah & Anchor Kutchhi Engineering College, Mumbai",0314824610,Information Technology,120,50,61,9,0,0,120,State_Level,35,15,0,0,0,0,0,0,0,0,0,0,0,0,0,0,0,0,50,0,0,0,0,0,0314824611T,6
88,03148,"Mahavir Education Trust's Shah & Anchor Kutchhi Engineering College, Mumbai",0314825210,Cyber Security,60,25,31,4,0,0,60,State_Level,17,8,0,0,0,0,0,0,0,0,0,0,0,0,0,0,0,0,25,0,0,0,0,0,0314825211T,3
89,03148,"Mahavir Education Trust's Shah & Anchor Kutchhi Engineering College, Mumbai",0314837210,Electronics and Telecommunication Engg,60,25,31,4,0,0,60,State_Level,18,7,0,0,0,0,0,0,0,0,0,0,0,0,0,0,0,0,25,0,0,0,0,0,0314837211T,3
90,03148,"Mahavir Education Trust's Shah & Anchor Kutchhi Engineering College, Mumbai",0314837810,Electronics Engineering ( VLSI Design and,60,25,31,4,0,0,60,State_Level,17,8,0,0,0,0,0,0,0,0,0,0,0,0,0,0,0,0,25,0,0,0,0,0,0314837811T,3
91,03148,"Mahavir Education Trust's Shah & Anchor Kutchhi Engineering College, Mumbai",0314890010,Electronics and Computer Science,120,50,61,9,0,0,120,State_Level,35,15,0,0,0,0,0,0,0,0,0,0,0,0,0,0,0,0,50,0,0,0,0,0,0314890011T,6
92,03148,"Mahavir Education Trust's Shah & Anchor Kutchhi Engineering College, Mumbai",0314893310,Electronics and Communication (Advanced,60,25,31,4,0,0,60,State_Level,18,7,0,0,0,0,0,0,0,0,0,0,0,0,0,0,0,0,25,0,0,0,0,0,0314893311T,3
93,03148,"Mahavir Education Trust's Shah & Anchor Kutchhi Engineering College, Mumbai",0314899510,Artificial Intelligence and Data Science,60,25,31,4,0,0,60,State_Level,17,8,0,0,0,0,0,0,0,0,0,0,0,0,0,0,0,0,25,0,0,0,0,0,0314899511T,3
94,03176,"Thakur College of Engineering and Technology, Kandivali, Mumbai",0317625310,Internet of Things (IoT),30,8,15,1,6,0,24,State_Level,6,2,0,0,0,0,0,0,0,0,0,0,0,0,0,0,0,0,8,0,0,0,0,0,0317625311T,2
95,03176,"Thakur College of Engineering and Technology, Kandivali, Mumbai",0317692110,Artificial Intelligence and Machine Learning,180,44,92,8,36,0,144,State_Level,30,14,0,0,0,0,0,0,0,0,0,0,0,0,0,0,0,0,44,0,0,0,0,0,0317692111T,9
96,03176,"Thakur College of Engineering and Technology, Kandivali, Mumbai",0317699510,Artificial Intelligence and Data Science,180,44,92,8,36,0,144,State_Level,31,13,0,0,0,0,0,0,0,0,0,0,0,0,0,0,0,0,44,0,0,0,0,0,0317699511T,9
97,03176,"Thakur College of Engineering and Technology, Kandivali, Mumbai",0317619110,Civil Engineering,60,14,31,3,12,0,48,State_Level,10,4,0,0,0,0,0,0,0,0,0,0,0,0,0,0,0,0,14,0,0,0,0,0,0317619111T,3
98,03176,"Thakur College of Engineering and Technology, Kandivali, Mumbai",0317624510,Computer Engineering,240,59,122,11,48,0,192,State_Level,41,18,0,0,0,0,0,0,0,0,0,0,0,0,0,0,0,0,59,0,0,0,0,0,0317624511T,12
99,03176,"Thakur College of Engineering and Technology, Kandivali, Mumbai",0317624610,Information Technology,180,44,92,8,36,0,144,State_Level,31,13,0,0,0,0,0,0,0,0,0,0,0,0,0,0,0,0,44,0,0,0,0,0,0317624611T,9
100,03176,"Thakur College of Engineering and Technology, Kandivali, Mumbai",0317625910,Mechanical and Mechatronics Engineering (Additive,60,14,31,3,12,0,48,State_Level,10,4,0,0,0,0,0,0,0,0,0,0,0,0,0,0,0,0,14,0,0,0,0,0,0317625911T,3
101,03176,"Thakur College of Engineering and Technology, Kandivali, Mumbai",0317637210,Electronics and Telecommunication Engg,120,30,61,5,24,0,96,State_Level,21,9,0,0,0,0,0,0,0,0,0,0,0,0,0,0,0,0,30,0,0,0,0,0,0317637211T,6
102,03176,"Thakur College of Engineering and Technology, Kandivali, Mumbai",0317661210,Mechanical Engineering,60,14,31,3,12,0,48,State_Level,10,4,0,0,0,0,0,0,0,0,0,0,0,0,0,0,0,0,14,0,0,0,0,0,0317661211T,3
103,03176,"Thakur College of Engineering and Technology, Kandivali, Mumbai",0317690010,Electronics and Computer Science,60,14,31,3,12,0,48,State_Level,10,4,0,0,0,0,0,0,0,0,0,0,0,0,0,0,0,0,14,0,0,0,0,0,0317690011T,3
104,03176,"Thakur College of Engineering and Technology, Kandivali, Mumbai",0317691010,Computer Science and Engineering(Cyber Security),60,14,31,3,12,0,48,State_Level,9,5,0,0,0,0,0,0,0,0,0,0,0,0,0,0,0,0,14,0,0,0,0,0,0317691011T,3
105,03184,"Fr. Conceicao Rodrigues College of Engineering, Bandra,Mumbai",0318424210,Computer Science and Engineering,60,14,31,3,12,0,48,State_Level,10,4,0,0,0,0,0,0,0,0,0,0,0,0,0,0,0,0,14,0,0,0,0,0,0318424211T,3
106,03184,"Fr. Conceicao Rodrigues College of Engineering, Bandra,Mumbai",0318424510,Computer Engineering,180,44,92,8,36,0,144,State_Level,31,13,0,0,0,0,0,0,0,0,0,0,0,0,0,0,0,0,44,0,0,0,0,0,0318424511T,9
107,03184,"Fr. Conceicao Rodrigues College of Engineering, Bandra,Mumbai",0318461210,Mechanical Engineering,60,14,31,3,12,0,48,State_Level,10,4,0,0,0,0,0,0,0,0,0,0,0,0,0,0,0,0,14,0,0,0,0,0,0318461211T,3
108,03184,"Fr. Conceicao Rodrigues College of Engineering, Bandra,Mumbai",0318490010,Electronics and Computer Science,60,14,31,3,12,0,48,State_Level,10,4,0,0,0,0,0,0,0,0,0,0,0,0,0,0,0,0,14,0,0,0,0,0,0318490011T,3
109,03185,"Vivekanand Education Society's Institute of Technology, Chembur, Mumbai",0318524510,Computer Engineering,180,75,92,13,0,0,180,State_Level,52,23,0,0,0,0,0,0,0,0,0,0,0,0,0,0,0,0,75,0,0,0,0,0,0318524511T,9
110,03185,"Vivekanand Education Society's Institute of Technology, Chembur, Mumbai",0318524610,Information Technology,180,75,92,13,0,0,180,State_Level,53,22,0,0,0,0,0,0,0,0,0,0,0,0,0,0,0,0,75,0,0,0,0,0,0318524611T,9
111,03185,"Vivekanand Education Society's Institute of Technology, Chembur, Mumbai",0318537210,Electronics and Telecommunication Engg,120,50,61,9,0,0,120,State_Level,35,15,0,0,0,0,0,0,0,0,0,0,0,0,0,0,0,0,50,0,0,0,0,0,0318537211T,6
112,03185,"Vivekanand Education Society's Institute of Technology, Chembur, Mumbai",0318590010,Electronics and Computer Science,60,25,31,4,0,0,60,State_Level,17,8,0,0,0,0,0,0,0,0,0,0,0,0,0,0,0,0,25,0,0,0,0,0,0318590011T,3
113,03185,"Vivekanand Education Society's Institute of Technology, Chembur, Mumbai",0318591610,Automation and Robotics,60,25,31,4,0,0,60,State_Level,18,7,0,0,0,0,0,0,0,0,0,0,0,0,0,0,0,0,25,0,0,0,0,0,0318591611T,3
114,03185,"Vivekanand Education Society's Institute of Technology, Chembur, Mumbai",0318599510,Artificial Intelligence and Data Science,120,50,61,9,0,0,120,State_Level,35,15,0,0,0,0,0,0,0,0,0,0,0,0,0,0,0,0,50,0,0,0,0,0,0318599511T,6
115,03197,"Agnel Charities' FR. C. Rodrigues Institute of Technology, Vashi, Navi Mumbai",0319724510,Computer Engineering,120,30,61,5,24,0,96,State_Level,21,9,0,0,0,0,0,0,0,0,0,0,0,0,0,0,0,0,30,0,0,0,0,0,0319724511T,6
116,03197,"Agnel Charities' FR. C. Rodrigues Institute of Technology, Vashi, Navi Mumbai",0319724610,Information Technology,60,14,31,3,12,0,48,State_Level,9,5,0,0,0,0,0,0,0,0,0,0,0,0,0,0,0,0,14,0,0,0,0,0,0319724611T,3
117,03197,"Agnel Charities' FR. C. Rodrigues Institute of Technology, Vashi, Navi Mumbai",0319729310,Electrical Engineering,60,14,31,3,12,0,48,State_Level,10,4,0,0,0,0,0,0,0,0,0,0,0,0,0,0,0,0,14,0,0,0,0,0,0319729311T,3
118,03197,"Agnel Charities' FR. C. Rodrigues Institute of Technology, Vashi, Navi Mumbai",0319737210,Electronics and Telecommunication Engg,60,14,31,3,12,0,48,State_Level,10,4,0,0,0,0,0,0,0,0,0,0,0,0,0,0,0,0,14,0,0,0,0,0,0319737211T,3
119,03197,"Agnel Charities' FR. C. Rodrigues Institute of Technology, Vashi, Navi Mumbai",0319761210,Mechanical Engineering,120,30,61,5,24,0,96,State_Level,21,9,0,0,0,0,0,0,0,0,0,0,0,0,0,0,0,0,30,0,0,0,0,0,0319761211T,6
120,03199,"Shri Vile Parle Kelvani Mandal's Dwarkadas J. Sanghvi College of Engineering, Vile Parle,Mumbai",0319924510,Computer Engineering,180,44,92,8,36,0,144,State_Level,31,13,0,0,0,0,0,0,0,0,0,0,0,0,0,0,0,0,44,0,0,0,0,0,0319924511T,9
121,03199,"Shri Vile Parle Kelvani Mandal's Dwarkadas J. Sanghvi College of Engineering, Vile Parle,Mumbai",0319924610,Information Technology,180,44,92,8,36,0,144,State_Level,31,13,0,0,0,0,0,0,0,0,0,0,0,0,0,0,0,0,44,0,0,0,0,0,0319924611T,9
122,03199,"Shri Vile Parle Kelvani Mandal's Dwarkadas J. Sanghvi College of Engineering, Vile Parle,Mumbai",0319926310,Artificial Intelligence (AI) and Data Science,60,14,31,3,12,0,48,State_Level,9,5,0,0,0,0,0,0,0,0,0,0,0,0,0,0,0,0,14,0,0,0,0,0,0319926311T,3
123,03199,"Shri Vile Parle Kelvani Mandal's Dwarkadas J. Sanghvi College of Engineering, Vile Parle,Mumbai",0319937210,Electronics and Telecommunication Engg,180,44,92,8,36,0,144,State_Level,31,13,0,0,0,0,0,0,0,0,0,0,0,0,0,0,0,0,44,0,0,0,0,0,0319937211T,9
124,03199,"Shri Vile Parle Kelvani Mandal's Dwarkadas J. Sanghvi College of Engineering, Vile Parle,Mumbai",0319961210,Mechanical Engineering,180,44,92,8,36,0,144,State_Level,31,13,0,0,0,0,0,0,0,0,0,0,0,0,0,0,0,0,44,0,0,0,0,0,0319961211T,9
125,03199,"Shri Vile Parle Kelvani Mandal's Dwarkadas J. Sanghvi College of Engineering, Vile Parle,Mumbai",0319991210,Computer Science and Engineering(Data Science),180,44,92,8,36,0,144,State_Level,31,13,0,0,0,0,0,0,0,0,0,0,0,0,0,0,0,0,44,0,0,0,0,0,0319991211T,9
126,03199,"Shri Vile Parle Kelvani Mandal's Dwarkadas J. Sanghvi College of Engineering, Vile Parle,Mumbai",0319992010,Computer Science and Engineering (Internet of,60,14,31,3,12,0,48,State_Level,10,4,0,0,0,0,0,0,0,0,0,0,0,0,0,0,0,0,14,0,0,0,0,0,0319992011T,3
127,03199,"Shri Vile Parle Kelvani Mandal's Dwarkadas J. Sanghvi College of Engineering, Vile Parle,Mumbai",0319992110,Artificial Intelligence and Machine Learning,120,30,61,5,24,0,96,State_Level,21,9,0,0,0,0,0,0,0,0,0,0,0,0,0,0,0,0,30,0,0,0,0,0,0319992111T,6
128,03207,"Mahatma Education Society's Pillai College of Engineering, New Panvel",0320724510,Computer Engineering,180,44,92,8,36,0,144,State_Level,30,14,0,0,0,0,0,0,0,0,0,0,0,0,0,0,0,0,44,0,0,0,0,0,0320724511T,9
129,03207,"Mahatma Education Society's Pillai College of Engineering, New Panvel",0320724610,Information Technology,120,30,61,5,24,0,96,State_Level,21,9,0,0,0,0,0,0,0,0,0,0,0,0,0,0,0,0,30,0,0,0,0,0,0320724611T,6
130,03207,"Mahatma Education Society's Pillai College of Engineering, New Panvel",0320737210,Electronics and Telecommunication Engg,120,30,61,5,24,0,96,State_Level,21,9,0,0,0,0,0,0,0,0,0,0,0,0,0,0,0,0,30,0,0,0,0,0,0320737211T,6
131,03207,"Mahatma Education Society's Pillai College of Engineering, New Panvel",0320760210,Automobile Engineering,60,14,31,3,12,0,48,State_Level,10,4,0,0,0,0,0,0,0,0,0,0,0,0,0,0,0,0,14,0,0,0,0,0,,
132,03207,"Mahatma Education Society's Pillai College of Engineering, New Panvel",0320761210,Mechanical Engineering,60,14,31,3,12,0,48,State_Level,10,4,0,0,0,0,0,0,0,0,0,0,0,0,0,0,0,0,14,0,0,0,0,0,0320761211T,3
133,03207,"Mahatma Education Society's Pillai College of Engineering, New Panvel",0320790010,Electronics and Computer Science,90,22,46,4,18,0,72,State_Level,15,7,0,0,0,0,0,0,0,0,0,0,0,0,0,0,0,0,22,0,0,0,0,0,0320790011T,5
134,03209,K J Somaiya Institute of Technology,0320924510,Computer Engineering,120,50,61,9,0,0,120,State_Level,35,15,0,0,0,0,0,0,0,0,0,0,0,0,0,0,0,0,50,0,0,0,0,0,0320924511T,6
135,03209,K J Somaiya Institute of Technology,0320924610,Information Technology,120,50,61,9,0,0,120,State_Level,35,15,0,0,0,0,0,0,0,0,0,0,0,0,0,0,0,0,50,0,0,0,0,0,0320924611T,6
136,03209,K J Somaiya Institute of Technology,0320937210,Electronics and Telecommunication Engg,120,50,61,9,0,0,120,State_Level,35,15,0,0,0,0,0,0,0,0,0,0,0,0,0,0,0,0,50,0,0,0,0,0,0320937211T,6
137,03209,K J Somaiya Institute of Technology,0320999510,Artificial Intelligence and Data Science,120,50,61,9,0,0,120,State_Level,35,15,0,0,0,0,0,0,0,0,0,0,0,0,0,0,0,0,50,0,0,0,0,0,0320999511T,6
138,03211,"S.I.E.S. Graduate School of Technology, Nerul, Navi Mumbai",0321124510,Computer Engineering,180,44,92,8,36,0,144,State_Level,31,13,0,0,0,0,0,0,0,0,0,0,0,0,0,0,0,0,44,0,0,0,0,0,0321124511T,9
139,03211,"S.I.E.S. Graduate School of Technology, Nerul, Navi Mumbai",0321124610,Information Technology,60,14,31,3,12,0,48,State_Level,9,5,0,0,0,0,0,0,0,0,0,0,0,0,0,0,0,0,14,0,0,0,0,0,0321124611T,3
140,03211,"S.I.E.S. Graduate School of Technology, Nerul, Navi Mumbai",0321137210,Electronics and Telecommunication Engg,60,14,31,3,12,0,48,State_Level,10,4,0,0,0,0,0,0,0,0,0,0,0,0,0,0,0,0,14,0,0,0,0,0,0321137211T,3
141,03211,"S.I.E.S. Graduate School of Technology, Nerul, Navi Mumbai",0321190010,Electronics and Computer Science,60,14,31,3,12,0,48,State_Level,10,4,0,0,0,0,0,0,0,0,0,0,0,0,0,0,0,0,14,0,0,0,0,0,0321190011T,3
142,03211,"S.I.E.S. Graduate School of Technology, Nerul, Navi Mumbai",0321192010,Computer Science and Engineering (Internet of,60,14,31,3,12,0,48,State_Level,10,4,0,0,0,0,0,0,0,0,0,0,0,0,0,0,0,0,14,0,0,0,0,0,0321192011T,3
143,03211,"S.I.E.S. Graduate School of Technology, Nerul, Navi Mumbai",0321192110,Artificial Intelligence and Machine Learning,60,14,31,3,12,0,48,State_Level,10,4,0,0,0,0,0,0,0,0,0,0,0,0,0,0,0,0,14,0,0,0,0,0,0321192111T,3
144,03211,"S.I.E.S. Graduate School of Technology, Nerul, Navi Mumbai",0321199510,Artificial Intelligence and Data Science,120,30,61,5,24,0,96,State_Level,21,9,0,0,0,0,0,0,0,0,0,0,0,0,0,0,0,0,30,0,0,0,0,0,0321199511T,6
145,03215,"Bhartiya Vidya Bhavan's Sardar Patel Institute of Technology , Andheri, Mumbai",0321524210,Computer Science and Engineering,120,78,0,18,24,1,96,State_Level,19,8,6,2,3,2,2,0,2,0,3,0,1,0,9,4,5,3,69,4,0,4,0,12,0321524211T,6
146,03215,"Bhartiya Vidya Bhavan's Sardar Patel Institute of Technology , Andheri, Mumbai",0321524510,Computer Engineering,240,156,0,36,48,2,192,State_Level,38,17,13,5,8,3,3,2,2,2,4,2,2,1,18,7,9,4,140,7,1,7,1,24,0321524511T,12
147,03215,"Bhartiya Vidya Bhavan's Sardar Patel Institute of Technology , Andheri, Mumbai",0321537210,Electronics and Telecommunication Engg,120,78,0,18,24,1,96,State_Level,19,8,5,3,4,1,1,1,2,0,2,1,1,1,8,4,6,2,69,4,0,4,0,12,0321537211T,6
148,03218,"Aldel Education Trust's St. John College of Engineering & Management, Vevoor, Palghar",0321819110,Civil Engineering,30,10,15,2,3,0,27,State_Level,7,3,0,0,0,0,0,0,0,0,0,0,0,0,0,0,0,0,10,0,0,0,0,0,,
149,03218,"Aldel Education Trust's St. John College of Engineering & Management, Vevoor, Palghar",0321824510,Computer Engineering,120,30,61,5,24,0,96,State_Level,21,9,0,0,0,0,0,0,0,0,0,0,0,0,0,0,0,0,30,0,0,0,0,0,0321824511T,6
150,03218,"Aldel Education Trust's St. John College of Engineering & Management, Vevoor, Palghar",0321824610,Information Technology,60,14,31,3,12,0,48,State_Level,9,5,0,0,0,0,0,0,0,0,0,0,0,0,0,0,0,0,14,0,0,0,0,0,0321824611T,3
151,03218,"Aldel Education Trust's St. John College of Engineering & Management, Vevoor, Palghar",0321861210,Mechanical Engineering,30,10,15,2,3,0,27,State_Level,7,3,0,0,0,0,0,0,0,0,0,0,0,0,0,0,0,0,10,0,0,0,0,0,,
152,03218,"Aldel Education Trust's St. John College of Engineering & Management, Vevoor, Palghar",0321890010,Electronics and Computer Science,60,14,31,3,12,0,48,State_Level,10,4,0,0,0,0,0,0,0,0,0,0,0,0,0,0,0,0,14,0,0,0,0,0,0321890011T,3
153,03218,"Aldel Education Trust's St. John College of Engineering & Management, Vevoor, Palghar",0321891210,Computer Science and Engineering(Data Science),60,14,31,3,12,0,48,State_Level,10,4,0,0,0,0,0,0,0,0,0,0,0,0,0,0,0,0,14,0,0,0,0,0,0321891211T,3
154,03218,"Aldel Education Trust's St. John College of Engineering & Management, Vevoor, Palghar",0321892110,Artificial Intelligence and Machine Learning,60,14,31,3,12,0,48,State_Level,10,4,0,0,0,0,0,0,0,0,0,0,0,0,0,0,0,0,14,0,0,0,0,0,0321892111T,3
155,04116,"Ankush Shikshan Sanstha's G.H.Raisoni College of Engineering, Nagpur",0411619110,Civil Engineering,60,25,31,4,0,0,60,State_Level,17,8,0,0,0,0,0,0,0,0,0,0,0,0,0,0,0,0,25,0,0,0,0,0,0411619111T,3
156,04116,"Ankush Shikshan Sanstha's G.H.Raisoni College of Engineering, Nagpur",0411624210,Computer Science and Engineering,180,44,92,8,36,0,144,State_Level,31,13,0,0,0,0,0,0,0,0,0,0,0,0,0,0,0,0,44,0,0,0,0,0,0411624211T,9
157,04116,"Ankush Shikshan Sanstha's G.H.Raisoni College of Engineering, Nagpur",0411624610,Information Technology,180,44,92,8,36,0,144,State_Level,31,13,0,0,0,0,0,0,0,0,0,0,0,0,0,0,0,0,44,0,0,0,0,0,0411624611T,9
158,04116,"Ankush Shikshan Sanstha's G.H.Raisoni College of Engineering, Nagpur",0411626010,Computer Science and Engineering (Cyber Security),60,14,31,3,12,0,48,State_Level,10,4,0,0,0,0,0,0,0,0,0,0,0,0,0,0,0,0,14,0,0,0,0,0,0411626011T,3
159,04116,"Ankush Shikshan Sanstha's G.H.Raisoni College of Engineering, Nagpur",0411626710,Computer Science and Engineering (IoT),60,14,31,3,12,0,48,State_Level,9,5,0,0,0,0,0,0,0,0,0,0,0,0,0,0,0,0,14,0,0,0,0,0,0411626711T,3
160,04116,"Ankush Shikshan Sanstha's G.H.Raisoni College of Engineering, Nagpur",0411629310,Electrical Engineering,60,25,31,4,0,0,60,State_Level,18,7,0,0,0,0,0,0,0,0,0,0,0,0,0,0,0,0,25,0,0,0,0,0,0411629311T,3
161,04116,"Ankush Shikshan Sanstha's G.H.Raisoni College of Engineering, Nagpur",0411637210,Electronics and Telecommunication Engg,60,14,31,3,12,0,48,State_Level,10,4,0,0,0,0,0,0,0,0,0,0,0,0,0,0,0,0,14,0,0,0,0,0,0411637211T,3
162,04116,"Ankush Shikshan Sanstha's G.H.Raisoni College of Engineering, Nagpur",0411637610,Electronics Engineering,60,25,31,4,0,0,60,State_Level,17,8,0,0,0,0,0,0,0,0,0,0,0,0,0,0,0,0,25,0,0,0,0,0,0411637611T,3
163,04116,"Ankush Shikshan Sanstha's G.H.Raisoni College of Engineering, Nagpur",0411661210,Mechanical Engineering,60,25,31,4,0,0,60,State_Level,18,7,0,0,0,0,0,0,0,0,0,0,0,0,0,0,0,0,25,0,0,0,0,0,0411661211T,3
164,04116,"Ankush Shikshan Sanstha's G.H.Raisoni College of Engineering, Nagpur",0411691110,Computer Science and Engineering(Artificial,120,30,61,5,24,0,96,State_Level,21,9,0,0,0,0,0,0,0,0,0,0,0,0,0,0,0,0,30,0,0,0,0,0,0411691111T,6
165,04116,"Ankush Shikshan Sanstha's G.H.Raisoni College of Engineering, Nagpur",0411691310,Computer Science and Engineering (Artificial,60,14,31,3,12,0,48,State_Level,10,4,0,0,0,0,0,0,0,0,0,0,0,0,0,0,0,0,14,0,0,0,0,0,0411691311T,3
166,04116,"Ankush Shikshan Sanstha's G.H.Raisoni College of Engineering, Nagpur",0411691710,Data Science,60,14,31,3,12,0,48,State_Level,9,5,0,0,0,0,0,0,0,0,0,0,0,0,0,0,0,0,14,0,0,0,0,0,0411691711T,3
167,04116,"Ankush Shikshan Sanstha's G.H.Raisoni College of Engineering, Nagpur",0411699710,Artificial Intelligence,120,30,61,5,24,0,96,State_Level,21,9,0,0,0,0,0,0,0,0,0,0,0,0,0,0,0,0,30,0,0,0,0,0,0411699711T,6
168,04123,"Lokmanya Tilak Jankalyan Shikshan Sanstha, Priyadarshani College of Engineering, Nagpur",0412300210,Aeronautical Engineering,60,20,31,3,6,0,54,State_Level,14,6,0,0,0,0,0,0,0,0,0,0,0,0,0,0,0,0,20,0,0,0,0,0,0412300211T,3
169,04123,"Lokmanya Tilak Jankalyan Shikshan Sanstha, Priyadarshani College of Engineering, Nagpur",0412308210,Bio Technology,60,22,31,4,3,0,57,State_Level,16,6,0,0,0,0,0,0,0,0,0,0,0,0,0,0,0,0,22,0,0,0,0,0,0412308211T,3
170,04123,"Lokmanya Tilak Jankalyan Shikshan Sanstha, Priyadarshani College of Engineering, Nagpur",0412319110,Civil Engineering,120,45,61,8,6,0,114,State_Level,31,14,0,0,0,0,0,0,0,0,0,0,0,0,0,0,0,0,45,0,0,0,0,0,0412319111T,6
171,04123,"Lokmanya Tilak Jankalyan Shikshan Sanstha, Priyadarshani College of Engineering, Nagpur",0412324210,Computer Science and Engineering,180,44,92,8,36,0,144,State_Level,31,13,0,0,0,0,0,0,0,0,0,0,0,0,0,0,0,0,44,0,0,0,0,0,0412324211T,9
172,04123,"Lokmanya Tilak Jankalyan Shikshan Sanstha, Priyadarshani College of Engineering, Nagpur",0412324610,Information Technology,120,30,61,5,24,0,96,State_Level,21,9,0,0,0,0,0,0,0,0,0,0,0,0,0,0,0,0,30,0,0,0,0,0,0412324611T,6
173,04123,"Lokmanya Tilak Jankalyan Shikshan Sanstha, Priyadarshani College of Engineering, Nagpur",0412325110,Computer Technology,120,30,61,5,24,0,96,State_Level,21,9,0,0,0,0,0,0,0,0,0,0,0,0,0,0,0,0,30,0,0,0,0,0,0412325111T,6
174,04123,"Lokmanya Tilak Jankalyan Shikshan Sanstha, Priyadarshani College of Engineering, Nagpur",0412326510,Industrial IoT,60,20,31,3,6,0,54,State_Level,14,6,0,0,0,0,0,0,0,0,0,0,0,0,0,0,0,0,20,0,0,0,0,0,0412326511T,3
175,04123,"Lokmanya Tilak Jankalyan Shikshan Sanstha, Priyadarshani College of Engineering, Nagpur",0412326610,Robotics and Artificial Intelligence,60,14,31,3,12,0,48,State_Level,10,4,0,0,0,0,0,0,0,0,0,0,0,0,0,0,0,0,14,0,0,0,0,0,0412326611T,3
176,04123,"Lokmanya Tilak Jankalyan Shikshan Sanstha, Priyadarshani College of Engineering, Nagpur",0412329310,Electrical Engineering,120,50,61,9,0,0,120,State_Level,35,15,0,0,0,0,0,0,0,0,0,0,0,0,0,0,0,0,50,0,0,0,0,0,0412329311T,6
177,04123,"Lokmanya Tilak Jankalyan Shikshan Sanstha, Priyadarshani College of Engineering, Nagpur",0412337010,Electronics and Communication Engineering,120,40,61,7,12,0,108,State_Level,28,12,0,0,0,0,0,0,0,0,0,0,0,0,0,0,0,0,40,0,0,0,0,0,0412337011T,6
178,04123,"Lokmanya Tilak Jankalyan Shikshan Sanstha, Priyadarshani College of Engineering, Nagpur",0412337210,Electronics and Telecommunication Engg,120,40,61,7,12,0,108,State_Level,28,12,0,0,0,0,0,0,0,0,0,0,0,0,0,0,0,0,40,0,0,0,0,0,0412337211T,6
179,04123,"Lokmanya Tilak Jankalyan Shikshan Sanstha, Priyadarshani College of Engineering, Nagpur",0412350710,Chemical Engineering,60,22,31,4,3,0,57,State_Level,15,7,0,0,0,0,0,0,0,0,0,0,0,0,0,0,0,0,22,0,0,0,0,0,0412350711T,3
180,04123,"Lokmanya Tilak Jankalyan Shikshan Sanstha, Priyadarshani College of Engineering, Nagpur",0412361210,Mechanical Engineering,120,45,61,8,6,0,114,State_Level,32,13,0,0,0,0,0,0,0,0,0,0,0,0,0,0,0,0,45,0,0,0,0,0,0412361211T,6
181,04123,"Lokmanya Tilak Jankalyan Shikshan Sanstha, Priyadarshani College of Engineering, Nagpur",0412399510,Artificial Intelligence and Data Science,120,30,61,5,24,0,96,State_Level,21,9,0,0,0,0,0,0,0,0,0,0,0,0,0,0,0,0,30,0,0,0,0,0,0412399511T,6
182,04136,"Lokmanya Tilak Jankalyan Shikshan Sastha, Priyadarshini J. L. College Of Engineering, Nagpur",0413619110,Civil Engineering,60,25,31,4,0,0,60,State_Level,17,8,0,0,0,0,0,0,0,0,0,0,0,0,0,0,0,0,25,0,0,0,0,0,0413619111T,3
183,04136,"Lokmanya Tilak Jankalyan Shikshan Sastha, Priyadarshini J. L. College Of Engineering, Nagpur",0413624210,Computer Science and Engineering,120,30,61,5,24,0,96,State_Level,21,9,0,0,0,0,0,0,0,0,0,0,0,0,0,0,0,0,30,0,0,0,0,0,0413624211T,6
184,04136,"Lokmanya Tilak Jankalyan Shikshan Sastha, Priyadarshini J. L. College Of Engineering, Nagpur",0413629310,Electrical Engineering,60,25,31,4,0,0,60,State_Level,18,7,0,0,0,0,0,0,0,0,0,0,0,0,0,0,0,0,25,0,0,0,0,0,0413629311T,3
185,04136,"Lokmanya Tilak Jankalyan Shikshan Sastha, Priyadarshini J. L. College Of Engineering, Nagpur",0413637210,Electronics and Telecommunication Engg,60,20,31,3,6,0,54,State_Level,14,6,0,0,0,0,0,0,0,0,0,0,0,0,0,0,0,0,20,0,0,0,0,0,0413637211T,3
186,04136,"Lokmanya Tilak Jankalyan Shikshan Sastha, Priyadarshini J. L. College Of Engineering, Nagpur",0413699710,Artificial Intelligence,60,14,31,3,12,0,48,State_Level,10,4,0,0,0,0,0,0,0,0,0,0,0,0,0,0,0,0,14,0,0,0,0,0,0413699711T,3
187,04137,"Sir Shantilal Badjate Charitable Trust's S. B. Jain Institute of technology, Management & Research, Nagpur",0413724210,Computer Science and Engineering,240,59,122,11,48,0,192,State_Level,41,18,0,0,0,0,0,0,0,0,0,0,0,0,0,0,0,0,59,0,0,0,0,0,0413724211T,12
188,04137,"Sir Shantilal Badjate Charitable Trust's S. B. Jain Institute of technology, Management & Research, Nagpur",0413729310,Electrical Engineering,30,13,15,2,0,0,30,State_Level,9,4,0,0,0,0,0,0,0,0,0,0,0,0,0,0,0,0,13,0,0,0,0,0,0413729311T,2
189,04137,"Sir Shantilal Badjate Charitable Trust's S. B. Jain Institute of technology, Management & Research, Nagpur",0413737210,Electronics and Telecommunication Engg,60,22,31,4,3,0,57,State_Level,15,7,0,0,0,0,0,0,0,0,0,0,0,0,0,0,0,0,22,0,0,0,0,0,0413737211T,3
190,04137,"Sir Shantilal Badjate Charitable Trust's S. B. Jain Institute of technology, Management & Research, Nagpur",0413761210,Mechanical Engineering,30,12,15,2,1,0,29,State_Level,9,3,0,0,0,0,0,0,0,0,0,0,0,0,0,0,0,0,12,0,0,0,0,0,0413761211T,2
191,04137,"Sir Shantilal Badjate Charitable Trust's S. B. Jain Institute of technology, Management & Research, Nagpur",0413791110,Computer Science and Engineering(Artificial,120,30,61,5,24,0,96,State_Level,21,9,0,0,0,0,0,0,0,0,0,0,0,0,0,0,0,0,30,0,0,0,0,0,0413791111T,6
192,04137,"Sir Shantilal Badjate Charitable Trust's S. B. Jain Institute of technology, Management & Research, Nagpur",0413791210,Computer Science and Engineering(Data Science),60,14,31,3,12,0,48,State_Level,10,4,0,0,0,0,0,0,0,0,0,0,0,0,0,0,0,0,14,0,0,0,0,0,0413791211T,3
193,04138,"Jaidev Education Society, J D College of Engineering and Management, Nagpur",0413819110,Civil Engineering,30,13,15,2,0,0,30,State_Level,9,4,0,0,0,0,0,0,0,0,0,0,0,0,0,0,0,0,13,0,0,0,0,0,0413819111T,2
194,04138,"Jaidev Education Society, J D College of Engineering and Management, Nagpur",0413824210,Computer Science and Engineering,180,59,92,11,18,0,162,State_Level,41,18,0,0,0,0,0,0,0,0,0,0,0,0,0,0,0,0,59,0,0,0,0,0,0413824211T,9
195,04138,"Jaidev Education Society, J D College of Engineering and Management, Nagpur",0413824610,Information Technology,90,37,46,7,0,0,90,State_Level,26,11,0,0,0,0,0,0,0,0,0,0,0,0,0,0,0,0,37,0,0,0,0,0,0413824611T,5
196,04138,"Jaidev Education Society, J D College of Engineering and Management, Nagpur",0413829310,Electrical Engineering,30,13,15,2,0,0,30,State_Level,9,4,0,0,0,0,0,0,0,0,0,0,0,0,0,0,0,0,13,0,0,0,0,0,0413829311T,2
197,04138,"Jaidev Education Society, J D College of Engineering and Management, Nagpur",0413837210,Electronics and Telecommunication Engg,60,25,31,4,0,0,60,State_Level,17,8,0,0,0,0,0,0,0,0,0,0,0,0,0,0,0,0,25,0,0,0,0,0,0413837211T,3
198,04138,"Jaidev Education Society, J D College of Engineering and Management, Nagpur",0413861210,Mechanical Engineering,30,13,15,2,0,0,30,State_Level,10,3,0,0,0,0,0,0,0,0,0,0,0,0,0,0,0,0,13,0,0,0,0,0,0413861211T,2
199,04138,"Jaidev Education Society, J D College of Engineering and Management, Nagpur",0413891210,Computer Science and Engineering(Data Science),120,50,61,9,0,0,120,State_Level,35,15,0,0,0,0,0,0,0,0,0,0,0,0,0,0,0,0,50,0,0,0,0,0,0413891211T,6
200,04138,"Jaidev Education Society, J D College of Engineering and Management, Nagpur",0413899710,Artificial Intelligence,60,25,31,4,0,0,60,State_Level,17,8,0,0,0,0,0,0,0,0,0,0,0,0,0,0,0,0,25,0,0,0,0,0,0413899711T,3
201,04139,"Samridhi Sarwajanik Charitable Trust, Jhulelal Institute of Technology, Nagpur",0413924210,Computer Science and Engineering,180,67,92,12,9,0,171,State_Level,47,20,0,0,0,0,0,0,0,0,0,0,0,0,0,0,0,0,67,0,0,0,0,0,0413924211T,9
202,04139,"Samridhi Sarwajanik Charitable Trust, Jhulelal Institute of Technology, Nagpur",0413929310,Electrical Engineering,60,25,31,4,0,0,60,State_Level,17,8,0,0,0,0,0,0,0,0,0,0,0,0,0,0,0,0,25,0,0,0,0,0,0413929311T,3
203,04139,"Samridhi Sarwajanik Charitable Trust, Jhulelal Institute of Technology, Nagpur",0413961210,Mechanical Engineering,30,13,15,2,0,0,30,State_Level,10,3,0,0,0,0,0,0,0,0,0,0,0,0,0,0,0,0,13,0,0,0,0,0,0413961211T,2
204,04139,"Samridhi Sarwajanik Charitable Trust, Jhulelal Institute of Technology, Nagpur",0413984410,Electronics and Computer Engineering,60,25,31,4,0,0,60,State_Level,17,8,0,0,0,0,0,0,0,0,0,0,0,0,0,0,0,0,25,0,0,0,0,0,0413984411T,3
205,04139,"Samridhi Sarwajanik Charitable Trust, Jhulelal Institute of Technology, Nagpur",0413991110,Computer Science and Engineering(Artificial,180,71,92,13,4,0,176,State_Level,50,21,0,0,0,0,0,0,0,0,0,0,0,0,0,0,0,0,71,0,0,0,0,0,0413991111T,9
206,04139,"Samridhi Sarwajanik Charitable Trust, Jhulelal Institute of Technology, Nagpur",0413992810,Electronics and Communication(Advanced,60,25,31,4,0,0,60,State_Level,17,8,0,0,0,0,0,0,0,0,0,0,0,0,0,0,0,0,25,0,0,0,0,0,0413992811T,3
207,04142,"G H Raisoni College of Engineering & Management, Nagpur",0414219110,Civil Engineering,60,20,31,3,6,0,54,State_Level,14,6,0,0,0,0,0,0,0,0,0,0,0,0,0,0,0,0,20,0,0,0,0,0,0414219111T,3
208,04142,"G H Raisoni College of Engineering & Management, Nagpur",0414224210,Computer Science and Engineering,180,44,92,8,36,0,144,State_Level,31,13,0,0,0,0,0,0,0,0,0,0,0,0,0,0,0,0,44,0,0,0,0,0,0414224211T,9
209,04142,"G H Raisoni College of Engineering & Management, Nagpur",0414224610,Information Technology,60,14,31,3,12,0,48,State_Level,10,4,0,0,0,0,0,0,0,0,0,0,0,0,0,0,0,0,14,0,0,0,0,0,0414224611T,3
210,04142,"G H Raisoni College of Engineering & Management, Nagpur",0414229310,Electrical Engineering,60,22,31,4,3,0,57,State_Level,15,7,0,0,0,0,0,0,0,0,0,0,0,0,0,0,0,0,22,0,0,0,0,0,0414229311T,3
211,04142,"G H Raisoni College of Engineering & Management, Nagpur",0414237210,Electronics and Telecommunication Engg,60,14,31,3,12,0,48,State_Level,10,4,0,0,0,0,0,0,0,0,0,0,0,0,0,0,0,0,14,0,0,0,0,0,0414237211T,3
212,04142,"G H Raisoni College of Engineering & Management, Nagpur",0414261210,Mechanical Engineering,60,22,31,4,3,0,57,State_Level,15,7,0,0,0,0,0,0,0,0,0,0,0,0,0,0,0,0,22,0,0,0,0,0,0414261211T,3
213,04142,"G H Raisoni College of Engineering & Management, Nagpur",0414291010,Computer Science and Engineering(Cyber Security),60,14,31,3,12,0,48,State_Level,10,4,0,0,0,0,0,0,0,0,0,0,0,0,0,0,0,0,14,0,0,0,0,0,0414291011T,3
214,04142,"G H Raisoni College of Engineering & Management, Nagpur",0414291710,Data Science,60,14,31,3,12,0,48,State_Level,10,4,0,0,0,0,0,0,0,0,0,0,0,0,0,0,0,0,14,0,0,0,0,0,0414291711T,3
215,04142,"G H Raisoni College of Engineering & Management, Nagpur",0414299710,Artificial Intelligence,180,44,92,8,36,0,144,State_Level,31,13,0,0,0,0,0,0,0,0,0,0,0,0,0,0,0,0,44,0,0,0,0,0,0414299711T,9
216,04145,"Wainganga College of Engineering and Management, Dongargaon, Nagpur",0414519110,Civil Engineering,60,51,0,9,0,1,60,State_Level,13,5,4,2,2,2,2,0,0,1,1,1,1,0,5,2,3,2,46,2,1,2,1,6,0414519111T,3
217,04145,"Wainganga College of Engineering and Management, Dongargaon, Nagpur",0414524210,Computer Science and Engineering,120,100,0,18,2,1,118,State_Level,25,11,8,3,5,2,1,1,3,0,3,1,1,1,12,5,5,2,89,5,0,5,0,12,0414524211T,6
218,04145,"Wainganga College of Engineering and Management, Dongargaon, Nagpur",0414529310,Electrical Engineering,60,51,0,9,0,1,60,State_Level,13,5,5,2,2,1,2,0,0,1,1,0,1,0,5,3,4,1,46,2,1,2,1,6,0414529311T,3
219,04145,"Wainganga College of Engineering and Management, Dongargaon, Nagpur",0414537210,Electronics and Telecommunication Engg,30,25,0,5,0,0,30,State_Level,5,3,2,1,2,0,0,1,1,0,0,1,0,0,3,1,2,1,23,1,0,1,0,3,0414537211T,2
220,04145,"Wainganga College of Engineering and Management, Dongargaon, Nagpur",0414561210,Mechanical Engineering,60,51,0,9,0,1,60,State_Level,12,6,4,2,3,1,1,0,1,0,2,0,1,0,6,2,3,2,46,2,1,2,1,6,0414561211T,3
221,04145,"Wainganga College of Engineering and Management, Dongargaon, Nagpur",0414599510,Artificial Intelligence and Data Science,60,51,0,9,0,1,60,State_Level,13,5,5,2,2,1,1,1,0,1,1,1,1,0,5,2,4,1,46,2,1,2,1,6,0414599511T,3
222,04151,"Tulsiramji Gaikwad Patil College of Engineering & Technology, Nagpur",0415100210,Aeronautical Engineering,60,51,0,9,0,1,60,State_Level,13,5,5,2,2,1,1,0,1,0,2,0,0,1,5,3,3,2,46,2,1,2,1,6,0415100211T,3
223,04151,"Tulsiramji Gaikwad Patil College of Engineering & Technology, Nagpur",0415108210,Bio Technology,60,51,0,9,0,1,60,State_Level,12,6,4,2,3,1,1,0,1,1,1,1,1,0,5,2,4,1,46,2,1,2,1,6,0415108211T,3
224,04151,"Tulsiramji Gaikwad Patil College of Engineering & Technology, Nagpur",0415119110,Civil Engineering,60,51,0,9,0,1,60,State_Level,13,5,5,2,2,1,1,1,1,0,1,1,1,0,5,2,3,2,46,2,1,2,1,6,0415119111T,3
225,04151,"Tulsiramji Gaikwad Patil College of Engineering & Technology, Nagpur",0415124210,Computer Science and Engineering,150,127,0,23,0,1,150,State_Level,33,14,10,4,6,3,3,1,2,1,3,1,2,1,15,7,7,3,116,5,1,5,1,15,0415124211T,8
226,04151,"Tulsiramji Gaikwad Patil College of Engineering & Technology, Nagpur",0415124610,Information Technology,120,102,0,18,0,1,120,State_Level,25,11,8,3,5,2,2,1,2,1,3,1,1,1,12,5,6,2,91,5,0,5,0,12,0415124611T,6
227,04151,"Tulsiramji Gaikwad Patil College of Engineering & Technology, Nagpur",0415129310,Electrical Engineering,120,102,0,18,0,1,120,State_Level,26,11,7,4,5,2,2,1,2,0,3,1,2,0,12,5,6,2,91,5,0,5,0,12,0415129311T,6
228,04151,"Tulsiramji Gaikwad Patil College of Engineering & Technology, Nagpur",0415137010,Electronics and Communication Engineering,120,102,0,18,0,1,120,State_Level,25,11,8,3,5,2,2,1,2,1,3,1,1,1,12,5,5,3,91,5,0,5,0,12,0415137011T,6
229,04151,"Tulsiramji Gaikwad Patil College of Engineering & Technology, Nagpur",0415161210,Mechanical Engineering,90,76,0,14,0,1,90,State_Level,18,8,5,2,4,2,2,1,1,1,2,1,1,0,9,3,5,2,67,4,0,4,0,9,0415161211T,5
230,04151,"Tulsiramji Gaikwad Patil College of Engineering & Technology, Nagpur",0415191210,Computer Science and Engineering(Data Science),120,102,0,18,0,1,120,State_Level,25,11,8,3,5,2,3,0,2,0,3,1,1,1,12,6,6,2,91,5,0,5,0,12,0415191211T,6
231,04151,"Tulsiramji Gaikwad Patil College of Engineering & Technology, Nagpur",0415192110,Artificial Intelligence and Machine Learning,120,102,0,18,0,1,120,State_Level,26,11,7,4,5,2,2,1,2,1,2,1,1,1,12,5,5,3,91,5,0,5,0,12,0415192111T,6
232,04167,"Yeshwantrao Chavan College of Engineering,Wanadongri, Nagpur",0416719110,Civil Engineering,120,102,0,18,0,1,120,State_Level,25,11,8,3,5,2,2,1,2,1,2,2,2,0,12,5,6,2,91,5,0,5,0,12,0416719111T,6
233,04167,"Yeshwantrao Chavan College of Engineering,Wanadongri, Nagpur",0416724210,Computer Science and Engineering,180,117,0,27,36,1,144,State_Level,30,12,9,4,5,3,3,1,1,1,3,1,1,1,15,6,7,3,106,5,1,5,1,18,0416724211T,9
234,04167,"Yeshwantrao Chavan College of Engineering,Wanadongri, Nagpur",0416724610,Information Technology,180,117,0,27,36,1,144,State_Level,30,13,9,4,6,2,2,1,2,1,3,1,2,0,14,6,7,3,106,5,1,5,1,18,0416724611T,9
235,04167,"Yeshwantrao Chavan College of Engineering,Wanadongri, Nagpur",0416725110,Computer Technology,120,78,0,18,24,1,96,State_Level,19,8,6,2,3,2,2,1,2,0,2,1,1,1,8,4,5,2,69,4,0,4,0,12,0416725111T,6
236,04167,"Yeshwantrao Chavan College of Engineering,Wanadongri, Nagpur",0416725710,Computer Science and Design,60,39,0,9,12,0,48,State_Level,9,4,3,2,2,1,0,1,0,1,1,0,1,0,6,2,3,1,37,1,1,1,1,6,0416725711T,3
237,04167,"Yeshwantrao Chavan College of Engineering,Wanadongri, Nagpur",0416726710,Computer Science and Engineering (IoT),60,39,0,9,12,0,48,State_Level,10,4,4,1,2,0,1,0,1,0,1,1,0,0,5,3,2,2,37,1,1,1,1,6,0416726711T,3
238,04167,"Yeshwantrao Chavan College of Engineering,Wanadongri, Nagpur",0416735610,Electrical Engg[Electronics and Power],120,102,0,18,0,1,120,State_Level,25,11,8,3,5,3,2,1,2,0,3,1,1,1,12,5,6,2,91,5,0,5,0,12,0416735611T,6
239,04167,"Yeshwantrao Chavan College of Engineering,Wanadongri, Nagpur",0416737210,Electronics and Telecommunication Engg,180,117,0,27,36,1,144,State_Level,30,13,9,4,6,2,2,1,2,1,3,1,2,1,14,6,6,3,106,5,1,5,1,18,0416737211T,9
240,04167,"Yeshwantrao Chavan College of Engineering,Wanadongri, Nagpur",0416737610,Electronics Engineering,120,78,0,18,24,1,96,State_Level,19,8,5,3,4,1,2,1,0,1,2,1,1,0,9,4,6,2,69,4,0,4,0,12,0416737611T,6
241,04167,"Yeshwantrao Chavan College of Engineering,Wanadongri, Nagpur",0416737810,Electronics Engineering ( VLSI Design and,60,51,0,9,0,1,60,State_Level,13,5,5,2,2,1,1,0,2,0,1,1,1,0,5,2,3,2,46,2,1,2,1,6,0416737811T,3
242,04167,"Yeshwantrao Chavan College of Engineering,Wanadongri, Nagpur",0416761210,Mechanical Engineering,120,102,0,18,0,1,120,State_Level,25,12,8,3,5,2,2,1,1,1,2,1,1,1,13,5,6,2,91,5,0,5,0,12,0416761211T,6
243,04167,"Yeshwantrao Chavan College of Engineering,Wanadongri, Nagpur",0416791110,Computer Science and Engineering(Artificial,60,39,0,9,12,0,48,State_Level,10,3,3,2,2,1,2,0,1,0,1,0,1,0,5,2,3,1,37,1,1,1,1,6,0416791111T,3
244,04167,"Yeshwantrao Chavan College of Engineering,Wanadongri, Nagpur",0416799510,Artificial Intelligence and Data Science,120,78,0,18,24,1,96,State_Level,18,9,6,2,4,2,1,1,1,1,2,1,1,1,8,4,5,2,69,4,0,4,0,12,0416799511T,6
245,04174,"ST. Vincent Pallotti College of Engineering & Technology, Nagpur",0417419110,Civil Engineering,60,20,31,3,6,0,54,State_Level,14,6,0,0,0,0,0,0,0,0,0,0,0,0,0,0,0,0,20,0,0,0,0,0,0417419111T,3
246,04174,"ST. Vincent Pallotti College of Engineering & Technology, Nagpur",0417424510,Computer Engineering,120,30,61,5,24,0,96,State_Level,21,9,0,0,0,0,0,0,0,0,0,0,0,0,0,0,0,0,30,0,0,0,0,0,0417424511T,6
247,04174,"ST. Vincent Pallotti College of Engineering & Technology, Nagpur",0417424610,Information Technology,60,14,31,3,12,0,48,State_Level,10,4,0,0,0,0,0,0,0,0,0,0,0,0,0,0,0,0,14,0,0,0,0,0,0417424611T,3
248,04174,"ST. Vincent Pallotti College of Engineering & Technology, Nagpur",0417426010,Computer Science and Engineering (Cyber Security),60,14,31,3,12,0,48,State_Level,9,5,0,0,0,0,0,0,0,0,0,0,0,0,0,0,0,0,14,0,0,0,0,0,0417426011T,3
249,04174,"ST. Vincent Pallotti College of Engineering & Technology, Nagpur",0417426210,Computer Science and Business Systems,60,14,31,3,12,0,48,State_Level,10,4,0,0,0,0,0,0,0,0,0,0,0,0,0,0,0,0,14,0,0,0,0,0,0417426211T,3
250,04174,"ST. Vincent Pallotti College of Engineering & Technology, Nagpur",0417426510,Industrial IoT,60,14,31,3,12,0,48,State_Level,10,4,0,0,0,0,0,0,0,0,0,0,0,0,0,0,0,0,14,0,0,0,0,0,0417426511T,3
251,04174,"ST. Vincent Pallotti College of Engineering & Technology, Nagpur",0417429310,Electrical Engineering,60,14,31,3,12,0,48,State_Level,10,4,0,0,0,0,0,0,0,0,0,0,0,0,0,0,0,0,14,0,0,0,0,0,0417429311T,3
252,04174,"ST. Vincent Pallotti College of Engineering & Technology, Nagpur",0417437210,Electronics and Telecommunication Engg,60,14,31,3,12,0,48,State_Level,10,4,0,0,0,0,0,0,0,0,0,0,0,0,0,0,0,0,14,0,0,0,0,0,0417437211T,3
253,04174,"ST. Vincent Pallotti College of Engineering & Technology, Nagpur",0417461210,Mechanical Engineering,60,14,31,3,12,0,48,State_Level,9,5,0,0,0,0,0,0,0,0,0,0,0,0,0,0,0,0,14,0,0,0,0,0,0417461211T,3
254,04174,"ST. Vincent Pallotti College of Engineering & Technology, Nagpur",0417491210,Computer Science and Engineering(Data Science),60,14,31,3,12,0,48,State_Level,10,4,0,0,0,0,0,0,0,0,0,0,0,0,0,0,0,0,14,0,0,0,0,0,0417491211T,3
255,04174,"ST. Vincent Pallotti College of Engineering & Technology, Nagpur",0417499710,Artificial Intelligence,60,14,31,3,12,0,48,State_Level,10,4,0,0,0,0,0,0,0,0,0,0,0,0,0,0,0,0,14,0,0,0,0,0,0417499711T,3
256,04193,"K.D.M. Education Society, Vidharbha Institute of Technology,Umred Road ,Nagpur",0419324210,Computer Science and Engineering,60,25,31,4,0,0,60,State_Level,18,7,0,0,0,0,0,0,0,0,0,0,0,0,0,0,0,0,25,0,0,0,0,0,0419324211T,3
257,04193,"K.D.M. Education Society, Vidharbha Institute of Technology,Umred Road ,Nagpur",0419329310,Electrical Engineering,60,25,31,4,0,0,60,State_Level,17,8,0,0,0,0,0,0,0,0,0,0,0,0,0,0,0,0,25,0,0,0,0,0,,
258,04193,"K.D.M. Education Society, Vidharbha Institute of Technology,Umred Road ,Nagpur",0419337010,Electronics and Communication Engineering,60,25,31,4,0,0,60,State_Level,18,7,0,0,0,0,0,0,0,0,0,0,0,0,0,0,0,0,25,0,0,0,0,0,,
259,04193,"K.D.M. Education Society, Vidharbha Institute of Technology,Umred Road ,Nagpur",0419361210,Mechanical Engineering,60,25,31,4,0,0,60,State_Level,17,8,0,0,0,0,0,0,0,0,0,0,0,0,0,0,0,0,25,0,0,0,0,0,,
260,04193,"K.D.M. Education Society, Vidharbha Institute of Technology,Umred Road ,Nagpur",0419391110,Computer Science and Engineering(Artificial,60,25,31,4,0,0,60,State_Level,18,7,0,0,0,0,0,0,0,0,0,0,0,0,0,0,0,0,25,0,0,0,0,0,0419391111T,3
261,04193,"K.D.M. Education Society, Vidharbha Institute of Technology,Umred Road ,Nagpur",0419391210,Computer Science and Engineering(Data Science),60,25,31,4,0,0,60,State_Level,17,8,0,0,0,0,0,0,0,0,0,0,0,0,0,0,0,0,25,0,0,0,0,0,0419391211T,3
262,04613,"Suryodaya College of Engineering & Technology, Nagpur",0461319110,Civil Engineering,30,25,0,5,0,0,30,State_Level,5,3,3,1,1,0,1,0,1,0,0,0,1,0,4,1,1,1,23,1,0,1,0,3,0461319111T,2
263,04613,"Suryodaya College of Engineering & Technology, Nagpur",0461324510,Computer Engineering,90,67,0,14,9,1,81,State_Level,17,7,5,3,3,2,0,1,1,1,2,1,1,0,7,4,5,2,62,2,1,2,1,9,0461324511T,5
264,04613,"Suryodaya College of Engineering & Technology, Nagpur",0461326510,Industrial IoT,60,51,0,9,0,1,60,State_Level,13,5,5,1,3,1,2,0,1,0,2,0,0,1,5,2,3,2,46,2,1,2,1,6,0461326511T,3
265,04613,"Suryodaya College of Engineering & Technology, Nagpur",0461329310,Electrical Engineering,60,51,0,9,0,1,60,State_Level,12,6,4,3,2,1,1,1,1,0,1,1,1,0,5,2,4,1,46,2,1,2,1,6,0461329311T,3
266,04613,"Suryodaya College of Engineering & Technology, Nagpur",0461337210,Electronics and Telecommunication Engg,60,51,0,9,0,1,60,State_Level,13,5,5,1,3,1,1,0,1,1,2,0,1,0,5,2,3,2,46,2,1,2,1,6,0461337211T,3
267,04613,"Suryodaya College of Engineering & Technology, Nagpur",0461361210,Mechanical Engineering,60,51,0,9,0,1,60,State_Level,13,5,5,2,2,1,1,0,1,0,1,1,0,1,6,2,4,1,46,2,1,2,1,6,0461361211T,3
268,04613,"Suryodaya College of Engineering & Technology, Nagpur",0461391210,Computer Science and Engineering(Data Science),60,48,0,9,3,0,57,State_Level,12,5,4,2,3,1,1,1,1,0,1,1,1,0,6,3,3,1,46,1,1,1,1,6,0461391211T,3
269,05004,"Government College of Engineering, Jalgaon",0500419110,Civil Engineering,60,60,0,0,0,1,60,State_Level,15,7,5,3,2,2,1,1,0,1,2,0,1,0,6,3,4,2,55,2,1,2,1,6,0500419111T,3
270,05004,"Government College of Engineering, Jalgaon",0500424510,Computer Engineering,60,60,0,0,0,1,60,State_Level,15,7,6,2,3,1,2,0,1,0,1,1,0,1,6,3,4,2,55,2,1,2,1,6,0500424511T,3
271,05004,"Government College of Engineering, Jalgaon",0500429310,Electrical Engineering,60,60,0,0,0,1,60,State_Level,15,6,5,2,4,1,1,1,1,0,2,0,1,0,7,3,4,2,55,2,1,2,1,6,0500429311T,3
272,05004,"Government College of Engineering, Jalgaon",0500437210,Electronics and Telecommunication Engg,60,60,0,0,0,1,60,State_Level,15,7,5,3,3,1,1,0,1,1,1,1,1,0,7,2,5,1,55,2,1,2,1,6,0500437211T,3
273,05004,"Government College of Engineering, Jalgaon",0500446610,Instrumentation Engineering,60,60,0,0,0,1,60,State_Level,16,6,5,2,2,2,1,1,1,1,1,1,1,0,6,3,4,2,55,2,1,2,1,6,0500446611T,3
274,05004,"Government College of Engineering, Jalgaon",0500461210,Mechanical Engineering,60,60,0,0,0,1,60,State_Level,15,7,6,2,3,1,1,0,2,0,2,0,0,1,6,3,4,2,55,2,1,2,1,6,0500461211T,3
275,05108,"Maratha Vidya Prasarak Samaj's Karmaveer Adv. Baburao Ganpatrao Thakare College Of Engineering, Nashik",0510819110,Civil Engineering,60,48,0,9,3,0,57,State_Level,12,5,5,2,2,1,1,1,1,0,1,0,1,0,6,3,4,1,46,1,1,1,1,6,0510819111T,3
276,05108,"Maratha Vidya Prasarak Samaj's Karmaveer Adv. Baburao Ganpatrao Thakare College Of Engineering, Nashik",0510824510,Computer Engineering,180,117,0,27,36,1,144,State_Level,30,13,9,4,6,2,3,0,2,1,3,2,1,1,14,6,6,3,106,5,1,5,1,18,0510824511T,9
277,05108,"Maratha Vidya Prasarak Samaj's Karmaveer Adv. Baburao Ganpatrao Thakare College Of Engineering, Nashik",0510824610,Information Technology,120,78,0,18,24,1,96,State_Level,18,8,6,2,3,2,1,1,1,1,2,0,2,0,9,4,6,3,69,4,0,4,0,12,0510824611T,6
278,05108,"Maratha Vidya Prasarak Samaj's Karmaveer Adv. Baburao Ganpatrao Thakare College Of Engineering, Nashik",0510826310,Artificial Intelligence (AI) and Data Science,120,78,0,18,24,1,96,State_Level,19,8,6,3,4,1,1,1,2,0,2,1,0,1,10,3,5,2,69,4,0,4,0,12,0510826311T,6
279,05108,"Maratha Vidya Prasarak Samaj's Karmaveer Adv. Baburao Ganpatrao Thakare College Of Engineering, Nashik",0510829310,Electrical Engineering,60,48,0,9,3,0,57,State_Level,12,5,4,2,2,1,2,0,0,1,1,1,1,0,6,3,4,1,46,1,1,1,1,6,0510829311T,3
280,05108,"Maratha Vidya Prasarak Samaj's Karmaveer Adv. Baburao Ganpatrao Thakare College Of Engineering, Nashik",0510837210,Electronics and Telecommunication Engg,60,48,0,9,3,0,57,State_Level,13,5,4,2,2,1,1,1,1,0,2,0,1,0,6,3,2,2,46,1,1,1,1,6,0510837211T,3
281,05108,"Maratha Vidya Prasarak Samaj's Karmaveer Adv. Baburao Ganpatrao Thakare College Of Engineering, Nashik",0510846410,Instrumentation and Control Engineering,60,51,0,9,0,1,60,State_Level,12,6,5,1,3,1,1,0,1,0,1,1,0,1,6,2,4,1,46,2,1,2,1,6,0510846411T,3
282,05108,"Maratha Vidya Prasarak Samaj's Karmaveer Adv. Baburao Ganpatrao Thakare College Of Engineering, Nashik",0510861210,Mechanical Engineering,120,100,0,18,2,1,118,State_Level,25,10,7,4,5,2,2,1,2,1,2,1,2,0,12,5,5,3,89,5,0,5,0,12,0510861211T,6
283,05109,"Sandip Foundation, Sandip Institute of Technology and Research Centre, Mahiravani, Nashik",0510919110,Civil Engineering,60,51,0,9,0,1,60,State_Level,13,5,4,2,3,1,1,0,1,1,1,1,1,0,5,2,3,2,46,2,1,2,1,6,,
284,05109,"Sandip Foundation, Sandip Institute of Technology and Research Centre, Mahiravani, Nashik",0510924510,Computer Engineering,180,130,0,27,23,1,157,State_Level,31,14,11,4,6,3,3,1,2,1,3,1,2,1,16,7,8,3,117,6,1,6,1,18,0510924511T,9
285,05109,"Sandip Foundation, Sandip Institute of Technology and Research Centre, Mahiravani, Nashik",0510924610,Information Technology,60,45,0,9,6,0,54,State_Level,12,4,4,2,2,1,1,1,1,0,1,1,1,0,6,2,3,1,43,1,1,1,1,6,0510924611T,3
286,05109,"Sandip Foundation, Sandip Institute of Technology and Research Centre, Mahiravani, Nashik",0510929310,Electrical Engineering,60,51,0,9,0,1,60,State_Level,12,6,5,2,2,1,1,0,1,0,2,0,0,1,6,2,3,2,46,2,1,2,1,6,0510929311T,3
287,05109,"Sandip Foundation, Sandip Institute of Technology and Research Centre, Mahiravani, Nashik",0510937210,Electronics and Telecommunication Engg,60,50,0,9,1,1,59,State_Level,13,5,4,2,3,0,0,1,0,1,1,1,1,0,5,3,4,1,45,2,1,2,1,6,0510937211T,3
288,05109,"Sandip Foundation, Sandip Institute of Technology and Research Centre, Mahiravani, Nashik",0510956610,Computer Science,60,42,0,9,9,0,51,State_Level,10,5,4,2,2,1,1,0,1,0,2,0,0,0,6,2,3,1,40,1,1,1,1,6,0510956611T,3
289,05109,"Sandip Foundation, Sandip Institute of Technology and Research Centre, Mahiravani, Nashik",0510961210,Mechanical Engineering,60,39,0,9,12,0,48,State_Level,9,4,4,1,2,1,1,0,1,0,0,1,1,0,5,3,3,1,37,1,1,1,1,6,0510961211T,3
290,05109,"Sandip Foundation, Sandip Institute of Technology and Research Centre, Mahiravani, Nashik",0510991610,Automation and Robotics,60,51,0,9,0,1,60,State_Level,13,5,5,2,2,1,0,1,1,1,2,0,1,0,5,2,3,2,46,2,1,2,1,6,0510991611T,3
291,05109,"Sandip Foundation, Sandip Institute of Technology and Research Centre, Mahiravani, Nashik",0510992110,Artificial Intelligence and Machine Learning,60,51,0,9,0,1,60,State_Level,13,5,4,2,3,1,2,0,1,0,1,1,0,1,5,2,4,1,46,2,1,2,1,6,0510992111T,3
292,05109,"Sandip Foundation, Sandip Institute of Technology and Research Centre, Mahiravani, Nashik",0510999510,Artificial Intelligence and Data Science,60,39,0,9,12,0,48,State_Level,9,5,3,2,1,1,1,0,1,0,1,0,1,0,6,2,2,2,37,1,1,1,1,6,0510999511T,3
293,05121,"K. K. Wagh Institute of Engineering Education and Research, Nashik",0512119110,Civil Engineering,120,102,0,18,0,1,120,State_Level,26,10,8,3,5,2,2,1,2,1,3,1,1,1,12,5,6,2,91,5,0,5,0,12,0512119111T,6
294,05121,"K. K. Wagh Institute of Engineering Education and Research, Nashik",0512121910,Robotics and Automation,60,45,0,9,6,0,54,State_Level,11,5,4,2,2,1,0,1,0,1,0,1,1,0,6,3,3,2,43,1,1,1,1,6,0512121911T,3
295,05121,"K. K. Wagh Institute of Engineering Education and Research, Nashik",0512124510,Computer Engineering,120,78,0,18,24,1,96,State_Level,19,8,6,2,4,1,2,1,1,0,2,1,1,0,9,4,6,2,69,4,0,4,0,12,0512124511T,6
296,05121,"K. K. Wagh Institute of Engineering Education and Research, Nashik",0512124610,Information Technology,120,78,0,18,24,1,96,State_Level,19,8,5,3,3,2,2,0,2,0,2,1,1,1,8,4,6,2,69,4,0,4,0,12,0512124611T,6
297,05121,"K. K. Wagh Institute of Engineering Education and Research, Nashik",0512125710,Computer Science and Design,60,39,0,9,12,0,48,State_Level,9,4,4,1,2,1,1,0,0,1,1,0,1,0,6,2,2,2,37,1,1,1,1,6,0512125711T,3
298,05121,"K. K. Wagh Institute of Engineering Education and Research, Nashik",0512129310,Electrical Engineering,120,92,0,18,10,1,110,State_Level,23,10,7,3,4,2,2,1,2,0,2,1,1,1,11,4,5,2,81,5,0,5,0,12,0512129311T,6
299,05121,"K. K. Wagh Institute of Engineering Education and Research, Nashik",0512137210,Electronics and Telecommunication Engg,120,90,0,18,12,1,108,State_Level,21,10,7,3,5,1,2,1,1,1,2,1,2,0,10,5,5,2,79,5,0,5,0,12,0512137211T,6
300,05121,"K. K. Wagh Institute of Engineering Education and Research, Nashik",0512150710,Chemical Engineering,60,51,0,9,0,1,60,State_Level,13,5,4,2,2,2,0,1,1,0,2,0,0,1,6,2,4,1,46,2,1,2,1,6,0512150711T,3
301,05121,"K. K. Wagh Institute of Engineering Education and Research, Nashik",0512161210,Mechanical Engineering,120,98,0,18,4,1,116,State_Level,25,10,8,3,5,2,3,0,2,1,3,1,1,0,11,5,5,2,87,5,0,5,0,12,0512161211T,6
302,05121,"K. K. Wagh Institute of Engineering Education and Research, Nashik",0512199510,Artificial Intelligence and Data Science,120,78,0,18,24,1,96,State_Level,18,9,5,3,4,1,1,1,1,1,1,1,1,1,9,4,5,3,69,4,0,4,0,12,0512199511T,6
303,05152,"G H Raisoni College of Engineering and Management, Jalgaon",0515219110,Civil Engineering,60,25,31,4,0,0,60,State_Level,18,7,0,0,0,0,0,0,0,0,0,0,0,0,0,0,0,0,25,0,0,0,0,0,,
304,05152,"G H Raisoni College of Engineering and Management, Jalgaon",0515224210,Computer Science and Engineering,180,44,92,8,36,0,144,State_Level,30,14,0,0,0,0,0,0,0,0,0,0,0,0,0,0,0,0,44,0,0,0,0,0,0515224211T,9
305,05152,"G H Raisoni College of Engineering and Management, Jalgaon",0515224610,Information Technology,60,14,31,3,12,0,48,State_Level,10,4,0,0,0,0,0,0,0,0,0,0,0,0,0,0,0,0,14,0,0,0,0,0,0515224611T,3
306,05152,"G H Raisoni College of Engineering and Management, Jalgaon",0515229310,Electrical Engineering,60,25,31,4,0,0,60,State_Level,18,7,0,0,0,0,0,0,0,0,0,0,0,0,0,0,0,0,25,0,0,0,0,0,0515229311T,3
307,05152,"G H Raisoni College of Engineering and Management, Jalgaon",0515237210,Electronics and Telecommunication Engg,60,14,31,3,12,0,48,State_Level,9,5,0,0,0,0,0,0,0,0,0,0,0,0,0,0,0,0,14,0,0,0,0,0,0515237211T,3
308,05152,"G H Raisoni College of Engineering and Management, Jalgaon",0515261210,Mechanical Engineering,60,25,31,4,0,0,60,State_Level,18,7,0,0,0,0,0,0,0,0,0,0,0,0,0,0,0,0,25,0,0,0,0,0,0515261211T,3
309,05152,"G H Raisoni College of Engineering and Management, Jalgaon",0515291110,Computer Science and Engineering(Artificial,60,14,31,3,12,0,48,State_Level,10,4,0,0,0,0,0,0,0,0,0,0,0,0,0,0,0,0,14,0,0,0,0,0,0515291111T,3
310,05152,"G H Raisoni College of Engineering and Management, Jalgaon",0515291210,Computer Science and Engineering(Data Science),60,14,31,3,12,0,48,State_Level,10,4,0,0,0,0,0,0,0,0,0,0,0,0,0,0,0,0,14,0,0,0,0,0,0515291211T,3
311,05152,"G H Raisoni College of Engineering and Management, Jalgaon",0515291310,Computer Science and Engineering (Artificial,60,14,31,3,12,0,48,State_Level,9,5,0,0,0,0,0,0,0,0,0,0,0,0,0,0,0,0,14,0,0,0,0,0,0515291311T,3
312,05160,"Sanjivani Rural Education Society's Sanjivani College of Engineering, Kopargaon",0516019110,Civil Engineering,120,102,0,18,0,1,120,State_Level,26,10,8,3,5,2,2,1,2,1,3,1,2,0,12,5,6,2,91,5,0,5,0,12,0516019111T,6
313,05160,"Sanjivani Rural Education Society's Sanjivani College of Engineering, Kopargaon",0516024510,Computer Engineering,120,78,0,18,24,1,96,State_Level,19,8,6,2,3,2,1,1,2,0,1,1,1,1,9,4,5,3,69,4,0,4,0,12,0516024511T,6
314,05160,"Sanjivani Rural Education Society's Sanjivani College of Engineering, Kopargaon",0516024610,Information Technology,120,78,0,18,24,1,96,State_Level,18,9,5,3,4,1,2,0,1,1,2,1,2,0,9,4,5,2,69,4,0,4,0,12,0516024611T,6
315,05160,"Sanjivani Rural Education Society's Sanjivani College of Engineering, Kopargaon",0516029310,Electrical Engineering,60,51,0,9,0,1,60,State_Level,13,5,4,2,2,2,1,1,1,0,2,0,0,1,5,2,4,1,46,2,1,2,1,6,0516029311T,3
316,05160,"Sanjivani Rural Education Society's Sanjivani College of Engineering, Kopargaon",0516061210,Mechanical Engineering,120,102,0,18,0,1,120,State_Level,25,11,8,3,5,2,2,1,2,1,2,2,2,0,12,5,5,3,91,5,0,5,0,12,0516061211T,6
317,05160,"Sanjivani Rural Education Society's Sanjivani College of Engineering, Kopargaon",0516062410,Mechatronics Engineering,60,45,0,9,6,0,54,State_Level,11,5,4,2,2,1,1,0,1,0,1,0,0,1,6,3,4,1,43,1,1,1,1,6,0516062411T,3
318,05160,"Sanjivani Rural Education Society's Sanjivani College of Engineering, Kopargaon",0516084410,Electronics and Computer Engineering,60,39,0,9,12,0,48,State_Level,10,4,4,1,3,0,1,0,0,1,1,0,1,0,5,2,3,1,37,1,1,1,1,6,0516084411T,3
319,05160,"Sanjivani Rural Education Society's Sanjivani College of Engineering, Kopargaon",0516091510,Structural Engineering,60,51,0,9,0,1,60,State_Level,13,5,5,2,2,1,1,1,1,0,1,0,1,0,6,2,3,2,46,2,1,2,1,6,0516091511T,3
320,05172,"R. C. Patel Institute of Technology, Shirpur",0517219110,Civil Engineering,60,25,31,4,0,0,60,State_Level,18,7,0,0,0,0,0,0,0,0,0,0,0,0,0,0,0,0,25,0,0,0,0,0,0517219111T,3
321,05172,"R. C. Patel Institute of Technology, Shirpur",0517224510,Computer Engineering,180,44,92,8,36,0,144,State_Level,31,13,0,0,0,0,0,0,0,0,0,0,0,0,0,0,0,0,44,0,0,0,0,0,0517224511T,9
322,05172,"R. C. Patel Institute of Technology, Shirpur",0517224610,Information Technology,120,30,61,5,24,0,96,State_Level,21,9,0,0,0,0,0,0,0,0,0,0,0,0,0,0,0,0,30,0,0,0,0,0,0517224611T,6
323,05172,"R. C. Patel Institute of Technology, Shirpur",0517229310,Electrical Engineering,60,20,31,3,6,0,54,State_Level,14,6,0,0,0,0,0,0,0,0,0,0,0,0,0,0,0,0,20,0,0,0,0,0,0517229311T,3
324,05172,"R. C. Patel Institute of Technology, Shirpur",0517237210,Electronics and Telecommunication Engg,120,35,61,6,18,0,102,State_Level,24,11,0,0,0,0,0,0,0,0,0,0,0,0,0,0,0,0,35,0,0,0,0,0,0517237211T,6
325,05172,"R. C. Patel Institute of Technology, Shirpur",0517261210,Mechanical Engineering,60,20,31,3,6,0,54,State_Level,14,6,0,0,0,0,0,0,0,0,0,0,0,0,0,0,0,0,20,0,0,0,0,0,0517261211T,3
326,05172,"R. C. Patel Institute of Technology, Shirpur",0517291210,Computer Science and Engineering(Data Science),120,30,61,5,24,0,96,State_Level,21,9,0,0,0,0,0,0,0,0,0,0,0,0,0,0,0,0,30,0,0,0,0,0,0517291211T,6
327,05172,"R. C. Patel Institute of Technology, Shirpur",0517292110,Artificial Intelligence and Machine Learning,60,14,31,3,12,0,48,State_Level,10,4,0,0,0,0,0,0,0,0,0,0,0,0,0,0,0,0,14,0,0,0,0,0,0517292111T,3
328,05172,"R. C. Patel Institute of Technology, Shirpur",0517299510,Artificial Intelligence and Data Science,120,30,61,5,24,0,96,State_Level,21,9,0,0,0,0,0,0,0,0,0,0,0,0,0,0,0,0,30,0,0,0,0,0,0517299511T,6
329,05173,"SNJB's Late Sau. Kantabai Bhavarlalji Jain College of Engineering, (Jain Gurukul), Neminagar,Chandwad,(Nashik)",0517319110,Civil Engineering,60,20,31,3,6,0,54,State_Level,14,6,0,0,0,0,0,0,0,0,0,0,0,0,0,0,0,0,20,0,0,0,0,0,0517319111T,3
330,05173,"SNJB's Late Sau. Kantabai Bhavarlalji Jain College of Engineering, (Jain Gurukul), Neminagar,Chandwad,(Nashik)",0517324510,Computer Engineering,150,37,77,6,30,0,120,State_Level,26,11,0,0,0,0,0,0,0,0,0,0,0,0,0,0,0,0,37,0,0,0,0,0,0517324511T,8
331,05173,"SNJB's Late Sau. Kantabai Bhavarlalji Jain College of Engineering, (Jain Gurukul), Neminagar,Chandwad,(Nashik)",0517337210,Electronics and Telecommunication Engg,60,14,31,3,12,0,48,State_Level,10,4,0,0,0,0,0,0,0,0,0,0,0,0,0,0,0,0,14,0,0,0,0,0,0517337211T,3
332,05173,"SNJB's Late Sau. Kantabai Bhavarlalji Jain College of Engineering, (Jain Gurukul), Neminagar,Chandwad,(Nashik)",0517361210,Mechanical Engineering,60,14,31,3,12,0,48,State_Level,9,5,0,0,0,0,0,0,0,0,0,0,0,0,0,0,0,0,14,0,0,0,0,0,0517361211T,3
333,05173,"SNJB's Late Sau. Kantabai Bhavarlalji Jain College of Engineering, (Jain Gurukul), Neminagar,Chandwad,(Nashik)",0517399510,Artificial Intelligence and Data Science,60,14,31,3,12,0,48,State_Level,10,4,0,0,0,0,0,0,0,0,0,0,0,0,0,0,0,0,14,0,0,0,0,0,0517399511T,3
334,05177,"Matoshri College of Engineering and Research Centre, Eklahare, Nashik",0517719110,Civil Engineering,60,51,0,9,0,1,60,State_Level,12,6,5,2,2,1,2,0,1,0,1,1,1,0,5,2,4,1,46,2,1,2,1,6,,
335,05177,"Matoshri College of Engineering and Research Centre, Eklahare, Nashik",0517724510,Computer Engineering,120,90,0,18,12,1,108,State_Level,23,9,6,3,4,2,2,1,1,1,2,1,1,1,10,5,5,2,79,5,0,5,0,12,0517724511T,6
336,05177,"Matoshri College of Engineering and Research Centre, Eklahare, Nashik",0517724610,Information Technology,60,45,0,9,6,0,54,State_Level,11,5,4,2,2,1,0,1,1,0,1,1,1,0,6,3,2,2,43,1,1,1,1,6,0517724611T,3
337,05177,"Matoshri College of Engineering and Research Centre, Eklahare, Nashik",0517729310,Electrical Engineering,60,51,0,9,0,1,60,State_Level,13,5,4,2,3,1,1,0,1,1,2,0,0,1,5,2,4,1,46,2,1,2,1,6,,
338,05177,"Matoshri College of Engineering and Research Centre, Eklahare, Nashik",0517737210,Electronics and Telecommunication Engg,60,51,0,9,0,1,60,State_Level,12,6,5,2,2,1,1,1,1,0,1,1,1,0,5,2,3,2,46,2,1,2,1,6,0517737211T,3
339,05177,"Matoshri College of Engineering and Research Centre, Eklahare, Nashik",0517761210,Mechanical Engineering,60,51,0,9,0,1,60,State_Level,13,5,4,2,3,1,1,0,1,0,2,0,1,0,6,2,4,1,46,2,1,2,1,6,0517761211T,3
340,05177,"Matoshri College of Engineering and Research Centre, Eklahare, Nashik",0517784410,Electronics and Computer Engineering,60,51,0,9,0,1,60,State_Level,12,6,5,2,2,1,2,0,0,1,1,1,0,1,5,2,3,2,46,2,1,2,1,6,0517784411T,3
341,05177,"Matoshri College of Engineering and Research Centre, Eklahare, Nashik",0517799510,Artificial Intelligence and Data Science,120,96,0,18,6,1,114,State_Level,24,10,7,3,5,2,1,1,2,1,2,1,2,0,11,5,6,2,85,5,0,5,0,12,0517799511T,6
342,06005,"Government College of Engineering, Karad",0600519110,Civil Engineering,60,60,0,0,0,1,60,State_Level,15,6,5,2,3,2,1,1,1,0,2,1,1,0,6,3,4,2,55,2,1,2,1,6,0600519111T,3
343,06005,"Government College of Engineering, Karad",0600524610,Information Technology,60,60,0,0,0,1,60,State_Level,15,7,6,2,3,1,2,0,1,0,2,0,0,1,6,3,4,2,55,2,1,2,1,6,0600524611T,3
344,06005,"Government College of Engineering, Karad",0600529310,Electrical Engineering,60,60,0,0,0,1,60,State_Level,15,6,5,2,4,1,0,1,1,1,1,1,1,0,7,3,5,1,55,2,1,2,1,6,0600529311T,3
345,06005,"Government College of Engineering, Karad",0600537210,Electronics and Telecommunication Engg,60,60,0,0,0,1,60,State_Level,15,7,5,3,2,2,2,0,1,0,1,1,1,0,7,2,4,2,55,2,1,2,1,6,0600537211T,3
346,06005,"Government College of Engineering, Karad",0600561210,Mechanical Engineering,60,60,0,0,0,1,60,State_Level,16,6,6,2,3,1,1,1,1,0,2,0,0,1,6,3,4,2,55,2,1,2,1,6,0600561211T,3
347,06007,"Walchand College of Engineering, Sangli",0600719110,Civil Engineering,60,59,0,0,1,1,59,State_Level,15,6,5,2,3,1,2,0,1,1,2,1,1,0,6,3,4,1,54,2,1,2,1,6,0600719111T,3
348,06007,"Walchand College of Engineering, Sangli",0600721970U,Robotics and Automation,60,51,0,9,0,1,60,State_Level,12,6,5,2,2,1,0,1,1,0,1,1,1,0,6,2,3,2,46,2,1,2,1,6,0600721971UT,3
349,06007,"Walchand College of Engineering, Sangli",0600724210,Computer Science and Engineering,90,86,0,0,4,1,86,State_Level,21,9,6,3,4,2,2,1,1,1,2,1,1,1,10,4,6,2,77,4,0,4,0,9,0600724211T,5
350,06007,"Walchand College of Engineering, Sangli",0600724270U,Computer Science and Engineering,90,76,0,14,0,1,90,State_Level,18,8,5,2,4,2,2,0,2,0,3,0,1,0,8,4,5,3,67,4,0,4,0,9,0600724271UT,5
351,06007,"Walchand College of Engineering, Sangli",0600724610,Information Technology,60,59,0,0,1,1,59,State_Level,15,6,6,2,3,1,1,1,0,1,1,1,1,0,6,3,4,2,54,2,1,2,1,6,0600724611T,3
352,06007,"Walchand College of Engineering, Sangli",0600724670U,Information Technology,60,51,0,9,0,1,60,State_Level,13,5,4,3,2,1,1,0,2,0,1,1,0,1,5,2,4,1,46,2,1,2,1,6,0600724671UT,3
353,06007,"Walchand College of Engineering, Sangli",0600729310,Electrical Engineering,60,60,0,0,0,1,60,State_Level,15,7,6,2,3,1,1,1,0,1,2,0,1,0,7,2,4,2,55,2,1,2,1,6,0600729311T,3
354,06007,"Walchand College of Engineering, Sangli",0600737610,Electronics Engineering,60,60,0,0,0,1,60,State_Level,15,6,5,2,4,1,2,0,2,0,1,1,1,0,6,3,4,2,55,2,1,2,1,6,0600737611T,3
355,06007,"Walchand College of Engineering, Sangli",0600761210,Mechanical Engineering,60,59,0,0,1,1,59,State_Level,14,7,6,2,2,2,1,1,0,1,2,0,0,1,6,3,5,1,54,2,1,2,1,6,0600761211T,3
356,06007,"Walchand College of Engineering, Sangli",0600792170U,Artificial Intelligence and Machine Learning,60,51,0,9,0,1,60,State_Level,13,5,4,2,3,1,1,0,2,0,1,1,1,0,5,2,3,2,46,2,1,2,1,6,0600792171UT,3
357,06139,"Progressive Education Society's Modern College of Engineering, Pune",0613924510,Computer Engineering,180,117,0,27,36,1,144,State_Level,29,13,9,4,6,2,3,1,2,1,3,1,1,1,14,6,7,3,106,5,1,5,1,18,0613924511T,9
358,06139,"Progressive Education Society's Modern College of Engineering, Pune",0613924610,Information Technology,120,78,0,18,24,1,96,State_Level,19,8,5,3,4,2,1,1,1,1,1,1,2,0,9,4,5,2,69,4,0,4,0,12,0613924611T,6
359,06139,"Progressive Education Society's Modern College of Engineering, Pune",0613929310,Electrical Engineering,120,102,0,18,0,1,120,State_Level,26,11,8,3,5,2,2,1,2,0,3,1,1,1,12,5,6,2,91,5,0,5,0,12,0613929311T,6
360,06139,"Progressive Education Society's Modern College of Engineering, Pune",0613937210,Electronics and Telecommunication Engg,120,90,0,18,12,1,108,State_Level,23,9,7,3,4,2,2,0,1,1,2,1,2,0,11,4,4,3,79,5,0,5,0,12,0613937211T,6
361,06139,"Progressive Education Society's Modern College of Engineering, Pune",0613961210,Mechanical Engineering,180,153,0,27,0,2,180,State_Level,38,17,12,5,8,3,3,2,3,1,4,1,2,1,16,8,10,3,137,7,1,7,1,18,0613961211T,9
362,06139,"Progressive Education Society's Modern College of Engineering, Pune",0613984410,Electronics and Computer Engineering,60,39,0,9,12,0,48,State_Level,9,4,4,1,2,1,1,0,1,0,1,1,0,0,6,2,2,2,37,1,1,1,1,6,0613984411T,3
363,06139,"Progressive Education Society's Modern College of Engineering, Pune",0613992110,Artificial Intelligence and Machine Learning,60,39,0,9,12,0,48,State_Level,10,4,3,2,1,1,0,1,0,1,1,0,0,1,6,2,3,1,37,1,1,1,1,6,0613992111T,3
364,06139,"Progressive Education Society's Modern College of Engineering, Pune",0613999510,Artificial Intelligence and Data Science,120,78,0,18,24,1,96,State_Level,19,8,6,2,5,1,2,0,2,0,2,1,1,0,8,4,6,2,69,4,0,4,0,12,0613999511T,6
365,06141,"Jaywant Shikshan Prasarak Mandal's,Rajarshi Shahu College of Engineering, Tathawade, Pune",0614119110,Civil Engineering,60,39,0,9,12,0,48,State_Level,9,4,3,2,2,1,1,0,0,1,0,1,1,0,6,2,3,1,37,1,1,1,1,6,0614119111T,3
366,06141,"Jaywant Shikshan Prasarak Mandal's,Rajarshi Shahu College of Engineering, Tathawade, Pune",0614124510,Computer Engineering,180,117,0,27,36,1,144,State_Level,30,13,9,4,5,3,2,2,3,0,3,1,1,1,14,6,6,3,106,5,1,5,1,18,0614124511T,9
367,06141,"Jaywant Shikshan Prasarak Mandal's,Rajarshi Shahu College of Engineering, Tathawade, Pune",0614124610,Information Technology,120,78,0,18,24,1,96,State_Level,18,8,6,2,4,2,2,0,1,1,2,1,1,0,9,4,5,3,69,4,0,4,0,12,0614124611T,6
368,06141,"Jaywant Shikshan Prasarak Mandal's,Rajarshi Shahu College of Engineering, Tathawade, Pune",0614126210,Computer Science and Business Systems,60,39,0,9,12,0,48,State_Level,10,4,3,2,2,0,0,1,1,0,1,0,1,0,5,3,3,1,37,1,1,1,1,6,0614126211T,3
369,06141,"Jaywant Shikshan Prasarak Mandal's,Rajarshi Shahu College of Engineering, Tathawade, Pune",0614129310,Electrical Engineering,60,39,0,9,12,0,48,State_Level,10,4,4,1,2,1,1,0,0,1,1,0,0,1,5,2,3,1,37,1,1,1,1,6,0614129311T,3
370,06141,"Jaywant Shikshan Prasarak Mandal's,Rajarshi Shahu College of Engineering, Tathawade, Pune",0614137210,Electronics and Telecommunication Engg,120,78,0,18,24,1,96,State_Level,18,8,5,3,4,2,2,1,2,0,2,1,1,0,9,4,5,2,69,4,0,4,0,12,0614137211T,6
371,06141,"Jaywant Shikshan Prasarak Mandal's,Rajarshi Shahu College of Engineering, Tathawade, Pune",0614161210,Mechanical Engineering,180,131,0,27,22,1,158,State_Level,32,14,11,4,6,3,3,1,2,1,3,2,2,1,16,6,8,3,118,6,1,6,1,18,0614161211T,9
372,06141,"Jaywant Shikshan Prasarak Mandal's,Rajarshi Shahu College of Engineering, Tathawade, Pune",0614191610,Automation and Robotics,60,39,0,9,12,0,48,State_Level,10,4,3,2,2,0,1,0,1,0,1,0,1,0,5,3,2,2,37,1,1,1,1,6,0614191611T,3
373,06146,"MIT Academy of Engineering,Alandi, Pune",0614619110,Civil Engineering,60,39,0,9,12,0,48,State_Level,9,4,4,1,2,1,1,1,0,1,1,1,0,0,5,2,3,1,37,1,1,1,1,6,0614619111T,3
374,06146,"MIT Academy of Engineering,Alandi, Pune",0614624510,Computer Engineering,300,195,0,45,60,2,240,State_Level,49,20,16,7,10,4,4,1,4,1,5,1,3,1,23,10,13,5,177,8,2,8,2,30,0614624511T,15
375,06146,"MIT Academy of Engineering,Alandi, Pune",0614624610,Information Technology,60,39,0,9,12,0,48,State_Level,9,5,4,1,2,1,0,1,0,1,0,1,0,1,5,2,3,1,37,1,1,1,1,6,0614624611T,3
376,06146,"MIT Academy of Engineering,Alandi, Pune",0614637210,Electronics and Telecommunication Engg,180,117,0,27,36,1,144,State_Level,30,12,9,4,5,3,3,1,3,0,4,1,2,0,14,6,6,3,106,5,1,5,1,18,0614637211T,9
377,06146,"MIT Academy of Engineering,Alandi, Pune",0614650710,Chemical Engineering,60,39,0,9,12,0,48,State_Level,10,4,3,2,3,0,1,0,0,1,1,0,0,1,5,2,3,1,37,1,1,1,1,6,0614650711T,3
378,06146,"MIT Academy of Engineering,Alandi, Pune",0614661210,Mechanical Engineering,120,78,0,18,24,1,96,State_Level,18,9,6,2,3,2,1,1,2,0,2,1,1,0,9,4,5,3,69,4,0,4,0,12,0614661211T,6
379,06146,"MIT Academy of Engineering,Alandi, Pune",0614691110,Computer Science and Engineering(Artificial,60,39,0,9,12,0,48,State_Level,10,3,3,2,2,1,1,0,0,1,0,1,1,0,6,2,3,1,37,1,1,1,1,6,0614691111T,3
380,06146,"MIT Academy of Engineering,Alandi, Pune",0614691210,Computer Science and Engineering(Data Science),60,39,0,9,12,0,48,State_Level,9,5,4,1,2,1,1,0,1,0,1,0,1,0,5,2,3,1,37,1,1,1,1,6,0614691211T,3
381,06146,"MIT Academy of Engineering,Alandi, Pune",0614692710,Computer Engineering (Software Engineering),120,78,0,18,24,1,96,State_Level,19,8,5,3,4,1,1,1,1,1,1,1,1,1,9,4,6,2,69,4,0,4,0,12,0614692711T,6
382,06155,"G.H.Raisoni College of Engineering & Management, Wagholi, Pune",0615519110,Civil Engineering,60,25,31,4,0,0,60,State_Level,18,7,0,0,0,0,0,0,0,0,0,0,0,0,0,0,0,0,25,0,0,0,0,0,0615519111T,3
383,06155,"G.H.Raisoni College of Engineering & Management, Wagholi, Pune",0615524510,Computer Engineering,180,44,92,8,36,0,144,State_Level,31,13,0,0,0,0,0,0,0,0,0,0,0,0,0,0,0,0,44,0,0,0,0,0,0615524511T,9
384,06155,"G.H.Raisoni College of Engineering & Management, Wagholi, Pune",0615524610,Information Technology,180,44,92,8,36,0,144,State_Level,30,14,0,0,0,0,0,0,0,0,0,0,0,0,0,0,0,0,44,0,0,0,0,0,0615524611T,9
385,06155,"G.H.Raisoni College of Engineering & Management, Wagholi, Pune",0615526010,Computer Science and Engineering (Cyber Security),60,14,31,3,12,0,48,State_Level,10,4,0,0,0,0,0,0,0,0,0,0,0,0,0,0,0,0,14,0,0,0,0,0,0615526011T,3
386,06155,"G.H.Raisoni College of Engineering & Management, Wagholi, Pune",0615529310,Electrical Engineering,60,25,31,4,0,0,60,State_Level,18,7,0,0,0,0,0,0,0,0,0,0,0,0,0,0,0,0,25,0,0,0,0,0,0615529311T,3
387,06155,"G.H.Raisoni College of Engineering & Management, Wagholi, Pune",0615537210,Electronics and Telecommunication Engg,90,30,46,5,9,0,81,State_Level,21,9,0,0,0,0,0,0,0,0,0,0,0,0,0,0,0,0,30,0,0,0,0,0,0615537211T,5
388,06155,"G.H.Raisoni College of Engineering & Management, Wagholi, Pune",0615561210,Mechanical Engineering,60,25,31,4,0,0,60,State_Level,17,8,0,0,0,0,0,0,0,0,0,0,0,0,0,0,0,0,25,0,0,0,0,0,0615561211T,3
389,06155,"G.H.Raisoni College of Engineering & Management, Wagholi, Pune",0615591110,Computer Science and Engineering(Artificial,120,30,61,5,24,0,96,State_Level,21,9,0,0,0,0,0,0,0,0,0,0,0,0,0,0,0,0,30,0,0,0,0,0,0615591111T,6
390,06155,"G.H.Raisoni College of Engineering & Management, Wagholi, Pune",0615591210,Computer Science and Engineering(Data Science),60,14,31,3,12,0,48,State_Level,10,4,0,0,0,0,0,0,0,0,0,0,0,0,0,0,0,0,14,0,0,0,0,0,0615591211T,3
391,06155,"G.H.Raisoni College of Engineering & Management, Wagholi, Pune",0615591310,Computer Science and Engineering (Artificial,180,44,92,8,36,0,144,State_Level,31,13,0,0,0,0,0,0,0,0,0,0,0,0,0,0,0,0,44,0,0,0,0,0,0615591311T,9
392,06156,"Marathwada Mitra Mandal's College of Engineering, Karvenagar, Pune",0615624510,Computer Engineering,120,78,0,18,24,1,96,State_Level,19,8,6,2,4,2,1,1,2,0,3,0,1,0,8,4,5,3,69,4,0,4,0,12,0615624511T,6
393,06156,"Marathwada Mitra Mandal's College of Engineering, Karvenagar, Pune",0615624610,Information Technology,120,78,0,18,24,1,96,State_Level,19,8,6,2,3,2,2,0,1,1,1,1,1,1,9,4,6,2,69,4,0,4,0,12,0615624611T,6
394,06156,"Marathwada Mitra Mandal's College of Engineering, Karvenagar, Pune",0615629310,Electrical Engineering,60,45,0,9,6,0,54,State_Level,11,5,4,2,3,0,1,1,1,0,1,1,1,0,6,2,3,1,43,1,1,1,1,6,0615629311T,3
395,06156,"Marathwada Mitra Mandal's College of Engineering, Karvenagar, Pune",0615637210,Electronics and Telecommunication Engg,120,78,0,18,24,1,96,State_Level,19,8,5,3,4,2,2,0,1,1,2,1,0,1,8,4,5,3,69,4,0,4,0,12,0615637211T,6
396,06156,"Marathwada Mitra Mandal's College of Engineering, Karvenagar, Pune",0615661210,Mechanical Engineering,120,90,0,18,12,1,108,State_Level,23,9,7,2,4,2,2,1,2,0,3,0,2,0,11,4,5,2,79,5,0,5,0,12,0615661211T,6
397,06156,"Marathwada Mitra Mandal's College of Engineering, Karvenagar, Pune",0615699510,Artificial Intelligence and Data Science,120,78,0,18,24,1,96,State_Level,18,9,5,3,3,2,1,1,1,1,2,1,1,1,9,4,5,2,69,4,0,4,0,12,0615699511T,6
398,06175,"Pimpri Chinchwad Education Trust, Pimpri Chinchwad College of Engineering, Pune",0617519110,Civil Engineering,60,39,0,9,12,0,48,State_Level,10,4,4,1,3,0,1,0,1,0,0,1,1,0,5,2,3,1,37,1,1,1,1,6,0617519111T,3
399,06175,"Pimpri Chinchwad Education Trust, Pimpri Chinchwad College of Engineering, Pune",0617524510,Computer Engineering,240,156,0,36,48,2,192,State_Level,39,16,12,6,7,4,3,2,3,1,5,1,2,1,17,8,9,4,140,7,1,7,1,24,0617524511T,12
400,06175,"Pimpri Chinchwad Education Trust, Pimpri Chinchwad College of Engineering, Pune",0617524590L,Computer Engineering,60,39,0,9,12,0,48,State_Level,10,4,4,1,2,1,1,0,0,1,0,1,1,0,5,2,3,1,37,1,1,1,1,6,0617524591LT,3
401,06175,"Pimpri Chinchwad Education Trust, Pimpri Chinchwad College of Engineering, Pune",0617524610,Information Technology,120,78,0,18,24,1,96,State_Level,18,9,5,3,5,1,1,1,2,0,2,0,1,1,9,4,5,2,69,4,0,4,0,12,0617524611T,6
402,06175,"Pimpri Chinchwad Education Trust, Pimpri Chinchwad College of Engineering, Pune",0617537210,Electronics and Telecommunication Engg,180,117,0,27,36,1,144,State_Level,31,12,10,3,5,3,3,1,1,1,2,2,2,0,14,6,7,3,106,5,1,5,1,18,0617537211T,9
403,06175,"Pimpri Chinchwad Education Trust, Pimpri Chinchwad College of Engineering, Pune",0617561210,Mechanical Engineering,180,117,0,27,36,1,144,State_Level,29,13,9,4,6,2,3,1,2,1,4,1,1,1,14,6,6,3,106,5,1,5,1,18,0617561211T,9
404,06175,"Pimpri Chinchwad Education Trust, Pimpri Chinchwad College of Engineering, Pune",0617591110,Computer Science and Engineering(Artificial,120,78,0,18,24,1,96,State_Level,19,8,5,3,3,2,1,1,2,0,1,1,1,1,9,4,5,3,69,4,0,4,0,12,0617591111T,6
405,06179,"Indira College of Engineering & Management, Pune",0617924510,Computer Engineering,150,97,0,23,30,1,120,State_Level,24,10,7,3,5,2,3,0,2,1,3,1,2,0,12,4,5,2,86,5,0,5,0,15,0617924511T,8
406,06179,"Indira College of Engineering & Management, Pune",0617924610,Information Technology,60,39,0,9,12,0,48,State_Level,9,5,4,1,2,1,0,1,0,1,1,0,0,1,5,2,3,1,37,1,1,1,1,6,0617924611T,3
407,06179,"Indira College of Engineering & Management, Pune",0617937210,Electronics and Telecommunication Engg,30,19,0,5,6,0,24,State_Level,3,2,2,1,1,0,0,0,1,0,1,0,0,0,2,2,2,0,17,1,0,1,0,3,0617937211T,2
408,06179,"Indira College of Engineering & Management, Pune",0617961210,Mechanical Engineering,60,39,0,9,12,0,48,State_Level,10,4,3,2,2,1,1,0,1,0,0,1,1,0,5,2,2,2,37,1,1,1,1,6,0617961211T,3
409,06179,"Indira College of Engineering & Management, Pune",0617999510,Artificial Intelligence and Data Science,60,39,0,9,12,0,48,State_Level,10,4,4,1,1,1,1,1,1,0,2,0,0,0,5,2,3,1,37,1,1,1,1,6,0617999511T,3
410,06214,"K. E. Society's Rajarambapu Institute of Technology, Walwa, Sangli",0621419110,Civil Engineering,60,39,0,9,12,0,48,State_Level,10,4,3,2,3,0,1,0,0,1,0,1,1,0,5,2,3,1,37,1,1,1,1,6,0621419111T,3
411,06214,"K. E. Society's Rajarambapu Institute of Technology, Walwa, Sangli",0621421910,Robotics and Automation,60,45,0,9,6,0,54,State_Level,11,5,5,1,2,1,1,0,1,0,2,0,1,0,6,2,3,2,43,1,1,1,1,6,0621421911T,3
412,06214,"K. E. Society's Rajarambapu Institute of Technology, Walwa, Sangli",0621424510,Computer Engineering,180,117,0,27,36,1,144,State_Level,29,13,9,5,5,3,3,1,2,1,3,1,1,1,14,6,7,2,106,5,1,5,1,18,0621424511T,9
413,06214,"K. E. Society's Rajarambapu Institute of Technology, Walwa, Sangli",0621429310,Electrical Engineering,60,39,0,9,12,0,48,State_Level,10,4,4,1,2,1,0,1,1,0,0,1,1,0,5,2,3,1,37,1,1,1,1,6,0621429311T,3
414,06214,"K. E. Society's Rajarambapu Institute of Technology, Walwa, Sangli",0621437210,Electronics and Telecommunication Engg,120,78,0,18,24,1,96,State_Level,19,8,5,3,5,1,2,0,1,1,2,1,0,1,8,4,5,3,69,4,0,4,0,12,0621437211T,6
415,06214,"K. E. Society's Rajarambapu Institute of Technology, Walwa, Sangli",0621456810,Computer Science and Information Technology,60,39,0,9,12,0,48,State_Level,9,4,4,1,2,1,0,1,1,0,1,0,1,0,6,2,3,1,37,1,1,1,1,6,0621456811T,3
416,06214,"K. E. Society's Rajarambapu Institute of Technology, Walwa, Sangli",0621461210,Mechanical Engineering,120,78,0,18,24,1,96,State_Level,19,8,6,2,3,2,2,0,1,1,2,1,1,1,8,4,6,2,69,4,0,4,0,12,0621461211T,6
417,06214,"K. E. Society's Rajarambapu Institute of Technology, Walwa, Sangli",0621462410,Mechatronics Engineering,60,39,0,9,12,0,48,State_Level,10,4,3,2,2,1,0,1,1,0,1,0,0,0,6,2,2,2,37,1,1,1,1,6,0621462411T,3
418,06214,"K. E. Society's Rajarambapu Institute of Technology, Walwa, Sangli",0621491110,Computer Science and Engineering(Artificial,60,39,0,9,12,0,48,State_Level,9,4,4,1,2,1,2,0,1,0,1,0,1,0,4,3,3,1,37,1,1,1,1,6,0621491111T,3
419,06220,"Shri Vithal Education and Research Institute's College of Engineering, Pandharpur",0622019110,Civil Engineering,120,78,0,18,24,1,96,State_Level,19,8,5,3,4,1,2,1,0,1,2,1,1,0,10,3,6,2,69,4,0,4,0,12,0622019111T,6
420,06220,"Shri Vithal Education and Research Institute's College of Engineering, Pandharpur",0622024210,Computer Science and Engineering,120,78,0,18,24,1,96,State_Level,19,8,6,2,3,2,1,1,2,0,2,1,1,1,9,4,5,2,69,4,0,4,0,12,0622024211T,6
421,06220,"Shri Vithal Education and Research Institute's College of Engineering, Pandharpur",0622029310,Electrical Engineering,60,39,0,9,12,0,48,State_Level,9,4,3,2,2,1,1,0,0,1,0,1,1,0,5,3,2,2,37,1,1,1,1,6,0622029311T,3
422,06220,"Shri Vithal Education and Research Institute's College of Engineering, Pandharpur",0622037210,Electronics and Telecommunication Engg,120,78,0,18,24,1,96,State_Level,19,8,6,2,4,1,2,1,2,0,3,0,1,0,9,3,6,2,69,4,0,4,0,12,0622037211T,6
423,06220,"Shri Vithal Education and Research Institute's College of Engineering, Pandharpur",0622061210,Mechanical Engineering,120,78,0,18,24,1,96,State_Level,19,8,5,3,3,2,2,0,1,1,1,1,1,1,9,4,6,2,69,4,0,4,0,12,0622061211T,6
424,06222,"Dattajirao Kadam Technical Education Society's Textile & Engineering Institute, Ichalkaranji.",0622219110,Civil Engineering,60,48,0,9,3,0,57,State_Level,12,5,5,2,3,0,0,1,2,0,1,1,1,0,6,3,2,2,46,1,1,1,1,6,,
425,06222,"Dattajirao Kadam Technical Education Society's Textile & Engineering Institute, Ichalkaranji.",0622224210,Computer Science and Engineering,120,78,0,18,24,1,96,State_Level,18,9,6,2,3,2,2,1,0,1,2,1,0,1,9,4,6,2,69,4,0,4,0,12,0622224211T,6
426,06222,"Dattajirao Kadam Technical Education Society's Textile & Engineering Institute, Ichalkaranji.",0622226310,Artificial Intelligence (AI) and Data Science,60,39,0,9,12,0,48,State_Level,10,4,3,2,2,1,1,0,1,0,1,0,1,0,5,2,3,1,37,1,1,1,1,6,0622226311T,3
427,06222,"Dattajirao Kadam Technical Education Society's Textile & Engineering Institute, Ichalkaranji.",0622229310,Electrical Engineering,60,41,0,9,10,0,50,State_Level,10,4,4,1,2,1,1,0,1,1,1,0,1,0,6,2,3,1,39,1,1,1,1,6,0622229311T,3
428,06222,"Dattajirao Kadam Technical Education Society's Textile & Engineering Institute, Ichalkaranji.",0622237210,Electronics and Telecommunication Engg,120,78,0,18,24,1,96,State_Level,19,8,6,2,4,1,1,1,2,0,2,1,1,1,9,4,5,2,69,4,0,4,0,12,0622237211T,6
429,06222,"Dattajirao Kadam Technical Education Society's Textile & Engineering Institute, Ichalkaranji.",0622246510,Technical Textiles,30,19,0,5,6,0,24,State_Level,4,2,1,1,1,1,1,0,0,0,1,0,0,0,2,1,1,1,17,1,0,1,0,3,0622246511T,2
430,06222,"Dattajirao Kadam Technical Education Society's Textile & Engineering Institute, Ichalkaranji.",0622257010,Fashion Technology,30,19,0,5,6,0,24,State_Level,3,3,1,1,1,0,1,0,0,0,0,1,0,0,3,1,1,1,17,1,0,1,0,3,0622257011T,2
431,06222,"Dattajirao Kadam Technical Education Society's Textile & Engineering Institute, Ichalkaranji.",0622261210,Mechanical Engineering,60,41,0,9,10,0,50,State_Level,11,4,4,1,2,1,0,1,1,0,1,0,1,0,5,3,3,1,39,1,1,1,1,6,0622261211T,3
432,06222,"Dattajirao Kadam Technical Education Society's Textile & Engineering Institute, Ichalkaranji.",0622288610,Man Made Textile Technology,30,19,0,5,6,0,24,State_Level,3,3,2,1,1,0,0,0,0,1,1,0,0,0,2,1,2,0,17,1,0,1,0,3,0622288611T,2
433,06222,"Dattajirao Kadam Technical Education Society's Textile & Engineering Institute, Ichalkaranji.",0622289010,Textile Chemistry,60,45,0,9,6,0,54,State_Level,11,5,4,2,2,1,2,0,1,0,0,1,1,0,7,2,2,2,43,1,1,1,1,6,,
434,06222,"Dattajirao Kadam Technical Education Society's Textile & Engineering Institute, Ichalkaranji.",0622289610,Textile Technology,60,39,0,9,12,0,48,State_Level,10,4,4,1,2,1,0,1,1,0,1,0,0,1,5,2,3,1,37,1,1,1,1,6,0622289611T,3
435,06222,"Dattajirao Kadam Technical Education Society's Textile & Engineering Institute, Ichalkaranji.",0622291110,Computer Science and Engineering(Artificial,120,78,0,18,24,1,96,State_Level,19,8,5,3,3,2,2,0,1,1,2,0,2,0,9,4,6,2,69,4,0,4,0,12,0622291111T,6
436,06223,"Pradnya Niketan Education Society's Nagesh Karajagi Orchid College of Engineering & Technology, Solapur",0622319110,Civil Engineering,60,51,0,9,0,1,60,State_Level,13,5,4,2,3,1,1,1,1,0,1,1,0,1,5,2,3,2,46,2,1,2,1,6,,
437,06223,"Pradnya Niketan Education Society's Nagesh Karajagi Orchid College of Engineering & Technology, Solapur",0622324210,Computer Science and Engineering,180,117,0,27,36,1,144,State_Level,30,13,10,3,6,2,2,1,2,1,3,1,2,0,14,6,7,3,106,5,1,5,1,18,0622324211T,9
438,06223,"Pradnya Niketan Education Society's Nagesh Karajagi Orchid College of Engineering & Technology, Solapur",0622329310,Electrical Engineering,60,51,0,9,0,1,60,State_Level,12,6,4,3,2,1,2,0,1,0,1,1,1,0,4,3,4,1,46,2,1,2,1,6,0622329311T,3
439,06223,"Pradnya Niketan Education Society's Nagesh Karajagi Orchid College of Engineering & Technology, Solapur",0622337210,Electronics and Telecommunication Engg,60,45,0,9,6,0,54,State_Level,12,4,4,1,3,1,0,1,0,1,1,0,0,1,7,2,3,2,43,1,1,1,1,6,0622337211T,3
440,06223,"Pradnya Niketan Education Society's Nagesh Karajagi Orchid College of Engineering & Technology, Solapur",0622361210,Mechanical Engineering,120,102,0,18,0,1,120,State_Level,25,11,8,3,5,2,2,1,2,1,3,1,2,0,12,5,6,2,91,5,0,5,0,12,0622361211T,6
441,06223,"Pradnya Niketan Education Society's Nagesh Karajagi Orchid College of Engineering & Technology, Solapur",0622399510,Artificial Intelligence and Data Science,60,39,0,9,12,0,48,State_Level,10,4,3,2,1,1,1,0,1,0,0,1,0,1,5,3,3,1,37,1,1,1,1,6,0622399511T,3
442,06250,"D.Y. Patil College of Engineering and Technology, Kolhapur",0625019110,Civil Engineering,120,96,0,18,6,1,114,State_Level,23,11,7,3,5,2,2,1,1,1,2,1,2,0,11,5,5,3,85,5,0,5,0,12,0625019111T,6
443,06250,"D.Y. Patil College of Engineering and Technology, Kolhapur",0625024210,Computer Science and Engineering,360,234,0,54,72,2,288,State_Level,59,24,18,8,11,5,5,2,5,1,7,2,3,1,28,12,15,6,212,10,2,10,2,36,0625024211T,18
444,06250,"D.Y. Patil College of Engineering and Technology, Kolhapur",0625037210,Electronics and Telecommunication Engg,120,78,0,18,24,1,96,State_Level,18,9,6,2,4,1,2,0,1,1,1,1,1,1,10,3,6,2,69,4,0,4,0,12,0625037211T,6
445,06250,"D.Y. Patil College of Engineering and Technology, Kolhapur",0625050710,Chemical Engineering,60,48,0,9,3,0,57,State_Level,12,5,4,2,2,1,1,1,1,0,2,0,1,0,6,3,3,2,46,1,1,1,1,6,0625050711T,3
446,06250,"D.Y. Patil College of Engineering and Technology, Kolhapur",0625061210,Mechanical Engineering,120,96,0,18,6,1,114,State_Level,24,10,7,3,5,2,1,1,2,1,2,1,1,1,11,5,6,2,85,5,0,5,0,12,0625061211T,6
447,06250,"D.Y. Patil College of Engineering and Technology, Kolhapur",0625091110,Computer Science and Engineering(Artificial,180,117,0,27,36,1,144,State_Level,30,12,9,4,5,3,3,1,2,1,2,2,1,1,14,6,7,3,106,5,1,5,1,18,0625091111T,9
448,06250,"D.Y. Patil College of Engineering and Technology, Kolhapur",0625091210,Computer Science and Engineering(Data Science),180,117,0,27,36,1,144,State_Level,29,13,9,4,6,2,3,1,1,1,4,1,2,0,14,6,7,3,106,5,1,5,1,18,0625091211T,9
449,06265,"Walchand Institute of Technology, Solapur",0626519110,Civil Engineering,60,25,31,4,0,0,60,State_Level,17,8,0,0,0,0,0,0,0,0,0,0,0,0,0,0,0,0,25,0,0,0,0,0,0626519111T,3
450,06265,"Walchand Institute of Technology, Solapur",0626524210,Computer Science and Engineering,180,63,92,11,14,0,166,State_Level,44,19,0,0,0,0,0,0,0,0,0,0,0,0,0,0,0,0,63,0,0,0,0,0,0626524211T,9
451,06265,"Walchand Institute of Technology, Solapur",0626524610,Information Technology,120,45,61,8,6,0,114,State_Level,32,13,0,0,0,0,0,0,0,0,0,0,0,0,0,0,0,0,45,0,0,0,0,0,0626524611T,6
452,06265,"Walchand Institute of Technology, Solapur",0626537210,Electronics and Telecommunication Engg,120,45,61,8,6,0,114,State_Level,31,14,0,0,0,0,0,0,0,0,0,0,0,0,0,0,0,0,45,0,0,0,0,0,0626537211T,6
453,06265,"Walchand Institute of Technology, Solapur",0626561510,Mechanical & Automation Engineering,60,25,31,4,0,0,60,State_Level,18,7,0,0,0,0,0,0,0,0,0,0,0,0,0,0,0,0,25,0,0,0,0,0,0626561511T,3
454,06265,"Walchand Institute of Technology, Solapur",0626584410,Electronics and Computer Engineering,60,22,31,4,3,0,57,State_Level,15,7,0,0,0,0,0,0,0,0,0,0,0,0,0,0,0,0,22,0,0,0,0,0,0626584411T,3
455,06267,"Kolhapur Institute of Technology's College of Engineering(Autonomous), Kolhapur",0626708210,Bio Technology,60,39,0,9,12,0,48,State_Level,10,4,4,1,2,1,1,0,1,0,1,0,1,0,5,2,2,2,37,1,1,1,1,6,0626708211T,3
456,06267,"Kolhapur Institute of Technology's College of Engineering(Autonomous), Kolhapur",0626719110,Civil Engineering,120,90,0,18,12,1,108,State_Level,22,10,7,3,4,2,1,1,1,1,2,1,1,1,10,5,5,2,79,5,0,5,0,12,0626719111T,6
457,06267,"Kolhapur Institute of Technology's College of Engineering(Autonomous), Kolhapur",0626724210,Computer Science and Engineering,180,117,0,27,36,1,144,State_Level,30,12,9,4,6,2,3,1,2,0,3,1,1,1,15,6,7,3,106,5,1,5,1,18,0626724211T,9
458,06267,"Kolhapur Institute of Technology's College of Engineering(Autonomous), Kolhapur",0626726210,Computer Science and Business Systems,180,117,0,27,36,1,144,State_Level,29,13,9,4,5,3,3,1,2,1,2,2,2,1,14,6,7,2,106,5,1,5,1,18,0626726211T,9
459,06267,"Kolhapur Institute of Technology's College of Engineering(Autonomous), Kolhapur",0626729310,Electrical Engineering,60,39,0,9,12,0,48,State_Level,10,4,4,1,2,1,0,1,1,0,2,0,0,0,5,2,2,2,37,1,1,1,1,6,0626729311T,3
460,06267,"Kolhapur Institute of Technology's College of Engineering(Autonomous), Kolhapur",0626737210,Electronics and Telecommunication Engg,120,78,0,18,24,1,96,State_Level,19,8,5,3,4,1,2,0,1,1,1,1,2,0,9,4,6,2,69,4,0,4,0,12,0626737211T,6
461,06267,"Kolhapur Institute of Technology's College of Engineering(Autonomous), Kolhapur",0626761210,Mechanical Engineering,180,128,0,27,25,1,155,State_Level,33,14,11,4,6,3,3,1,2,1,3,1,1,1,16,6,8,3,117,5,1,5,1,18,0626761211T,9
462,06267,"Kolhapur Institute of Technology's College of Engineering(Autonomous), Kolhapur",0626791110,Computer Science and Engineering(Artificial,180,117,0,27,36,1,144,State_Level,29,13,9,4,6,2,2,1,2,1,3,1,2,0,14,7,7,3,106,5,1,5,1,18,0626791111T,9
463,06267,"Kolhapur Institute of Technology's College of Engineering(Autonomous), Kolhapur",0626792210,Civil and Environmental Engineering,60,47,0,9,4,0,56,State_Level,12,5,4,2,2,1,0,1,2,0,1,1,0,1,7,2,3,1,45,1,1,1,1,6,0626792211T,3
464,06268,"Tatyasaheb Kore Institute of Engineering and Technology, Warananagar",0626819110,Civil Engineering,120,102,0,18,0,1,120,State_Level,25,11,8,3,5,2,3,1,1,1,3,1,2,0,11,6,5,3,91,5,0,5,0,12,,
465,06268,"Tatyasaheb Kore Institute of Engineering and Technology, Warananagar",0626824210,Computer Science and Engineering,180,117,0,27,36,1,144,State_Level,30,13,9,4,5,3,2,1,2,1,3,1,1,1,14,6,7,3,106,5,1,5,1,18,0626824211T,9
466,06268,"Tatyasaheb Kore Institute of Engineering and Technology, Warananagar",0626826210,Computer Science and Business Systems,60,39,0,9,12,0,48,State_Level,10,4,4,1,2,1,1,0,1,0,1,0,1,0,5,2,3,1,37,1,1,1,1,6,0626826211T,3
467,06268,"Tatyasaheb Kore Institute of Engineering and Technology, Warananagar",0626837210,Electronics and Telecommunication Engg,60,42,0,9,9,0,51,State_Level,11,4,3,2,2,1,1,0,1,0,0,1,1,0,6,2,4,1,40,1,1,1,1,6,0626837211T,3
468,06268,"Tatyasaheb Kore Institute of Engineering and Technology, Warananagar",0626850710,Chemical Engineering,60,42,0,9,9,0,51,State_Level,10,5,4,2,3,0,1,0,1,0,1,0,1,0,6,2,2,2,40,1,1,1,1,6,0626850711T,3
469,06268,"Tatyasaheb Kore Institute of Engineering and Technology, Warananagar",0626861210,Mechanical Engineering,180,153,0,27,0,2,180,State_Level,39,16,13,5,7,3,2,2,2,2,4,1,2,1,17,8,10,3,137,7,1,7,1,18,0626861211T,9
470,06271,Pune Institute of Computer Technology,0627124510,Computer Engineering,240,156,0,36,48,2,192,State_Level,39,17,13,5,7,4,3,1,3,1,3,2,2,1,18,7,9,5,140,7,1,7,1,24,0627124511T,12
471,06271,Pune Institute of Computer Technology,0627124610,Information Technology,180,117,0,27,36,1,144,State_Level,29,13,9,4,6,2,3,1,2,1,4,1,1,1,14,6,7,2,106,5,1,5,1,18,0627124611T,9
472,06271,Pune Institute of Computer Technology,0627126310,Artificial Intelligence (AI) and Data Science,60,39,0,9,12,0,48,State_Level,10,4,3,2,2,1,1,0,1,0,0,1,1,0,5,2,2,2,37,1,1,1,1,6,0627126311T,3
473,06271,Pune Institute of Computer Technology,0627137210,Electronics and Telecommunication Engg,240,156,0,36,48,2,192,State_Level,39,17,13,5,8,3,3,1,3,1,4,1,2,1,17,8,10,4,140,7,1,7,1,24,0627137211T,12
474,06271,Pune Institute of Computer Technology,0627184410,Electronics and Computer Engineering,60,39,0,9,12,0,48,State_Level,9,4,3,2,2,1,0,1,0,1,1,0,1,0,6,2,3,1,37,1,1,1,1,6,0627184411T,3
475,06272,"Dr. D. Y. Patil Pratishthan's D.Y.Patil College of Engineering Akurdi, Pune",0627219110,Civil Engineering,120,78,0,18,24,1,96,State_Level,19,8,6,2,4,2,2,1,2,0,2,1,0,1,8,4,5,2,69,4,0,4,0,12,0627219111T,6
476,06272,"Dr. D. Y. Patil Pratishthan's D.Y.Patil College of Engineering Akurdi, Pune",0627221910,Robotics and Automation,60,39,0,9,12,0,48,State_Level,10,4,3,2,2,1,1,0,1,0,0,1,1,0,5,2,3,1,37,1,1,1,1,6,0627221911T,3
477,06272,"Dr. D. Y. Patil Pratishthan's D.Y.Patil College of Engineering Akurdi, Pune",0627224510,Computer Engineering,180,117,0,27,36,1,144,State_Level,29,13,10,3,6,2,3,1,1,1,3,1,1,1,15,6,7,3,106,5,1,5,1,18,0627224511T,9
478,06272,"Dr. D. Y. Patil Pratishthan's D.Y.Patil College of Engineering Akurdi, Pune",0627224610,Information Technology,180,117,0,27,36,1,144,State_Level,30,12,9,4,5,3,2,1,2,1,3,1,3,0,14,6,7,3,106,5,1,5,1,18,0627224611T,9
479,06272,"Dr. D. Y. Patil Pratishthan's D.Y.Patil College of Engineering Akurdi, Pune",0627237210,Electronics and Telecommunication Engg,180,117,0,27,36,1,144,State_Level,30,13,9,4,6,2,3,1,1,1,3,2,1,1,14,6,6,3,106,5,1,5,1,18,0627237211T,9
480,06272,"Dr. D. Y. Patil Pratishthan's D.Y.Patil College of Engineering Akurdi, Pune",0627246610,Instrumentation Engineering,60,39,0,9,12,0,48,State_Level,9,4,3,2,2,1,0,1,1,0,1,0,1,0,5,3,3,1,37,1,1,1,1,6,0627246611T,3
481,06272,"Dr. D. Y. Patil Pratishthan's D.Y.Patil College of Engineering Akurdi, Pune",0627261210,Mechanical Engineering,120,78,0,18,24,1,96,State_Level,19,8,6,2,4,2,2,0,2,0,2,1,0,1,9,3,5,3,69,4,0,4,0,12,0627261211T,6
482,06272,"Dr. D. Y. Patil Pratishthan's D.Y.Patil College of Engineering Akurdi, Pune",0627299510,Artificial Intelligence and Data Science,180,117,0,27,36,1,144,State_Level,30,13,9,4,6,2,3,1,2,1,3,1,2,0,14,6,7,2,106,5,1,5,1,18,0627299511T,9
483,06273,"Bansilal Ramnath Agarawal Charitable Trust's Vishwakarma Institute of Technology, Bibwewadi, Pune",0627319110,Civil Engineering,60,39,0,9,12,0,48,State_Level,9,4,3,2,2,1,0,1,0,1,1,0,0,1,5,3,3,1,37,1,1,1,1,6,0627319111T,3
484,06273,"Bansilal Ramnath Agarawal Charitable Trust's Vishwakarma Institute of Technology, Bibwewadi, Pune",0627324510,Computer Engineering,720,468,0,108,144,5,576,State_Level,117,50,38,16,21,9,10,4,9,3,11,5,7,2,56,24,30,13,425,19,4,19,4,72,0627324511T,36
485,06273,"Bansilal Ramnath Agarawal Charitable Trust's Vishwakarma Institute of Technology, Bibwewadi, Pune",0627324610,Information Technology,360,234,0,54,72,2,288,State_Level,58,25,18,8,11,5,5,2,4,2,6,3,3,1,28,12,14,7,212,10,2,10,2,36,0627324611T,18
486,06273,"Bansilal Ramnath Agarawal Charitable Trust's Vishwakarma Institute of Technology, Bibwewadi, Pune",0627337210,Electronics and Telecommunication Engg,360,234,0,54,72,2,288,State_Level,58,25,19,7,11,5,5,2,4,2,6,2,3,2,28,12,15,6,212,10,2,10,2,36,0627337211T,18
487,06273,"Bansilal Ramnath Agarawal Charitable Trust's Vishwakarma Institute of Technology, Bibwewadi, Pune",0627346410,Instrumentation and Control Engineering,180,135,0,27,18,1,162,State_Level,34,14,10,5,7,2,3,1,3,1,3,1,2,1,17,7,8,3,122,6,1,6,1,18,0627346411T,9
488,06273,"Bansilal Ramnath Agarawal Charitable Trust's Vishwakarma Institute of Technology, Bibwewadi, Pune",0627361210,Mechanical Engineering,360,245,0,54,61,2,299,State_Level,61,26,19,8,11,6,5,3,4,2,6,3,3,1,29,13,16,7,223,10,2,10,2,36,0627361211T,18
489,06273,"Bansilal Ramnath Agarawal Charitable Trust's Vishwakarma Institute of Technology, Bibwewadi, Pune",0627391110,Computer Science and Engineering(Artificial,360,234,0,54,72,2,288,State_Level,58,25,19,8,12,4,5,2,4,1,6,2,3,2,28,12,15,6,212,10,2,10,2,36,0627391111T,18
490,06273,"Bansilal Ramnath Agarawal Charitable Trust's Vishwakarma Institute of Technology, Bibwewadi, Pune",0627391210,Computer Science and Engineering(Data Science),180,117,0,27,36,1,144,State_Level,29,13,9,4,5,3,3,1,2,1,2,2,3,0,14,6,6,3,106,5,1,5,1,18,0627391211T,9
491,06273,"Bansilal Ramnath Agarawal Charitable Trust's Vishwakarma Institute of Technology, Bibwewadi, Pune",0627391310,Computer Science and Engineering (Artificial,360,234,0,54,72,2,288,State_Level,58,25,18,8,11,5,5,2,3,2,6,2,2,2,29,12,15,7,212,10,2,10,2,36,0627391311T,18
492,06273,"Bansilal Ramnath Agarawal Charitable Trust's Vishwakarma Institute of Technology, Bibwewadi, Pune",0627392010,Computer Science and Engineering (Internet of,180,117,0,27,36,1,144,State_Level,30,12,9,4,7,2,3,1,2,1,3,1,2,0,14,6,7,2,106,5,1,5,1,18,0627392011T,9
493,06273,"Bansilal Ramnath Agarawal Charitable Trust's Vishwakarma Institute of Technology, Bibwewadi, Pune",0627392710,Computer Engineering (Software Engineering),180,117,0,27,36,1,144,State_Level,30,13,9,4,5,3,2,1,2,1,3,1,1,1,14,6,7,3,106,5,1,5,1,18,0627392711T,9
494,06273,"Bansilal Ramnath Agarawal Charitable Trust's Vishwakarma Institute of Technology, Bibwewadi, Pune",0627399510,Artificial Intelligence and Data Science,360,234,0,54,72,2,288,State_Level,57,25,19,7,12,4,5,2,5,1,6,3,3,1,29,12,14,7,212,10,2,10,2,36,0627399511T,18
495,06276,"MKSSS's Cummins College of Engineering for Women, Karvenagar,Pune",0627624550F,Computer Engineering,180,117,0,27,36,1,144,State_Level,0,42,0,14,0,8,0,4,0,3,0,4,0,2,0,20,0,9,106,5,1,5,1,18,0627624551FT,9
496,06276,"MKSSS's Cummins College of Engineering for Women, Karvenagar,Pune",0627624650F,Information Technology,120,78,0,18,24,1,96,State_Level,0,27,0,8,0,6,0,2,0,2,0,3,0,1,0,12,0,8,69,4,0,4,0,12,0627624651FT,6
497,06276,"MKSSS's Cummins College of Engineering for Women, Karvenagar,Pune",0627637250F,Electronics and Telecommunication Engg,180,117,0,27,36,1,144,State_Level,0,42,0,13,0,8,0,4,0,3,0,4,0,3,0,20,0,9,106,5,1,5,1,18,0627637251FT,9
498,06276,"MKSSS's Cummins College of Engineering for Women, Karvenagar,Pune",0627646450F,Instrumentation and Control Engineering,60,39,0,9,12,0,48,State_Level,0,14,0,5,0,3,0,1,0,1,0,1,0,0,0,8,0,4,37,1,1,1,1,6,0627646451FT,3
499,06276,"MKSSS's Cummins College of Engineering for Women, Karvenagar,Pune",0627661250F,Mechanical Engineering,60,39,0,9,12,0,48,State_Level,0,14,0,5,0,3,0,1,0,1,0,1,0,1,0,7,0,4,37,1,1,1,1,6,0627661251FT,3
500,06277,"Dr. J. J. Magdum Charitable Trust's Dr. J.J. Magdum College of Engineering, Jaysingpur",0627719110,Civil Engineering,60,51,0,9,0,1,60,State_Level,12,6,4,2,3,1,1,0,0,1,1,1,1,0,5,3,4,1,46,2,1,2,1,6,,
501,06277,"Dr. J. J. Magdum Charitable Trust's Dr. J.J. Magdum College of Engineering, Jaysingpur",0627724210,Computer Science and Engineering,60,42,0,9,9,0,51,State_Level,10,4,5,1,1,1,1,1,1,0,2,0,0,1,6,2,2,2,40,1,1,1,1,6,0627724211T,3
502,06277,"Dr. J. J. Magdum Charitable Trust's Dr. J.J. Magdum College of Engineering, Jaysingpur",0627724610,Information Technology,60,48,0,9,3,0,57,State_Level,13,5,4,2,3,1,1,0,1,0,0,1,1,0,6,3,4,1,46,1,1,1,1,6,0627724611T,3
503,06277,"Dr. J. J. Magdum Charitable Trust's Dr. J.J. Magdum College of Engineering, Jaysingpur",0627726310,Artificial Intelligence (AI) and Data Science,60,42,0,9,9,0,51,State_Level,9,5,3,2,2,1,1,0,1,1,2,0,1,0,6,2,3,1,40,1,1,1,1,6,0627726311T,3
504,06277,"Dr. J. J. Magdum Charitable Trust's Dr. J.J. Magdum College of Engineering, Jaysingpur",0627737210,Electronics and Telecommunication Engg,60,48,0,9,3,0,57,State_Level,13,5,5,2,2,1,0,1,1,0,1,0,0,1,6,3,3,2,46,1,1,1,1,6,0627737211T,3
505,06277,"Dr. J. J. Magdum Charitable Trust's Dr. J.J. Magdum College of Engineering, Jaysingpur",0627761210,Mechanical Engineering,60,51,0,9,0,1,60,State_Level,13,5,4,2,3,1,2,0,1,0,1,1,1,0,5,2,4,1,46,2,1,2,1,6,,
506,06282,"All India Shri Shivaji Memorial Society's Institute of Information Technology,Pune",0628224510,Computer Engineering,120,78,0,18,24,1,96,State_Level,18,9,6,2,4,2,1,1,1,1,2,1,1,1,8,4,5,2,69,4,0,4,0,12,0628224511T,6
507,06282,"All India Shri Shivaji Memorial Society's Institute of Information Technology,Pune",0628224610,Information Technology,120,78,0,18,24,1,96,State_Level,19,7,6,2,4,1,2,1,1,1,1,1,2,0,10,3,5,3,69,4,0,4,0,12,0628224611T,6
508,06282,"All India Shri Shivaji Memorial Society's Institute of Information Technology,Pune",0628229310,Electrical Engineering,60,45,0,9,6,0,54,State_Level,11,5,4,2,2,1,1,0,1,0,2,0,0,0,6,3,4,1,43,1,1,1,1,6,0628229311T,3
509,06282,"All India Shri Shivaji Memorial Society's Institute of Information Technology,Pune",0628237210,Electronics and Telecommunication Engg,120,78,0,18,24,1,96,State_Level,19,8,5,3,4,2,1,1,1,1,2,1,1,1,8,4,5,2,69,4,0,4,0,12,0628237211T,6
510,06282,"All India Shri Shivaji Memorial Society's Institute of Information Technology,Pune",0628246610,Instrumentation Engineering,60,45,0,9,6,0,54,State_Level,11,5,5,1,2,1,2,0,1,0,1,0,1,0,6,2,3,2,43,1,1,1,1,6,0628246611T,3
511,06282,"All India Shri Shivaji Memorial Society's Institute of Information Technology,Pune",0628299510,Artificial Intelligence and Data Science,120,78,0,18,24,1,96,State_Level,19,8,5,3,4,1,1,1,2,0,2,1,1,0,9,4,6,2,69,4,0,4,0,12,0628299511T,6
512,06283,"Annasaheb Dange College of Engineering and Technology, Ashta, Sangli",0628300210,Aeronautical Engineering,60,48,0,9,3,0,57,State_Level,12,5,4,2,3,1,2,0,0,1,1,1,0,1,6,3,2,2,46,1,1,1,1,6,0628300211T,3
513,06283,"Annasaheb Dange College of Engineering and Technology, Ashta, Sangli",0628319110,Civil Engineering,60,51,0,9,0,1,60,State_Level,12,6,5,2,2,1,0,1,1,0,2,0,1,0,6,2,4,1,46,2,1,2,1,6,,
514,06283,"Annasaheb Dange College of Engineering and Technology, Ashta, Sangli",0628324210,Computer Science and Engineering,180,117,0,27,36,1,144,State_Level,30,13,9,4,5,3,3,1,2,1,2,2,1,1,14,6,6,3,106,5,1,5,1,18,0628324211T,9
515,06283,"Annasaheb Dange College of Engineering and Technology, Ashta, Sangli",0628326310,Artificial Intelligence (AI) and Data Science,60,39,0,9,12,0,48,State_Level,10,4,4,1,2,1,1,0,1,0,1,0,1,0,5,2,3,1,37,1,1,1,1,6,0628326311T,3
516,06283,"Annasaheb Dange College of Engineering and Technology, Ashta, Sangli",0628329310,Electrical Engineering,120,100,0,18,2,1,118,State_Level,25,11,8,3,5,2,2,1,1,1,2,1,2,0,12,5,6,2,89,5,0,5,0,12,0628329311T,6
517,06283,"Annasaheb Dange College of Engineering and Technology, Ashta, Sangli",0628350310,Food Technology,30,24,0,5,1,0,29,State_Level,5,2,2,2,1,0,1,0,0,0,1,0,0,1,3,2,1,1,22,1,0,1,0,3,,
518,06283,"Annasaheb Dange College of Engineering and Technology, Ashta, Sangli",0628361210,Mechanical Engineering,120,102,0,18,0,1,120,State_Level,26,11,8,3,5,2,2,1,2,0,3,1,2,0,12,5,6,2,91,5,0,5,0,12,0628361211T,6
519,06283,"Annasaheb Dange College of Engineering and Technology, Ashta, Sangli",0628392010,Computer Science and Engineering (Internet of,60,39,0,9,12,0,48,State_Level,9,4,4,1,2,1,1,1,0,1,0,1,0,1,5,2,2,2,37,1,1,1,1,6,0628392011T,3
520,06284,"Vidya Pratishthan's Kamalnayan Bajaj Institute of Engineering & Technology, Baramati Dist.Pune",0628419110,Civil Engineering,60,51,0,9,0,1,60,State_Level,12,6,4,2,3,1,1,0,1,0,2,0,1,0,6,2,4,1,46,2,1,2,1,6,0628419111T,3
521,06284,"Vidya Pratishthan's Kamalnayan Bajaj Institute of Engineering & Technology, Baramati Dist.Pune",0628424510,Computer Engineering,120,78,0,18,24,1,96,State_Level,19,8,5,3,3,2,1,1,1,1,2,1,1,1,9,4,5,2,69,4,0,4,0,12,0628424511T,6
522,06284,"Vidya Pratishthan's Kamalnayan Bajaj Institute of Engineering & Technology, Baramati Dist.Pune",0628424610,Information Technology,60,39,0,9,12,0,48,State_Level,10,4,4,1,2,1,1,0,1,0,1,0,1,0,5,2,3,1,37,1,1,1,1,6,0628424611T,3
523,06284,"Vidya Pratishthan's Kamalnayan Bajaj Institute of Engineering & Technology, Baramati Dist.Pune",0628429310,Electrical Engineering,60,51,0,9,0,1,60,State_Level,13,5,5,2,2,1,1,0,1,0,1,1,1,0,5,3,3,2,46,2,1,2,1,6,0628429311T,3
524,06284,"Vidya Pratishthan's Kamalnayan Bajaj Institute of Engineering & Technology, Baramati Dist.Pune",0628437210,Electronics and Telecommunication Engg,60,51,0,9,0,1,60,State_Level,12,6,4,2,3,1,1,1,0,1,1,1,1,0,5,2,4,1,46,2,1,2,1,6,0628437211T,3
525,06284,"Vidya Pratishthan's Kamalnayan Bajaj Institute of Engineering & Technology, Baramati Dist.Pune",0628461210,Mechanical Engineering,60,51,0,9,0,1,60,State_Level,13,5,5,2,2,1,1,0,2,0,2,0,0,1,5,2,3,2,46,2,1,2,1,6,0628461211T,3
526,06284,"Vidya Pratishthan's Kamalnayan Bajaj Institute of Engineering & Technology, Baramati Dist.Pune",0628499510,Artificial Intelligence and Data Science,120,78,0,18,24,1,96,State_Level,19,8,5,3,5,1,1,1,1,1,1,1,2,0,9,4,5,2,69,4,0,4,0,12,0628499511T,6
527,06298,"Zeal Education Society's Zeal College of Engineering & Reserch, Narhe, Pune",0629819110,Civil Engineering,60,51,0,9,0,1,60,State_Level,12,6,4,3,2,1,1,1,0,1,1,1,0,1,5,2,3,2,46,2,1,2,1,6,,
528,06298,"Zeal Education Society's Zeal College of Engineering & Reserch, Narhe, Pune",0629821910,Robotics and Automation,180,153,0,27,0,2,180,State_Level,38,16,12,5,8,3,3,1,3,1,4,1,3,0,17,8,10,4,137,7,1,7,1,18,0629821911T,9
529,06298,"Zeal Education Society's Zeal College of Engineering & Reserch, Narhe, Pune",0629824510,Computer Engineering,180,142,0,27,11,1,169,State_Level,35,15,12,4,7,3,3,1,3,1,3,2,2,1,18,7,9,3,129,6,1,6,1,18,0629824511T,9
530,06298,"Zeal Education Society's Zeal College of Engineering & Reserch, Narhe, Pune",0629824610,Information Technology,180,153,0,27,0,2,180,State_Level,39,16,12,6,7,3,3,2,2,1,4,1,2,1,17,7,9,5,137,7,1,7,1,18,0629824611T,9
531,06298,"Zeal Education Society's Zeal College of Engineering & Reserch, Narhe, Pune",0629829310,Electrical Engineering,120,102,0,18,0,1,120,State_Level,25,11,9,3,5,2,2,1,2,0,2,2,1,1,12,5,6,2,91,5,0,5,0,12,0629829311T,6
532,06298,"Zeal Education Society's Zeal College of Engineering & Reserch, Narhe, Pune",0629837210,Electronics and Telecommunication Engg,120,102,0,18,0,1,120,State_Level,26,11,7,4,5,2,2,1,1,1,3,0,2,0,11,6,6,3,91,5,0,5,0,12,0629837211T,6
533,06298,"Zeal Education Society's Zeal College of Engineering & Reserch, Narhe, Pune",0629861210,Mechanical Engineering,120,102,0,18,0,1,120,State_Level,25,11,8,3,5,2,3,0,2,1,2,2,1,1,12,5,6,2,91,5,0,5,0,12,0629861211T,6
534,06298,"Zeal Education Society's Zeal College of Engineering & Reserch, Narhe, Pune",0629884410,Electronics and Computer Engineering,180,153,0,27,0,2,180,State_Level,38,16,12,5,7,4,2,2,3,1,4,1,2,1,18,7,10,4,137,7,1,7,1,18,0629884411T,9
535,06298,"Zeal Education Society's Zeal College of Engineering & Reserch, Narhe, Pune",0629892110,Artificial Intelligence and Machine Learning,180,149,0,27,4,1,176,State_Level,38,16,12,5,7,3,4,1,2,1,3,2,2,1,18,8,9,4,136,6,1,6,1,18,0629892111T,9
536,06298,"Zeal Education Society's Zeal College of Engineering & Reserch, Narhe, Pune",0629899510,Artificial Intelligence and Data Science,180,149,0,27,4,1,176,State_Level,37,16,12,5,7,3,3,2,3,1,5,1,2,1,18,8,8,4,136,6,1,6,1,18,0629899511T,9
537,06317,"Sharad Institute of Technology College of Engineering, Yadrav(Ichalkaranji)",0631719110,Civil Engineering,30,22,0,5,3,0,27,State_Level,4,3,2,0,1,1,0,0,1,0,0,0,0,1,4,1,1,1,20,1,0,1,0,3,,
538,06317,"Sharad Institute of Technology College of Engineering, Yadrav(Ichalkaranji)",0631724210,Computer Science and Engineering,180,128,0,27,25,1,155,State_Level,33,14,10,4,6,3,3,1,2,1,4,1,2,0,15,7,8,3,117,5,1,5,1,18,0631724211T,9
539,06317,"Sharad Institute of Technology College of Engineering, Yadrav(Ichalkaranji)",0631729310,Electrical Engineering,60,48,0,9,3,0,57,State_Level,12,5,5,2,2,1,1,1,1,0,1,1,0,1,6,3,3,1,46,1,1,1,1,6,0631729311T,3
540,06317,"Sharad Institute of Technology College of Engineering, Yadrav(Ichalkaranji)",0631761210,Mechanical Engineering,60,51,0,9,0,1,60,State_Level,12,6,4,2,3,1,1,0,1,1,1,1,1,0,5,2,3,2,46,2,1,2,1,6,,
541,06317,"Sharad Institute of Technology College of Engineering, Yadrav(Ichalkaranji)",0631762410,Mechatronics Engineering,60,51,0,9,0,1,60,State_Level,13,5,5,2,2,1,1,0,1,0,2,0,1,0,6,2,4,1,46,2,1,2,1,6,0631762411T,3
542,06317,"Sharad Institute of Technology College of Engineering, Yadrav(Ichalkaranji)",0631784410,Electronics and Computer Engineering,120,90,0,18,12,1,108,State_Level,22,10,7,3,4,2,2,1,1,1,2,1,1,1,10,5,4,2,79,5,0,5,0,12,0631784411T,6
543,06317,"Sharad Institute of Technology College of Engineering, Yadrav(Ichalkaranji)",0631791610,Automation and Robotics,120,94,0,18,8,1,112,State_Level,24,9,7,3,5,2,2,1,2,0,2,1,2,0,11,5,5,2,83,5,0,5,0,12,0631791611T,6
544,06317,"Sharad Institute of Technology College of Engineering, Yadrav(Ichalkaranji)",0631799510,Artificial Intelligence and Data Science,60,39,0,9,12,0,48,State_Level,9,5,3,2,2,1,1,0,0,1,1,0,0,1,5,2,3,1,37,1,1,1,1,6,0631799511T,3
545,06780,"D.Y.Patil Education Society's,D.Y.Patil Technical Campus, Faculty of Engineering & Faculty of Management,Talsande,Kolhapur.",0678091210,Computer Science and Engineering(Data Science),60,45,0,9,6,0,54,State_Level,12,4,4,2,3,0,0,1,1,0,1,1,1,0,7,2,3,1,43,1,1,1,1,6,0678091211T,3
546,06780,"D.Y.Patil Education Society's,D.Y.Patil Technical Campus, Faculty of Engineering & Faculty of Management,Talsande,Kolhapur.",0678019110,Civil Engineering,30,25,0,5,0,0,30,State_Level,5,3,2,1,1,1,0,0,1,0,0,0,1,0,3,2,2,1,23,1,0,1,0,3,,
547,06780,"D.Y.Patil Education Society's,D.Y.Patil Technical Campus, Faculty of Engineering & Faculty of Management,Talsande,Kolhapur.",0678024210,Computer Science and Engineering,180,117,0,27,36,1,144,State_Level,29,13,10,4,6,2,3,1,1,1,3,1,1,1,14,6,7,3,106,5,1,5,1,18,0678024211T,9
548,06780,"D.Y.Patil Education Society's,D.Y.Patil Technical Campus, Faculty of Engineering & Faculty of Management,Talsande,Kolhapur.",0678029310,Electrical Engineering,60,51,0,9,0,1,60,State_Level,13,5,5,2,2,1,1,0,2,0,1,1,1,0,5,2,3,2,46,2,1,2,1,6,0678029311T,3
549,06780,"D.Y.Patil Education Society's,D.Y.Patil Technical Campus, Faculty of Engineering & Faculty of Management,Talsande,Kolhapur.",0678061210,Mechanical Engineering,30,25,0,5,0,0,30,State_Level,5,3,2,1,1,1,0,1,0,0,1,0,1,0,4,1,2,0,23,1,0,1,0,3,,
550,14005,"Laxminarayan Innovation Technological University, Nagpur",1400550110,Plastic and Polymer Engineering,12,8,0,4,0,0,12,State_Level,2,1,1,0,1,0,0,0,0,0,0,0,0,0,1,1,1,0,8,0,0,0,0,1,1400550111T,1
551,14005,"Laxminarayan Innovation Technological University, Nagpur",1400550310,Food Technology,12,8,0,4,0,0,12,State_Level,2,1,0,1,0,0,1,0,0,0,1,0,0,0,1,0,0,1,8,0,0,0,0,1,1400550311T,1
552,14005,"Laxminarayan Innovation Technological University, Nagpur",1400550710,Chemical Engineering,75,52,0,23,0,1,75,State_Level,14,5,5,1,2,1,0,1,1,1,1,1,1,0,6,2,4,1,47,2,1,2,1,8,1400550711T,4
553,14005,"Laxminarayan Innovation Technological University, Nagpur",1400552410,Paper and Pulp Technology,12,8,0,4,0,0,12,State_Level,2,1,1,1,1,0,0,0,0,0,0,0,0,0,0,1,1,0,8,0,0,0,0,1,1400552411T,1
554,14005,"Laxminarayan Innovation Technological University, Nagpur",1400552710,Petro Chemical Engineering,12,8,0,4,0,0,12,State_Level,2,1,1,0,0,1,1,0,0,0,0,0,0,1,1,0,0,0,8,0,0,0,0,1,1400552711T,1
555,14005,"Laxminarayan Innovation Technological University, Nagpur",1400552910,Oil Technology,12,8,0,4,0,0,12,State_Level,2,1,0,1,1,0,0,0,0,0,0,0,0,0,2,0,0,1,8,0,0,0,0,1,1400552911T,1
556,14005,"Laxminarayan Innovation Technological University, Nagpur",1400572910,Surface Coating Technology,15,10,0,5,0,0,15,State_Level,2,0,1,0,1,0,0,0,1,0,1,0,0,0,1,0,1,0,8,1,0,1,0,2,1400572911T,1
557,16006,COEP Technological University,1600619110,Civil Engineering,75,60,0,15,0,1,75,State_Level,15,7,6,2,3,1,1,1,1,0,1,1,1,0,6,3,4,2,55,2,1,2,1,8,1600619111T,4
558,16006,COEP Technological University,1600624210,Computer Science and Engineering,150,120,0,30,0,1,150,State_Level,31,12,9,4,6,3,3,0,3,1,3,1,2,1,15,6,7,2,109,5,1,5,1,15,1600624211T,8
559,16006,COEP Technological University,1600626610,Robotics and Artificial Intelligence,75,60,0,15,0,1,75,State_Level,15,7,5,3,2,1,1,1,0,1,2,0,1,0,6,3,4,3,55,2,1,2,1,8,1600626611T,4
560,16006,COEP Technological University,1600629310,Electrical Engineering,75,60,0,15,0,1,75,State_Level,15,6,5,2,4,1,1,1,1,0,1,1,0,1,7,3,5,1,55,2,1,2,1,8,1600629311T,4
561,16006,COEP Technological University,1600637210,Electronics and Telecommunication Engg,150,120,0,30,0,1,150,State_Level,30,14,10,4,5,3,3,1,2,1,4,1,2,0,14,6,6,3,109,5,1,5,1,15,1600637211T,8
562,16006,COEP Technological University,1600646410,Instrumentation and Control Engineering,38,30,0,8,0,0,38,State_Level,7,3,3,1,2,0,0,0,1,0,0,0,0,1,5,1,3,1,28,1,1,1,1,4,1600646411T,2
563,16006,COEP Technological University,1600661210,Mechanical Engineering,150,120,0,30,0,1,150,State_Level,31,13,10,4,6,3,2,1,2,1,3,2,2,0,14,6,6,3,109,5,1,5,1,15,1600661211T,8
564,16006,COEP Technological University,1600662710,Manufacturing Science and Engineering,75,60,0,15,0,1,75,State_Level,15,6,5,3,3,1,2,0,1,0,1,1,0,1,6,3,5,2,55,2,1,2,1,8,1600662711T,4
565,16006,COEP Technological University,1600669410,Metallurgy and Material Technology,75,60,0,15,0,1,75,State_Level,15,7,5,2,3,1,1,1,1,1,2,0,2,0,6,3,3,2,55,2,1,2,1,8,1600669411T,4
566,16126,"Tatyasaheb Kore Institute of Engineering and Technology, Yelur",1612624210,Computer Science and Engineering,120,90,0,18,12,1,108,State_Level,21,10,7,3,5,1,2,1,2,1,2,1,1,0,11,4,5,2,79,5,0,5,0,12,1612624211T,6
567,16126,"Tatyasaheb Kore Institute of Engineering and Technology, Yelur",1612625210,Cyber Security,60,45,0,9,6,0,54,State_Level,12,4,4,2,2,1,1,0,1,1,0,1,1,0,5,3,4,1,43,1,1,1,1,6,1612625211T,3
568,16126,"Tatyasaheb Kore Institute of Engineering and Technology, Yelur",1612626210,Computer Science and Business Systems,120,102,0,18,0,1,120,State_Level,26,11,8,3,5,2,2,1,2,0,3,1,1,1,12,5,5,3,91,5,0,5,0,12,1612626211T,6
569,16126,"Tatyasaheb Kore Institute of Engineering and Technology, Yelur",1612629310,Electrical Engineering,60,51,0,9,0,1,60,State_Level,12,6,4,2,2,2,1,0,0,1,2,0,1,0,6,2,4,1,46,2,1,2,1,6,1612629311T,3
570,02021,"University Department of Chemical Technology, Aurangabad",0202150310,Food Technology,10,10,0,0,0,0,10,HU,1,1,1,0,1,0,0,0,0,0,0,0,0,0,1,0,1,0,6,1,0,1,0,1,0202150311T,1
570,02021,"University Department of Chemical Technology, Aurangabad",0202150310,Food Technology,10,10,0,0,0,0,10,OHU,0,1,0,0,0,0,0,0,0,0,1,0,0,0,0,0,0,0,2,1,0,1,0,1,0202150311T,1
571,02021,"University Department of Chemical Technology, Aurangabad",0202181610,Pharmaceutical and Fine Chemical Technology,12,12,0,0,0,0,12,HU,1,1,0,1,1,0,0,0,0,0,1,0,0,0,1,0,1,0,7,1,0,1,0,1,,
571,02021,"University Department of Chemical Technology, Aurangabad",0202181610,Pharmaceutical and Fine Chemical Technology,12,12,0,0,0,0,12,OHU,1,0,1,0,0,0,0,0,0,0,0,0,0,0,1,0,0,0,3,1,0,1,0,1,,
572,02137,"Nagnathappa Halge Engineering College, Parli, Beed",0213719110,Civil Engineering,90,76,0,14,0,1,90,HU,13,6,5,1,2,1,2,1,1,0,1,1,1,0,6,3,4,2,50,4,0,4,0,9,,
572,02137,"Nagnathappa Halge Engineering College, Parli, Beed",0213719110,Civil Engineering,90,76,0,14,0,1,90,OHU,5,2,2,0,2,0,0,0,0,0,1,0,0,0,2,1,2,0,17,4,0,4,0,9,,
573,02137,"Nagnathappa Halge Engineering College, Parli, Beed",0213724210,Computer Science and Engineering,60,51,0,9,0,1,60,HU,9,4,2,2,2,1,0,0,1,0,1,0,1,0,5,1,2,1,32,2,1,2,1,6,0213724211T,3
573,02137,"Nagnathappa Halge Engineering College, Parli, Beed",0213724210,Computer Science and Engineering,60,51,0,9,0,1,60,OHU,4,1,1,1,1,0,1,0,0,0,1,0,0,0,1,1,1,1,14,2,1,2,1,6,0213724211T,3
574,02137,"Nagnathappa Halge Engineering College, Parli, Beed",0213729710,Electrical and Electronics Engineering,30,25,0,5,0,0,30,HU,4,2,2,0,1,1,1,0,0,0,0,0,0,0,2,1,1,1,16,1,0,1,0,3,0213729711T,2
574,02137,"Nagnathappa Halge Engineering College, Parli, Beed",0213729710,Electrical and Electronics Engineering,30,25,0,5,0,0,30,OHU,1,1,1,0,0,0,0,0,0,0,0,0,0,1,1,1,1,0,7,1,0,1,0,3,0213729711T,2
575,02137,"Nagnathappa Halge Engineering College, Parli, Beed",0213761210,Mechanical Engineering,60,51,0,9,0,1,60,HU,9,4,3,2,2,0,1,0,1,0,1,1,0,1,3,2,3,1,34,2,1,2,1,6,,
575,02137,"Nagnathappa Halge Engineering College, Parli, Beed",0213761210,Mechanical Engineering,60,51,0,9,0,1,60,OHU,3,2,1,1,0,1,0,0,1,0,0,0,0,0,2,0,0,1,12,2,1,2,1,6,,
576,02146,"Adarsh Shikshan Prasarak Mandal's K. T. Patil College of Engineering and Technology, Osmanabad",0214619110,Civil Engineering,30,25,0,5,0,0,30,HU,4,2,1,1,1,0,0,1,0,0,0,0,0,0,2,1,2,0,15,1,0,1,0,3,,
576,02146,"Adarsh Shikshan Prasarak Mandal's K. T. Patil College of Engineering and Technology, Osmanabad",0214619110,Civil Engineering,30,25,0,5,0,0,30,OHU,1,1,1,0,1,0,0,0,0,1,1,0,0,0,1,1,0,0,8,1,0,1,0,3,,
577,02146,"Adarsh Shikshan Prasarak Mandal's K. T. Patil College of Engineering and Technology, Osmanabad",0214624210,Computer Science and Engineering,30,25,0,5,0,0,30,HU,4,2,2,1,0,1,0,0,1,0,0,0,1,0,2,2,1,1,18,1,0,1,0,3,0214624211T,2
577,02146,"Adarsh Shikshan Prasarak Mandal's K. T. Patil College of Engineering and Technology, Osmanabad",0214624210,Computer Science and Engineering,30,25,0,5,0,0,30,OHU,1,1,0,1,0,0,0,0,0,0,0,0,0,0,1,0,0,1,5,1,0,1,0,3,0214624211T,2
578,02146,"Adarsh Shikshan Prasarak Mandal's K. T. Patil College of Engineering and Technology, Osmanabad",0214629710,Electrical and Electronics Engineering,30,25,0,5,0,0,30,HU,4,2,2,0,1,0,0,0,1,0,0,1,0,0,3,0,1,0,15,1,0,1,0,3,,
578,02146,"Adarsh Shikshan Prasarak Mandal's K. T. Patil College of Engineering and Technology, Osmanabad",0214629710,Electrical and Electronics Engineering,30,25,0,5,0,0,30,OHU,1,1,1,0,0,1,1,0,0,0,0,0,1,0,1,0,1,0,8,1,0,1,0,3,,
579,02146,"Adarsh Shikshan Prasarak Mandal's K. T. Patil College of Engineering and Technology, Osmanabad",0214637210,Electronics and Telecommunication Engg,30,25,0,5,0,0,30,HU,4,2,1,1,1,0,0,0,0,0,0,0,1,0,2,1,1,1,15,1,0,1,0,3,0214637211T,2
579,02146,"Adarsh Shikshan Prasarak Mandal's K. T. Patil College of Engineering and Technology, Osmanabad",0214637210,Electronics and Telecommunication Engg,30,25,0,5,0,0,30,OHU,1,1,1,0,1,0,0,0,1,0,0,0,0,0,1,1,1,0,8,1,0,1,0,3,0214637211T,2
580,02146,"Adarsh Shikshan Prasarak Mandal's K. T. Patil College of Engineering and Technology, Osmanabad",0214661210,Mechanical Engineering,30,25,0,5,0,0,30,HU,3,3,2,0,1,1,1,0,0,1,1,0,0,0,2,2,1,1,19,1,0,1,0,3,,
580,02146,"Adarsh Shikshan Prasarak Mandal's K. T. Patil College of Engineering and Technology, Osmanabad",0214661210,Mechanical Engineering,30,25,0,5,0,0,30,OHU,1,1,0,1,0,0,0,0,0,0,0,0,0,0,1,0,0,0,4,1,0,1,0,3,,
581,02516,International Centre Of Excellence In Engineering and Management (ICEEM),0251619110,Civil Engineering,30,25,0,5,0,0,30,HU,4,2,1,1,1,1,0,0,1,0,0,0,1,0,2,1,1,0,16,1,0,1,0,3,,
581,02516,International Centre Of Excellence In Engineering and Management (ICEEM),0251619110,Civil Engineering,30,25,0,5,0,0,30,OHU,1,1,1,0,0,0,1,0,0,0,1,0,0,0,1,0,0,1,7,1,0,1,0,3,,
582,02516,International Centre Of Excellence In Engineering and Management (ICEEM),0251624210,Computer Science and Engineering,120,78,0,18,24,1,96,HU,14,6,4,2,2,1,1,1,1,0,1,1,1,0,6,3,4,2,50,4,0,4,0,12,0251624211T,6
582,02516,International Centre Of Excellence In Engineering and Management (ICEEM),0251624210,Computer Science and Engineering,120,78,0,18,24,1,96,OHU,5,2,1,1,1,1,0,0,1,0,0,0,1,0,2,2,2,0,19,4,0,4,0,12,0251624211T,6
583,02516,International Centre Of Excellence In Engineering and Management (ICEEM),0251629710,Electrical and Electronics Engineering,30,25,0,5,0,0,30,HU,4,2,2,0,2,0,0,0,0,1,1,0,0,0,3,1,1,0,17,1,0,1,0,3,0251629711T,2
583,02516,International Centre Of Excellence In Engineering and Management (ICEEM),0251629710,Electrical and Electronics Engineering,30,25,0,5,0,0,30,OHU,1,1,1,0,0,0,1,0,0,0,0,0,0,0,1,0,0,1,6,1,0,1,0,3,0251629711T,2
584,02516,International Centre Of Excellence In Engineering and Management (ICEEM),0251661210,Mechanical Engineering,30,25,0,5,0,0,30,HU,4,2,2,1,0,1,1,0,1,0,0,0,1,0,2,1,0,1,17,1,0,1,0,3,,
584,02516,International Centre Of Excellence In Engineering and Management (ICEEM),0251661210,Mechanical Engineering,30,25,0,5,0,0,30,OHU,2,0,0,0,1,0,0,0,0,0,0,0,0,0,2,0,1,0,6,1,0,1,0,3,,
585,02516,International Centre Of Excellence In Engineering and Management (ICEEM),0251692110,Artificial Intelligence and Machine Learning,60,45,0,9,6,0,54,HU,8,3,3,1,2,0,1,0,0,0,1,0,0,1,4,2,3,1,30,1,1,1,1,6,0251692111T,3
585,02516,International Centre Of Excellence In Engineering and Management (ICEEM),0251692110,Artificial Intelligence and Machine Learning,60,45,0,9,6,0,54,OHU,3,2,2,0,1,0,0,0,1,0,1,0,0,0,1,1,1,0,13,1,1,1,1,6,0251692111T,3
586,02666,Mangaldeep College of Engineering,0266624210,Computer Science and Engineering,120,102,0,18,0,1,120,HU,19,7,7,2,4,1,2,0,2,0,1,1,1,0,8,4,4,2,65,5,0,5,0,12,0266624211T,6
586,02666,Mangaldeep College of Engineering,0266624210,Computer Science and Engineering,120,102,0,18,0,1,120,OHU,7,3,2,0,1,1,1,0,1,0,1,1,0,1,3,2,2,0,26,5,0,5,0,12,0266624211T,6
587,02666,Mangaldeep College of Engineering,0266624610,Information Technology,30,25,0,5,0,0,30,HU,3,3,1,1,0,1,0,1,0,0,1,0,0,1,3,1,1,0,17,1,0,1,0,3,0266624611T,2
587,02666,Mangaldeep College of Engineering,0266624610,Information Technology,30,25,0,5,0,0,30,OHU,2,0,1,0,1,0,0,0,0,0,0,0,0,0,1,0,0,1,6,1,0,1,0,3,0266624611T,2
588,02666,Mangaldeep College of Engineering,0266656610,Computer Science,120,102,0,18,0,1,120,HU,19,7,6,2,4,1,2,0,0,1,2,1,1,0,9,3,4,2,64,5,0,5,0,12,0266656611T,6
588,02666,Mangaldeep College of Engineering,0266656610,Computer Science,120,102,0,18,0,1,120,OHU,7,4,2,1,1,1,1,0,0,1,1,0,1,0,3,2,2,0,27,5,0,5,0,12,0266656611T,6
589,02666,Mangaldeep College of Engineering,0266692110,Artificial Intelligence and Machine Learning,30,25,0,5,0,0,30,HU,4,2,1,1,1,0,0,0,0,0,0,0,1,0,2,2,1,1,16,1,0,1,0,3,0266692111T,2
589,02666,Mangaldeep College of Engineering,0266692110,Artificial Intelligence and Machine Learning,30,25,0,5,0,0,30,OHU,1,1,0,1,1,0,0,1,0,0,0,0,0,0,1,0,1,0,7,1,0,1,0,3,0266692111T,2
590,01012,"Government College of Engineering,Yavatmal",0101219110,Civil Engineering,60,60,0,0,0,1,60,HU,11,4,4,1,2,1,1,1,0,1,1,0,0,0,5,2,2,2,38,2,1,2,1,6,0101219111T,3
590,01012,"Government College of Engineering,Yavatmal",0101219110,Civil Engineering,60,60,0,0,0,1,60,OHU,4,2,3,0,0,1,0,0,1,0,1,0,1,0,2,0,2,0,17,2,1,2,1,6,0101219111T,3
591,01012,"Government College of Engineering,Yavatmal",0101224510,Computer Engineering,60,60,0,0,0,1,60,HU,11,5,3,2,2,0,1,0,1,0,1,0,0,1,4,3,4,1,39,2,1,2,1,6,0101224511T,3
591,01012,"Government College of Engineering,Yavatmal",0101224510,Computer Engineering,60,60,0,0,0,1,60,OHU,4,2,1,1,2,0,0,1,0,0,0,1,0,0,2,1,1,0,16,2,1,2,1,6,0101224511T,3
592,01012,"Government College of Engineering,Yavatmal",0101229310,Electrical Engineering,60,60,0,0,0,1,60,HU,11,5,4,2,2,1,1,0,1,0,1,1,1,0,5,2,3,1,41,2,1,2,1,6,0101229311T,3
592,01012,"Government College of Engineering,Yavatmal",0101229310,Electrical Engineering,60,60,0,0,0,1,60,OHU,4,2,1,1,1,0,1,0,0,0,0,0,0,0,1,1,1,1,14,2,1,2,1,6,0101229311T,3
593,01012,"Government College of Engineering,Yavatmal",0101237210,Electronics and Telecommunication Engg,60,60,0,0,0,1,60,HU,11,5,4,1,3,1,0,1,1,0,1,0,0,0,5,2,2,2,39,2,1,2,1,6,0101237211T,3
593,01012,"Government College of Engineering,Yavatmal",0101237210,Electronics and Telecommunication Engg,60,60,0,0,0,1,60,OHU,4,2,2,0,0,1,0,0,0,1,1,0,0,1,1,1,1,1,16,2,1,2,1,6,0101237211T,3
594,01012,"Government College of Engineering,Yavatmal",0101261210,Mechanical Engineering,60,60,0,0,0,1,60,HU,12,4,3,2,1,1,1,0,0,1,1,1,1,0,4,2,3,1,38,2,1,2,1,6,0101261211T,3
594,01012,"Government College of Engineering,Yavatmal",0101261210,Mechanical Engineering,60,60,0,0,0,1,60,OHU,5,1,2,1,2,0,1,0,0,0,0,0,0,0,3,0,2,0,17,2,1,2,1,6,0101261211T,3
595,02111,"Everest Education Society, Group of Institutions (Integrated Campus), Ohar",0211119110,Civil Engineering,30,8,15,1,6,0,24,HU,4,2,0,0,0,0,0,0,0,0,0,0,0,0,0,0,0,0,6,0,0,0,0,0,,
595,02111,"Everest Education Society, Group of Institutions (Integrated Campus), Ohar",0211119110,Civil Engineering,30,8,15,1,6,0,24,OHU,1,1,0,0,0,0,0,0,0,0,0,0,0,0,0,0,0,0,2,0,0,0,0,0,,
596,02111,"Everest Education Society, Group of Institutions (Integrated Campus), Ohar",0211124210,Computer Science and Engineering,90,22,46,4,18,0,72,HU,11,4,0,0,0,0,0,0,0,0,0,0,0,0,0,0,0,0,15,0,0,0,0,0,0211124211T,5
596,02111,"Everest Education Society, Group of Institutions (Integrated Campus), Ohar",0211124210,Computer Science and Engineering,90,22,46,4,18,0,72,OHU,5,2,0,0,0,0,0,0,0,0,0,0,0,0,0,0,0,0,7,0,0,0,0,0,0211124211T,5
597,02111,"Everest Education Society, Group of Institutions (Integrated Campus), Ohar",0211129310,Electrical Engineering,30,8,15,1,6,0,24,HU,4,2,0,0,0,0,0,0,0,0,0,0,0,0,0,0,0,0,6,0,0,0,0,0,,
597,02111,"Everest Education Society, Group of Institutions (Integrated Campus), Ohar",0211129310,Electrical Engineering,30,8,15,1,6,0,24,OHU,2,0,0,0,0,0,0,0,0,0,0,0,0,0,0,0,0,0,2,0,0,0,0,0,,
598,02111,"Everest Education Society, Group of Institutions (Integrated Campus), Ohar",0211161210,Mechanical Engineering,60,14,31,3,12,0,48,HU,7,3,0,0,0,0,0,0,0,0,0,0,0,0,0,0,0,0,10,0,0,0,0,0,,
598,02111,"Everest Education Society, Group of Institutions (Integrated Campus), Ohar",0211161210,Mechanical Engineering,60,14,31,3,12,0,48,OHU,2,2,0,0,0,0,0,0,0,0,0,0,0,0,0,0,0,0,4,0,0,0,0,0,,
599,02111,"Everest Education Society, Group of Institutions (Integrated Campus), Ohar",0211192110,Artificial Intelligence and Machine Learning,60,14,31,3,12,0,48,HU,6,3,0,0,0,0,0,0,0,0,0,0,0,0,0,0,0,0,9,0,0,0,0,0,0211192111T,3
599,02111,"Everest Education Society, Group of Institutions (Integrated Campus), Ohar",0211192110,Artificial Intelligence and Machine Learning,60,14,31,3,12,0,48,OHU,4,1,0,0,0,0,0,0,0,0,0,0,0,0,0,0,0,0,5,0,0,0,0,0,0211192111T,3
600,02111,"Everest Education Society, Group of Institutions (Integrated Campus), Ohar",0211199510,Artificial Intelligence and Data Science,60,14,31,3,12,0,48,HU,7,3,0,0,0,0,0,0,0,0,0,0,0,0,0,0,0,0,10,0,0,0,0,0,0211199511T,3
600,02111,"Everest Education Society, Group of Institutions (Integrated Campus), Ohar",0211199510,Artificial Intelligence and Data Science,60,14,31,3,12,0,48,OHU,3,1,0,0,0,0,0,0,0,0,0,0,0,0,0,0,0,0,4,0,0,0,0,0,0211199511T,3
601,02112,"Shree Yash Pratishthan, Shreeyash College of Engineering and Technology, Aurangabad",0211219110,Civil Engineering,60,51,0,9,0,1,60,HU,9,4,4,1,1,1,0,1,1,0,1,1,0,0,4,2,3,1,34,2,1,2,1,6,0211219111T,3
601,02112,"Shree Yash Pratishthan, Shreeyash College of Engineering and Technology, Aurangabad",0211219110,Civil Engineering,60,51,0,9,0,1,60,OHU,3,2,1,1,1,0,0,0,0,0,0,0,1,0,1,1,0,1,12,2,1,2,1,6,0211219111T,3
602,02112,"Shree Yash Pratishthan, Shreeyash College of Engineering and Technology, Aurangabad",0211224210,Computer Science and Engineering,180,135,0,27,18,1,162,HU,25,10,8,3,5,2,2,1,1,1,2,1,1,1,11,5,5,3,87,6,1,6,1,18,0211224211T,9
602,02112,"Shree Yash Pratishthan, Shreeyash College of Engineering and Technology, Aurangabad",0211224210,Computer Science and Engineering,180,135,0,27,18,1,162,OHU,9,4,3,1,2,1,1,0,1,0,1,1,0,0,5,2,3,1,35,6,1,6,1,18,0211224211T,9
603,02112,"Shree Yash Pratishthan, Shreeyash College of Engineering and Technology, Aurangabad",0211229310,Electrical Engineering,60,51,0,9,0,1,60,HU,9,4,3,2,1,1,1,0,0,0,2,0,0,0,4,2,3,1,33,2,1,2,1,6,0211229311T,3
603,02112,"Shree Yash Pratishthan, Shreeyash College of Engineering and Technology, Aurangabad",0211229310,Electrical Engineering,60,51,0,9,0,1,60,OHU,4,1,1,1,0,1,1,0,1,0,0,0,1,0,1,0,1,0,13,2,1,2,1,6,0211229311T,3
604,02112,"Shree Yash Pratishthan, Shreeyash College of Engineering and Technology, Aurangabad",0211261210,Mechanical Engineering,60,51,0,9,0,1,60,HU,9,4,3,1,2,1,1,0,1,0,0,1,1,0,5,1,2,1,33,2,1,2,1,6,,
604,02112,"Shree Yash Pratishthan, Shreeyash College of Engineering and Technology, Aurangabad",0211261210,Mechanical Engineering,60,51,0,9,0,1,60,OHU,3,2,2,0,1,0,0,0,0,0,1,0,0,0,1,1,1,1,13,2,1,2,1,6,,
605,02112,"Shree Yash Pratishthan, Shreeyash College of Engineering and Technology, Aurangabad",0211284410,Electronics and Computer Engineering,60,51,0,9,0,1,60,HU,9,4,3,2,2,0,0,1,1,0,2,0,1,0,3,2,3,1,34,2,1,2,1,6,0211284411T,3
605,02112,"Shree Yash Pratishthan, Shreeyash College of Engineering and Technology, Aurangabad",0211284410,Electronics and Computer Engineering,60,51,0,9,0,1,60,OHU,4,1,1,1,1,0,1,0,0,0,0,0,0,0,2,0,1,0,12,2,1,2,1,6,0211284411T,3
606,02112,"Shree Yash Pratishthan, Shreeyash College of Engineering and Technology, Aurangabad",0211291110,Computer Science and Engineering(Artificial,60,51,0,9,0,1,60,HU,9,4,3,1,2,1,1,0,0,0,0,1,0,0,4,2,2,1,31,2,1,2,1,6,0211291111T,3
606,02112,"Shree Yash Pratishthan, Shreeyash College of Engineering and Technology, Aurangabad",0211291110,Computer Science and Engineering(Artificial,60,51,0,9,0,1,60,OHU,3,2,1,1,1,0,0,0,0,1,1,0,1,0,1,1,1,1,15,2,1,2,1,6,0211291111T,3
607,02112,"Shree Yash Pratishthan, Shreeyash College of Engineering and Technology, Aurangabad",0211291210,Computer Science and Engineering(Data Science),60,51,0,9,0,1,60,HU,9,4,4,1,1,1,1,0,0,1,1,0,0,1,4,1,3,1,33,2,1,2,1,6,0211291211T,3
607,02112,"Shree Yash Pratishthan, Shreeyash College of Engineering and Technology, Aurangabad",0211291210,Computer Science and Engineering(Data Science),60,51,0,9,0,1,60,OHU,4,1,2,0,0,1,0,1,0,0,0,1,0,0,2,0,1,0,13,2,1,2,1,6,0211291211T,3
608,02112,"Shree Yash Pratishthan, Shreeyash College of Engineering and Technology, Aurangabad",0211292910,VLSI,30,25,0,5,0,0,30,HU,4,2,1,1,1,0,0,0,1,0,1,0,1,0,3,1,0,1,17,1,0,1,0,3,,
608,02112,"Shree Yash Pratishthan, Shreeyash College of Engineering and Technology, Aurangabad",0211292910,VLSI,30,25,0,5,0,0,30,OHU,1,1,0,1,1,0,0,0,0,0,0,0,0,0,0,1,1,0,6,1,0,1,0,3,,
609,02112,"Shree Yash Pratishthan, Shreeyash College of Engineering and Technology, Aurangabad",0211293210,5G,30,25,0,5,0,0,30,HU,4,2,1,1,1,1,1,0,1,0,0,0,1,0,2,1,2,0,18,1,0,1,0,3,0211293211T,2
609,02112,"Shree Yash Pratishthan, Shreeyash College of Engineering and Technology, Aurangabad",0211293210,5G,30,25,0,5,0,0,30,OHU,1,1,1,0,0,0,0,0,0,0,0,0,0,0,2,0,0,0,5,1,0,1,0,3,0211293211T,2
610,02114,"Deogiri Institute of Engineering and Management Studies, Aurangabad",0211419110,Civil Engineering,120,102,0,18,0,1,120,HU,18,8,6,2,4,1,1,1,1,1,2,1,0,1,9,4,4,2,66,5,0,5,0,12,0211419111T,6
610,02114,"Deogiri Institute of Engineering and Management Studies, Aurangabad",0211419110,Civil Engineering,120,102,0,18,0,1,120,OHU,7,3,2,1,1,1,1,0,1,0,1,0,0,1,2,2,1,1,25,5,0,5,0,12,0211419111T,6
611,02114,"Deogiri Institute of Engineering and Management Studies, Aurangabad",0211424210,Computer Science and Engineering,120,78,0,18,24,1,96,HU,14,6,4,2,2,1,1,1,1,0,1,1,2,0,6,3,4,1,50,4,0,4,0,12,0211424211T,6
611,02114,"Deogiri Institute of Engineering and Management Studies, Aurangabad",0211424210,Computer Science and Engineering,120,78,0,18,24,1,96,OHU,5,2,2,0,2,0,0,0,1,0,0,0,0,0,3,1,2,1,19,4,0,4,0,12,0211424211T,6
612,02114,"Deogiri Institute of Engineering and Management Studies, Aurangabad",0211437210,Electronics and Telecommunication Engg,120,90,0,18,12,1,108,HU,16,7,5,2,4,1,2,0,1,1,2,0,1,0,7,3,3,2,57,5,0,5,0,12,0211437211T,6
612,02114,"Deogiri Institute of Engineering and Management Studies, Aurangabad",0211437210,Electronics and Telecommunication Engg,120,90,0,18,12,1,108,OHU,6,3,1,1,1,1,1,0,0,0,1,0,1,0,3,1,2,0,22,5,0,5,0,12,0211437211T,6
613,02114,"Deogiri Institute of Engineering and Management Studies, Aurangabad",0211461210,Mechanical Engineering,120,102,0,18,0,1,120,HU,19,7,6,2,3,2,1,1,1,0,2,1,0,1,9,4,4,2,65,5,0,5,0,12,0211461211T,6
613,02114,"Deogiri Institute of Engineering and Management Studies, Aurangabad",0211461210,Mechanical Engineering,120,102,0,18,0,1,120,OHU,7,3,2,1,2,0,0,1,0,1,1,0,1,0,4,1,1,1,26,5,0,5,0,12,0211461211T,6
614,02114,"Deogiri Institute of Engineering and Management Studies, Aurangabad",0211491110,Computer Science and Engineering(Artificial,60,39,0,9,12,0,48,HU,7,4,3,1,1,1,0,0,1,0,0,0,1,0,4,1,2,1,27,1,1,1,1,6,0211491111T,3
614,02114,"Deogiri Institute of Engineering and Management Studies, Aurangabad",0211491110,Computer Science and Engineering(Artificial,60,39,0,9,12,0,48,OHU,2,1,1,0,0,1,1,0,0,0,0,1,0,0,1,1,1,0,10,1,1,1,1,6,0211491111T,3
615,02116,"Matoshri Pratishan's Group of Institutions (Integrated Campus), Kupsarwadi , Nanded",0211619110,Civil Engineering,30,25,0,5,0,0,30,HU,4,2,1,1,1,0,1,0,0,0,0,0,1,0,2,2,2,0,17,1,0,1,0,3,,
615,02116,"Matoshri Pratishan's Group of Institutions (Integrated Campus), Kupsarwadi , Nanded",0211619110,Civil Engineering,30,25,0,5,0,0,30,OHU,1,1,1,1,0,0,0,0,1,0,0,0,0,0,1,0,0,0,6,1,0,1,0,3,,
616,02116,"Matoshri Pratishan's Group of Institutions (Integrated Campus), Kupsarwadi , Nanded",0211624210,Computer Science and Engineering,60,39,0,9,12,0,48,HU,7,3,3,1,2,0,1,0,0,1,0,1,0,0,4,1,1,1,26,1,1,1,1,6,0211624211T,3
616,02116,"Matoshri Pratishan's Group of Institutions (Integrated Campus), Kupsarwadi , Nanded",0211624210,Computer Science and Engineering,60,39,0,9,12,0,48,OHU,3,1,1,0,1,0,0,0,0,0,0,0,0,1,1,1,1,1,11,1,1,1,1,6,0211624211T,3
617,02116,"Matoshri Pratishan's Group of Institutions (Integrated Campus), Kupsarwadi , Nanded",0211626310,Artificial Intelligence (AI) and Data Science,30,19,0,5,6,0,24,HU,3,1,0,1,0,1,0,0,1,0,1,0,0,0,1,1,2,0,12,1,0,1,0,3,0211626311T,2
617,02116,"Matoshri Pratishan's Group of Institutions (Integrated Campus), Kupsarwadi , Nanded",0211626310,Artificial Intelligence (AI) and Data Science,30,19,0,5,6,0,24,OHU,1,1,1,0,0,0,0,0,0,0,0,0,0,0,1,1,0,0,5,1,0,1,0,3,0211626311T,2
618,02116,"Matoshri Pratishan's Group of Institutions (Integrated Campus), Kupsarwadi , Nanded",0211629310,Electrical Engineering,60,51,0,9,0,1,60,HU,9,4,3,1,2,1,0,1,0,0,1,0,0,1,5,1,2,1,32,2,1,2,1,6,,
618,02116,"Matoshri Pratishan's Group of Institutions (Integrated Campus), Kupsarwadi , Nanded",0211629310,Electrical Engineering,60,51,0,9,0,1,60,OHU,4,1,1,1,1,0,1,0,1,0,1,0,0,0,1,0,1,1,14,2,1,2,1,6,,
619,02116,"Matoshri Pratishan's Group of Institutions (Integrated Campus), Kupsarwadi , Nanded",0211637210,Electronics and Telecommunication Engg,30,22,0,5,3,0,27,HU,4,2,2,1,1,0,1,0,0,0,1,0,0,0,1,1,1,1,16,1,0,1,0,3,0211637211T,2
619,02116,"Matoshri Pratishan's Group of Institutions (Integrated Campus), Kupsarwadi , Nanded",0211637210,Electronics and Telecommunication Engg,30,22,0,5,3,0,27,OHU,0,1,0,0,0,1,0,0,0,0,0,0,0,0,2,0,0,0,4,1,0,1,0,3,0211637211T,2
620,02116,"Matoshri Pratishan's Group of Institutions (Integrated Campus), Kupsarwadi , Nanded",0211661510,Mechanical & Automation Engineering,30,25,0,5,0,0,30,HU,4,2,2,0,1,0,0,0,1,0,0,0,1,0,3,1,1,1,17,1,0,1,0,3,,
620,02116,"Matoshri Pratishan's Group of Institutions (Integrated Campus), Kupsarwadi , Nanded",0211661510,Mechanical & Automation Engineering,30,25,0,5,0,0,30,OHU,1,1,1,0,1,0,0,0,0,0,0,0,0,0,0,1,1,0,6,1,0,1,0,3,,
621,02116,"Matoshri Pratishan's Group of Institutions (Integrated Campus), Kupsarwadi , Nanded",0211691110,Computer Science and Engineering(Artificial,30,19,0,5,6,0,24,HU,2,2,0,1,1,1,1,0,0,0,0,0,0,0,2,1,1,0,12,1,0,1,0,3,0211691111T,2
621,02116,"Matoshri Pratishan's Group of Institutions (Integrated Campus), Kupsarwadi , Nanded",0211691110,Computer Science and Engineering(Artificial,30,19,0,5,6,0,24,OHU,1,0,0,1,0,0,0,0,0,0,1,0,0,0,1,0,1,0,5,1,0,1,0,3,0211691111T,2
622,02127,"Mahatma Gandhi Missions College of Engineering, Hingoli Rd, Nanded.",0212719110,Civil Engineering,60,51,0,9,0,1,60,HU,9,4,4,1,2,0,0,0,1,1,1,1,1,0,3,2,3,1,34,2,1,2,1,6,0212719111T,3
622,02127,"Mahatma Gandhi Missions College of Engineering, Hingoli Rd, Nanded.",0212719110,Civil Engineering,60,51,0,9,0,1,60,OHU,3,2,2,0,1,0,0,1,0,0,0,0,0,0,1,1,1,0,12,2,1,2,1,6,0212719111T,3
623,02127,"Mahatma Gandhi Missions College of Engineering, Hingoli Rd, Nanded.",0212724210,Computer Science and Engineering,180,117,0,27,36,1,144,HU,21,9,6,3,4,2,2,1,1,1,2,1,0,1,10,4,4,2,74,5,1,5,1,18,0212724211T,9
623,02127,"Mahatma Gandhi Missions College of Engineering, Hingoli Rd, Nanded.",0212724210,Computer Science and Engineering,180,117,0,27,36,1,144,OHU,9,4,3,1,1,1,1,0,1,0,0,1,1,0,5,1,2,1,32,5,1,5,1,18,0212724211T,9
624,02127,"Mahatma Gandhi Missions College of Engineering, Hingoli Rd, Nanded.",0212724610,Information Technology,120,78,0,18,24,1,96,HU,13,6,4,2,2,1,1,1,1,0,1,1,1,0,7,3,4,2,50,4,0,4,0,12,0212724611T,6
624,02127,"Mahatma Gandhi Missions College of Engineering, Hingoli Rd, Nanded.",0212724610,Information Technology,120,78,0,18,24,1,96,OHU,5,2,1,1,2,0,0,0,0,1,1,0,1,0,2,1,1,1,19,4,0,4,0,12,0212724611T,6
625,02127,"Mahatma Gandhi Missions College of Engineering, Hingoli Rd, Nanded.",0212737210,Electronics and Telecommunication Engg,60,48,0,9,3,0,57,HU,10,3,4,1,2,1,0,0,1,0,1,0,1,0,4,2,2,1,33,1,1,1,1,6,0212737211T,3
625,02127,"Mahatma Gandhi Missions College of Engineering, Hingoli Rd, Nanded.",0212737210,Electronics and Telecommunication Engg,60,48,0,9,3,0,57,OHU,4,1,1,0,0,1,1,0,0,0,1,0,0,0,2,1,1,0,13,1,1,1,1,6,0212737211T,3
626,02127,"Mahatma Gandhi Missions College of Engineering, Hingoli Rd, Nanded.",0212761210,Mechanical Engineering,60,51,0,9,0,1,60,HU,9,4,3,2,1,1,2,0,0,0,1,0,1,0,5,1,3,0,33,2,1,2,1,6,,
626,02127,"Mahatma Gandhi Missions College of Engineering, Hingoli Rd, Nanded.",0212761210,Mechanical Engineering,60,51,0,9,0,1,60,OHU,3,2,1,1,1,0,0,0,1,0,0,0,0,0,1,1,1,1,13,2,1,2,1,6,,
627,02127,"Mahatma Gandhi Missions College of Engineering, Hingoli Rd, Nanded.",0212791610,Automation and Robotics,60,51,0,9,0,1,60,HU,9,4,3,1,2,1,0,1,1,0,1,0,0,0,4,2,2,2,33,2,1,2,1,6,0212791611T,3
627,02127,"Mahatma Gandhi Missions College of Engineering, Hingoli Rd, Nanded.",0212791610,Automation and Robotics,60,51,0,9,0,1,60,OHU,4,1,2,0,1,0,1,0,0,0,0,1,0,1,1,0,1,0,13,2,1,2,1,6,0212791611T,3
628,02127,"Mahatma Gandhi Missions College of Engineering, Hingoli Rd, Nanded.",0212792110,Artificial Intelligence and Machine Learning,60,48,0,9,3,0,57,HU,9,4,3,1,2,0,1,0,1,1,1,1,0,1,4,2,2,1,34,1,1,1,1,6,0212792111T,3
628,02127,"Mahatma Gandhi Missions College of Engineering, Hingoli Rd, Nanded.",0212792110,Artificial Intelligence and Machine Learning,60,48,0,9,3,0,57,OHU,2,2,1,1,0,1,0,0,0,0,0,0,0,0,2,1,1,1,12,1,1,1,1,6,0212792111T,3
629,02129,"M.S. Bidve Engineering College, Latur",0212919110,Civil Engineering,60,51,0,9,0,1,60,HU,9,4,4,1,1,1,0,0,0,0,1,0,1,0,4,2,3,1,32,2,1,2,1,6,,
629,02129,"M.S. Bidve Engineering College, Latur",0212919110,Civil Engineering,60,51,0,9,0,1,60,OHU,4,1,1,1,1,0,0,1,1,0,1,0,0,0,1,1,1,0,14,2,1,2,1,6,,
630,02129,"M.S. Bidve Engineering College, Latur",0212924210,Computer Science and Engineering,120,78,0,18,24,1,96,HU,13,6,4,2,3,1,2,1,1,1,0,1,1,0,6,3,4,1,50,4,0,4,0,12,0212924211T,6
630,02129,"M.S. Bidve Engineering College, Latur",0212924210,Computer Science and Engineering,120,78,0,18,24,1,96,OHU,6,2,2,0,1,1,0,0,0,0,1,0,0,0,2,1,2,1,19,4,0,4,0,12,0212924211T,6
631,02129,"M.S. Bidve Engineering College, Latur",0212924610,Information Technology,60,39,0,9,12,0,48,HU,7,3,2,1,1,1,0,0,0,0,1,0,0,0,4,1,2,1,24,1,1,1,1,6,0212924611T,3
631,02129,"M.S. Bidve Engineering College, Latur",0212924610,Information Technology,60,39,0,9,12,0,48,OHU,2,1,1,1,1,0,1,0,0,1,0,0,1,0,3,0,1,0,13,1,1,1,1,6,0212924611T,3
632,02129,"M.S. Bidve Engineering College, Latur",0212929310,Electrical Engineering,60,45,0,9,6,0,54,HU,9,3,3,2,2,0,1,0,1,0,1,1,0,1,4,2,3,1,34,1,1,1,1,6,0212929311T,3
632,02129,"M.S. Bidve Engineering College, Latur",0212929310,Electrical Engineering,60,45,0,9,6,0,54,OHU,2,2,1,0,1,0,0,0,0,0,0,0,0,0,1,1,0,1,9,1,1,1,1,6,0212929311T,3
633,02129,"M.S. Bidve Engineering College, Latur",0212937210,Electronics and Telecommunication Engg,60,39,0,9,12,0,48,HU,7,3,2,1,1,1,0,1,1,0,0,0,1,0,4,1,2,1,26,1,1,1,1,6,0212937211T,3
633,02129,"M.S. Bidve Engineering College, Latur",0212937210,Electronics and Telecommunication Engg,60,39,0,9,12,0,48,OHU,3,1,1,1,0,0,0,0,0,0,1,0,0,0,2,1,1,0,11,1,1,1,1,6,0212937211T,3
634,02129,"M.S. Bidve Engineering College, Latur",0212946310,Architectural Assistantship,60,51,0,9,0,1,60,HU,9,4,3,1,2,1,1,0,0,0,1,0,0,0,4,2,2,1,31,2,1,2,1,6,0212946311T,3
634,02129,"M.S. Bidve Engineering College, Latur",0212946310,Architectural Assistantship,60,51,0,9,0,1,60,OHU,4,1,2,0,1,0,1,0,1,0,0,0,1,0,1,1,2,0,15,2,1,2,1,6,0212946311T,3
635,02129,"M.S. Bidve Engineering College, Latur",0212961210,Mechanical Engineering,60,51,0,9,0,1,60,HU,9,4,4,1,2,0,1,0,0,1,1,0,1,0,4,2,3,1,34,2,1,2,1,6,,
635,02129,"M.S. Bidve Engineering College, Latur",0212961210,Mechanical Engineering,60,51,0,9,0,1,60,OHU,3,2,1,1,0,1,0,1,0,0,0,1,0,0,1,0,0,1,12,2,1,2,1,6,,
636,02129,"M.S. Bidve Engineering College, Latur",0212991110,Computer Science and Engineering(Artificial,60,39,0,9,12,0,48,HU,6,3,3,1,1,1,1,0,1,0,1,0,0,1,4,1,1,1,26,1,1,1,1,6,0212991111T,3
636,02129,"M.S. Bidve Engineering College, Latur",0212991110,Computer Science and Engineering(Artificial,60,39,0,9,12,0,48,OHU,3,1,1,0,1,0,0,0,0,0,0,0,0,0,2,1,2,0,11,1,1,1,1,6,0212991111T,3
637,02130,"Terna Public Charitable Trust's College of Engineering, Osmanabad",0213019110,Civil Engineering,60,51,0,9,0,1,60,HU,9,4,2,2,2,1,0,1,1,0,0,1,0,0,4,2,3,1,33,2,1,2,1,6,,
637,02130,"Terna Public Charitable Trust's College of Engineering, Osmanabad",0213019110,Civil Engineering,60,51,0,9,0,1,60,OHU,4,1,1,1,1,0,0,0,1,0,1,0,1,0,1,0,0,1,13,2,1,2,1,6,,
638,02130,"Terna Public Charitable Trust's College of Engineering, Osmanabad",0213024210,Computer Science and Engineering,60,39,0,9,12,0,48,HU,7,3,2,1,2,0,1,0,1,0,1,0,1,0,3,2,2,1,27,1,1,1,1,6,0213024211T,3
638,02130,"Terna Public Charitable Trust's College of Engineering, Osmanabad",0213024210,Computer Science and Engineering,60,39,0,9,12,0,48,OHU,2,2,2,0,0,1,0,0,0,0,0,0,0,0,1,1,1,0,10,1,1,1,1,6,0213024211T,3
639,02130,"Terna Public Charitable Trust's College of Engineering, Osmanabad",0213037210,Electronics and Telecommunication Engg,60,51,0,9,0,1,60,HU,9,4,4,1,1,1,1,0,0,1,1,1,1,0,4,2,2,1,34,2,1,2,1,6,0213037211T,3
639,02130,"Terna Public Charitable Trust's College of Engineering, Osmanabad",0213037210,Electronics and Telecommunication Engg,60,51,0,9,0,1,60,OHU,4,1,0,1,1,0,1,0,0,0,0,0,0,0,2,0,1,1,12,2,1,2,1,6,0213037211T,3
640,02130,"Terna Public Charitable Trust's College of Engineering, Osmanabad",0213061210,Mechanical Engineering,60,51,0,9,0,1,60,HU,9,4,3,1,2,1,0,1,0,0,1,0,1,0,4,1,3,1,32,2,1,2,1,6,,
640,02130,"Terna Public Charitable Trust's College of Engineering, Osmanabad",0213061210,Mechanical Engineering,60,51,0,9,0,1,60,OHU,3,2,2,1,1,0,0,0,0,1,1,0,0,0,1,1,1,0,14,2,1,2,1,6,,
641,02130,"Terna Public Charitable Trust's College of Engineering, Osmanabad",0213099510,Artificial Intelligence and Data Science,60,51,0,9,0,1,60,HU,10,3,3,2,2,0,1,0,1,0,1,0,0,0,4,2,2,1,32,2,1,2,1,6,0213099511T,3
641,02130,"Terna Public Charitable Trust's College of Engineering, Osmanabad",0213099510,Artificial Intelligence and Data Science,60,51,0,9,0,1,60,OHU,4,1,2,0,0,1,1,0,0,0,0,0,0,1,2,0,2,0,14,2,1,2,1,6,0213099511T,3
642,02131,"Shree Tuljabhavani College of Engineering, Tuljapur",0213119110,Civil Engineering,30,25,0,5,0,0,30,HU,3,3,2,0,0,1,1,0,1,0,0,0,0,1,2,1,1,1,17,1,0,1,0,3,,
642,02131,"Shree Tuljabhavani College of Engineering, Tuljapur",0213119110,Civil Engineering,30,25,0,5,0,0,30,OHU,1,1,0,1,1,0,0,0,0,0,0,1,0,0,0,1,0,0,6,1,0,1,0,3,,
643,02131,"Shree Tuljabhavani College of Engineering, Tuljapur",0213124210,Computer Science and Engineering,120,102,0,18,0,1,120,HU,19,7,6,3,4,1,1,1,0,1,2,1,1,0,9,4,5,1,66,5,0,5,0,12,0213124211T,6
643,02131,"Shree Tuljabhavani College of Engineering, Tuljapur",0213124210,Computer Science and Engineering,120,102,0,18,0,1,120,OHU,7,3,2,0,2,0,0,1,1,0,1,0,1,0,4,1,1,1,25,5,0,5,0,12,0213124211T,6
644,02131,"Shree Tuljabhavani College of Engineering, Tuljapur",0213137210,Electronics and Telecommunication Engg,60,51,0,9,0,1,60,HU,9,4,3,1,1,1,1,0,2,0,1,1,1,0,4,1,2,1,33,2,1,2,1,6,,
644,02131,"Shree Tuljabhavani College of Engineering, Tuljapur",0213137210,Electronics and Telecommunication Engg,60,51,0,9,0,1,60,OHU,3,2,2,1,0,1,0,0,0,0,0,0,0,0,1,1,1,1,13,2,1,2,1,6,,
645,02131,"Shree Tuljabhavani College of Engineering, Tuljapur",0213161210,Mechanical Engineering,30,25,0,5,0,0,30,HU,4,2,2,1,1,0,0,0,0,0,0,0,0,1,2,1,1,1,16,1,0,1,0,3,,
645,02131,"Shree Tuljabhavani College of Engineering, Tuljapur",0213161210,Mechanical Engineering,30,25,0,5,0,0,30,OHU,2,0,0,0,1,0,1,0,0,0,0,0,0,0,2,0,1,0,7,1,0,1,0,3,,
646,02133,"Mahatma Basaweshwar Education Society's College of Engineering, Ambejogai",0213319110,Civil Engineering,60,51,0,9,0,1,60,HU,9,4,3,1,2,1,1,0,0,0,1,0,0,0,4,2,3,1,32,2,1,2,1,6,,
646,02133,"Mahatma Basaweshwar Education Society's College of Engineering, Ambejogai",0213319110,Civil Engineering,60,51,0,9,0,1,60,OHU,3,2,1,1,1,0,0,0,1,0,1,0,1,0,1,1,1,0,14,2,1,2,1,6,,
647,02133,"Mahatma Basaweshwar Education Society's College of Engineering, Ambejogai",0213324210,Computer Science and Engineering,120,78,0,18,24,1,96,HU,14,6,4,2,3,1,1,1,1,1,1,1,1,0,6,3,3,2,51,4,0,4,0,12,0213324211T,6
647,02133,"Mahatma Basaweshwar Education Society's College of Engineering, Ambejogai",0213324210,Computer Science and Engineering,120,78,0,18,24,1,96,OHU,5,2,2,0,0,1,1,0,0,0,0,1,0,0,2,1,2,1,18,4,0,4,0,12,0213324211T,6
648,02133,"Mahatma Basaweshwar Education Society's College of Engineering, Ambejogai",0213329310,Electrical Engineering,60,51,0,9,0,1,60,HU,9,4,3,1,2,1,1,0,1,0,1,0,1,0,5,1,3,1,34,2,1,2,1,6,,
648,02133,"Mahatma Basaweshwar Education Society's College of Engineering, Ambejogai",0213329310,Electrical Engineering,60,51,0,9,0,1,60,OHU,3,2,1,1,1,0,0,0,1,0,1,0,0,0,1,0,1,0,12,2,1,2,1,6,,
649,02133,"Mahatma Basaweshwar Education Society's College of Engineering, Ambejogai",0213361210,Mechanical Engineering,30,25,0,5,0,0,30,HU,4,2,2,1,0,0,0,0,0,0,0,0,0,1,2,1,2,0,15,1,0,1,0,3,,
649,02133,"Mahatma Basaweshwar Education Society's College of Engineering, Ambejogai",0213361210,Mechanical Engineering,30,25,0,5,0,0,30,OHU,2,0,1,0,1,0,1,0,0,0,0,0,0,0,1,1,0,1,8,1,0,1,0,3,,
650,02133,"Mahatma Basaweshwar Education Society's College of Engineering, Ambejogai",0213384410,Electronics and Computer Engineering,60,39,0,9,12,0,48,HU,7,3,2,1,1,1,0,1,1,0,1,0,0,0,3,2,2,1,26,1,1,1,1,6,0213384411T,3
650,02133,"Mahatma Basaweshwar Education Society's College of Engineering, Ambejogai",0213384410,Electronics and Computer Engineering,60,39,0,9,12,0,48,OHU,2,2,1,1,0,1,0,0,0,0,0,0,0,1,2,0,1,0,11,1,1,1,1,6,0213384411T,3
651,02134,"Peoples Education Society's College of Engineering, Aurangabad",0213419110,Civil Engineering,60,51,0,9,0,1,60,HU,9,4,3,2,2,0,2,0,0,0,1,1,1,0,4,1,2,1,33,2,1,2,1,6,,
651,02134,"Peoples Education Society's College of Engineering, Aurangabad",0213419110,Civil Engineering,60,51,0,9,0,1,60,OHU,4,1,2,0,1,0,0,0,0,1,0,0,0,0,1,1,1,1,13,2,1,2,1,6,,
652,02134,"Peoples Education Society's College of Engineering, Aurangabad",0213424210,Computer Science and Engineering,60,39,0,9,12,0,48,HU,7,3,3,1,2,1,0,0,0,1,0,0,1,0,4,2,2,1,28,1,1,1,1,6,0213424211T,3
652,02134,"Peoples Education Society's College of Engineering, Aurangabad",0213424210,Computer Science and Engineering,60,39,0,9,12,0,48,OHU,2,1,0,1,0,0,0,1,0,0,1,0,0,0,1,1,1,0,9,1,1,1,1,6,0213424211T,3
653,02134,"Peoples Education Society's College of Engineering, Aurangabad",0213429310,Electrical Engineering,60,51,0,9,0,1,60,HU,9,4,3,1,1,1,0,1,2,0,2,0,0,0,3,2,2,1,32,2,1,2,1,6,0213429311T,3
653,02134,"Peoples Education Society's College of Engineering, Aurangabad",0213429310,Electrical Engineering,60,51,0,9,0,1,60,OHU,3,2,2,0,2,0,0,0,0,0,0,0,1,0,2,0,1,1,14,2,1,2,1,6,0213429311T,3
654,02134,"Peoples Education Society's College of Engineering, Aurangabad",0213437810,Electronics Engineering ( VLSI Design and,60,51,0,9,0,1,60,HU,9,4,3,2,2,0,1,0,0,0,0,1,1,0,4,1,3,1,32,2,1,2,1,6,,
654,02134,"Peoples Education Society's College of Engineering, Aurangabad",0213437810,Electronics Engineering ( VLSI Design and,60,51,0,9,0,1,60,OHU,4,1,1,1,0,1,1,0,1,0,1,0,0,0,1,1,1,0,14,2,1,2,1,6,,
655,02134,"Peoples Education Society's College of Engineering, Aurangabad",0213461510,Mechanical & Automation Engineering,60,51,0,9,0,1,60,HU,9,4,3,1,2,1,2,0,0,1,1,0,0,1,4,2,2,1,34,2,1,2,1,6,,
655,02134,"Peoples Education Society's College of Engineering, Aurangabad",0213461510,Mechanical & Automation Engineering,60,51,0,9,0,1,60,OHU,3,2,2,0,1,0,0,0,0,0,0,1,0,0,1,0,2,0,12,2,1,2,1,6,,
656,02134,"Peoples Education Society's College of Engineering, Aurangabad",0213484410,Electronics and Computer Engineering,60,45,0,9,6,0,54,HU,8,3,3,1,1,1,0,0,1,0,1,0,0,0,4,2,3,1,29,1,1,1,1,6,0213484411T,3
656,02134,"Peoples Education Society's College of Engineering, Aurangabad",0213484410,Electronics and Computer Engineering,60,45,0,9,6,0,54,OHU,4,1,1,1,1,0,1,0,0,0,0,0,1,0,2,1,0,1,14,1,1,1,1,6,0213484411T,3
657,02134,"Peoples Education Society's College of Engineering, Aurangabad",0213491210,Computer Science and Engineering(Data Science),60,39,0,9,12,0,48,HU,8,3,3,1,1,1,0,1,0,0,0,1,1,0,4,1,2,1,28,1,1,1,1,6,0213491211T,3
657,02134,"Peoples Education Society's College of Engineering, Aurangabad",0213491210,Computer Science and Engineering(Data Science),60,39,0,9,12,0,48,OHU,2,1,1,0,0,1,0,0,1,0,0,0,0,0,1,1,1,0,9,1,1,1,1,6,0213491211T,3
658,02135,"Hi-Tech Institute of Technology, Aurangabad",0213519110,Civil Engineering,60,51,0,9,0,1,60,HU,9,4,3,2,3,0,1,0,1,0,1,0,1,0,4,2,2,1,34,2,1,2,1,6,,
658,02135,"Hi-Tech Institute of Technology, Aurangabad",0213519110,Civil Engineering,60,51,0,9,0,1,60,OHU,4,1,1,1,0,0,0,0,0,0,1,0,0,0,2,0,1,1,12,2,1,2,1,6,,
659,02135,"Hi-Tech Institute of Technology, Aurangabad",0213524210,Computer Science and Engineering,180,153,0,27,0,2,180,HU,27,12,9,3,4,3,2,1,2,1,3,1,1,1,13,5,7,3,98,7,1,7,1,18,0213524211T,9
659,02135,"Hi-Tech Institute of Technology, Aurangabad",0213524210,Computer Science and Engineering,180,153,0,27,0,2,180,OHU,10,5,4,1,3,1,1,1,0,1,1,0,0,1,5,2,2,1,39,7,1,7,1,18,0213524211T,9
660,02135,"Hi-Tech Institute of Technology, Aurangabad",0213561210,Mechanical Engineering,60,51,0,9,0,1,60,HU,9,4,3,2,2,0,1,0,1,0,1,0,1,0,4,2,2,1,33,2,1,2,1,6,0213561211T,3
660,02135,"Hi-Tech Institute of Technology, Aurangabad",0213561210,Mechanical Engineering,60,51,0,9,0,1,60,OHU,4,1,1,1,1,0,0,0,1,0,0,1,0,0,0,1,2,0,13,2,1,2,1,6,0213561211T,3
661,02135,"Hi-Tech Institute of Technology, Aurangabad",0213591110,Computer Science and Engineering(Artificial,60,51,0,9,0,1,60,HU,9,4,3,1,2,1,0,1,0,1,1,1,0,0,3,2,3,1,33,2,1,2,1,6,0213591111T,3
661,02135,"Hi-Tech Institute of Technology, Aurangabad",0213591110,Computer Science and Engineering(Artificial,60,51,0,9,0,1,60,OHU,3,2,1,1,1,0,1,0,0,0,0,0,1,0,2,0,1,0,13,2,1,2,1,6,0213591111T,3
662,02136,"Aditya Engineering College , Beed",0213619110,Civil Engineering,60,51,0,9,0,1,60,HU,9,4,4,1,1,1,2,0,1,0,0,0,0,1,5,1,2,1,33,2,1,2,1,6,0213619111T,3
662,02136,"Aditya Engineering College , Beed",0213619110,Civil Engineering,60,51,0,9,0,1,60,OHU,4,1,2,0,0,1,0,0,0,0,1,0,0,0,1,1,1,1,13,2,1,2,1,6,0213619111T,3
663,02136,"Aditya Engineering College , Beed",0213624210,Computer Science and Engineering,60,51,0,9,0,1,60,HU,9,4,2,2,2,1,1,0,0,0,1,1,1,0,4,2,3,1,34,2,1,2,1,6,0213624211T,3
663,02136,"Aditya Engineering College , Beed",0213624210,Computer Science and Engineering,60,51,0,9,0,1,60,OHU,3,2,1,1,1,0,0,0,1,0,0,0,0,0,2,0,1,0,12,2,1,2,1,6,0213624211T,3
664,02136,"Aditya Engineering College , Beed",0213624610,Information Technology,60,51,0,9,0,1,60,HU,9,4,4,1,2,0,0,0,1,1,1,0,0,0,3,2,2,1,31,2,1,2,1,6,,
664,02136,"Aditya Engineering College , Beed",0213624610,Information Technology,60,51,0,9,0,1,60,OHU,4,1,2,0,1,0,0,1,0,0,1,0,1,0,1,1,1,1,15,2,1,2,1,6,,
665,02136,"Aditya Engineering College , Beed",0213629310,Electrical Engineering,60,51,0,9,0,1,60,HU,10,3,3,1,2,1,1,1,0,0,1,0,1,0,4,1,3,1,33,2,1,2,1,6,0213629311T,3
665,02136,"Aditya Engineering College , Beed",0213629310,Electrical Engineering,60,51,0,9,0,1,60,OHU,3,2,1,1,0,1,0,0,0,1,0,1,0,0,1,1,1,0,13,2,1,2,1,6,0213629311T,3
666,02136,"Aditya Engineering College , Beed",0213637210,Electronics and Telecommunication Engg,60,51,0,9,0,1,60,HU,9,4,3,2,1,1,1,0,1,0,0,1,1,0,4,2,2,1,33,2,1,2,1,6,,
666,02136,"Aditya Engineering College , Beed",0213637210,Electronics and Telecommunication Engg,60,51,0,9,0,1,60,OHU,4,1,1,1,1,0,1,0,0,0,0,0,0,0,2,0,1,1,13,2,1,2,1,6,,
667,02136,"Aditya Engineering College , Beed",0213661210,Mechanical Engineering,60,51,0,9,0,1,60,HU,9,4,3,1,2,1,0,1,1,0,2,0,0,1,4,2,2,2,35,2,1,2,1,6,,
667,02136,"Aditya Engineering College , Beed",0213661210,Mechanical Engineering,60,51,0,9,0,1,60,OHU,3,2,2,0,1,0,0,0,0,0,0,0,0,0,1,1,1,0,11,2,1,2,1,6,,
668,02136,"Aditya Engineering College , Beed",0213691210,Computer Science and Engineering(Data Science),30,25,0,5,0,0,30,HU,4,2,2,1,1,0,0,0,0,1,0,0,0,0,2,1,1,0,15,1,0,1,0,3,,
668,02136,"Aditya Engineering College , Beed",0213691210,Computer Science and Engineering(Data Science),30,25,0,5,0,0,30,OHU,1,1,0,1,0,0,1,0,0,0,1,0,1,0,1,0,1,0,8,1,0,1,0,3,,
669,02136,"Aditya Engineering College , Beed",0213692110,Artificial Intelligence and Machine Learning,30,25,0,5,0,0,30,HU,4,2,1,1,1,0,0,0,0,0,1,0,0,0,3,1,2,0,16,1,0,1,0,3,0213692111T,2
669,02136,"Aditya Engineering College , Beed",0213692110,Artificial Intelligence and Machine Learning,30,25,0,5,0,0,30,OHU,1,1,1,0,0,1,0,0,1,0,0,0,0,0,1,0,0,1,7,1,0,1,0,3,0213692111T,2
670,02138,"Matsyodari Shikshan Sansatha's College of Engineering and Technology, Jalna",0213819110,Civil Engineering,60,51,0,9,0,1,60,HU,9,4,4,1,2,1,1,0,0,1,1,0,1,0,4,2,2,1,34,2,1,2,1,6,,
670,02138,"Matsyodari Shikshan Sansatha's College of Engineering and Technology, Jalna",0213819110,Civil Engineering,60,51,0,9,0,1,60,OHU,4,1,1,0,1,0,0,1,0,0,0,1,0,0,1,0,2,0,12,2,1,2,1,6,,
671,02138,"Matsyodari Shikshan Sansatha's College of Engineering and Technology, Jalna",0213824210,Computer Science and Engineering,60,42,0,9,9,0,51,HU,8,3,3,1,1,1,0,1,0,0,0,1,0,0,4,1,2,1,27,1,1,1,1,6,0213824211T,3
671,02138,"Matsyodari Shikshan Sansatha's College of Engineering and Technology, Jalna",0213824210,Computer Science and Engineering,60,42,0,9,9,0,51,OHU,3,1,1,1,1,0,0,0,1,0,0,0,1,0,2,1,1,0,13,1,1,1,1,6,0213824211T,3
672,02138,"Matsyodari Shikshan Sansatha's College of Engineering and Technology, Jalna",0213829310,Electrical Engineering,60,51,0,9,0,1,60,HU,9,4,3,2,2,0,1,0,1,0,1,0,1,0,4,2,3,1,34,2,1,2,1,6,0213829311T,3
672,02138,"Matsyodari Shikshan Sansatha's College of Engineering and Technology, Jalna",0213829310,Electrical Engineering,60,51,0,9,0,1,60,OHU,3,2,2,0,0,1,1,0,0,0,1,0,0,0,0,1,0,1,12,2,1,2,1,6,0213829311T,3
673,02138,"Matsyodari Shikshan Sansatha's College of Engineering and Technology, Jalna",0213861210,Mechanical Engineering,60,51,0,9,0,1,60,HU,9,4,3,1,2,1,1,0,1,1,2,0,0,1,4,1,2,1,34,2,1,2,1,6,,
673,02138,"Matsyodari Shikshan Sansatha's College of Engineering and Technology, Jalna",0213861210,Mechanical Engineering,60,51,0,9,0,1,60,OHU,4,1,1,1,1,0,0,0,0,0,0,0,0,0,2,0,2,0,12,2,1,2,1,6,,
674,02250,"Aurangabad College of Engineering, Naygaon Savangi, Aurangabad",0225019110,Civil Engineering,36,31,0,5,0,0,36,HU,5,2,2,1,1,0,1,0,1,0,1,0,1,0,3,1,2,0,21,1,1,1,1,4,,
674,02250,"Aurangabad College of Engineering, Naygaon Savangi, Aurangabad",0225019110,Civil Engineering,36,31,0,5,0,0,36,OHU,2,1,1,0,1,0,0,0,0,0,0,0,0,0,1,1,0,1,8,1,1,1,1,4,,
675,02250,"Aurangabad College of Engineering, Naygaon Savangi, Aurangabad",0225024210,Computer Science and Engineering,15,13,0,2,0,0,15,HU,1,1,0,1,0,0,0,0,0,0,0,0,0,0,1,0,1,0,5,1,0,1,0,2,0225024211T,1
675,02250,"Aurangabad College of Engineering, Naygaon Savangi, Aurangabad",0225024210,Computer Science and Engineering,15,13,0,2,0,0,15,OHU,1,0,1,0,0,0,0,0,1,0,0,1,0,0,1,0,1,0,6,1,0,1,0,2,0225024211T,1
676,02250,"Aurangabad College of Engineering, Naygaon Savangi, Aurangabad",0225029310,Electrical Engineering,54,46,0,8,0,0,54,HU,9,3,3,1,2,1,0,0,1,0,1,1,0,0,5,2,2,1,32,1,1,1,1,5,,
676,02250,"Aurangabad College of Engineering, Naygaon Savangi, Aurangabad",0225029310,Electrical Engineering,54,46,0,8,0,0,54,OHU,2,2,1,1,1,0,0,1,0,0,0,0,0,1,1,1,1,0,12,1,1,1,1,5,,
677,02250,"Aurangabad College of Engineering, Naygaon Savangi, Aurangabad",0225037210,Electronics and Telecommunication Engg,15,13,0,2,0,0,15,HU,2,1,1,0,1,0,0,1,0,0,0,0,0,0,1,1,0,1,9,1,0,1,0,2,,
677,02250,"Aurangabad College of Engineering, Naygaon Savangi, Aurangabad",0225037210,Electronics and Telecommunication Engg,15,13,0,2,0,0,15,OHU,0,0,0,0,0,0,0,0,0,0,0,0,0,0,1,0,1,0,2,1,0,1,0,2,,
678,02250,"Aurangabad College of Engineering, Naygaon Savangi, Aurangabad",0225061210,Mechanical Engineering,54,46,0,8,0,0,54,HU,8,4,3,1,1,1,1,0,1,0,1,0,0,1,4,1,2,1,30,1,1,1,1,5,,
678,02250,"Aurangabad College of Engineering, Naygaon Savangi, Aurangabad",0225061210,Mechanical Engineering,54,46,0,8,0,0,54,OHU,4,1,2,0,0,1,1,0,0,0,1,0,0,0,2,1,0,1,14,1,1,1,1,5,,
679,02252,"Marathwada Shikshan Prasarak Mandal's Shri Shivaji Institute of Engineering and Management Studies, Parbhani",0225219110,Civil Engineering,60,51,0,9,0,1,60,HU,9,4,3,2,1,1,1,0,0,1,0,1,1,0,4,2,3,1,34,2,1,2,1,6,,
679,02252,"Marathwada Shikshan Prasarak Mandal's Shri Shivaji Institute of Engineering and Management Studies, Parbhani",0225219110,Civil Engineering,60,51,0,9,0,1,60,OHU,3,2,1,1,1,0,0,0,0,0,1,0,0,0,1,1,1,0,12,2,1,2,1,6,,
680,02252,"Marathwada Shikshan Prasarak Mandal's Shri Shivaji Institute of Engineering and Management Studies, Parbhani",0225224210,Computer Science and Engineering,60,51,0,9,0,1,60,HU,9,4,3,1,2,1,1,0,1,0,2,0,0,0,4,2,2,1,33,2,1,2,1,6,0225224211T,3
680,02252,"Marathwada Shikshan Prasarak Mandal's Shri Shivaji Institute of Engineering and Management Studies, Parbhani",0225224210,Computer Science and Engineering,60,51,0,9,0,1,60,OHU,4,1,1,1,1,0,0,0,0,1,0,0,1,0,1,0,1,1,13,2,1,2,1,6,0225224211T,3
681,02252,"Marathwada Shikshan Prasarak Mandal's Shri Shivaji Institute of Engineering and Management Studies, Parbhani",0225229710,Electrical and Electronics Engineering,30,25,0,5,0,0,30,HU,4,2,2,1,0,0,0,1,1,0,0,0,1,0,2,1,2,0,17,1,0,1,0,3,0225229711T,2
681,02252,"Marathwada Shikshan Prasarak Mandal's Shri Shivaji Institute of Engineering and Management Studies, Parbhani",0225229710,Electrical and Electronics Engineering,30,25,0,5,0,0,30,OHU,1,1,1,0,0,1,0,0,0,0,0,0,0,0,1,1,0,0,6,1,0,1,0,3,0225229711T,2
682,02252,"Marathwada Shikshan Prasarak Mandal's Shri Shivaji Institute of Engineering and Management Studies, Parbhani",0225261210,Mechanical Engineering,60,51,0,9,0,1,60,HU,9,4,3,1,3,0,0,0,0,0,1,0,0,1,4,2,2,1,31,2,1,2,1,6,,
682,02252,"Marathwada Shikshan Prasarak Mandal's Shri Shivaji Institute of Engineering and Management Studies, Parbhani",0225261210,Mechanical Engineering,60,51,0,9,0,1,60,OHU,3,2,2,0,1,0,1,0,1,0,0,1,0,0,2,0,2,0,15,2,1,2,1,6,,
683,02254,"Vilasrao Deshmukh Foundation Group of Institutions, Latur",0225419110,Civil Engineering,60,51,0,9,0,1,60,HU,9,4,3,2,1,1,2,0,0,1,1,1,1,0,4,1,3,1,35,2,1,2,1,6,,
683,02254,"Vilasrao Deshmukh Foundation Group of Institutions, Latur",0225419110,Civil Engineering,60,51,0,9,0,1,60,OHU,4,1,1,1,1,0,0,0,0,0,0,0,0,0,1,1,0,1,11,2,1,2,1,6,,
684,02254,"Vilasrao Deshmukh Foundation Group of Institutions, Latur",0225424510,Computer Engineering,60,45,0,9,6,0,54,HU,8,3,3,1,2,1,0,1,1,0,1,0,0,0,4,2,1,1,29,1,1,1,1,6,0225424511T,3
684,02254,"Vilasrao Deshmukh Foundation Group of Institutions, Latur",0225424510,Computer Engineering,60,45,0,9,6,0,54,OHU,3,2,1,0,0,1,0,1,0,0,1,0,1,0,2,0,2,0,14,1,1,1,1,6,0225424511T,3
685,02254,"Vilasrao Deshmukh Foundation Group of Institutions, Latur",0225424610,Information Technology,60,45,0,9,6,0,54,HU,8,4,3,1,1,1,1,0,0,0,0,1,1,0,4,2,3,1,31,1,1,1,1,6,0225424611T,3
685,02254,"Vilasrao Deshmukh Foundation Group of Institutions, Latur",0225424610,Information Technology,60,45,0,9,6,0,54,OHU,3,1,1,1,1,0,0,0,1,0,0,0,0,0,2,1,1,0,12,1,1,1,1,6,0225424611T,3
686,02254,"Vilasrao Deshmukh Foundation Group of Institutions, Latur",0225429310,Electrical Engineering,60,51,0,9,0,1,60,HU,10,3,4,1,2,0,0,0,1,0,1,0,0,1,5,1,2,1,32,2,1,2,1,6,,
686,02254,"Vilasrao Deshmukh Foundation Group of Institutions, Latur",0225429310,Electrical Engineering,60,51,0,9,0,1,60,OHU,3,2,1,1,1,0,1,0,0,0,1,0,0,0,1,1,1,1,14,2,1,2,1,6,,
687,02254,"Vilasrao Deshmukh Foundation Group of Institutions, Latur",0225437210,Electronics and Telecommunication Engg,60,51,0,9,0,1,60,HU,9,4,2,2,2,1,1,1,0,1,1,1,0,0,4,2,3,1,35,2,1,2,1,6,0225437211T,3
687,02254,"Vilasrao Deshmukh Foundation Group of Institutions, Latur",0225437210,Electronics and Telecommunication Engg,60,51,0,9,0,1,60,OHU,4,1,2,0,1,0,0,0,0,0,0,0,0,1,1,0,1,0,11,2,1,2,1,6,0225437211T,3
688,02254,"Vilasrao Deshmukh Foundation Group of Institutions, Latur",0225461210,Mechanical Engineering,60,51,0,9,0,1,60,HU,9,4,4,1,1,1,1,0,1,0,1,0,1,0,4,2,2,1,33,2,1,2,1,6,,
688,02254,"Vilasrao Deshmukh Foundation Group of Institutions, Latur",0225461210,Mechanical Engineering,60,51,0,9,0,1,60,OHU,3,2,1,1,0,1,0,0,0,0,1,0,0,0,1,1,1,1,13,2,1,2,1,6,,
689,02282,"Aditya Education Trust's Mitthulalji Sarada Polytechnic, Nalwandi Road, Beed",0228219110,Civil Engineering,60,51,0,9,0,1,60,HU,9,4,3,1,2,1,1,0,0,0,1,0,1,0,3,2,3,1,32,2,1,2,1,6,,
689,02282,"Aditya Education Trust's Mitthulalji Sarada Polytechnic, Nalwandi Road, Beed",0228219110,Civil Engineering,60,51,0,9,0,1,60,OHU,4,1,2,0,1,0,1,0,0,1,0,1,0,0,2,0,1,0,14,2,1,2,1,6,,
690,02282,"Aditya Education Trust's Mitthulalji Sarada Polytechnic, Nalwandi Road, Beed",0228224510,Computer Engineering,90,76,0,14,0,1,90,HU,13,6,4,2,3,1,1,0,2,0,1,1,0,0,7,2,3,2,48,4,0,4,0,9,,
690,02282,"Aditya Education Trust's Mitthulalji Sarada Polytechnic, Nalwandi Road, Beed",0228224510,Computer Engineering,90,76,0,14,0,1,90,OHU,5,2,1,1,1,0,1,0,0,0,1,0,1,0,2,2,1,1,19,4,0,4,0,9,,
691,02282,"Aditya Education Trust's Mitthulalji Sarada Polytechnic, Nalwandi Road, Beed",0228224610,Information Technology,30,25,0,5,0,0,30,HU,4,2,1,1,1,0,0,1,0,0,1,0,0,0,2,1,2,0,16,1,0,1,0,3,,
691,02282,"Aditya Education Trust's Mitthulalji Sarada Polytechnic, Nalwandi Road, Beed",0228224610,Information Technology,30,25,0,5,0,0,30,OHU,1,1,1,0,0,1,0,0,1,0,0,0,0,0,1,0,1,0,7,1,0,1,0,3,,
692,02282,"Aditya Education Trust's Mitthulalji Sarada Polytechnic, Nalwandi Road, Beed",0228229310,Electrical Engineering,90,76,0,14,0,1,90,HU,13,6,4,2,2,1,1,0,1,1,1,1,1,1,6,3,3,2,49,4,0,4,0,9,,
692,02282,"Aditya Education Trust's Mitthulalji Sarada Polytechnic, Nalwandi Road, Beed",0228229310,Electrical Engineering,90,76,0,14,0,1,90,OHU,5,2,1,1,2,0,0,1,0,0,1,0,0,0,2,1,1,1,18,4,0,4,0,9,,
693,02282,"Aditya Education Trust's Mitthulalji Sarada Polytechnic, Nalwandi Road, Beed",0228261210,Mechanical Engineering,30,25,0,5,0,0,30,HU,4,2,2,0,1,1,1,0,0,0,0,0,1,0,2,1,1,1,17,1,0,1,0,3,,
693,02282,"Aditya Education Trust's Mitthulalji Sarada Polytechnic, Nalwandi Road, Beed",0228261210,Mechanical Engineering,30,25,0,5,0,0,30,OHU,1,1,1,0,0,0,0,0,0,0,0,0,0,0,2,0,1,0,6,1,0,1,0,3,,
694,02282,"Aditya Education Trust's Mitthulalji Sarada Polytechnic, Nalwandi Road, Beed",0228290010,Electronics and Computer Science,60,51,0,9,0,1,60,HU,9,4,3,2,2,0,0,1,0,0,2,0,0,0,4,2,3,0,32,2,1,2,1,6,,
694,02282,"Aditya Education Trust's Mitthulalji Sarada Polytechnic, Nalwandi Road, Beed",0228290010,Electronics and Computer Science,60,51,0,9,0,1,60,OHU,3,2,1,1,0,1,0,0,1,0,0,0,1,0,1,1,1,1,14,2,1,2,1,6,,
695,02508,GRAMIN TECHNICAL AND MANAGEMENT CAMPUS NANDED.,0250819110,Civil Engineering,30,25,0,5,0,0,30,HU,4,2,2,0,1,0,1,0,0,0,0,0,0,0,3,1,1,1,16,1,0,1,0,3,,
695,02508,GRAMIN TECHNICAL AND MANAGEMENT CAMPUS NANDED.,0250819110,Civil Engineering,30,25,0,5,0,0,30,OHU,2,0,1,0,1,0,0,0,0,0,0,1,0,0,1,0,1,0,7,1,0,1,0,3,,
696,02508,GRAMIN TECHNICAL AND MANAGEMENT CAMPUS NANDED.,0250824510,Computer Engineering,180,135,0,27,18,1,162,HU,24,10,8,4,4,3,1,1,2,1,2,1,1,1,11,5,6,3,88,6,1,6,1,18,0250824511T,9
696,02508,GRAMIN TECHNICAL AND MANAGEMENT CAMPUS NANDED.,0250824510,Computer Engineering,180,135,0,27,18,1,162,OHU,9,4,3,1,2,0,2,0,1,0,1,0,1,0,5,2,2,1,34,6,1,6,1,18,0250824511T,9
697,02508,GRAMIN TECHNICAL AND MANAGEMENT CAMPUS NANDED.,0250829310,Electrical Engineering,60,51,0,9,0,1,60,HU,9,4,3,1,2,0,1,0,1,0,1,1,1,0,5,1,3,1,34,2,1,2,1,6,,
697,02508,GRAMIN TECHNICAL AND MANAGEMENT CAMPUS NANDED.,0250829310,Electrical Engineering,60,51,0,9,0,1,60,OHU,3,2,1,1,1,1,0,0,0,0,0,0,0,0,1,1,1,0,12,2,1,2,1,6,,
698,02508,GRAMIN TECHNICAL AND MANAGEMENT CAMPUS NANDED.,0250837210,Electronics and Telecommunication Engg,60,49,0,9,2,0,58,HU,9,4,3,2,2,1,1,0,0,1,1,0,1,0,5,2,2,1,35,1,1,1,1,6,0250837211T,3
698,02508,GRAMIN TECHNICAL AND MANAGEMENT CAMPUS NANDED.,0250837210,Electronics and Telecommunication Engg,60,49,0,9,2,0,58,OHU,4,1,2,0,0,0,0,1,0,0,1,0,0,0,1,1,1,0,12,1,1,1,1,6,0250837211T,3
699,02508,GRAMIN TECHNICAL AND MANAGEMENT CAMPUS NANDED.,0250850310,Food Technology,30,25,0,5,0,0,30,HU,4,2,2,0,1,0,1,0,0,0,1,0,0,0,2,1,2,0,16,1,0,1,0,3,,
699,02508,GRAMIN TECHNICAL AND MANAGEMENT CAMPUS NANDED.,0250850310,Food Technology,30,25,0,5,0,0,30,OHU,1,1,0,1,1,0,0,0,0,0,0,0,0,0,2,0,0,1,7,1,0,1,0,3,,
700,02508,GRAMIN TECHNICAL AND MANAGEMENT CAMPUS NANDED.,0250861210,Mechanical Engineering,30,25,0,5,0,0,30,HU,4,2,1,1,0,1,0,1,0,0,0,0,0,0,2,1,0,1,14,1,0,1,0,3,,
700,02508,GRAMIN TECHNICAL AND MANAGEMENT CAMPUS NANDED.,0250861210,Mechanical Engineering,30,25,0,5,0,0,30,OHU,1,1,1,0,0,1,0,0,0,1,0,1,0,1,1,0,1,0,9,1,0,1,0,3,,
701,02508,GRAMIN TECHNICAL AND MANAGEMENT CAMPUS NANDED.,0250891410,Safety and Fire Engineering,60,51,0,9,0,1,60,HU,9,4,4,1,2,0,1,0,1,0,1,1,0,1,4,2,3,1,35,2,1,2,1,6,,
701,02508,GRAMIN TECHNICAL AND MANAGEMENT CAMPUS NANDED.,0250891410,Safety and Fire Engineering,60,51,0,9,0,1,60,OHU,3,2,1,1,1,0,0,0,0,0,0,0,0,0,1,1,1,0,11,2,1,2,1,6,,
702,02522,"STMEI's Sandipani Technical Campus-Faculty of Engineering, Latur.",0252219110,Civil Engineering,60,51,0,9,0,1,60,HU,9,4,2,2,2,1,0,0,1,0,1,0,0,0,5,1,2,1,31,2,1,2,1,6,,
702,02522,"STMEI's Sandipani Technical Campus-Faculty of Engineering, Latur.",0252219110,Civil Engineering,60,51,0,9,0,1,60,OHU,4,1,1,1,1,0,0,1,0,0,1,0,1,0,1,1,1,1,15,2,1,2,1,6,,
703,02522,"STMEI's Sandipani Technical Campus-Faculty of Engineering, Latur.",0252224510,Computer Engineering,60,45,0,9,6,0,54,HU,8,4,3,1,1,1,1,1,0,1,1,1,0,0,4,2,3,1,33,1,1,1,1,6,0252224511T,3
703,02522,"STMEI's Sandipani Technical Campus-Faculty of Engineering, Latur.",0252224510,Computer Engineering,60,45,0,9,6,0,54,OHU,2,2,1,1,0,1,0,0,0,0,0,0,0,0,2,0,1,0,10,1,1,1,1,6,0252224511T,3
704,02522,"STMEI's Sandipani Technical Campus-Faculty of Engineering, Latur.",0252237210,Electronics and Telecommunication Engg,60,51,0,9,0,1,60,HU,9,4,4,1,2,0,1,0,0,0,1,0,1,0,4,2,2,1,32,2,1,2,1,6,,
704,02522,"STMEI's Sandipani Technical Campus-Faculty of Engineering, Latur.",0252237210,Electronics and Telecommunication Engg,60,51,0,9,0,1,60,OHU,4,1,2,0,1,0,0,0,0,1,0,1,0,0,1,1,1,1,14,2,1,2,1,6,,
705,02522,"STMEI's Sandipani Technical Campus-Faculty of Engineering, Latur.",0252261210,Mechanical Engineering,60,51,0,9,0,1,60,HU,9,4,3,1,2,1,1,0,1,0,1,1,1,0,4,1,3,1,34,2,1,2,1,6,,
705,02522,"STMEI's Sandipani Technical Campus-Faculty of Engineering, Latur.",0252261210,Mechanical Engineering,60,51,0,9,0,1,60,OHU,3,2,1,1,1,0,1,0,0,0,0,0,0,0,2,0,1,0,12,2,1,2,1,6,,
706,02522,"STMEI's Sandipani Technical Campus-Faculty of Engineering, Latur.",0252299510,Artificial Intelligence and Data Science,60,45,0,9,6,0,54,HU,9,3,2,2,1,1,0,1,1,0,1,0,0,0,4,2,2,1,30,1,1,1,1,6,0252299511T,3
706,02522,"STMEI's Sandipani Technical Campus-Faculty of Engineering, Latur.",0252299510,Artificial Intelligence and Data Science,60,45,0,9,6,0,54,OHU,3,1,2,0,0,1,0,0,0,0,1,0,0,1,2,1,1,0,13,1,1,1,1,6,0252299511T,3
707,02533,"CSMSS Chh. Shahu College of Engineering, Aurangabad",0253319110,Civil Engineering,60,51,0,9,0,1,60,HU,9,4,4,1,2,0,1,0,0,0,0,1,0,1,3,2,2,1,31,2,1,2,1,6,0253319111T,3
707,02533,"CSMSS Chh. Shahu College of Engineering, Aurangabad",0253319110,Civil Engineering,60,51,0,9,0,1,60,OHU,4,1,1,1,1,0,1,0,1,0,1,0,0,0,1,1,1,1,15,2,1,2,1,6,0253319111T,3
708,02533,"CSMSS Chh. Shahu College of Engineering, Aurangabad",0253324210,Computer Science and Engineering,180,117,0,27,36,1,144,HU,21,9,7,3,4,3,1,1,2,1,3,0,2,0,11,4,5,2,79,5,1,5,1,18,0253324211T,9
708,02533,"CSMSS Chh. Shahu College of Engineering, Aurangabad",0253324210,Computer Science and Engineering,180,117,0,27,36,1,144,OHU,8,4,2,1,1,1,1,0,0,0,0,1,1,0,4,1,2,0,27,5,1,5,1,18,0253324211T,9
709,02533,"CSMSS Chh. Shahu College of Engineering, Aurangabad",0253329310,Electrical Engineering,60,51,0,9,0,1,60,HU,9,4,3,2,2,0,1,0,0,0,1,1,0,1,4,2,2,1,33,2,1,2,1,6,0253329311T,3
709,02533,"CSMSS Chh. Shahu College of Engineering, Aurangabad",0253329310,Electrical Engineering,60,51,0,9,0,1,60,OHU,4,1,1,1,1,0,0,0,1,0,0,0,0,0,1,1,1,1,13,2,1,2,1,6,0253329311T,3
710,02533,"CSMSS Chh. Shahu College of Engineering, Aurangabad",0253337810,Electronics Engineering ( VLSI Design and,60,51,0,9,0,1,60,HU,9,4,3,1,1,1,1,0,1,0,1,0,1,0,3,2,3,1,32,2,1,2,1,6,0253337811T,3
710,02533,"CSMSS Chh. Shahu College of Engineering, Aurangabad",0253337810,Electronics Engineering ( VLSI Design and,60,51,0,9,0,1,60,OHU,3,2,2,0,2,0,0,1,0,0,1,0,0,0,1,1,1,0,14,2,1,2,1,6,0253337811T,3
711,02533,"CSMSS Chh. Shahu College of Engineering, Aurangabad",0253361210,Mechanical Engineering,120,102,0,18,0,1,120,HU,19,8,6,2,4,1,1,1,1,1,1,1,1,0,9,3,4,2,65,5,0,5,0,12,0253361211T,6
711,02533,"CSMSS Chh. Shahu College of Engineering, Aurangabad",0253361210,Mechanical Engineering,120,102,0,18,0,1,120,OHU,7,3,2,1,1,1,1,0,0,1,1,0,1,0,4,1,1,1,26,5,0,5,0,12,0253361211T,6
712,02533,"CSMSS Chh. Shahu College of Engineering, Aurangabad",0253384410,Electronics and Computer Engineering,120,78,0,18,24,1,96,HU,13,6,4,2,3,1,2,0,1,0,1,1,1,0,7,3,4,1,50,4,0,4,0,12,0253384411T,6
712,02533,"CSMSS Chh. Shahu College of Engineering, Aurangabad",0253384410,Electronics and Computer Engineering,120,78,0,18,24,1,96,OHU,5,2,1,1,1,0,1,0,1,0,0,1,0,0,2,1,2,1,19,4,0,4,0,12,0253384411T,6
713,02533,"CSMSS Chh. Shahu College of Engineering, Aurangabad",0253392810,Electronics and Communication(Advanced,60,45,0,9,6,0,54,HU,8,3,3,1,1,1,0,1,0,1,2,0,0,0,4,2,2,1,30,1,1,1,1,6,0253392811T,3
713,02533,"CSMSS Chh. Shahu College of Engineering, Aurangabad",0253392810,Electronics and Communication(Advanced,60,45,0,9,6,0,54,OHU,3,2,2,0,0,1,0,0,0,0,0,0,0,1,2,1,1,0,13,1,1,1,1,6,0253392811T,3
714,02533,"CSMSS Chh. Shahu College of Engineering, Aurangabad",0253399510,Artificial Intelligence and Data Science,180,117,0,27,36,1,144,HU,22,9,7,3,4,2,2,0,2,0,1,1,2,1,11,4,5,2,78,5,1,5,1,18,0253399511T,9
714,02533,"CSMSS Chh. Shahu College of Engineering, Aurangabad",0253399510,Artificial Intelligence and Data Science,180,117,0,27,36,1,144,OHU,9,3,2,1,2,0,0,1,1,0,2,0,0,0,4,1,1,1,28,5,1,5,1,18,0253399511T,9
715,02637,"Jijau Institute of Engineering Technology and Management, Khandgaon (Bendri), Taluka Naigaon, District Nanded",0263719110,Civil Engineering,30,25,0,5,0,0,30,HU,3,3,1,1,1,0,0,1,0,0,1,0,0,0,2,1,1,1,16,1,0,1,0,3,0263719111T,2
715,02637,"Jijau Institute of Engineering Technology and Management, Khandgaon (Bendri), Taluka Naigaon, District Nanded",0263719110,Civil Engineering,30,25,0,5,0,0,30,OHU,1,1,1,0,0,1,0,0,0,0,0,0,0,0,1,1,1,0,7,1,0,1,0,3,0263719111T,2
716,02637,"Jijau Institute of Engineering Technology and Management, Khandgaon (Bendri), Taluka Naigaon, District Nanded",0263724510,Computer Engineering,120,96,0,18,6,1,114,HU,18,7,5,2,3,2,2,0,1,1,1,1,0,1,8,4,4,2,62,5,0,5,0,12,0263724511T,6
716,02637,"Jijau Institute of Engineering Technology and Management, Khandgaon (Bendri), Taluka Naigaon, District Nanded",0263724510,Computer Engineering,120,96,0,18,6,1,114,OHU,6,3,2,1,2,0,1,0,0,0,1,0,1,0,3,1,1,1,23,5,0,5,0,12,0263724511T,6
717,02637,"Jijau Institute of Engineering Technology and Management, Khandgaon (Bendri), Taluka Naigaon, District Nanded",0263724610,Information Technology,60,51,0,9,0,1,60,HU,9,4,4,1,2,0,0,1,1,0,2,0,1,0,4,1,3,1,34,2,1,2,1,6,0263724611T,3
717,02637,"Jijau Institute of Engineering Technology and Management, Khandgaon (Bendri), Taluka Naigaon, District Nanded",0263724610,Information Technology,60,51,0,9,0,1,60,OHU,4,1,1,1,1,0,0,0,1,0,0,0,0,0,1,1,1,0,12,2,1,2,1,6,0263724611T,3
718,02637,"Jijau Institute of Engineering Technology and Management, Khandgaon (Bendri), Taluka Naigaon, District Nanded",0263737210,Electronics and Telecommunication Engg,60,51,0,9,0,1,60,HU,9,4,2,2,2,1,1,0,1,0,0,1,0,0,3,2,2,1,31,2,1,2,1,6,0263737211T,3
718,02637,"Jijau Institute of Engineering Technology and Management, Khandgaon (Bendri), Taluka Naigaon, District Nanded",0263737210,Electronics and Telecommunication Engg,60,51,0,9,0,1,60,OHU,3,2,1,1,0,1,1,0,0,0,0,1,1,0,2,0,1,1,15,2,1,2,1,6,0263737211T,3
719,02637,"Jijau Institute of Engineering Technology and Management, Khandgaon (Bendri), Taluka Naigaon, District Nanded",0263799710,Artificial Intelligence,60,51,0,9,0,1,60,HU,9,4,4,1,1,1,2,0,0,0,1,0,1,0,4,2,3,1,34,2,1,2,1,6,0263799711T,3
719,02637,"Jijau Institute of Engineering Technology and Management, Khandgaon (Bendri), Taluka Naigaon, District Nanded",0263799710,Artificial Intelligence,60,51,0,9,0,1,60,OHU,4,1,2,0,1,0,0,0,0,1,0,0,0,0,1,1,1,0,12,2,1,2,1,6,0263799711T,3
720,02641,Dr. V.K. Patil College of Engineering & Technology,0264119110,Civil Engineering,60,51,0,9,0,1,60,HU,9,4,3,1,2,1,0,0,0,1,1,0,0,1,4,2,2,1,32,2,1,2,1,6,,
720,02641,Dr. V.K. Patil College of Engineering & Technology,0264119110,Civil Engineering,60,51,0,9,0,1,60,OHU,3,2,1,1,1,0,0,1,0,0,1,0,0,0,1,1,2,0,14,2,1,2,1,6,,
721,02641,Dr. V.K. Patil College of Engineering & Technology,0264124210,Computer Science and Engineering,60,51,0,9,0,1,60,HU,9,4,3,2,2,0,0,1,2,0,1,0,0,0,5,1,3,1,34,2,1,2,1,6,,
721,02641,Dr. V.K. Patil College of Engineering & Technology,0264124210,Computer Science and Engineering,60,51,0,9,0,1,60,OHU,4,1,2,0,0,1,0,0,0,0,1,0,1,0,1,0,0,1,12,2,1,2,1,6,,
722,02641,Dr. V.K. Patil College of Engineering & Technology,0264129310,Electrical Engineering,60,51,0,9,0,1,60,HU,10,3,4,1,2,1,1,0,0,0,1,1,1,0,3,2,2,1,33,2,1,2,1,6,,
722,02641,Dr. V.K. Patil College of Engineering & Technology,0264129310,Electrical Engineering,60,51,0,9,0,1,60,OHU,3,2,0,1,1,0,1,0,1,0,0,0,0,0,1,1,2,0,13,2,1,2,1,6,,
723,02641,Dr. V.K. Patil College of Engineering & Technology,0264161210,Mechanical Engineering,30,25,0,5,0,0,30,HU,3,3,1,1,0,0,1,0,0,0,1,0,0,0,2,1,1,1,15,1,0,1,0,3,,
723,02641,Dr. V.K. Patil College of Engineering & Technology,0264161210,Mechanical Engineering,30,25,0,5,0,0,30,OHU,1,1,2,0,1,0,0,0,0,0,0,0,0,0,2,0,0,1,8,1,0,1,0,3,,
724,02641,Dr. V.K. Patil College of Engineering & Technology,0264199710,Artificial Intelligence,30,25,0,5,0,0,30,HU,4,2,1,1,1,1,0,1,0,1,0,0,1,0,3,1,2,0,19,1,0,1,0,3,,
724,02641,Dr. V.K. Patil College of Engineering & Technology,0264199710,Artificial Intelligence,30,25,0,5,0,0,30,OHU,1,1,0,1,0,0,0,0,0,0,0,0,0,0,1,0,0,0,4,1,0,1,0,3,,
725,03025,Svkm's Shri Bhagubhai Mafatlal Polytechnic & College of Engineering,0302524270U,Computer Science and Engineering,60,14,31,3,12,0,48,HU,7,3,0,0,0,0,0,0,0,0,0,0,0,0,0,0,0,0,10,0,0,0,0,0,0302524271UT,3
725,03025,Svkm's Shri Bhagubhai Mafatlal Polytechnic & College of Engineering,0302524270U,Computer Science and Engineering,60,14,31,3,12,0,48,OHU,3,1,0,0,0,0,0,0,0,0,0,0,0,0,0,0,0,0,4,0,0,0,0,0,0302524271UT,3
726,03025,Svkm's Shri Bhagubhai Mafatlal Polytechnic & College of Engineering,0302524570U,Computer Engineering,60,14,31,3,12,0,48,HU,7,3,0,0,0,0,0,0,0,0,0,0,0,0,0,0,0,0,10,0,0,0,0,0,0302524571UT,3
726,03025,Svkm's Shri Bhagubhai Mafatlal Polytechnic & College of Engineering,0302524570U,Computer Engineering,60,14,31,3,12,0,48,OHU,2,2,0,0,0,0,0,0,0,0,0,0,0,0,0,0,0,0,4,0,0,0,0,0,0302524571UT,3
727,03025,Svkm's Shri Bhagubhai Mafatlal Polytechnic & College of Engineering,0302524670U,Information Technology,60,14,31,3,12,0,48,HU,7,3,0,0,0,0,0,0,0,0,0,0,0,0,0,0,0,0,10,0,0,0,0,0,0302524671UT,3
727,03025,Svkm's Shri Bhagubhai Mafatlal Polytechnic & College of Engineering,0302524670U,Information Technology,60,14,31,3,12,0,48,OHU,3,1,0,0,0,0,0,0,0,0,0,0,0,0,0,0,0,0,4,0,0,0,0,0,0302524671UT,3
728,03025,Svkm's Shri Bhagubhai Mafatlal Polytechnic & College of Engineering,0302591170U,Computer Science and Engineering(Artificial,60,14,31,3,12,0,48,HU,7,2,0,0,0,0,0,0,0,0,0,0,0,0,0,0,0,0,9,0,0,0,0,0,0302591171UT,3
728,03025,Svkm's Shri Bhagubhai Mafatlal Polytechnic & College of Engineering,0302591170U,Computer Science and Engineering(Artificial,60,14,31,3,12,0,48,OHU,4,1,0,0,0,0,0,0,0,0,0,0,0,0,0,0,0,0,5,0,0,0,0,0,0302591171UT,3
729,03033,"Dr. Babasaheb Ambedkar Technological University, Lonere",0303319110,Civil Engineering,46,46,0,0,0,0,46,State_Level,11,5,4,2,3,1,1,1,0,1,2,0,1,0,5,3,3,1,44,1,1,1,1,5,,
730,03033,"Dr. Babasaheb Ambedkar Technological University, Lonere",0303319113K,Civil Engineering,8,8,0,0,0,0,8,State_Level,8,0,0,0,0,0,0,0,0,0,0,0,0,0,0,0,0,0,8,0,0,0,0,0,,
731,03033,"Dr. Babasaheb Ambedkar Technological University, Lonere",0303324510,Computer Engineering,46,46,0,0,0,0,46,State_Level,12,5,4,2,2,1,1,0,1,0,0,1,0,1,7,2,4,1,44,1,1,1,1,5,0303324511T,3
732,03033,"Dr. Babasaheb Ambedkar Technological University, Lonere",0303324513K,Computer Engineering,8,8,0,0,0,0,8,State_Level,8,0,0,0,0,0,0,0,0,0,0,0,0,0,0,0,0,0,8,0,0,0,0,0,,
733,03033,"Dr. Babasaheb Ambedkar Technological University, Lonere",0303324610,Information Technology,46,46,0,0,0,0,46,State_Level,11,5,4,2,2,1,1,0,1,1,2,0,1,0,6,3,2,2,44,1,1,1,1,5,0303324611T,3
734,03033,"Dr. Babasaheb Ambedkar Technological University, Lonere",0303324613K,Information Technology,8,8,0,0,0,0,8,State_Level,8,0,0,0,0,0,0,0,0,0,0,0,0,0,0,0,0,0,8,0,0,0,0,0,,
735,03033,"Dr. Babasaheb Ambedkar Technological University, Lonere",0303329310,Electrical Engineering,46,46,0,0,0,0,46,State_Level,11,5,4,2,2,1,1,1,1,0,1,1,1,0,5,3,4,1,44,1,1,1,1,5,0303329311T,3
736,03033,"Dr. Babasaheb Ambedkar Technological University, Lonere",0303329313K,Electrical Engineering,8,8,0,0,0,0,8,State_Level,8,0,0,0,0,0,0,0,0,0,0,0,0,0,0,0,0,0,8,0,0,0,0,0,,
737,03033,"Dr. Babasaheb Ambedkar Technological University, Lonere",0303337210,Electronics and Telecommunication Engg,51,51,0,0,0,1,51,State_Level,13,5,5,1,3,1,1,0,1,0,1,1,0,1,6,2,3,2,46,2,1,2,1,5,0303337211T,3
738,03033,"Dr. Babasaheb Ambedkar Technological University, Lonere",0303337213K,Electronics and Telecommunication Engg,9,9,0,0,0,0,9,State_Level,9,0,0,0,0,0,0,0,0,0,0,0,0,0,0,0,0,0,9,0,0,0,0,0,,
739,03033,"Dr. Babasaheb Ambedkar Technological University, Lonere",0303337290L,Electronics and Telecommunication Engg,25,25,0,0,0,0,25,State_Level,5,3,2,1,2,0,0,1,1,0,1,0,0,0,4,1,2,0,23,1,0,1,0,3,,
740,03033,"Dr. Babasaheb Ambedkar Technological University, Lonere",0303337293LK,Electronics and Telecommunication Engg,5,5,0,0,0,0,5,State_Level,5,0,0,0,0,0,0,0,0,0,0,0,0,0,0,0,0,0,5,0,0,0,0,0,,
741,03033,"Dr. Babasaheb Ambedkar Technological University, Lonere",0303337810,Electronics Engineering ( VLSI Design and,25,25,0,0,0,0,25,State_Level,5,3,2,2,0,1,1,0,0,0,0,0,1,0,3,2,2,1,23,1,0,1,0,3,0303337811T,2
742,03033,"Dr. Babasaheb Ambedkar Technological University, Lonere",0303337813K,Electronics Engineering ( VLSI Design and,5,5,0,0,0,0,5,State_Level,5,0,0,0,0,0,0,0,0,0,0,0,0,0,0,0,0,0,5,0,0,0,0,0,,
743,03033,"Dr. Babasaheb Ambedkar Technological University, Lonere",0303350710,Chemical Engineering,46,46,0,0,0,0,46,State_Level,12,5,5,1,2,1,1,0,1,1,1,0,1,0,6,2,3,2,44,1,1,1,1,5,0303350711T,3
744,03033,"Dr. Babasaheb Ambedkar Technological University, Lonere",0303350713K,Chemical Engineering,8,8,0,0,0,0,8,State_Level,8,0,0,0,0,0,0,0,0,0,0,0,0,0,0,0,0,0,8,0,0,0,0,0,,
745,03033,"Dr. Babasaheb Ambedkar Technological University, Lonere",0303352710,Petro Chemical Engineering,46,46,0,0,0,0,46,State_Level,11,5,4,2,3,1,0,1,1,0,1,1,1,0,6,3,3,1,44,1,1,1,1,5,,
746,03033,"Dr. Babasaheb Ambedkar Technological University, Lonere",0303352713K,Petro Chemical Engineering,8,8,0,0,0,0,8,State_Level,8,0,0,0,0,0,0,0,0,0,0,0,0,0,0,0,0,0,8,0,0,0,0,0,,
747,03033,"Dr. Babasaheb Ambedkar Technological University, Lonere",0303361210,Mechanical Engineering,46,46,0,0,0,0,46,State_Level,12,5,4,2,2,1,2,0,0,1,2,0,0,0,6,2,4,1,44,1,1,1,1,5,0303361211T,3
748,03033,"Dr. Babasaheb Ambedkar Technological University, Lonere",0303361213K,Mechanical Engineering,8,8,0,0,0,0,8,State_Level,8,0,0,0,0,0,0,0,0,0,0,0,0,0,0,0,0,0,8,0,0,0,0,0,,
749,03033,"Dr. Babasaheb Ambedkar Technological University, Lonere",0303390510,Computer Science and Engineering,51,51,0,0,0,1,51,State_Level,12,6,4,2,3,1,1,0,1,0,1,1,0,1,5,3,3,2,46,2,1,2,1,5,0303390511T,3
750,03033,"Dr. Babasaheb Ambedkar Technological University, Lonere",0303390513K,Computer Science and Engineering,9,9,0,0,0,0,9,State_Level,9,0,0,0,0,0,0,0,0,0,0,0,0,0,0,0,0,0,9,0,0,0,0,0,,
751,03042,"Loknete Shamrao Peje Government College of Engineering, Ratnagiri",0304229310,Electrical Engineering,60,60,0,0,0,1,60,HU,11,5,4,2,2,1,1,0,1,0,1,1,0,1,5,1,4,1,41,2,1,2,1,6,0304229311T,3
751,03042,"Loknete Shamrao Peje Government College of Engineering, Ratnagiri",0304229310,Electrical Engineering,60,60,0,0,0,1,60,OHU,5,1,2,0,1,0,1,0,0,0,0,0,0,0,2,1,0,1,14,2,1,2,1,6,0304229311T,3
752,03042,"Loknete Shamrao Peje Government College of Engineering, Ratnagiri",0304250410,Food Technology And Management,60,60,0,0,0,1,60,HU,10,5,4,1,2,1,1,1,0,0,1,0,0,0,5,3,3,1,38,2,1,2,1,6,,
752,03042,"Loknete Shamrao Peje Government College of Engineering, Ratnagiri",0304250410,Food Technology And Management,60,60,0,0,0,1,60,OHU,4,2,1,1,1,1,0,0,1,0,0,1,1,0,1,1,2,0,17,2,1,2,1,6,,
753,03042,"Loknete Shamrao Peje Government College of Engineering, Ratnagiri",0304262410,Mechatronics Engineering,60,60,0,0,0,1,60,HU,11,4,3,2,2,1,1,0,1,0,1,0,1,0,4,2,2,2,37,2,1,2,1,6,,
753,03042,"Loknete Shamrao Peje Government College of Engineering, Ratnagiri",0304262410,Mechatronics Engineering,60,60,0,0,0,1,60,OHU,5,2,2,1,1,0,1,0,0,0,1,0,0,0,3,0,1,1,18,2,1,2,1,6,,
754,03042,"Loknete Shamrao Peje Government College of Engineering, Ratnagiri",0304291810,Civil and infrastructure Engineering,60,60,0,0,0,1,60,HU,11,5,5,1,2,1,1,1,1,0,1,1,1,0,5,2,3,1,42,2,1,2,1,6,,
754,03042,"Loknete Shamrao Peje Government College of Engineering, Ratnagiri",0304291810,Civil and infrastructure Engineering,60,60,0,0,0,1,60,OHU,4,2,2,0,0,1,0,0,0,0,0,0,0,0,1,1,1,1,13,2,1,2,1,6,,
755,03042,"Loknete Shamrao Peje Government College of Engineering, Ratnagiri",0304299510,Artificial Intelligence and Data Science,60,60,0,0,0,1,60,HU,10,5,3,2,2,1,0,0,0,1,1,0,0,1,5,2,3,1,37,2,1,2,1,6,0304299511T,3
755,03042,"Loknete Shamrao Peje Government College of Engineering, Ratnagiri",0304299510,Artificial Intelligence and Data Science,60,60,0,0,0,1,60,OHU,4,2,2,1,1,0,0,1,1,0,1,0,0,0,2,1,2,0,18,2,1,2,1,6,0304299511T,3
756,04135,"Amar Seva Mandal's Shree Govindrao Vanjari College of Engineering & Technology, Nagpur",0413519110,Civil Engineering,60,51,0,9,0,1,60,HU,9,4,4,1,2,1,0,1,0,0,1,0,0,0,3,2,3,1,32,2,1,2,1,6,0413519111T,3
756,04135,"Amar Seva Mandal's Shree Govindrao Vanjari College of Engineering & Technology, Nagpur",0413519110,Civil Engineering,60,51,0,9,0,1,60,OHU,4,1,1,0,1,0,1,0,1,0,0,1,1,0,1,1,1,0,14,2,1,2,1,6,0413519111T,3
757,04135,"Amar Seva Mandal's Shree Govindrao Vanjari College of Engineering & Technology, Nagpur",0413524210,Computer Science and Engineering,90,76,0,14,0,1,90,HU,13,6,4,2,3,1,2,0,1,1,2,0,2,0,7,3,4,1,52,4,0,4,0,9,0413524211T,5
757,04135,"Amar Seva Mandal's Shree Govindrao Vanjari College of Engineering & Technology, Nagpur",0413524210,Computer Science and Engineering,90,76,0,14,0,1,90,OHU,5,2,1,1,0,1,0,0,0,0,0,0,0,0,2,1,1,1,15,4,0,4,0,9,0413524211T,5
758,04135,"Amar Seva Mandal's Shree Govindrao Vanjari College of Engineering & Technology, Nagpur",0413524610,Information Technology,60,51,0,9,0,1,60,HU,10,3,3,1,1,1,1,0,1,0,0,1,0,0,4,1,2,1,30,2,1,2,1,6,0413524611T,3
758,04135,"Amar Seva Mandal's Shree Govindrao Vanjari College of Engineering & Technology, Nagpur",0413524610,Information Technology,60,51,0,9,0,1,60,OHU,3,2,2,1,1,0,0,0,0,1,1,0,1,0,1,1,2,0,16,2,1,2,1,6,0413524611T,3
759,04135,"Amar Seva Mandal's Shree Govindrao Vanjari College of Engineering & Technology, Nagpur",0413529310,Electrical Engineering,60,51,0,9,0,1,60,HU,9,4,3,2,2,1,0,1,1,0,1,0,0,1,4,2,3,1,35,2,1,2,1,6,0413529311T,3
759,04135,"Amar Seva Mandal's Shree Govindrao Vanjari College of Engineering & Technology, Nagpur",0413529310,Electrical Engineering,60,51,0,9,0,1,60,OHU,4,1,1,0,1,0,0,1,0,0,1,0,0,0,1,0,1,0,11,2,1,2,1,6,0413529311T,3
760,04135,"Amar Seva Mandal's Shree Govindrao Vanjari College of Engineering & Technology, Nagpur",0413537210,Electronics and Telecommunication Engg,30,25,0,5,0,0,30,HU,4,2,2,0,1,0,1,0,0,0,1,0,0,0,2,1,1,1,16,1,0,1,0,3,0413537211T,2
760,04135,"Amar Seva Mandal's Shree Govindrao Vanjari College of Engineering & Technology, Nagpur",0413537210,Electronics and Telecommunication Engg,30,25,0,5,0,0,30,OHU,1,1,1,0,1,0,0,0,0,0,0,0,0,0,2,0,0,1,7,1,0,1,0,3,0413537211T,2
761,04135,"Amar Seva Mandal's Shree Govindrao Vanjari College of Engineering & Technology, Nagpur",0413561210,Mechanical Engineering,60,51,0,9,0,1,60,HU,9,4,3,2,1,1,0,0,0,1,1,1,1,0,4,2,2,1,33,2,1,2,1,6,0413561211T,3
761,04135,"Amar Seva Mandal's Shree Govindrao Vanjari College of Engineering & Technology, Nagpur",0413561210,Mechanical Engineering,60,51,0,9,0,1,60,OHU,3,2,1,1,0,1,1,0,0,0,0,0,0,0,1,1,2,0,13,2,1,2,1,6,0413561211T,3
762,04141,"Shriram Gram Vikas Shikshan Sanstha, Vilasrao Deshmukh College of Engineering and Technology, Nagpur",0414119110,Civil Engineering,60,51,0,9,0,1,60,HU,9,4,3,1,2,1,1,1,0,0,0,0,1,0,5,1,3,1,33,2,1,2,1,6,,
762,04141,"Shriram Gram Vikas Shikshan Sanstha, Vilasrao Deshmukh College of Engineering and Technology, Nagpur",0414119110,Civil Engineering,60,51,0,9,0,1,60,OHU,4,1,2,0,1,0,0,0,1,0,0,1,0,0,1,1,0,1,13,2,1,2,1,6,,
763,04141,"Shriram Gram Vikas Shikshan Sanstha, Vilasrao Deshmukh College of Engineering and Technology, Nagpur",0414124510,Computer Engineering,120,102,0,18,0,1,120,HU,19,8,6,2,4,1,2,0,2,0,1,1,0,1,8,4,4,2,65,5,0,5,0,12,,
763,04141,"Shriram Gram Vikas Shikshan Sanstha, Vilasrao Deshmukh College of Engineering and Technology, Nagpur",0414124510,Computer Engineering,120,102,0,18,0,1,120,OHU,7,3,2,1,1,1,1,0,1,0,1,0,0,1,4,1,2,0,26,5,0,5,0,12,,
764,04141,"Shriram Gram Vikas Shikshan Sanstha, Vilasrao Deshmukh College of Engineering and Technology, Nagpur",0414161210,Mechanical Engineering,30,25,0,5,0,0,30,HU,4,2,2,1,0,0,0,1,1,0,0,0,1,0,3,1,1,0,17,1,0,1,0,3,,
764,04141,"Shriram Gram Vikas Shikshan Sanstha, Vilasrao Deshmukh College of Engineering and Technology, Nagpur",0414161210,Mechanical Engineering,30,25,0,5,0,0,30,OHU,1,1,0,1,1,0,0,0,0,0,0,0,0,0,1,0,0,1,6,1,0,1,0,3,,
765,04141,"Shriram Gram Vikas Shikshan Sanstha, Vilasrao Deshmukh College of Engineering and Technology, Nagpur",0414199510,Artificial Intelligence and Data Science,30,25,0,5,0,0,30,HU,3,3,1,1,1,1,0,0,0,1,1,0,0,0,2,1,1,1,17,1,0,1,0,3,,
765,04141,"Shriram Gram Vikas Shikshan Sanstha, Vilasrao Deshmukh College of Engineering and Technology, Nagpur",0414199510,Artificial Intelligence and Data Science,30,25,0,5,0,0,30,OHU,1,1,1,0,0,0,0,0,0,0,0,0,1,0,1,1,0,0,6,1,0,1,0,3,,
766,04163,Rajiv Gandhi College of Engineering Research & Technology Chandrapur,0416319110,Civil Engineering,60,51,0,9,0,1,60,HU,9,4,3,2,1,1,0,0,0,1,1,1,0,1,4,2,2,1,33,2,1,2,1,6,0416319111T,3
766,04163,Rajiv Gandhi College of Engineering Research & Technology Chandrapur,0416319110,Civil Engineering,60,51,0,9,0,1,60,OHU,3,2,2,0,0,1,1,0,0,0,0,0,0,0,1,1,1,1,13,2,1,2,1,6,0416319111T,3
767,04163,Rajiv Gandhi College of Engineering Research & Technology Chandrapur,0416324210,Computer Science and Engineering,150,112,0,23,15,1,135,HU,21,8,7,2,4,2,2,1,2,0,2,0,2,0,9,4,5,2,73,5,1,5,1,15,0416324211T,8
767,04163,Rajiv Gandhi College of Engineering Research & Technology Chandrapur,0416324210,Computer Science and Engineering,150,112,0,23,15,1,135,OHU,8,3,3,1,2,0,0,0,1,0,1,1,0,0,4,2,2,0,28,5,1,5,1,15,0416324211T,8
768,04163,Rajiv Gandhi College of Engineering Research & Technology Chandrapur,0416329310,Electrical Engineering,60,51,0,9,0,1,60,HU,9,4,2,2,2,0,0,0,0,0,1,1,0,0,4,2,2,1,30,2,1,2,1,6,0416329311T,3
768,04163,Rajiv Gandhi College of Engineering Research & Technology Chandrapur,0416329310,Electrical Engineering,60,51,0,9,0,1,60,OHU,4,1,1,1,1,1,0,1,1,0,0,0,1,0,2,0,1,1,16,2,1,2,1,6,0416329311T,3
769,04163,Rajiv Gandhi College of Engineering Research & Technology Chandrapur,0416337010,Electronics and Communication Engineering,60,51,0,9,0,1,60,HU,9,4,4,1,2,1,2,0,1,0,1,0,0,1,4,2,2,2,36,2,1,2,1,6,0416337011T,3
769,04163,Rajiv Gandhi College of Engineering Research & Technology Chandrapur,0416337010,Electronics and Communication Engineering,60,51,0,9,0,1,60,OHU,3,2,1,1,0,0,0,0,0,0,1,0,0,0,1,0,1,0,10,2,1,2,1,6,0416337011T,3
770,04163,Rajiv Gandhi College of Engineering Research & Technology Chandrapur,0416361210,Mechanical Engineering,60,51,0,9,0,1,60,HU,9,4,3,1,1,1,0,0,0,1,1,1,1,0,5,1,3,0,32,2,1,2,1,6,0416361211T,3
770,04163,Rajiv Gandhi College of Engineering Research & Technology Chandrapur,0416361210,Mechanical Engineering,60,51,0,9,0,1,60,OHU,4,1,2,0,2,0,1,0,0,0,0,0,0,0,1,1,1,1,14,2,1,2,1,6,0416361211T,3
771,04163,Rajiv Gandhi College of Engineering Research & Technology Chandrapur,0416370110,Mining Engineering,60,46,0,9,5,0,55,HU,9,4,3,2,1,1,1,1,0,0,0,0,0,0,3,2,2,2,31,1,1,1,1,6,0416370111T,3
771,04163,Rajiv Gandhi College of Engineering Research & Technology Chandrapur,0416370110,Mining Engineering,60,46,0,9,5,0,55,OHU,2,2,0,1,0,1,0,0,1,0,1,0,1,0,2,1,1,0,13,1,1,1,1,6,0416370111T,3
772,04163,Rajiv Gandhi College of Engineering Research & Technology Chandrapur,0416391210,Computer Science and Engineering(Data Science),60,51,0,9,0,1,60,HU,9,4,3,1,3,0,0,0,1,0,1,1,1,0,4,2,2,1,33,2,1,2,1,6,0416391211T,3
772,04163,Rajiv Gandhi College of Engineering Research & Technology Chandrapur,0416391210,Computer Science and Engineering(Data Science),60,51,0,9,0,1,60,OHU,4,1,3,0,0,0,1,0,0,0,0,0,0,0,1,1,1,1,13,2,1,2,1,6,0416391211T,3
773,04181,"Swaminarayan Siddhanta Institute Of Technology, Nagpur",0418119110,Civil Engineering,60,51,0,9,0,1,60,HU,9,4,4,1,2,0,1,0,1,0,2,0,0,0,4,1,2,1,32,2,1,2,1,6,0418119111T,3
773,04181,"Swaminarayan Siddhanta Institute Of Technology, Nagpur",0418119110,Civil Engineering,60,51,0,9,0,1,60,OHU,3,2,2,0,1,0,0,0,1,0,0,0,0,1,2,0,1,1,14,2,1,2,1,6,0418119111T,3
774,04181,"Swaminarayan Siddhanta Institute Of Technology, Nagpur",0418124510,Computer Engineering,150,127,0,23,0,1,150,HU,23,10,7,3,4,2,2,1,1,1,2,1,1,1,11,5,5,3,83,5,1,5,1,15,0418124511T,8
774,04181,"Swaminarayan Siddhanta Institute Of Technology, Nagpur",0418124510,Computer Engineering,150,127,0,23,0,1,150,OHU,10,4,3,1,2,1,1,0,1,0,1,1,0,0,4,2,2,0,33,5,1,5,1,15,0418124511T,8
775,04181,"Swaminarayan Siddhanta Institute Of Technology, Nagpur",0418137210,Electronics and Telecommunication Engg,30,25,0,5,0,0,30,HU,4,2,1,1,1,1,1,0,0,0,0,0,0,0,3,1,2,0,17,1,0,1,0,3,0418137211T,2
775,04181,"Swaminarayan Siddhanta Institute Of Technology, Nagpur",0418137210,Electronics and Telecommunication Engg,30,25,0,5,0,0,30,OHU,1,1,0,1,0,0,0,0,0,0,0,0,1,0,1,0,0,1,6,1,0,1,0,3,0418137211T,2
776,04181,"Swaminarayan Siddhanta Institute Of Technology, Nagpur",0418161210,Mechanical Engineering,60,51,0,9,0,1,60,HU,9,4,4,1,2,0,0,0,2,0,1,1,1,0,3,2,2,1,33,2,1,2,1,6,0418161211T,3
776,04181,"Swaminarayan Siddhanta Institute Of Technology, Nagpur",0418161210,Mechanical Engineering,60,51,0,9,0,1,60,OHU,3,2,2,0,1,0,1,0,0,0,0,0,0,0,1,1,2,0,13,2,1,2,1,6,0418161211T,3
777,04188,"Krushi Jivan Vikas Pratishthan, Ballarpur Institute of Technology, Mouza Bamni",0418819110,Civil Engineering,60,51,0,9,0,1,60,HU,10,3,2,2,2,1,1,1,0,0,1,0,1,0,4,1,3,1,33,2,1,2,1,6,,
777,04188,"Krushi Jivan Vikas Pratishthan, Ballarpur Institute of Technology, Mouza Bamni",0418819110,Civil Engineering,60,51,0,9,0,1,60,OHU,4,1,1,1,0,1,0,0,0,1,1,0,0,0,1,1,1,0,13,2,1,2,1,6,,
778,04188,"Krushi Jivan Vikas Pratishthan, Ballarpur Institute of Technology, Mouza Bamni",0418824210,Computer Science and Engineering,90,67,0,14,9,1,81,HU,11,6,5,1,2,1,1,0,1,1,1,1,0,0,5,3,2,2,43,2,1,2,1,9,0418824211T,5
778,04188,"Krushi Jivan Vikas Pratishthan, Ballarpur Institute of Technology, Mouza Bamni",0418824210,Computer Science and Engineering,90,67,0,14,9,1,81,OHU,5,2,2,0,2,0,0,1,0,0,1,0,1,0,3,0,1,1,19,2,1,2,1,9,0418824211T,5
779,04188,"Krushi Jivan Vikas Pratishthan, Ballarpur Institute of Technology, Mouza Bamni",0418829310,Electrical Engineering,60,51,0,9,0,1,60,HU,10,3,3,2,1,1,0,1,0,0,2,0,0,1,4,2,2,1,33,2,1,2,1,6,0418829311T,3
779,04188,"Krushi Jivan Vikas Pratishthan, Ballarpur Institute of Technology, Mouza Bamni",0418829310,Electrical Engineering,60,51,0,9,0,1,60,OHU,3,2,1,1,0,1,0,0,1,0,0,0,0,0,1,1,1,1,13,2,1,2,1,6,0418829311T,3
780,04188,"Krushi Jivan Vikas Pratishthan, Ballarpur Institute of Technology, Mouza Bamni",0418837210,Electronics and Telecommunication Engg,30,25,0,5,0,0,30,HU,3,3,2,0,2,0,0,0,1,0,0,0,1,0,2,1,2,0,17,1,0,1,0,3,0418837211T,2
780,04188,"Krushi Jivan Vikas Pratishthan, Ballarpur Institute of Technology, Mouza Bamni",0418837210,Electronics and Telecommunication Engg,30,25,0,5,0,0,30,OHU,1,1,1,0,0,0,1,0,0,0,1,0,0,0,1,0,0,0,6,1,0,1,0,3,0418837211T,2
781,04188,"Krushi Jivan Vikas Pratishthan, Ballarpur Institute of Technology, Mouza Bamni",0418850310,Food Technology,60,51,0,9,0,1,60,HU,10,3,3,2,1,1,1,0,1,0,1,1,1,0,5,1,2,1,34,2,1,2,1,6,,
781,04188,"Krushi Jivan Vikas Pratishthan, Ballarpur Institute of Technology, Mouza Bamni",0418850310,Food Technology,60,51,0,9,0,1,60,OHU,4,1,1,1,1,0,0,0,0,0,0,0,0,0,1,1,2,0,12,2,1,2,1,6,,
782,04188,"Krushi Jivan Vikas Pratishthan, Ballarpur Institute of Technology, Mouza Bamni",0418861210,Mechanical Engineering,30,25,0,5,0,0,30,HU,3,3,1,1,1,0,1,0,0,1,0,0,0,0,2,2,1,1,17,1,0,1,0,3,,
782,04188,"Krushi Jivan Vikas Pratishthan, Ballarpur Institute of Technology, Mouza Bamni",0418861210,Mechanical Engineering,30,25,0,5,0,0,30,OHU,1,1,1,0,1,0,0,0,0,0,0,1,0,0,1,0,0,0,6,1,0,1,0,3,,
783,04188,"Krushi Jivan Vikas Pratishthan, Ballarpur Institute of Technology, Mouza Bamni",0418870110,Mining Engineering,120,102,0,18,0,1,120,HU,19,7,6,2,3,2,1,1,1,0,2,1,1,0,10,3,5,1,65,5,0,5,0,12,0418870111T,6
783,04188,"Krushi Jivan Vikas Pratishthan, Ballarpur Institute of Technology, Mouza Bamni",0418870110,Mining Engineering,120,102,0,18,0,1,120,OHU,7,3,2,1,1,1,1,0,1,0,1,0,0,1,3,2,1,1,26,5,0,5,0,12,0418870111T,6
784,04190,"M.D. Yergude Memorial Shikshan Prasarak Mandal's Shri Sai College of Engineering & Technology, Bhadrawati",0419019110,Civil Engineering,60,51,0,9,0,1,60,HU,9,4,3,1,2,1,1,0,1,0,2,0,0,1,3,2,2,1,33,2,1,2,1,6,,
784,04190,"M.D. Yergude Memorial Shikshan Prasarak Mandal's Shri Sai College of Engineering & Technology, Bhadrawati",0419019110,Civil Engineering,60,51,0,9,0,1,60,OHU,4,1,1,1,1,0,0,1,0,0,0,0,0,0,2,0,2,0,13,2,1,2,1,6,,
785,04190,"M.D. Yergude Memorial Shikshan Prasarak Mandal's Shri Sai College of Engineering & Technology, Bhadrawati",0419024210,Computer Science and Engineering,60,51,0,9,0,1,60,HU,9,4,3,2,2,0,1,1,0,0,0,1,0,0,4,1,2,2,32,2,1,2,1,6,0419024211T,3
785,04190,"M.D. Yergude Memorial Shikshan Prasarak Mandal's Shri Sai College of Engineering & Technology, Bhadrawati",0419024210,Computer Science and Engineering,60,51,0,9,0,1,60,OHU,3,2,2,0,1,0,0,0,0,1,1,0,1,0,1,1,0,1,14,2,1,2,1,6,0419024211T,3
786,04190,"M.D. Yergude Memorial Shikshan Prasarak Mandal's Shri Sai College of Engineering & Technology, Bhadrawati",0419029310,Electrical Engineering,60,51,0,9,0,1,60,HU,9,4,3,1,2,1,0,0,0,1,1,0,1,0,4,2,3,0,32,2,1,2,1,6,,
786,04190,"M.D. Yergude Memorial Shikshan Prasarak Mandal's Shri Sai College of Engineering & Technology, Bhadrawati",0419029310,Electrical Engineering,60,51,0,9,0,1,60,OHU,4,1,1,1,0,1,1,0,0,0,0,1,0,0,1,1,2,0,14,2,1,2,1,6,,
787,04190,"M.D. Yergude Memorial Shikshan Prasarak Mandal's Shri Sai College of Engineering & Technology, Bhadrawati",0419037010,Electronics and Communication Engineering,30,25,0,5,0,0,30,HU,4,2,2,1,0,1,1,0,0,0,0,0,1,0,3,1,1,1,18,1,0,1,0,3,0419037011T,2
787,04190,"M.D. Yergude Memorial Shikshan Prasarak Mandal's Shri Sai College of Engineering & Technology, Bhadrawati",0419037010,Electronics and Communication Engineering,30,25,0,5,0,0,30,OHU,1,1,1,0,0,0,0,0,0,0,0,0,0,0,1,0,0,1,5,1,0,1,0,3,0419037011T,2
788,04190,"M.D. Yergude Memorial Shikshan Prasarak Mandal's Shri Sai College of Engineering & Technology, Bhadrawati",0419061210,Mechanical Engineering,60,51,0,9,0,1,60,HU,9,4,3,1,2,0,1,0,1,0,1,1,0,0,3,2,3,1,32,2,1,2,1,6,,
788,04190,"M.D. Yergude Memorial Shikshan Prasarak Mandal's Shri Sai College of Engineering & Technology, Bhadrawati",0419061210,Mechanical Engineering,60,51,0,9,0,1,60,OHU,3,2,1,1,2,0,0,0,1,0,0,0,1,0,2,0,1,0,14,2,1,2,1,6,,
789,04649,"Bajaj Institute of Technology, Wardha",0464919110,Civil Engineering,60,25,31,4,0,0,60,HU,13,5,0,0,0,0,0,0,0,0,0,0,0,0,0,0,0,0,18,0,0,0,0,0,0464919111T,3
789,04649,"Bajaj Institute of Technology, Wardha",0464919110,Civil Engineering,60,25,31,4,0,0,60,OHU,5,2,0,0,0,0,0,0,0,0,0,0,0,0,0,0,0,0,7,0,0,0,0,0,0464919111T,3
790,04649,"Bajaj Institute of Technology, Wardha",0464924510,Computer Engineering,120,50,61,9,0,0,120,HU,24,11,0,0,0,0,0,0,0,0,0,0,0,0,0,0,0,0,35,0,0,0,0,0,0464924511T,6
790,04649,"Bajaj Institute of Technology, Wardha",0464924510,Computer Engineering,120,50,61,9,0,0,120,OHU,10,5,0,0,0,0,0,0,0,0,0,0,0,0,0,0,0,0,15,0,0,0,0,0,0464924511T,6
791,04649,"Bajaj Institute of Technology, Wardha",0464929310,Electrical Engineering,60,25,31,4,0,0,60,HU,12,5,0,0,0,0,0,0,0,0,0,0,0,0,0,0,0,0,17,0,0,0,0,0,0464929311T,3
791,04649,"Bajaj Institute of Technology, Wardha",0464929310,Electrical Engineering,60,25,31,4,0,0,60,OHU,6,2,0,0,0,0,0,0,0,0,0,0,0,0,0,0,0,0,8,0,0,0,0,0,0464929311T,3
792,04649,"Bajaj Institute of Technology, Wardha",0464961210,Mechanical Engineering,60,25,31,4,0,0,60,HU,13,5,0,0,0,0,0,0,0,0,0,0,0,0,0,0,0,0,18,0,0,0,0,0,0464961211T,3
792,04649,"Bajaj Institute of Technology, Wardha",0464961210,Mechanical Engineering,60,25,31,4,0,0,60,OHU,5,2,0,0,0,0,0,0,0,0,0,0,0,0,0,0,0,0,7,0,0,0,0,0,0464961211T,3
793,04679,"Karanjekar College of Engineering & Management, Sakoli",0467919110,Civil Engineering,60,51,0,9,0,1,60,HU,9,4,3,2,1,1,1,0,1,0,1,0,1,0,4,1,2,1,32,2,1,2,1,6,,
793,04679,"Karanjekar College of Engineering & Management, Sakoli",0467919110,Civil Engineering,60,51,0,9,0,1,60,OHU,3,2,2,0,1,0,0,0,1,0,1,0,0,0,1,1,2,0,14,2,1,2,1,6,,
794,04679,"Karanjekar College of Engineering & Management, Sakoli",0467924210,Computer Science and Engineering,120,102,0,18,0,1,120,HU,19,7,6,2,4,1,2,1,1,1,1,1,0,1,9,4,4,2,66,5,0,5,0,12,0467924211T,6
794,04679,"Karanjekar College of Engineering & Management, Sakoli",0467924210,Computer Science and Engineering,120,102,0,18,0,1,120,OHU,8,3,2,1,1,1,1,0,0,0,0,1,1,0,3,1,1,1,25,5,0,5,0,12,0467924211T,6
795,04679,"Karanjekar College of Engineering & Management, Sakoli",0467929310,Electrical Engineering,60,51,0,9,0,1,60,HU,9,4,3,2,2,1,0,0,0,0,1,0,1,0,4,2,3,1,33,2,1,2,1,6,,
795,04679,"Karanjekar College of Engineering & Management, Sakoli",0467929310,Electrical Engineering,60,51,0,9,0,1,60,OHU,4,1,1,0,1,0,0,1,1,0,1,0,0,0,2,0,1,0,13,2,1,2,1,6,,
796,04679,"Karanjekar College of Engineering & Management, Sakoli",0467993610,Fire Engineering,60,51,0,9,0,1,60,HU,9,4,4,1,1,1,1,0,1,1,1,1,1,0,3,2,2,1,34,2,1,2,1,6,,
796,04679,"Karanjekar College of Engineering & Management, Sakoli",0467993610,Fire Engineering,60,51,0,9,0,1,60,OHU,3,2,1,1,0,1,0,0,0,0,0,0,0,0,1,1,1,1,12,2,1,2,1,6,,
797,04679,"Karanjekar College of Engineering & Management, Sakoli",0467999710,Artificial Intelligence,60,51,0,9,0,1,60,HU,9,4,3,1,2,1,0,1,0,0,1,0,0,0,4,1,3,1,31,2,1,2,1,6,,
797,04679,"Karanjekar College of Engineering & Management, Sakoli",0467999710,Artificial Intelligence,60,51,0,9,0,1,60,OHU,4,1,1,1,1,0,1,0,1,0,1,0,1,0,1,1,1,0,15,2,1,2,1,6,,
798,05103,"Shri Shivaji Vidya Prasarak Sanstha's Late Bapusaheb Shivaji Rao Deore College of Engineering,Dhule",0510319110,Civil Engineering,60,50,0,9,1,1,59,HU,9,4,4,1,1,1,1,0,0,0,1,0,1,0,5,1,2,2,33,2,1,2,1,6,0510319111T,3
798,05103,"Shri Shivaji Vidya Prasarak Sanstha's Late Bapusaheb Shivaji Rao Deore College of Engineering,Dhule",0510319110,Civil Engineering,60,50,0,9,1,1,59,OHU,3,2,1,1,0,1,0,0,1,0,0,0,0,0,1,1,0,1,12,2,1,2,1,6,0510319111T,3
799,05103,"Shri Shivaji Vidya Prasarak Sanstha's Late Bapusaheb Shivaji Rao Deore College of Engineering,Dhule",0510324510,Computer Engineering,240,194,0,36,10,2,230,HU,35,14,12,5,7,3,2,2,3,1,3,2,2,1,16,7,9,3,127,8,2,8,2,24,0510324511T,12
799,05103,"Shri Shivaji Vidya Prasarak Sanstha's Late Bapusaheb Shivaji Rao Deore College of Engineering,Dhule",0510324510,Computer Engineering,240,194,0,36,10,2,230,OHU,14,5,4,2,3,1,1,1,1,0,1,1,0,1,6,3,4,1,49,8,2,8,2,24,0510324511T,12
800,05103,"Shri Shivaji Vidya Prasarak Sanstha's Late Bapusaheb Shivaji Rao Deore College of Engineering,Dhule",0510337210,Electronics and Telecommunication Engg,90,75,0,14,1,1,89,HU,13,6,4,2,3,1,2,0,0,1,1,0,1,0,6,3,3,2,48,4,0,4,0,9,0510337211T,5
800,05103,"Shri Shivaji Vidya Prasarak Sanstha's Late Bapusaheb Shivaji Rao Deore College of Engineering,Dhule",0510337210,Electronics and Telecommunication Engg,90,75,0,14,1,1,89,OHU,4,3,2,0,1,0,0,0,0,1,1,0,1,0,2,1,1,1,18,4,0,4,0,9,0510337211T,5
801,05103,"Shri Shivaji Vidya Prasarak Sanstha's Late Bapusaheb Shivaji Rao Deore College of Engineering,Dhule",0510337610,Electronics Engineering,60,51,0,9,0,1,60,HU,9,4,3,1,1,1,0,1,1,0,1,1,0,1,4,2,2,1,33,2,1,2,1,6,0510337611T,3
801,05103,"Shri Shivaji Vidya Prasarak Sanstha's Late Bapusaheb Shivaji Rao Deore College of Engineering,Dhule",0510337610,Electronics Engineering,60,51,0,9,0,1,60,OHU,4,1,2,1,0,1,1,0,0,0,0,0,0,0,1,0,2,0,13,2,1,2,1,6,0510337611T,3
802,05103,"Shri Shivaji Vidya Prasarak Sanstha's Late Bapusaheb Shivaji Rao Deore College of Engineering,Dhule",0510361210,Mechanical Engineering,60,51,0,9,0,1,60,HU,9,4,3,2,2,0,2,0,1,0,1,0,0,0,4,1,3,1,33,2,1,2,1,6,0510361211T,3
802,05103,"Shri Shivaji Vidya Prasarak Sanstha's Late Bapusaheb Shivaji Rao Deore College of Engineering,Dhule",0510361210,Mechanical Engineering,60,51,0,9,0,1,60,OHU,3,2,1,0,2,0,0,0,0,0,0,1,1,0,1,1,0,1,13,2,1,2,1,6,0510361211T,3
803,05103,"Shri Shivaji Vidya Prasarak Sanstha's Late Bapusaheb Shivaji Rao Deore College of Engineering,Dhule",0510384410,Electronics and Computer Engineering,60,49,0,9,2,0,58,HU,9,4,4,1,2,1,0,0,0,0,1,0,1,0,4,2,2,1,32,1,1,1,1,6,0510384411T,3
803,05103,"Shri Shivaji Vidya Prasarak Sanstha's Late Bapusaheb Shivaji Rao Deore College of Engineering,Dhule",0510384410,Electronics and Computer Engineering,60,49,0,9,2,0,58,OHU,4,1,1,1,0,0,0,1,1,0,1,0,0,0,3,0,2,0,15,1,1,1,1,6,0510384411T,3
804,05106,"Khandesh College Education Society's College Of Engineering And Management, Jalgaon",0510624510,Computer Engineering,120,88,0,18,14,1,106,HU,16,6,5,2,3,1,0,1,2,0,2,0,1,0,7,3,4,2,55,4,0,4,0,12,0510624511T,6
804,05106,"Khandesh College Education Society's College Of Engineering And Management, Jalgaon",0510624510,Computer Engineering,120,88,0,18,14,1,106,OHU,6,3,1,1,2,1,1,0,0,1,1,0,0,1,2,2,2,0,24,4,0,4,0,12,0510624511T,6
805,05106,"Khandesh College Education Society's College Of Engineering And Management, Jalgaon",0510629310,Electrical Engineering,60,51,0,9,0,1,60,HU,9,4,4,1,2,1,1,0,0,0,1,1,0,1,4,1,3,1,34,2,1,2,1,6,,
805,05106,"Khandesh College Education Society's College Of Engineering And Management, Jalgaon",0510629310,Electrical Engineering,60,51,0,9,0,1,60,OHU,4,1,2,0,0,0,0,1,1,0,0,0,0,0,2,0,0,1,12,2,1,2,1,6,,
806,05106,"Khandesh College Education Society's College Of Engineering And Management, Jalgaon",0510661210,Mechanical Engineering,60,51,0,9,0,1,60,HU,9,4,3,1,2,0,1,0,0,1,1,0,0,0,4,2,2,1,31,2,1,2,1,6,,
806,05106,"Khandesh College Education Society's College Of Engineering And Management, Jalgaon",0510661210,Mechanical Engineering,60,51,0,9,0,1,60,OHU,3,2,1,1,2,0,0,0,0,0,1,0,1,0,1,1,2,0,15,2,1,2,1,6,,
807,05106,"Khandesh College Education Society's College Of Engineering And Management, Jalgaon",0510684410,Electronics and Computer Engineering,60,48,0,9,3,0,57,HU,9,4,2,2,1,1,1,0,1,0,0,1,1,0,4,2,3,1,33,1,1,1,1,6,0510684411T,3
807,05106,"Khandesh College Education Society's College Of Engineering And Management, Jalgaon",0510684410,Electronics and Computer Engineering,60,48,0,9,3,0,57,OHU,3,1,1,1,0,1,1,0,0,0,0,1,0,0,2,1,1,0,13,1,1,1,1,6,0510684411T,3
808,05106,"Khandesh College Education Society's College Of Engineering And Management, Jalgaon",0510691210,Computer Science and Engineering(Data Science),60,39,0,9,12,0,48,HU,6,3,3,1,2,1,0,1,1,0,1,0,1,0,4,2,2,0,28,1,1,1,1,6,0510691211T,3
808,05106,"Khandesh College Education Society's College Of Engineering And Management, Jalgaon",0510691210,Computer Science and Engineering(Data Science),60,39,0,9,12,0,48,OHU,3,1,1,0,0,0,0,0,0,0,0,0,0,0,2,0,1,1,9,1,1,1,1,6,0510691211T,3
809,05164,"P.S.G.V.P. Mandal's D.N. Patel College of Engineering, Shahada, Dist. Nandurbar",0516419110,Civil Engineering,60,25,31,4,0,0,60,HU,12,5,0,0,0,0,0,0,0,0,0,0,0,0,0,0,0,0,17,0,0,0,0,0,,
809,05164,"P.S.G.V.P. Mandal's D.N. Patel College of Engineering, Shahada, Dist. Nandurbar",0516419110,Civil Engineering,60,25,31,4,0,0,60,OHU,6,2,0,0,0,0,0,0,0,0,0,0,0,0,0,0,0,0,8,0,0,0,0,0,,
810,05164,"P.S.G.V.P. Mandal's D.N. Patel College of Engineering, Shahada, Dist. Nandurbar",0516424510,Computer Engineering,60,22,31,4,3,0,57,HU,11,5,0,0,0,0,0,0,0,0,0,0,0,0,0,0,0,0,16,0,0,0,0,0,0516424511T,3
810,05164,"P.S.G.V.P. Mandal's D.N. Patel College of Engineering, Shahada, Dist. Nandurbar",0516424510,Computer Engineering,60,22,31,4,3,0,57,OHU,4,2,0,0,0,0,0,0,0,0,0,0,0,0,0,0,0,0,6,0,0,0,0,0,0516424511T,3
811,05164,"P.S.G.V.P. Mandal's D.N. Patel College of Engineering, Shahada, Dist. Nandurbar",0516429310,Electrical Engineering,60,25,31,4,0,0,60,HU,12,5,0,0,0,0,0,0,0,0,0,0,0,0,0,0,0,0,17,0,0,0,0,0,,
811,05164,"P.S.G.V.P. Mandal's D.N. Patel College of Engineering, Shahada, Dist. Nandurbar",0516429310,Electrical Engineering,60,25,31,4,0,0,60,OHU,5,3,0,0,0,0,0,0,0,0,0,0,0,0,0,0,0,0,8,0,0,0,0,0,,
812,05164,"P.S.G.V.P. Mandal's D.N. Patel College of Engineering, Shahada, Dist. Nandurbar",0516437210,Electronics and Telecommunication Engg,48,20,24,4,0,0,48,HU,9,5,0,0,0,0,0,0,0,0,0,0,0,0,0,0,0,0,14,0,0,0,0,0,0516437211T,2
812,05164,"P.S.G.V.P. Mandal's D.N. Patel College of Engineering, Shahada, Dist. Nandurbar",0516437210,Electronics and Telecommunication Engg,48,20,24,4,0,0,48,OHU,5,1,0,0,0,0,0,0,0,0,0,0,0,0,0,0,0,0,6,0,0,0,0,0,0516437211T,2
813,05164,"P.S.G.V.P. Mandal's D.N. Patel College of Engineering, Shahada, Dist. Nandurbar",0516446610,Instrumentation Engineering,48,20,24,4,0,0,48,HU,10,4,0,0,0,0,0,0,0,0,0,0,0,0,0,0,0,0,14,0,0,0,0,0,,
813,05164,"P.S.G.V.P. Mandal's D.N. Patel College of Engineering, Shahada, Dist. Nandurbar",0516446610,Instrumentation Engineering,48,20,24,4,0,0,48,OHU,4,2,0,0,0,0,0,0,0,0,0,0,0,0,0,0,0,0,6,0,0,0,0,0,,
814,05164,"P.S.G.V.P. Mandal's D.N. Patel College of Engineering, Shahada, Dist. Nandurbar",0516461210,Mechanical Engineering,60,25,31,4,0,0,60,HU,13,5,0,0,0,0,0,0,0,0,0,0,0,0,0,0,0,0,18,0,0,0,0,0,,
814,05164,"P.S.G.V.P. Mandal's D.N. Patel College of Engineering, Shahada, Dist. Nandurbar",0516461210,Mechanical Engineering,60,25,31,4,0,0,60,OHU,5,2,0,0,0,0,0,0,0,0,0,0,0,0,0,0,0,0,7,0,0,0,0,0,,
815,05168,"T.M.E. Society's J.T.Mahajan College of Engineering, Faizpur",0516819110,Civil Engineering,30,25,0,5,0,0,30,HU,4,2,1,1,1,1,1,0,0,0,0,1,0,0,2,1,1,1,17,1,0,1,0,3,,
815,05168,"T.M.E. Society's J.T.Mahajan College of Engineering, Faizpur",0516819110,Civil Engineering,30,25,0,5,0,0,30,OHU,2,0,1,0,0,0,0,0,1,0,0,0,0,0,0,1,0,1,6,1,0,1,0,3,,
816,05168,"T.M.E. Society's J.T.Mahajan College of Engineering, Faizpur",0516824510,Computer Engineering,60,45,0,9,6,0,54,HU,7,4,3,1,1,1,0,0,0,1,0,0,0,1,4,2,2,1,28,1,1,1,1,6,0516824511T,3
816,05168,"T.M.E. Society's J.T.Mahajan College of Engineering, Faizpur",0516824510,Computer Engineering,60,45,0,9,6,0,54,OHU,3,2,1,1,1,0,1,0,0,0,1,0,0,0,2,1,2,0,15,1,1,1,1,6,0516824511T,3
817,05168,"T.M.E. Society's J.T.Mahajan College of Engineering, Faizpur",0516837210,Electronics and Telecommunication Engg,60,48,0,9,3,0,57,HU,9,4,4,1,2,0,1,1,1,0,2,0,0,0,5,2,2,1,35,1,1,1,1,6,,
817,05168,"T.M.E. Society's J.T.Mahajan College of Engineering, Faizpur",0516837210,Electronics and Telecommunication Engg,60,48,0,9,3,0,57,OHU,3,1,2,0,1,0,0,0,0,0,0,0,0,1,2,0,1,0,11,1,1,1,1,6,,
818,05168,"T.M.E. Society's J.T.Mahajan College of Engineering, Faizpur",0516861210,Mechanical Engineering,60,51,0,9,0,1,60,HU,9,4,3,1,2,1,0,0,1,0,1,0,1,0,3,2,2,1,31,2,1,2,1,6,,
818,05168,"T.M.E. Society's J.T.Mahajan College of Engineering, Faizpur",0516861210,Mechanical Engineering,60,51,0,9,0,1,60,OHU,3,2,1,1,0,1,0,1,0,1,0,1,0,0,1,1,1,1,15,2,1,2,1,6,,
819,05170,"Hindi Seva Mandal's Shri Sant Gadgebaba College of Engineering & Technology, Bhusawal",0517019110,Civil Engineering,30,13,15,2,0,0,30,HU,6,3,0,0,0,0,0,0,0,0,0,0,0,0,0,0,0,0,9,0,0,0,0,0,,
819,05170,"Hindi Seva Mandal's Shri Sant Gadgebaba College of Engineering & Technology, Bhusawal",0517019110,Civil Engineering,30,13,15,2,0,0,30,OHU,2,2,0,0,0,0,0,0,0,0,0,0,0,0,0,0,0,0,4,0,0,0,0,0,,
820,05170,"Hindi Seva Mandal's Shri Sant Gadgebaba College of Engineering & Technology, Bhusawal",0517024210,Computer Science and Engineering,120,50,61,9,0,0,120,HU,25,10,0,0,0,0,0,0,0,0,0,0,0,0,0,0,0,0,35,0,0,0,0,0,0517024211T,6
820,05170,"Hindi Seva Mandal's Shri Sant Gadgebaba College of Engineering & Technology, Bhusawal",0517024210,Computer Science and Engineering,120,50,61,9,0,0,120,OHU,11,4,0,0,0,0,0,0,0,0,0,0,0,0,0,0,0,0,15,0,0,0,0,0,0517024211T,6
821,05170,"Hindi Seva Mandal's Shri Sant Gadgebaba College of Engineering & Technology, Bhusawal",0517029310,Electrical Engineering,60,25,31,4,0,0,60,HU,12,5,0,0,0,0,0,0,0,0,0,0,0,0,0,0,0,0,17,0,0,0,0,0,,
821,05170,"Hindi Seva Mandal's Shri Sant Gadgebaba College of Engineering & Technology, Bhusawal",0517029310,Electrical Engineering,60,25,31,4,0,0,60,OHU,6,2,0,0,0,0,0,0,0,0,0,0,0,0,0,0,0,0,8,0,0,0,0,0,,
822,05170,"Hindi Seva Mandal's Shri Sant Gadgebaba College of Engineering & Technology, Bhusawal",0517037210,Electronics and Telecommunication Engg,30,13,15,2,0,0,30,HU,6,3,0,0,0,0,0,0,0,0,0,0,0,0,0,0,0,0,9,0,0,0,0,0,,
822,05170,"Hindi Seva Mandal's Shri Sant Gadgebaba College of Engineering & Technology, Bhusawal",0517037210,Electronics and Telecommunication Engg,30,13,15,2,0,0,30,OHU,2,2,0,0,0,0,0,0,0,0,0,0,0,0,0,0,0,0,4,0,0,0,0,0,,
823,05170,"Hindi Seva Mandal's Shri Sant Gadgebaba College of Engineering & Technology, Bhusawal",0517061210,Mechanical Engineering,30,13,15,2,0,0,30,HU,7,3,0,0,0,0,0,0,0,0,0,0,0,0,0,0,0,0,10,0,0,0,0,0,,
823,05170,"Hindi Seva Mandal's Shri Sant Gadgebaba College of Engineering & Technology, Bhusawal",0517061210,Mechanical Engineering,30,13,15,2,0,0,30,OHU,2,1,0,0,0,0,0,0,0,0,0,0,0,0,0,0,0,0,3,0,0,0,0,0,,
824,05170,"Hindi Seva Mandal's Shri Sant Gadgebaba College of Engineering & Technology, Bhusawal",0517084410,Electronics and Computer Engineering,30,13,15,2,0,0,30,HU,6,3,0,0,0,0,0,0,0,0,0,0,0,0,0,0,0,0,9,0,0,0,0,0,0517084411T,2
824,05170,"Hindi Seva Mandal's Shri Sant Gadgebaba College of Engineering & Technology, Bhusawal",0517084410,Electronics and Computer Engineering,30,13,15,2,0,0,30,OHU,3,1,0,0,0,0,0,0,0,0,0,0,0,0,0,0,0,0,4,0,0,0,0,0,0517084411T,2
825,05170,"Hindi Seva Mandal's Shri Sant Gadgebaba College of Engineering & Technology, Bhusawal",0517091210,Computer Science and Engineering(Data Science),60,25,31,4,0,0,60,HU,12,5,0,0,0,0,0,0,0,0,0,0,0,0,0,0,0,0,17,0,0,0,0,0,0517091211T,3
825,05170,"Hindi Seva Mandal's Shri Sant Gadgebaba College of Engineering & Technology, Bhusawal",0517091210,Computer Science and Engineering(Data Science),60,25,31,4,0,0,60,OHU,6,2,0,0,0,0,0,0,0,0,0,0,0,0,0,0,0,0,8,0,0,0,0,0,0517091211T,3
826,05171,"Godavari Foundation's Godavari College Of Engineering, Jalgaon",0517124510,Computer Engineering,120,96,0,18,6,1,114,HU,17,7,6,2,3,2,1,0,2,0,2,0,0,1,8,4,4,2,61,5,0,5,0,12,0517124511T,6
826,05171,"Godavari Foundation's Godavari College Of Engineering, Jalgaon",0517124510,Computer Engineering,120,96,0,18,6,1,114,OHU,7,3,2,0,1,1,0,1,1,0,1,0,1,0,2,2,1,1,24,5,0,5,0,12,0517124511T,6
827,05171,"Godavari Foundation's Godavari College Of Engineering, Jalgaon",0517126310,Artificial Intelligence (AI) and Data Science,60,48,0,9,3,0,57,HU,8,4,3,2,2,0,1,1,0,1,0,1,1,0,4,2,2,1,33,1,1,1,1,6,0517126311T,3
827,05171,"Godavari Foundation's Godavari College Of Engineering, Jalgaon",0517126310,Artificial Intelligence (AI) and Data Science,60,48,0,9,3,0,57,OHU,3,2,1,1,1,0,0,0,0,0,1,0,0,0,3,0,1,0,13,1,1,1,1,6,0517126311T,3
828,05171,"Godavari Foundation's Godavari College Of Engineering, Jalgaon",0517129310,Electrical Engineering,60,51,0,9,0,1,60,HU,9,4,3,1,2,1,0,0,1,0,2,0,0,0,4,2,3,1,33,2,1,2,1,6,,
828,05171,"Godavari Foundation's Godavari College Of Engineering, Jalgaon",0517129310,Electrical Engineering,60,51,0,9,0,1,60,OHU,4,1,1,1,0,1,1,0,0,0,0,0,0,1,1,1,1,0,13,2,1,2,1,6,,
829,05171,"Godavari Foundation's Godavari College Of Engineering, Jalgaon",0517137210,Electronics and Telecommunication Engg,60,51,0,9,0,1,60,HU,9,4,4,1,1,1,1,1,0,0,0,1,1,0,4,1,2,1,32,2,1,2,1,6,0517137211T,3
829,05171,"Godavari Foundation's Godavari College Of Engineering, Jalgaon",0517137210,Electronics and Telecommunication Engg,60,51,0,9,0,1,60,OHU,3,2,2,0,1,0,0,0,0,1,0,1,0,0,1,1,1,1,14,2,1,2,1,6,0517137211T,3
830,05171,"Godavari Foundation's Godavari College Of Engineering, Jalgaon",0517161210,Mechanical Engineering,60,51,0,9,0,1,60,HU,9,4,3,1,2,1,0,0,1,1,2,0,1,0,4,2,3,1,35,2,1,2,1,6,,
830,05171,"Godavari Foundation's Godavari College Of Engineering, Jalgaon",0517161210,Mechanical Engineering,60,51,0,9,0,1,60,OHU,4,1,1,1,1,0,1,0,0,0,0,0,0,0,1,0,1,0,11,2,1,2,1,6,,
831,05244,"MET's Institute of Technology Polytechnic, Bhujbal Knowledge City, Adgaon Nashik",0524425710,Computer Science and Design,60,39,0,9,12,0,48,HU,7,3,2,2,2,0,1,0,0,1,0,0,0,1,3,2,2,1,27,1,1,1,1,6,0524425711T,3
831,05244,"MET's Institute of Technology Polytechnic, Bhujbal Knowledge City, Adgaon Nashik",0524425710,Computer Science and Design,60,39,0,9,12,0,48,OHU,3,1,1,0,1,0,0,0,0,0,1,0,0,0,1,1,1,0,10,1,1,1,1,6,0524425711T,3
832,05244,"MET's Institute of Technology Polytechnic, Bhujbal Knowledge City, Adgaon Nashik",0524491610,Automation and Robotics,60,45,0,9,6,0,54,HU,8,4,3,1,1,1,2,0,1,0,2,0,0,0,4,1,3,1,32,1,1,1,1,6,0524491611T,3
832,05244,"MET's Institute of Technology Polytechnic, Bhujbal Knowledge City, Adgaon Nashik",0524491610,Automation and Robotics,60,45,0,9,6,0,54,OHU,2,2,1,1,0,1,0,0,0,0,0,0,0,0,2,1,0,1,11,1,1,1,1,6,0524491611T,3
833,05244,"MET's Institute of Technology Polytechnic, Bhujbal Knowledge City, Adgaon Nashik",0524492210,Civil and Environmental Engineering,60,51,0,9,0,1,60,HU,9,4,3,1,2,1,0,0,0,0,0,1,0,0,4,2,2,1,30,2,1,2,1,6,,
833,05244,"MET's Institute of Technology Polytechnic, Bhujbal Knowledge City, Adgaon Nashik",0524492210,Civil and Environmental Engineering,60,51,0,9,0,1,60,OHU,4,1,2,0,1,0,1,0,1,0,1,0,0,1,2,0,2,0,16,2,1,2,1,6,,
834,05256,"Matoshri Education Soceity, Matoshri Asarabai Polytechnic,Nashik",0525624510,Computer Engineering,60,51,0,9,0,1,60,HU,9,4,4,1,2,0,0,1,1,0,2,0,1,0,4,2,3,1,35,2,1,2,1,6,0525624511T,3
834,05256,"Matoshri Education Soceity, Matoshri Asarabai Polytechnic,Nashik",0525624510,Computer Engineering,60,51,0,9,0,1,60,OHU,3,2,1,1,1,0,0,0,0,0,0,0,0,0,1,1,0,1,11,2,1,2,1,6,0525624511T,3
835,05256,"Matoshri Education Soceity, Matoshri Asarabai Polytechnic,Nashik",0525624610,Information Technology,60,51,0,9,0,1,60,HU,10,3,2,2,2,1,1,0,0,1,0,1,1,0,3,2,2,1,32,2,1,2,1,6,0525624611T,3
835,05256,"Matoshri Education Soceity, Matoshri Asarabai Polytechnic,Nashik",0525624610,Information Technology,60,51,0,9,0,1,60,OHU,4,1,2,0,0,1,1,0,0,0,1,0,0,0,1,1,2,0,14,2,1,2,1,6,0525624611T,3
836,05263,"Matoshri Education Soceity, Matoshri Institute Of Technology, Dhanore, Nashik",0526324510,Computer Engineering,60,51,0,9,0,1,60,HU,9,4,4,1,1,1,1,1,0,0,1,0,0,1,5,1,3,1,34,2,1,2,1,6,0526324511T,3
836,05263,"Matoshri Education Soceity, Matoshri Institute Of Technology, Dhanore, Nashik",0526324510,Computer Engineering,60,51,0,9,0,1,60,OHU,3,2,1,1,1,0,0,0,1,0,0,1,0,0,1,0,1,0,12,2,1,2,1,6,0526324511T,3
837,05263,"Matoshri Education Soceity, Matoshri Institute Of Technology, Dhanore, Nashik",0526329310,Electrical Engineering,60,51,0,9,0,1,60,HU,9,4,3,1,2,1,0,0,1,0,2,0,0,0,4,2,2,1,32,2,1,2,1,6,0526329311T,3
837,05263,"Matoshri Education Soceity, Matoshri Institute Of Technology, Dhanore, Nashik",0526329310,Electrical Engineering,60,51,0,9,0,1,60,OHU,4,1,1,1,1,0,0,1,0,0,0,0,1,0,2,0,1,1,14,2,1,2,1,6,0526329311T,3
838,05263,"Matoshri Education Soceity, Matoshri Institute Of Technology, Dhanore, Nashik",0526337210,Electronics and Telecommunication Engg,60,51,0,9,0,1,60,HU,9,4,3,2,2,0,1,0,1,0,0,1,1,0,4,2,3,1,34,2,1,2,1,6,0526337211T,3
838,05263,"Matoshri Education Soceity, Matoshri Institute Of Technology, Dhanore, Nashik",0526337210,Electronics and Telecommunication Engg,60,51,0,9,0,1,60,OHU,3,2,2,0,0,1,0,0,0,0,1,0,0,0,1,1,1,0,12,2,1,2,1,6,0526337211T,3
839,05365,"Vardhaman Education & Welfare Society, Ahinsa Institute of Technology, Post. Dondaicha, Dhule",0536525110,Computer Technology,60,25,31,4,0,0,60,HU,12,5,0,0,0,0,0,0,0,0,0,0,0,0,0,0,0,0,17,0,0,0,0,0,0536525111T,3
839,05365,"Vardhaman Education & Welfare Society, Ahinsa Institute of Technology, Post. Dondaicha, Dhule",0536525110,Computer Technology,60,25,31,4,0,0,60,OHU,6,2,0,0,0,0,0,0,0,0,0,0,0,0,0,0,0,0,8,0,0,0,0,0,0536525111T,3
840,05365,"Vardhaman Education & Welfare Society, Ahinsa Institute of Technology, Post. Dondaicha, Dhule",0536529310,Electrical Engineering,60,25,31,4,0,0,60,HU,12,6,0,0,0,0,0,0,0,0,0,0,0,0,0,0,0,0,18,0,0,0,0,0,,
840,05365,"Vardhaman Education & Welfare Society, Ahinsa Institute of Technology, Post. Dondaicha, Dhule",0536529310,Electrical Engineering,60,25,31,4,0,0,60,OHU,5,2,0,0,0,0,0,0,0,0,0,0,0,0,0,0,0,0,7,0,0,0,0,0,,
841,05365,"Vardhaman Education & Welfare Society, Ahinsa Institute of Technology, Post. Dondaicha, Dhule",0536561210,Mechanical Engineering,60,25,31,4,0,0,60,HU,12,5,0,0,0,0,0,0,0,0,0,0,0,0,0,0,0,0,17,0,0,0,0,0,,
841,05365,"Vardhaman Education & Welfare Society, Ahinsa Institute of Technology, Post. Dondaicha, Dhule",0536561210,Mechanical Engineering,60,25,31,4,0,0,60,OHU,5,3,0,0,0,0,0,0,0,0,0,0,0,0,0,0,0,0,8,0,0,0,0,0,,
842,05370,"Kedareshwar Gramin Vikas Pratishthan, Samajbhushan Eknathrao Dhakane College, of Engineering, Shevgaon",0537019110,Civil Engineering,60,51,0,9,0,1,60,HU,9,4,3,1,2,1,1,0,1,0,1,1,1,0,4,2,2,1,34,2,1,2,1,6,0537019111T,3
842,05370,"Kedareshwar Gramin Vikas Pratishthan, Samajbhushan Eknathrao Dhakane College, of Engineering, Shevgaon",0537019110,Civil Engineering,60,51,0,9,0,1,60,OHU,3,2,2,0,1,0,1,0,0,0,0,0,0,0,1,0,1,1,12,2,1,2,1,6,0537019111T,3
843,05370,"Kedareshwar Gramin Vikas Pratishthan, Samajbhushan Eknathrao Dhakane College, of Engineering, Shevgaon",0537024510,Computer Engineering,60,51,0,9,0,1,60,HU,10,3,4,1,1,1,0,1,0,0,1,0,0,1,5,1,3,1,33,2,1,2,1,6,0537024511T,3
843,05370,"Kedareshwar Gramin Vikas Pratishthan, Samajbhushan Eknathrao Dhakane College, of Engineering, Shevgaon",0537024510,Computer Engineering,60,51,0,9,0,1,60,OHU,4,1,1,1,1,0,0,0,0,1,1,0,0,0,2,0,1,0,13,2,1,2,1,6,0537024511T,3
844,05370,"Kedareshwar Gramin Vikas Pratishthan, Samajbhushan Eknathrao Dhakane College, of Engineering, Shevgaon",0537029310,Electrical Engineering,60,51,0,9,0,1,60,HU,9,4,3,1,3,0,1,0,0,1,1,0,0,0,3,2,2,1,31,2,1,2,1,6,0537029311T,3
844,05370,"Kedareshwar Gramin Vikas Pratishthan, Samajbhushan Eknathrao Dhakane College, of Engineering, Shevgaon",0537029310,Electrical Engineering,60,51,0,9,0,1,60,OHU,3,2,2,0,0,1,1,0,0,0,1,0,0,1,1,1,2,0,15,2,1,2,1,6,0537029311T,3
845,05370,"Kedareshwar Gramin Vikas Pratishthan, Samajbhushan Eknathrao Dhakane College, of Engineering, Shevgaon",0537061210,Mechanical Engineering,60,51,0,9,0,1,60,HU,9,4,3,2,1,1,1,0,2,0,1,1,1,0,4,1,3,1,35,2,1,2,1,6,0537061211T,3
845,05370,"Kedareshwar Gramin Vikas Pratishthan, Samajbhushan Eknathrao Dhakane College, of Engineering, Shevgaon",0537061210,Mechanical Engineering,60,51,0,9,0,1,60,OHU,4,1,1,1,1,0,0,0,0,0,0,0,0,0,1,1,0,1,11,2,1,2,1,6,0537061211T,3
846,05370,"Kedareshwar Gramin Vikas Pratishthan, Samajbhushan Eknathrao Dhakane College, of Engineering, Shevgaon",0537099510,Artificial Intelligence and Data Science,60,51,0,9,0,1,60,HU,9,4,3,1,2,1,1,1,0,0,1,0,1,0,4,2,2,1,33,2,1,2,1,6,0537099511T,3
846,05370,"Kedareshwar Gramin Vikas Pratishthan, Samajbhushan Eknathrao Dhakane College, of Engineering, Shevgaon",0537099510,Artificial Intelligence and Data Science,60,51,0,9,0,1,60,OHU,3,2,1,1,1,0,0,0,1,0,0,1,0,0,1,0,2,0,13,2,1,2,1,6,0537099511T,3
847,05396,"College of Engineering and Technology ,North Maharashtra Knowledge City, Jalgaon",0539619110,Civil Engineering,30,25,0,5,0,0,30,HU,4,2,1,1,0,1,1,0,1,0,0,0,0,0,3,1,1,0,16,1,0,1,0,3,,
847,05396,"College of Engineering and Technology ,North Maharashtra Knowledge City, Jalgaon",0539619110,Civil Engineering,30,25,0,5,0,0,30,OHU,1,1,1,0,1,0,0,0,0,0,1,0,0,0,0,1,1,0,7,1,0,1,0,3,,
848,05396,"College of Engineering and Technology ,North Maharashtra Knowledge City, Jalgaon",0539624510,Computer Engineering,30,25,0,5,0,0,30,HU,4,2,2,1,1,0,0,0,1,0,0,0,1,0,2,1,2,1,18,1,0,1,0,3,0539624511T,2
848,05396,"College of Engineering and Technology ,North Maharashtra Knowledge City, Jalgaon",0539624510,Computer Engineering,30,25,0,5,0,0,30,OHU,1,1,0,1,0,0,0,0,0,0,0,0,0,0,2,0,0,0,5,1,0,1,0,3,0539624511T,2
849,05396,"College of Engineering and Technology ,North Maharashtra Knowledge City, Jalgaon",0539629310,Electrical Engineering,30,25,0,5,0,0,30,HU,3,3,2,0,1,0,1,0,0,0,1,0,0,1,2,1,1,0,16,1,0,1,0,3,,
849,05396,"College of Engineering and Technology ,North Maharashtra Knowledge City, Jalgaon",0539629310,Electrical Engineering,30,25,0,5,0,0,30,OHU,1,1,1,0,1,0,0,0,1,0,0,0,0,0,0,1,1,0,7,1,0,1,0,3,,
850,05396,"College of Engineering and Technology ,North Maharashtra Knowledge City, Jalgaon",0539661210,Mechanical Engineering,30,25,0,5,0,0,30,HU,4,2,1,1,1,1,0,0,1,0,0,0,1,0,3,1,1,1,18,1,0,1,0,3,,
850,05396,"College of Engineering and Technology ,North Maharashtra Knowledge City, Jalgaon",0539661210,Mechanical Engineering,30,25,0,5,0,0,30,OHU,1,1,1,0,0,0,0,0,0,0,0,0,0,0,1,0,1,0,5,1,0,1,0,3,,
851,05433,"R.C. Patel College of Engineering and Polytechnic, Shirpur",0543324510,Computer Engineering,60,17,31,3,9,0,51,HU,9,3,0,0,0,0,0,0,0,0,0,0,0,0,0,0,0,0,12,0,0,0,0,0,0543324511T,3
851,05433,"R.C. Patel College of Engineering and Polytechnic, Shirpur",0543324510,Computer Engineering,60,17,31,3,9,0,51,OHU,3,2,0,0,0,0,0,0,0,0,0,0,0,0,0,0,0,0,5,0,0,0,0,0,0543324511T,3
852,05433,"R.C. Patel College of Engineering and Polytechnic, Shirpur",0543324610,Information Technology,60,14,31,3,12,0,48,HU,7,3,0,0,0,0,0,0,0,0,0,0,0,0,0,0,0,0,10,0,0,0,0,0,0543324611T,3
852,05433,"R.C. Patel College of Engineering and Polytechnic, Shirpur",0543324610,Information Technology,60,14,31,3,12,0,48,OHU,3,1,0,0,0,0,0,0,0,0,0,0,0,0,0,0,0,0,4,0,0,0,0,0,0543324611T,3
853,05433,"R.C. Patel College of Engineering and Polytechnic, Shirpur",0543384410,Electronics and Computer Engineering,60,20,31,3,6,0,54,HU,9,5,0,0,0,0,0,0,0,0,0,0,0,0,0,0,0,0,14,0,0,0,0,0,0543384411T,3
853,05433,"R.C. Patel College of Engineering and Polytechnic, Shirpur",0543384410,Electronics and Computer Engineering,60,20,31,3,6,0,54,OHU,4,2,0,0,0,0,0,0,0,0,0,0,0,0,0,0,0,0,6,0,0,0,0,0,0543384411T,3
854,05433,"R.C. Patel College of Engineering and Polytechnic, Shirpur",0543392110,Artificial Intelligence and Machine Learning,60,17,31,3,9,0,51,HU,9,3,0,0,0,0,0,0,0,0,0,0,0,0,0,0,0,0,12,0,0,0,0,0,0543392111T,3
854,05433,"R.C. Patel College of Engineering and Polytechnic, Shirpur",0543392110,Artificial Intelligence and Machine Learning,60,17,31,3,9,0,51,OHU,4,1,0,0,0,0,0,0,0,0,0,0,0,0,0,0,0,0,5,0,0,0,0,0,0543392111T,3
855,05449,"Shri Vile Parle Kelavani Mandal's Institute of Technology, Dhule",0544919110,Civil Engineering,60,25,31,4,0,0,60,HU,12,5,0,0,0,0,0,0,0,0,0,0,0,0,0,0,0,0,17,0,0,0,0,0,0544919111T,3
855,05449,"Shri Vile Parle Kelavani Mandal's Institute of Technology, Dhule",0544919110,Civil Engineering,60,25,31,4,0,0,60,OHU,5,3,0,0,0,0,0,0,0,0,0,0,0,0,0,0,0,0,8,0,0,0,0,0,0544919111T,3
856,05449,"Shri Vile Parle Kelavani Mandal's Institute of Technology, Dhule",0544924510,Computer Engineering,180,75,92,13,0,0,180,HU,37,16,0,0,0,0,0,0,0,0,0,0,0,0,0,0,0,0,53,0,0,0,0,0,0544924511T,9
856,05449,"Shri Vile Parle Kelavani Mandal's Institute of Technology, Dhule",0544924510,Computer Engineering,180,75,92,13,0,0,180,OHU,16,6,0,0,0,0,0,0,0,0,0,0,0,0,0,0,0,0,22,0,0,0,0,0,0544924511T,9
857,05449,"Shri Vile Parle Kelavani Mandal's Institute of Technology, Dhule",0544924610,Information Technology,60,25,31,4,0,0,60,HU,12,5,0,0,0,0,0,0,0,0,0,0,0,0,0,0,0,0,17,0,0,0,0,0,0544924611T,3
857,05449,"Shri Vile Parle Kelavani Mandal's Institute of Technology, Dhule",0544924610,Information Technology,60,25,31,4,0,0,60,OHU,5,3,0,0,0,0,0,0,0,0,0,0,0,0,0,0,0,0,8,0,0,0,0,0,0544924611T,3
858,05449,"Shri Vile Parle Kelavani Mandal's Institute of Technology, Dhule",0544929310,Electrical Engineering,60,25,31,4,0,0,60,HU,12,6,0,0,0,0,0,0,0,0,0,0,0,0,0,0,0,0,18,0,0,0,0,0,0544929311T,3
858,05449,"Shri Vile Parle Kelavani Mandal's Institute of Technology, Dhule",0544929310,Electrical Engineering,60,25,31,4,0,0,60,OHU,5,2,0,0,0,0,0,0,0,0,0,0,0,0,0,0,0,0,7,0,0,0,0,0,0544929311T,3
859,05449,"Shri Vile Parle Kelavani Mandal's Institute of Technology, Dhule",0544961210,Mechanical Engineering,60,25,31,4,0,0,60,HU,12,5,0,0,0,0,0,0,0,0,0,0,0,0,0,0,0,0,17,0,0,0,0,0,0544961211T,3
859,05449,"Shri Vile Parle Kelavani Mandal's Institute of Technology, Dhule",0544961210,Mechanical Engineering,60,25,31,4,0,0,60,OHU,6,2,0,0,0,0,0,0,0,0,0,0,0,0,0,0,0,0,8,0,0,0,0,0,0544961211T,3
860,05449,"Shri Vile Parle Kelavani Mandal's Institute of Technology, Dhule",0544991710,Data Science,120,50,61,9,0,0,120,HU,25,10,0,0,0,0,0,0,0,0,0,0,0,0,0,0,0,0,35,0,0,0,0,0,0544991711T,6
860,05449,"Shri Vile Parle Kelavani Mandal's Institute of Technology, Dhule",0544991710,Data Science,120,50,61,9,0,0,120,OHU,10,5,0,0,0,0,0,0,0,0,0,0,0,0,0,0,0,0,15,0,0,0,0,0,0544991711T,6
861,05449,"Shri Vile Parle Kelavani Mandal's Institute of Technology, Dhule",0544992110,Artificial Intelligence and Machine Learning,60,25,31,4,0,0,60,HU,12,6,0,0,0,0,0,0,0,0,0,0,0,0,0,0,0,0,18,0,0,0,0,0,0544992111T,3
861,05449,"Shri Vile Parle Kelavani Mandal's Institute of Technology, Dhule",0544992110,Artificial Intelligence and Machine Learning,60,25,31,4,0,0,60,OHU,5,2,0,0,0,0,0,0,0,0,0,0,0,0,0,0,0,0,7,0,0,0,0,0,0544992111T,3
862,05497,"P.G. College of Engineering & Technology, Nandurbar",0549719110,Civil Engineering,60,51,0,9,0,1,60,HU,9,4,3,1,1,1,1,0,1,0,0,1,1,0,4,2,2,1,32,2,1,2,1,6,,
862,05497,"P.G. College of Engineering & Technology, Nandurbar",0549719110,Civil Engineering,60,51,0,9,0,1,60,OHU,3,2,2,0,2,0,0,0,0,0,1,0,0,0,2,0,1,1,14,2,1,2,1,6,,
863,05497,"P.G. College of Engineering & Technology, Nandurbar",0549724510,Computer Engineering,60,39,0,9,12,0,48,HU,7,2,2,2,2,1,1,0,0,0,2,0,0,0,3,2,3,0,27,1,1,1,1,6,,
863,05497,"P.G. College of Engineering & Technology, Nandurbar",0549724510,Computer Engineering,60,39,0,9,12,0,48,OHU,3,1,1,0,0,0,1,0,1,0,0,0,0,0,1,1,1,0,10,1,1,1,1,6,,
864,05497,"P.G. College of Engineering & Technology, Nandurbar",0549761210,Mechanical Engineering,60,51,0,9,0,1,60,HU,9,4,4,1,1,1,0,1,1,0,0,1,0,0,5,1,2,1,32,2,1,2,1,6,,
864,05497,"P.G. College of Engineering & Technology, Nandurbar",0549761210,Mechanical Engineering,60,51,0,9,0,1,60,OHU,4,1,1,1,1,0,0,0,0,0,0,1,1,0,1,1,1,1,14,2,1,2,1,6,,
865,05497,"P.G. College of Engineering & Technology, Nandurbar",0549791710,Data Science,60,39,0,9,12,0,48,HU,7,3,2,1,2,0,1,0,0,1,1,0,0,1,3,2,2,1,27,1,1,1,1,6,,
865,05497,"P.G. College of Engineering & Technology, Nandurbar",0549791710,Data Science,60,39,0,9,12,0,48,OHU,2,2,1,1,0,1,0,0,0,0,0,0,0,0,2,0,1,0,10,1,1,1,1,6,,
866,05509,"Shri Swami Samarth Institute of Management and Technology, Malwadi-Bota",0550924510,Computer Engineering,60,51,0,9,0,1,60,HU,9,4,3,2,1,1,0,0,0,0,1,0,1,0,4,2,3,1,32,2,1,2,1,6,0550924511T,3
866,05509,"Shri Swami Samarth Institute of Management and Technology, Malwadi-Bota",0550924510,Computer Engineering,60,51,0,9,0,1,60,OHU,4,1,2,0,1,0,0,1,1,0,1,0,0,0,1,1,1,0,14,2,1,2,1,6,0550924511T,3
867,05509,"Shri Swami Samarth Institute of Management and Technology, Malwadi-Bota",0550924610,Information Technology,60,51,0,9,0,1,60,HU,9,4,3,1,2,1,2,0,1,0,1,0,0,0,4,1,2,1,32,2,1,2,1,6,0550924611T,3
867,05509,"Shri Swami Samarth Institute of Management and Technology, Malwadi-Bota",0550924610,Information Technology,60,51,0,9,0,1,60,OHU,3,2,1,1,1,0,0,0,0,0,1,0,1,0,2,0,1,1,14,2,1,2,1,6,0550924611T,3
868,05509,"Shri Swami Samarth Institute of Management and Technology, Malwadi-Bota",0550937210,Electronics and Telecommunication Engg,60,51,0,9,0,1,60,HU,9,4,4,1,2,0,0,1,1,0,1,1,1,0,3,2,2,2,34,2,1,2,1,6,0550937211T,3
868,05509,"Shri Swami Samarth Institute of Management and Technology, Malwadi-Bota",0550937210,Electronics and Telecommunication Engg,60,51,0,9,0,1,60,OHU,4,1,2,0,0,1,1,0,0,0,0,0,0,0,1,1,1,0,12,2,1,2,1,6,0550937211T,3
869,05509,"Shri Swami Samarth Institute of Management and Technology, Malwadi-Bota",0550999510,Artificial Intelligence and Data Science,60,51,0,9,0,1,60,HU,9,4,3,2,2,1,1,0,1,0,1,0,0,1,5,1,3,0,34,2,1,2,1,6,0550999511T,3
869,05509,"Shri Swami Samarth Institute of Management and Technology, Malwadi-Bota",0550999510,Artificial Intelligence and Data Science,60,51,0,9,0,1,60,OHU,3,2,0,1,1,0,0,0,0,1,0,0,0,0,1,1,1,1,12,2,1,2,1,6,0550999511T,3
870,05513,"MKD Institute of Technology, Nadurbar",0551319110,Civil Engineering,60,51,0,9,0,1,60,HU,9,4,3,1,1,1,1,0,0,1,0,1,0,0,4,2,2,2,32,2,1,2,1,6,0551319111T,3
870,05513,"MKD Institute of Technology, Nadurbar",0551319110,Civil Engineering,60,51,0,9,0,1,60,OHU,4,1,2,1,1,0,0,0,0,0,1,0,0,1,2,0,1,0,14,2,1,2,1,6,0551319111T,3
871,05513,"MKD Institute of Technology, Nadurbar",0551324510,Computer Engineering,60,51,0,9,0,1,60,HU,9,4,4,1,2,0,0,1,1,0,1,0,1,0,4,2,2,1,33,2,1,2,1,6,0551324511T,3
871,05513,"MKD Institute of Technology, Nadurbar",0551324510,Computer Engineering,60,51,0,9,0,1,60,OHU,3,2,1,0,1,1,1,0,0,0,0,1,0,0,0,1,1,1,13,2,1,2,1,6,0551324511T,3
872,05513,"MKD Institute of Technology, Nadurbar",0551337210,Electronics and Telecommunication Engg,60,51,0,9,0,1,60,HU,9,4,3,2,2,1,1,0,0,0,1,1,1,0,3,2,3,1,34,2,1,2,1,6,0551337211T,3
872,05513,"MKD Institute of Technology, Nadurbar",0551337210,Electronics and Telecommunication Engg,60,51,0,9,0,1,60,OHU,4,1,1,1,0,0,1,0,1,0,0,0,0,0,2,0,1,0,12,2,1,2,1,6,0551337211T,3
873,06036,"Government College of Engineering, Kolhapur",0603624210,Computer Science and Engineering,60,60,0,0,0,1,60,HU,11,5,4,2,2,1,0,1,1,0,1,0,1,0,4,2,3,1,39,2,1,2,1,6,0603624211T,3
873,06036,"Government College of Engineering, Kolhapur",0603624210,Computer Science and Engineering,60,60,0,0,0,1,60,OHU,4,2,1,1,1,0,0,0,0,1,1,0,0,0,2,1,1,1,16,2,1,2,1,6,0603624211T,3
874,06036,"Government College of Engineering, Kolhapur",0603626310,Artificial Intelligence (AI) and Data Science,60,60,0,0,0,1,60,HU,11,4,4,1,2,0,1,0,1,0,1,1,1,0,6,2,4,1,40,2,1,2,1,6,0603626311T,3
874,06036,"Government College of Engineering, Kolhapur",0603626310,Artificial Intelligence (AI) and Data Science,60,60,0,0,0,1,60,OHU,5,1,3,0,1,1,0,1,0,0,0,0,0,0,2,0,1,0,15,2,1,2,1,6,0603626311T,3
875,06036,"Government College of Engineering, Kolhapur",0603629310,Electrical Engineering,60,60,0,0,0,1,60,HU,11,5,3,2,2,1,1,1,0,1,1,0,1,0,4,2,2,2,39,2,1,2,1,6,0603629311T,3
875,06036,"Government College of Engineering, Kolhapur",0603629310,Electrical Engineering,60,60,0,0,0,1,60,OHU,4,2,1,1,1,0,0,0,1,0,0,1,0,0,2,1,1,1,16,2,1,2,1,6,0603629311T,3
876,06036,"Government College of Engineering, Kolhapur",0603637210,Electronics and Telecommunication Engg,60,60,0,0,0,1,60,HU,10,5,4,2,2,1,1,0,1,0,2,0,0,0,5,3,3,1,40,2,1,2,1,6,0603637211T,3
876,06036,"Government College of Engineering, Kolhapur",0603637210,Electronics and Telecommunication Engg,60,60,0,0,0,1,60,OHU,4,2,1,1,1,0,1,0,0,0,0,0,1,0,1,1,1,1,15,2,1,2,1,6,0603637211T,3
877,06036,"Government College of Engineering, Kolhapur",0603661510,Mechanical & Automation Engineering,60,60,0,0,0,1,60,HU,11,4,4,1,2,1,1,0,1,0,0,1,0,1,5,2,3,1,38,2,1,2,1,6,0603661511T,3
877,06036,"Government College of Engineering, Kolhapur",0603661510,Mechanical & Automation Engineering,60,60,0,0,0,1,60,OHU,5,2,2,1,1,0,0,0,1,0,1,0,0,0,2,0,2,0,17,2,1,2,1,6,0603661511T,3
878,06217,"Shri. Balasaheb Mane Shikshan Prasarak Mandal's, Ashokrao Mane Group of Institutions",0621719110,Civil Engineering,30,25,0,5,0,0,30,HU,4,2,1,1,1,0,0,0,0,0,0,0,1,0,3,0,2,1,16,1,0,1,0,3,,
878,06217,"Shri. Balasaheb Mane Shikshan Prasarak Mandal's, Ashokrao Mane Group of Institutions",0621719110,Civil Engineering,30,25,0,5,0,0,30,OHU,1,1,1,0,0,1,0,0,0,1,0,0,0,0,1,1,0,0,7,1,0,1,0,3,,
879,06217,"Shri. Balasaheb Mane Shikshan Prasarak Mandal's, Ashokrao Mane Group of Institutions",0621724210,Computer Science and Engineering,180,153,0,27,0,2,180,HU,27,12,9,4,5,2,3,1,3,0,2,1,1,1,12,6,6,3,98,7,1,7,1,18,0621724211T,9
879,06217,"Shri. Balasaheb Mane Shikshan Prasarak Mandal's, Ashokrao Mane Group of Institutions",0621724210,Computer Science and Engineering,180,153,0,27,0,2,180,OHU,11,5,3,2,2,1,0,1,1,0,1,1,0,1,4,2,3,1,39,7,1,7,1,18,0621724211T,9
880,06217,"Shri. Balasaheb Mane Shikshan Prasarak Mandal's, Ashokrao Mane Group of Institutions",0621726310,Artificial Intelligence (AI) and Data Science,90,76,0,14,0,1,90,HU,14,5,4,1,2,2,0,1,1,1,2,0,0,0,6,3,4,1,47,4,0,4,0,9,0621726311T,5
880,06217,"Shri. Balasaheb Mane Shikshan Prasarak Mandal's, Ashokrao Mane Group of Institutions",0621726310,Artificial Intelligence (AI) and Data Science,90,76,0,14,0,1,90,OHU,5,2,2,0,2,0,1,0,0,0,1,0,1,0,3,1,1,1,20,4,0,4,0,9,0621726311T,5
881,06217,"Shri. Balasaheb Mane Shikshan Prasarak Mandal's, Ashokrao Mane Group of Institutions",0621729310,Electrical Engineering,60,51,0,9,0,1,60,HU,9,4,3,2,3,0,2,0,0,0,1,1,1,0,5,1,2,1,35,2,1,2,1,6,,
881,06217,"Shri. Balasaheb Mane Shikshan Prasarak Mandal's, Ashokrao Mane Group of Institutions",0621729310,Electrical Engineering,60,51,0,9,0,1,60,OHU,4,1,1,1,0,0,0,0,1,0,0,0,0,0,1,0,1,1,11,2,1,2,1,6,,
882,06217,"Shri. Balasaheb Mane Shikshan Prasarak Mandal's, Ashokrao Mane Group of Institutions",0621737210,Electronics and Telecommunication Engg,60,51,0,9,0,1,60,HU,9,4,3,1,1,1,0,0,1,1,1,0,1,0,3,2,2,2,32,2,1,2,1,6,,
882,06217,"Shri. Balasaheb Mane Shikshan Prasarak Mandal's, Ashokrao Mane Group of Institutions",0621737210,Electronics and Telecommunication Engg,60,51,0,9,0,1,60,OHU,3,2,1,1,1,1,1,0,0,0,1,0,0,0,1,1,1,0,14,2,1,2,1,6,,
883,06217,"Shri. Balasaheb Mane Shikshan Prasarak Mandal's, Ashokrao Mane Group of Institutions",0621761210,Mechanical Engineering,30,25,0,5,0,0,30,HU,4,2,2,1,1,0,1,0,0,0,0,0,0,0,3,1,2,0,17,1,0,1,0,3,,
883,06217,"Shri. Balasaheb Mane Shikshan Prasarak Mandal's, Ashokrao Mane Group of Institutions",0621761210,Mechanical Engineering,30,25,0,5,0,0,30,OHU,1,1,1,0,0,0,0,0,0,0,0,0,1,0,1,0,1,0,6,1,0,1,0,3,,
884,06217,"Shri. Balasaheb Mane Shikshan Prasarak Mandal's, Ashokrao Mane Group of Institutions",0621784410,Electronics and Computer Engineering,60,51,0,9,0,1,60,HU,9,4,3,1,2,1,0,1,0,0,1,0,0,1,4,2,3,1,33,2,1,2,1,6,0621784411T,3
884,06217,"Shri. Balasaheb Mane Shikshan Prasarak Mandal's, Ashokrao Mane Group of Institutions",0621784410,Electronics and Computer Engineering,60,51,0,9,0,1,60,OHU,4,1,2,0,1,0,0,0,0,1,0,1,0,0,1,1,0,1,13,2,1,2,1,6,0621784411T,3
885,06217,"Shri. Balasaheb Mane Shikshan Prasarak Mandal's, Ashokrao Mane Group of Institutions",0621792110,Artificial Intelligence and Machine Learning,90,76,0,14,0,1,90,HU,13,6,4,2,2,1,2,0,1,0,1,1,1,0,6,2,3,2,47,4,0,4,0,9,0621792111T,5
885,06217,"Shri. Balasaheb Mane Shikshan Prasarak Mandal's, Ashokrao Mane Group of Institutions",0621792110,Artificial Intelligence and Machine Learning,90,76,0,14,0,1,90,OHU,5,2,1,1,1,1,0,1,0,0,1,0,0,0,3,1,3,0,20,4,0,4,0,9,0621792111T,5
886,06219,"KSGBS's Bharat- Ratna Indira Gandhi College of Engineering, Kegaon, Solapur",0621919110,Civil Engineering,54,46,0,8,0,0,54,HU,9,3,3,1,1,1,0,1,1,0,1,1,1,0,5,2,2,1,33,1,1,1,1,5,,
886,06219,"KSGBS's Bharat- Ratna Indira Gandhi College of Engineering, Kegaon, Solapur",0621919110,Civil Engineering,54,46,0,8,0,0,54,OHU,2,2,1,1,1,0,0,0,1,0,0,0,0,0,1,1,0,1,11,1,1,1,1,5,,
887,06219,"KSGBS's Bharat- Ratna Indira Gandhi College of Engineering, Kegaon, Solapur",0621924210,Computer Science and Engineering,120,102,0,18,0,1,120,HU,18,8,6,3,4,1,2,0,1,1,3,0,0,1,9,4,4,2,67,5,0,5,0,12,,
887,06219,"KSGBS's Bharat- Ratna Indira Gandhi College of Engineering, Kegaon, Solapur",0621924210,Computer Science and Engineering,120,102,0,18,0,1,120,OHU,7,3,2,0,1,1,1,0,0,0,1,0,0,1,4,1,2,0,24,5,0,5,0,12,,
888,06219,"KSGBS's Bharat- Ratna Indira Gandhi College of Engineering, Kegaon, Solapur",0621929310,Electrical Engineering,30,25,0,5,0,0,30,HU,4,2,2,0,1,1,0,0,1,0,0,0,1,0,1,1,1,0,15,1,0,1,0,3,,
888,06219,"KSGBS's Bharat- Ratna Indira Gandhi College of Engineering, Kegaon, Solapur",0621929310,Electrical Engineering,30,25,0,5,0,0,30,OHU,2,0,0,1,0,0,1,0,0,0,0,1,0,0,1,1,0,1,8,1,0,1,0,3,,
889,06219,"KSGBS's Bharat- Ratna Indira Gandhi College of Engineering, Kegaon, Solapur",0621937210,Electronics and Telecommunication Engg,30,25,0,5,0,0,30,HU,4,2,1,1,1,0,0,1,0,0,0,1,0,0,3,1,2,0,17,1,0,1,0,3,,
889,06219,"KSGBS's Bharat- Ratna Indira Gandhi College of Engineering, Kegaon, Solapur",0621937210,Electronics and Telecommunication Engg,30,25,0,5,0,0,30,OHU,1,1,1,0,1,0,0,0,0,0,0,0,0,0,1,0,1,0,6,1,0,1,0,3,,
890,06219,"KSGBS's Bharat- Ratna Indira Gandhi College of Engineering, Kegaon, Solapur",0621946110,Bio Medical Engineering,54,46,0,8,0,0,54,HU,8,4,3,1,1,1,1,0,1,0,1,0,0,0,4,2,2,1,30,1,1,1,1,5,,
890,06219,"KSGBS's Bharat- Ratna Indira Gandhi College of Engineering, Kegaon, Solapur",0621946110,Bio Medical Engineering,54,46,0,8,0,0,54,OHU,3,2,2,0,1,0,0,0,1,0,1,0,1,0,1,1,1,0,14,1,1,1,1,5,,
891,06219,"KSGBS's Bharat- Ratna Indira Gandhi College of Engineering, Kegaon, Solapur",0621961210,Mechanical Engineering,54,46,0,8,0,0,54,HU,8,4,3,1,2,0,0,0,0,1,1,1,1,0,4,2,2,2,32,1,1,1,1,5,,
891,06219,"KSGBS's Bharat- Ratna Indira Gandhi College of Engineering, Kegaon, Solapur",0621961210,Mechanical Engineering,54,46,0,8,0,0,54,OHU,3,1,1,1,0,1,1,0,0,0,0,0,0,0,3,0,0,1,12,1,1,1,1,5,,
892,06269,"Shetkari Shikshan Mandal's Pad. Vasantraodada Patil Institute of Technology, Budhgaon, Sangli",0626919110,Civil Engineering,60,51,0,9,0,1,60,HU,9,4,3,1,1,1,1,0,1,0,1,0,0,0,4,1,3,1,31,2,1,2,1,6,,
892,06269,"Shetkari Shikshan Mandal's Pad. Vasantraodada Patil Institute of Technology, Budhgaon, Sangli",0626919110,Civil Engineering,60,51,0,9,0,1,60,OHU,3,2,1,1,2,0,0,1,0,0,1,0,1,0,1,1,1,0,15,2,1,2,1,6,,
893,06269,"Shetkari Shikshan Mandal's Pad. Vasantraodada Patil Institute of Technology, Budhgaon, Sangli",0626924210,Computer Science and Engineering,120,86,0,18,16,1,104,HU,16,6,4,3,4,1,1,1,1,0,1,1,1,0,8,3,4,2,57,4,0,4,0,12,0626924211T,6
893,06269,"Shetkari Shikshan Mandal's Pad. Vasantraodada Patil Institute of Technology, Budhgaon, Sangli",0626924210,Computer Science and Engineering,120,86,0,18,16,1,104,OHU,6,2,2,0,1,0,0,0,1,0,0,1,0,0,3,1,2,1,20,4,0,4,0,12,0626924211T,6
894,06269,"Shetkari Shikshan Mandal's Pad. Vasantraodada Patil Institute of Technology, Budhgaon, Sangli",0626937210,Electronics and Telecommunication Engg,60,51,0,9,0,1,60,HU,9,4,3,1,1,1,1,0,0,1,2,0,0,1,3,2,3,0,32,2,1,2,1,6,0626937211T,3
894,06269,"Shetkari Shikshan Mandal's Pad. Vasantraodada Patil Institute of Technology, Budhgaon, Sangli",0626937210,Electronics and Telecommunication Engg,60,51,0,9,0,1,60,OHU,4,1,2,1,0,1,1,0,0,0,0,0,0,0,1,1,2,0,14,2,1,2,1,6,0626937211T,3
895,06269,"Shetkari Shikshan Mandal's Pad. Vasantraodada Patil Institute of Technology, Budhgaon, Sangli",0626946410,Instrumentation and Control Engineering,30,25,0,5,0,0,30,HU,4,2,2,1,1,0,0,0,1,0,0,0,0,0,3,1,2,1,18,1,0,1,0,3,,
895,06269,"Shetkari Shikshan Mandal's Pad. Vasantraodada Patil Institute of Technology, Budhgaon, Sangli",0626946410,Instrumentation and Control Engineering,30,25,0,5,0,0,30,OHU,1,1,0,0,1,0,0,0,0,0,0,0,1,0,1,0,0,0,5,1,0,1,0,3,,
896,06269,"Shetkari Shikshan Mandal's Pad. Vasantraodada Patil Institute of Technology, Budhgaon, Sangli",0626950710,Chemical Engineering,60,51,0,9,0,1,60,HU,9,4,3,1,2,1,1,1,1,0,1,0,1,0,3,2,2,1,33,2,1,2,1,6,,
896,06269,"Shetkari Shikshan Mandal's Pad. Vasantraodada Patil Institute of Technology, Budhgaon, Sangli",0626950710,Chemical Engineering,60,51,0,9,0,1,60,OHU,3,2,1,1,1,0,0,0,0,0,1,0,0,0,1,1,1,1,13,2,1,2,1,6,,
897,06269,"Shetkari Shikshan Mandal's Pad. Vasantraodada Patil Institute of Technology, Budhgaon, Sangli",0626961210,Mechanical Engineering,60,51,0,9,0,1,60,HU,9,4,4,1,1,1,0,0,0,1,1,1,1,0,4,1,3,1,33,2,1,2,1,6,0626961211T,3
897,06269,"Shetkari Shikshan Mandal's Pad. Vasantraodada Patil Institute of Technology, Budhgaon, Sangli",0626961210,Mechanical Engineering,60,51,0,9,0,1,60,OHU,4,1,2,0,0,1,1,0,0,1,0,0,0,0,2,0,1,0,13,2,1,2,1,6,0626961211T,3
898,06269,"Shetkari Shikshan Mandal's Pad. Vasantraodada Patil Institute of Technology, Budhgaon, Sangli",0626990010,Electronics and Computer Science,120,101,0,18,1,1,119,HU,18,8,5,3,4,1,2,0,1,0,1,1,0,1,9,4,4,2,64,5,0,5,0,12,0626990011T,6
898,06269,"Shetkari Shikshan Mandal's Pad. Vasantraodada Patil Institute of Technology, Budhgaon, Sangli",0626990010,Electronics and Computer Science,120,101,0,18,1,1,119,OHU,7,3,2,1,2,0,0,1,1,0,2,0,0,1,2,2,1,1,26,5,0,5,0,12,0626990011T,6
899,06269,"Shetkari Shikshan Mandal's Pad. Vasantraodada Patil Institute of Technology, Budhgaon, Sangli",0626992510,Computer Science and Engineering (Artificial,60,41,0,9,10,0,50,HU,7,3,2,1,1,1,1,1,1,0,1,0,1,0,3,2,1,1,27,1,1,1,1,6,0626992511T,3
899,06269,"Shetkari Shikshan Mandal's Pad. Vasantraodada Patil Institute of Technology, Budhgaon, Sangli",0626992510,Computer Science and Engineering (Artificial,60,41,0,9,10,0,50,OHU,2,2,1,1,0,1,0,0,0,0,0,0,0,0,3,0,2,0,12,1,1,1,1,6,0626992511T,3
900,06269,"Shetkari Shikshan Mandal's Pad. Vasantraodada Patil Institute of Technology, Budhgaon, Sangli",0626992610,Electrical and Computer Engineering,60,51,0,9,0,1,60,HU,9,4,4,1,1,1,1,0,1,0,1,1,1,0,5,1,3,1,35,2,1,2,1,6,0626992611T,3
900,06269,"Shetkari Shikshan Mandal's Pad. Vasantraodada Patil Institute of Technology, Budhgaon, Sangli",0626992610,Electrical and Computer Engineering,60,51,0,9,0,1,60,OHU,4,1,2,0,1,0,0,0,0,0,0,0,0,0,1,1,0,1,11,2,1,2,1,6,0626992611T,3
901,06270,"Rayat Shikshan Sanstha's Karmaveer Bhaurao Patil College of Engineering, Satara",0627019110,Civil Engineering,60,51,0,9,0,1,60,HU,9,4,3,1,3,0,0,0,0,1,1,0,0,0,4,2,2,1,31,2,1,2,1,6,,
901,06270,"Rayat Shikshan Sanstha's Karmaveer Bhaurao Patil College of Engineering, Satara",0627019110,Civil Engineering,60,51,0,9,0,1,60,OHU,3,2,1,1,1,0,1,0,1,0,0,1,1,0,1,0,2,0,15,2,1,2,1,6,,
902,06270,"Rayat Shikshan Sanstha's Karmaveer Bhaurao Patil College of Engineering, Satara",0627024210,Computer Science and Engineering,180,153,0,27,0,2,180,HU,28,11,9,4,4,3,3,1,2,1,2,1,1,1,12,6,7,3,99,7,1,7,1,18,0627024211T,9
902,06270,"Rayat Shikshan Sanstha's Karmaveer Bhaurao Patil College of Engineering, Satara",0627024210,Computer Science and Engineering,180,153,0,27,0,2,180,OHU,11,4,3,2,2,1,1,0,0,1,2,0,1,0,5,2,2,1,38,7,1,7,1,18,0627024211T,9
903,06270,"Rayat Shikshan Sanstha's Karmaveer Bhaurao Patil College of Engineering, Satara",0627037210,Electronics and Telecommunication Engg,60,51,0,9,0,1,60,HU,9,4,3,2,3,0,0,0,1,0,2,0,1,0,5,1,2,1,34,2,1,2,1,6,0627037211T,3
903,06270,"Rayat Shikshan Sanstha's Karmaveer Bhaurao Patil College of Engineering, Satara",0627037210,Electronics and Telecommunication Engg,60,51,0,9,0,1,60,OHU,3,2,1,0,1,0,0,1,0,0,0,0,0,0,1,1,1,1,12,2,1,2,1,6,0627037211T,3
904,06270,"Rayat Shikshan Sanstha's Karmaveer Bhaurao Patil College of Engineering, Satara",0627061210,Mechanical Engineering,60,51,0,9,0,1,60,HU,9,4,3,1,1,1,1,1,0,0,0,1,1,0,3,2,3,1,32,2,1,2,1,6,,
904,06270,"Rayat Shikshan Sanstha's Karmaveer Bhaurao Patil College of Engineering, Satara",0627061210,Mechanical Engineering,60,51,0,9,0,1,60,OHU,4,1,2,1,0,1,0,0,1,0,0,1,0,0,1,1,1,0,14,2,1,2,1,6,,
905,06270,"Rayat Shikshan Sanstha's Karmaveer Bhaurao Patil College of Engineering, Satara",0627099510,Artificial Intelligence and Data Science,60,51,0,9,0,1,60,HU,9,4,4,1,2,1,1,0,1,0,2,0,0,0,4,1,2,1,33,2,1,2,1,6,0627099511T,3
905,06270,"Rayat Shikshan Sanstha's Karmaveer Bhaurao Patil College of Engineering, Satara",0627099510,Artificial Intelligence and Data Science,60,51,0,9,0,1,60,OHU,3,2,1,0,1,0,1,0,0,0,0,0,0,1,2,0,1,1,13,2,1,2,1,6,0627099511T,3
906,06304,"Loknete Hanumantrao Charitable Trust's Adarsh Institute of Technology and Research Centre, Vita,Sangli",0630419110,Civil Engineering,30,25,0,5,0,0,30,HU,4,2,2,0,1,0,0,0,1,0,0,0,0,0,3,1,2,0,16,1,0,1,0,3,,
906,06304,"Loknete Hanumantrao Charitable Trust's Adarsh Institute of Technology and Research Centre, Vita,Sangli",0630419110,Civil Engineering,30,25,0,5,0,0,30,OHU,1,1,1,0,1,0,0,0,0,0,0,0,1,0,0,1,1,0,7,1,0,1,0,3,,
907,06304,"Loknete Hanumantrao Charitable Trust's Adarsh Institute of Technology and Research Centre, Vita,Sangli",0630424210,Computer Science and Engineering,60,51,0,9,0,1,60,HU,9,4,3,2,1,1,1,0,0,1,1,1,1,0,3,2,3,1,34,2,1,2,1,6,0630424211T,3
907,06304,"Loknete Hanumantrao Charitable Trust's Adarsh Institute of Technology and Research Centre, Vita,Sangli",0630424210,Computer Science and Engineering,60,51,0,9,0,1,60,OHU,4,1,1,1,0,1,0,1,0,0,0,0,0,0,2,0,1,0,12,2,1,2,1,6,0630424211T,3
908,06304,"Loknete Hanumantrao Charitable Trust's Adarsh Institute of Technology and Research Centre, Vita,Sangli",0630429310,Electrical Engineering,30,25,0,5,0,0,30,HU,4,2,2,0,2,0,0,1,0,0,1,0,0,0,2,1,1,1,17,1,0,1,0,3,0630429311T,2
908,06304,"Loknete Hanumantrao Charitable Trust's Adarsh Institute of Technology and Research Centre, Vita,Sangli",0630429310,Electrical Engineering,30,25,0,5,0,0,30,OHU,1,1,1,0,0,0,0,0,0,0,0,0,0,0,1,1,0,1,6,1,0,1,0,3,0630429311T,2
909,06304,"Loknete Hanumantrao Charitable Trust's Adarsh Institute of Technology and Research Centre, Vita,Sangli",0630437210,Electronics and Telecommunication Engg,30,25,0,5,0,0,30,HU,4,2,1,1,0,1,0,0,0,0,0,0,1,0,2,1,1,0,14,1,0,1,0,3,0630437211T,2
909,06304,"Loknete Hanumantrao Charitable Trust's Adarsh Institute of Technology and Research Centre, Vita,Sangli",0630437210,Electronics and Telecommunication Engg,30,25,0,5,0,0,30,OHU,1,1,1,0,1,0,1,0,1,0,1,0,0,0,1,0,1,0,9,1,0,1,0,3,0630437211T,2
910,06304,"Loknete Hanumantrao Charitable Trust's Adarsh Institute of Technology and Research Centre, Vita,Sangli",0630461210,Mechanical Engineering,30,25,0,5,0,0,30,HU,3,3,2,1,1,0,0,0,1,0,1,0,0,0,3,1,1,1,18,1,0,1,0,3,,
910,06304,"Loknete Hanumantrao Charitable Trust's Adarsh Institute of Technology and Research Centre, Vita,Sangli",0630461210,Mechanical Engineering,30,25,0,5,0,0,30,OHU,1,1,1,0,0,0,0,0,0,0,0,0,0,0,0,1,1,0,5,1,0,1,0,3,,
911,06304,"Loknete Hanumantrao Charitable Trust's Adarsh Institute of Technology and Research Centre, Vita,Sangli",0630492110,Artificial Intelligence and Machine Learning,90,76,0,14,0,1,90,HU,14,5,4,1,3,1,2,0,1,0,1,0,0,1,7,2,4,1,47,4,0,4,0,9,0630492111T,5
911,06304,"Loknete Hanumantrao Charitable Trust's Adarsh Institute of Technology and Research Centre, Vita,Sangli",0630492110,Artificial Intelligence and Machine Learning,90,76,0,14,0,1,90,OHU,5,2,1,1,1,1,0,0,0,1,1,0,0,1,3,1,1,1,20,4,0,4,0,9,0630492111T,5
912,06304,"Loknete Hanumantrao Charitable Trust's Adarsh Institute of Technology and Research Centre, Vita,Sangli",0630492610,Electrical and Computer Engineering,30,25,0,5,0,0,30,HU,4,2,2,1,1,0,0,0,0,0,0,1,0,0,2,2,1,1,17,1,0,1,0,3,,
912,06304,"Loknete Hanumantrao Charitable Trust's Adarsh Institute of Technology and Research Centre, Vita,Sangli",0630492610,Electrical and Computer Engineering,30,25,0,5,0,0,30,OHU,1,1,1,0,0,0,1,0,0,0,0,0,0,0,1,0,1,0,6,1,0,1,0,3,,
913,06305,"Late Narayandas Bhawandas Chhabada Institute of Engineering & Technology, Satara",0630519110,Civil Engineering,18,11,0,3,4,0,14,HU,1,1,0,1,0,1,0,1,0,0,0,0,0,0,1,0,1,0,7,1,0,1,0,2,,
913,06305,"Late Narayandas Bhawandas Chhabada Institute of Engineering & Technology, Satara",0630519110,Civil Engineering,18,11,0,3,4,0,14,OHU,0,1,0,0,0,0,0,0,0,0,0,0,0,0,1,0,0,0,2,1,0,1,0,2,,
914,06305,"Late Narayandas Bhawandas Chhabada Institute of Engineering & Technology, Satara",0630524210,Computer Science and Engineering,60,39,0,9,12,0,48,HU,7,3,3,0,2,0,1,0,0,1,1,0,1,0,4,2,2,1,28,1,1,1,1,6,,
914,06305,"Late Narayandas Bhawandas Chhabada Institute of Engineering & Technology, Satara",0630524210,Computer Science and Engineering,60,39,0,9,12,0,48,OHU,2,1,1,1,1,0,0,0,0,0,0,0,0,0,1,1,1,0,9,1,1,1,1,6,,
915,06305,"Late Narayandas Bhawandas Chhabada Institute of Engineering & Technology, Satara",0630524610,Information Technology,60,39,0,9,12,0,48,HU,7,3,2,2,1,1,1,0,1,0,0,0,0,0,4,1,2,1,26,1,1,1,1,6,,
915,06305,"Late Narayandas Bhawandas Chhabada Institute of Engineering & Technology, Satara",0630524610,Information Technology,60,39,0,9,12,0,48,OHU,3,1,1,0,1,0,0,0,0,0,0,1,1,0,1,1,0,1,11,1,1,1,1,6,,
916,06305,"Late Narayandas Bhawandas Chhabada Institute of Engineering & Technology, Satara",0630537210,Electronics and Telecommunication Engg,36,24,0,5,7,0,29,HU,4,2,2,0,0,0,0,0,0,0,1,0,0,0,2,1,1,0,13,1,0,1,0,4,,
916,06305,"Late Narayandas Bhawandas Chhabada Institute of Engineering & Technology, Satara",0630537210,Electronics and Telecommunication Engg,36,24,0,5,7,0,29,OHU,1,1,1,1,1,0,0,0,1,0,0,0,0,0,2,0,1,0,9,1,0,1,0,4,,
917,06305,"Late Narayandas Bhawandas Chhabada Institute of Engineering & Technology, Satara",0630561210,Mechanical Engineering,36,24,0,5,7,0,29,HU,3,2,2,1,1,1,0,0,1,0,0,1,1,0,2,1,0,1,17,1,0,1,0,4,,
917,06305,"Late Narayandas Bhawandas Chhabada Institute of Engineering & Technology, Satara",0630561210,Mechanical Engineering,36,24,0,5,7,0,29,OHU,1,1,0,0,0,0,0,1,0,0,0,0,0,0,1,0,1,0,5,1,0,1,0,4,,
918,06308,"Shanti Education Society, A.G. Patil Institute of Technology, Soregaon, Solapur(North)",0630819110,Civil Engineering,60,51,0,9,0,1,60,HU,9,4,2,2,2,1,0,1,1,0,2,0,1,0,3,2,3,1,34,2,1,2,1,6,,
918,06308,"Shanti Education Society, A.G. Patil Institute of Technology, Soregaon, Solapur(North)",0630819110,Civil Engineering,60,51,0,9,0,1,60,OHU,3,2,1,1,1,0,1,0,0,0,0,0,0,0,2,0,1,0,12,2,1,2,1,6,,
919,06308,"Shanti Education Society, A.G. Patil Institute of Technology, Soregaon, Solapur(North)",0630824510,Computer Engineering,60,45,0,9,6,0,54,HU,7,4,4,1,2,0,1,0,0,0,0,0,0,1,4,2,2,1,29,1,1,1,1,6,0630824511T,3
919,06308,"Shanti Education Society, A.G. Patil Institute of Technology, Soregaon, Solapur(North)",0630824510,Computer Engineering,60,45,0,9,6,0,54,OHU,4,1,1,0,1,0,0,0,1,0,1,0,0,0,2,1,1,1,14,1,1,1,1,6,0630824511T,3
920,06308,"Shanti Education Society, A.G. Patil Institute of Technology, Soregaon, Solapur(North)",0630837210,Electronics and Telecommunication Engg,60,48,0,9,3,0,57,HU,10,3,3,1,1,1,1,0,0,1,1,1,0,0,5,1,2,2,33,1,1,1,1,6,0630837211T,3
920,06308,"Shanti Education Society, A.G. Patil Institute of Technology, Soregaon, Solapur(North)",0630837210,Electronics and Telecommunication Engg,60,48,0,9,3,0,57,OHU,2,2,2,0,0,1,1,0,0,0,0,0,0,1,2,1,1,0,13,1,1,1,1,6,0630837211T,3
921,06308,"Shanti Education Society, A.G. Patil Institute of Technology, Soregaon, Solapur(North)",0630861210,Mechanical Engineering,60,51,0,9,0,1,60,HU,9,4,3,1,2,1,0,1,1,0,1,0,1,0,4,2,3,0,33,2,1,2,1,6,,
921,06308,"Shanti Education Society, A.G. Patil Institute of Technology, Soregaon, Solapur(North)",0630861210,Mechanical Engineering,60,51,0,9,0,1,60,OHU,4,1,1,1,1,0,0,0,0,1,0,0,0,0,1,1,1,1,13,2,1,2,1,6,,
922,06313,"Jaywant College of Engineering & Polytechnic , Kille Macchindragad Tal. Walva District- Sangali",0631319110,Civil Engineering,60,51,0,9,0,1,60,HU,9,4,3,2,2,0,1,0,1,0,1,0,1,0,3,2,3,1,33,2,1,2,1,6,,
922,06313,"Jaywant College of Engineering & Polytechnic , Kille Macchindragad Tal. Walva District- Sangali",0631319110,Civil Engineering,60,51,0,9,0,1,60,OHU,3,2,1,1,1,0,1,0,0,0,1,0,0,0,2,0,0,1,13,2,1,2,1,6,,
923,06313,"Jaywant College of Engineering & Polytechnic , Kille Macchindragad Tal. Walva District- Sangali",0631324510,Computer Engineering,60,39,0,9,12,0,48,HU,7,3,3,1,1,1,1,0,0,1,1,0,1,0,4,1,2,0,27,1,1,1,1,6,,
923,06313,"Jaywant College of Engineering & Polytechnic , Kille Macchindragad Tal. Walva District- Sangali",0631324510,Computer Engineering,60,39,0,9,12,0,48,OHU,3,1,1,0,0,1,0,0,0,0,0,0,0,0,1,1,2,0,10,1,1,1,1,6,,
924,06313,"Jaywant College of Engineering & Polytechnic , Kille Macchindragad Tal. Walva District- Sangali",0631329310,Electrical Engineering,60,51,0,9,0,1,60,HU,10,3,3,2,2,0,0,1,0,0,1,0,0,0,4,2,2,2,32,2,1,2,1,6,,
924,06313,"Jaywant College of Engineering & Polytechnic , Kille Macchindragad Tal. Walva District- Sangali",0631329310,Electrical Engineering,60,51,0,9,0,1,60,OHU,4,1,1,1,1,0,0,1,1,0,0,0,0,1,2,0,0,1,14,2,1,2,1,6,,
925,06313,"Jaywant College of Engineering & Polytechnic , Kille Macchindragad Tal. Walva District- Sangali",0631337210,Electronics and Telecommunication Engg,30,19,0,5,6,0,24,HU,3,2,1,0,0,1,0,0,1,0,0,0,0,0,2,1,1,0,12,1,0,1,0,3,,
925,06313,"Jaywant College of Engineering & Polytechnic , Kille Macchindragad Tal. Walva District- Sangali",0631337210,Electronics and Telecommunication Engg,30,19,0,5,6,0,24,OHU,0,1,1,0,0,0,0,0,0,0,1,0,0,0,0,1,1,0,5,1,0,1,0,3,,
926,06313,"Jaywant College of Engineering & Polytechnic , Kille Macchindragad Tal. Walva District- Sangali",0631361210,Mechanical Engineering,60,51,0,9,0,1,60,HU,9,4,4,1,2,0,1,0,1,0,1,1,0,1,4,2,3,1,35,2,1,2,1,6,,
926,06313,"Jaywant College of Engineering & Polytechnic , Kille Macchindragad Tal. Walva District- Sangali",0631361210,Mechanical Engineering,60,51,0,9,0,1,60,OHU,4,1,1,1,1,0,0,0,0,0,0,0,0,0,2,0,1,0,11,2,1,2,1,6,,
927,06315,Sanjeevan Group of Institutions,0631519110,Civil Engineering,60,51,0,9,0,1,60,HU,9,4,2,2,2,1,1,1,0,0,1,0,1,0,4,1,2,1,32,2,1,2,1,6,,
927,06315,Sanjeevan Group of Institutions,0631519110,Civil Engineering,60,51,0,9,0,1,60,OHU,3,2,2,0,0,1,0,0,1,0,0,1,0,0,1,1,1,1,14,2,1,2,1,6,,
928,06315,Sanjeevan Group of Institutions,0631524210,Computer Science and Engineering,120,102,0,18,0,1,120,HU,18,8,6,2,3,2,2,0,2,1,2,1,1,0,8,4,4,2,66,5,0,5,0,12,0631524211T,6
928,06315,Sanjeevan Group of Institutions,0631524210,Computer Science and Engineering,120,102,0,18,0,1,120,OHU,7,3,2,1,2,0,1,0,0,0,1,0,1,0,4,1,2,0,25,5,0,5,0,12,0631524211T,6
929,06315,Sanjeevan Group of Institutions,0631529310,Electrical Engineering,60,51,0,9,0,1,60,HU,9,4,4,1,2,0,0,0,0,0,0,1,0,1,4,2,3,1,32,2,1,2,1,6,,
929,06315,Sanjeevan Group of Institutions,0631529310,Electrical Engineering,60,51,0,9,0,1,60,OHU,4,1,1,1,0,1,1,0,0,1,1,0,0,0,1,1,0,1,14,2,1,2,1,6,,
930,06315,Sanjeevan Group of Institutions,0631561210,Mechanical Engineering,60,51,0,9,0,1,60,HU,9,4,2,2,2,1,1,1,1,0,2,0,1,0,4,2,2,1,35,2,1,2,1,6,,
930,06315,Sanjeevan Group of Institutions,0631561210,Mechanical Engineering,60,51,0,9,0,1,60,OHU,3,2,2,0,1,0,0,0,0,0,0,0,0,0,1,0,2,0,11,2,1,2,1,6,,
931,06315,Sanjeevan Group of Institutions,0631584410,Electronics and Computer Engineering,30,25,0,5,0,0,30,HU,4,2,2,1,0,1,0,0,0,1,0,0,0,0,2,1,2,0,16,1,0,1,0,3,,
931,06315,Sanjeevan Group of Institutions,0631584410,Electronics and Computer Engineering,30,25,0,5,0,0,30,OHU,1,1,0,0,1,0,0,1,0,0,0,1,1,0,0,1,0,0,7,1,0,1,0,3,,
932,06315,Sanjeevan Group of Institutions,0631592110,Artificial Intelligence and Machine Learning,30,25,0,5,0,0,30,HU,4,2,2,0,1,0,1,0,0,0,1,0,0,0,3,0,1,1,16,1,0,1,0,3,0631592111T,2
932,06315,Sanjeevan Group of Institutions,0631592110,Artificial Intelligence and Machine Learning,30,25,0,5,0,0,30,OHU,1,1,1,1,0,0,0,0,0,0,0,0,0,0,2,0,0,1,7,1,0,1,0,3,0631592111T,2
933,06318,"Abhinav Education Society's College of Engineering and Technology (Degree), Wadwadi",0631824210,Computer Science and Engineering,60,48,0,9,3,0,57,HU,9,4,3,1,2,1,0,0,0,0,0,1,1,0,4,3,2,1,32,1,1,1,1,6,0631824211T,3
933,06318,"Abhinav Education Society's College of Engineering and Technology (Degree), Wadwadi",0631824210,Computer Science and Engineering,60,48,0,9,3,0,57,OHU,4,1,1,1,1,0,1,0,1,0,1,0,0,0,1,1,1,0,14,1,1,1,1,6,0631824211T,3
934,06318,"Abhinav Education Society's College of Engineering and Technology (Degree), Wadwadi",0631826310,Artificial Intelligence (AI) and Data Science,60,48,0,9,3,0,57,HU,9,4,3,2,2,0,1,1,1,0,1,0,0,0,5,1,2,1,33,1,1,1,1,6,0631826311T,3
934,06318,"Abhinav Education Society's College of Engineering and Technology (Degree), Wadwadi",0631826310,Artificial Intelligence (AI) and Data Science,60,48,0,9,3,0,57,OHU,3,1,1,0,0,1,0,0,0,0,1,0,0,1,2,1,2,0,13,1,1,1,1,6,0631826311T,3
935,06318,"Abhinav Education Society's College of Engineering and Technology (Degree), Wadwadi",0631829310,Electrical Engineering,30,25,0,5,0,0,30,HU,4,2,2,0,0,1,0,0,0,0,1,0,0,0,2,1,2,0,15,1,0,1,0,3,,
935,06318,"Abhinav Education Society's College of Engineering and Technology (Degree), Wadwadi",0631829310,Electrical Engineering,30,25,0,5,0,0,30,OHU,1,1,1,0,1,0,1,0,0,0,0,0,0,0,2,0,0,1,8,1,0,1,0,3,,
936,06318,"Abhinav Education Society's College of Engineering and Technology (Degree), Wadwadi",0631861210,Mechanical Engineering,30,25,0,5,0,0,30,HU,4,2,1,1,1,0,1,0,1,0,0,1,1,0,2,1,1,1,18,1,0,1,0,3,,
936,06318,"Abhinav Education Society's College of Engineering and Technology (Degree), Wadwadi",0631861210,Mechanical Engineering,30,25,0,5,0,0,30,OHU,1,1,0,1,1,0,0,0,0,0,0,0,0,0,0,1,0,0,5,1,0,1,0,3,,
937,06318,"Abhinav Education Society's College of Engineering and Technology (Degree), Wadwadi",0631884410,Electronics and Computer Engineering,60,51,0,9,0,1,60,HU,9,4,3,2,2,1,1,0,0,1,1,0,0,1,4,2,2,1,34,2,1,2,1,6,0631884411T,3
937,06318,"Abhinav Education Society's College of Engineering and Technology (Degree), Wadwadi",0631884410,Electronics and Computer Engineering,60,51,0,9,0,1,60,OHU,3,2,2,0,0,0,0,0,0,0,1,0,0,0,2,0,2,0,12,2,1,2,1,6,0631884411T,3
938,06321,"Vidya Vikas Pratishthan Institute of Engineering and Technology, Solapur",0632119110,Civil Engineering,30,25,0,5,0,0,30,HU,4,2,1,1,1,1,0,0,0,0,0,0,0,0,2,1,2,0,15,1,0,1,0,3,,
938,06321,"Vidya Vikas Pratishthan Institute of Engineering and Technology, Solapur",0632119110,Civil Engineering,30,25,0,5,0,0,30,OHU,1,1,0,1,0,0,0,1,0,0,0,0,1,0,2,0,1,0,8,1,0,1,0,3,,
939,06321,"Vidya Vikas Pratishthan Institute of Engineering and Technology, Solapur",0632124210,Computer Science and Engineering,90,67,0,14,9,1,81,HU,13,5,4,2,3,0,1,1,1,1,1,1,1,0,5,3,3,2,47,2,1,2,1,9,0632124211T,5
939,06321,"Vidya Vikas Pratishthan Institute of Engineering and Technology, Solapur",0632124210,Computer Science and Engineering,90,67,0,14,9,1,81,OHU,4,2,3,0,1,1,0,0,0,0,1,0,0,0,1,1,0,1,15,2,1,2,1,9,0632124211T,5
940,06321,"Vidya Vikas Pratishthan Institute of Engineering and Technology, Solapur",0632129310,Electrical Engineering,60,51,0,9,0,1,60,HU,9,4,4,1,1,1,0,0,0,0,1,0,1,0,5,1,2,1,31,2,1,2,1,6,,
940,06321,"Vidya Vikas Pratishthan Institute of Engineering and Technology, Solapur",0632129310,Electrical Engineering,60,51,0,9,0,1,60,OHU,4,1,1,1,1,0,1,0,1,0,1,0,0,0,1,1,2,0,15,2,1,2,1,6,,
941,06321,"Vidya Vikas Pratishthan Institute of Engineering and Technology, Solapur",0632137210,Electronics and Telecommunication Engg,60,51,0,9,0,1,60,HU,9,4,3,2,2,1,1,1,1,0,1,0,0,0,3,2,3,1,34,2,1,2,1,6,,
941,06321,"Vidya Vikas Pratishthan Institute of Engineering and Technology, Solapur",0632137210,Electronics and Telecommunication Engg,60,51,0,9,0,1,60,OHU,3,2,1,0,0,1,0,0,0,0,0,1,1,0,2,0,1,0,12,2,1,2,1,6,,
942,06321,"Vidya Vikas Pratishthan Institute of Engineering and Technology, Solapur",0632161210,Mechanical Engineering,30,25,0,5,0,0,30,HU,4,2,2,0,1,0,0,0,1,0,0,1,0,0,2,1,1,1,16,1,0,1,0,3,,
942,06321,"Vidya Vikas Pratishthan Institute of Engineering and Technology, Solapur",0632161210,Mechanical Engineering,30,25,0,5,0,0,30,OHU,1,1,1,1,0,0,0,0,0,0,0,0,0,0,1,1,0,1,7,1,0,1,0,3,,
943,06321,"Vidya Vikas Pratishthan Institute of Engineering and Technology, Solapur",0632199510,Artificial Intelligence and Data Science,30,25,0,5,0,0,30,HU,4,2,1,1,0,1,1,0,0,0,1,0,0,1,2,1,1,0,16,1,0,1,0,3,,
943,06321,"Vidya Vikas Pratishthan Institute of Engineering and Technology, Solapur",0632199510,Artificial Intelligence and Data Science,30,25,0,5,0,0,30,OHU,1,1,1,0,1,0,0,0,1,0,0,0,0,0,1,0,1,0,7,1,0,1,0,3,,
944,06326,Karmayogi Institute of Technology,0632619110,Civil Engineering,60,45,0,9,6,0,54,HU,8,4,2,2,2,0,0,1,0,0,1,0,0,0,4,1,2,1,28,1,1,1,1,6,0632619111T,3
944,06326,Karmayogi Institute of Technology,0632619110,Civil Engineering,60,45,0,9,6,0,54,OHU,3,1,2,0,0,1,1,0,1,0,0,0,1,0,2,1,2,0,15,1,1,1,1,6,0632619111T,3
945,06326,Karmayogi Institute of Technology,0632624210,Computer Science and Engineering,60,48,0,9,3,0,57,HU,9,3,3,1,1,1,2,0,1,0,0,1,0,1,5,2,3,1,34,1,1,1,1,6,0632624211T,3
945,06326,Karmayogi Institute of Technology,0632624210,Computer Science and Engineering,60,48,0,9,3,0,57,OHU,3,2,1,1,1,0,0,0,0,0,0,0,0,0,2,1,0,1,12,1,1,1,1,6,0632624211T,3
946,06326,Karmayogi Institute of Technology,0632637210,Electronics and Telecommunication Engg,60,48,0,9,3,0,57,HU,8,4,3,1,2,1,0,0,1,0,1,0,1,0,4,2,2,1,31,1,1,1,1,6,0632637211T,3
946,06326,Karmayogi Institute of Technology,0632637210,Electronics and Telecommunication Engg,60,48,0,9,3,0,57,OHU,4,1,1,1,1,0,0,1,0,0,0,1,0,0,2,1,2,0,15,1,1,1,1,6,0632637211T,3
947,06326,Karmayogi Institute of Technology,0632661210,Mechanical Engineering,60,45,0,9,6,0,54,HU,9,3,3,1,1,1,0,1,1,0,1,1,1,0,4,2,2,1,32,1,1,1,1,6,0632661211T,3
947,06326,Karmayogi Institute of Technology,0632661210,Mechanical Engineering,60,45,0,9,6,0,54,OHU,3,1,2,0,0,1,0,0,0,1,0,0,0,0,1,1,1,0,11,1,1,1,1,6,0632661211T,3
948,06402,"NEW INSTITUTE OF TECHNOLOGY,KOLHAPUR",0640224210,Computer Science and Engineering,60,45,0,9,6,0,54,HU,7,4,3,2,2,0,1,0,0,1,0,0,0,0,4,2,3,1,30,1,1,1,1,6,0640224211T,3
948,06402,"NEW INSTITUTE OF TECHNOLOGY,KOLHAPUR",0640224210,Computer Science and Engineering,60,45,0,9,6,0,54,OHU,3,2,1,0,1,0,0,0,0,0,1,0,0,1,3,0,0,1,13,1,1,1,1,6,0640224211T,3
949,06402,"NEW INSTITUTE OF TECHNOLOGY,KOLHAPUR",0640225910,Mechanical and Mechatronics Engineering (Additive,60,51,0,9,0,1,60,HU,9,4,3,1,1,1,1,0,1,0,2,0,0,1,5,1,2,1,33,2,1,2,1,6,0640225911T,3
949,06402,"NEW INSTITUTE OF TECHNOLOGY,KOLHAPUR",0640225910,Mechanical and Mechatronics Engineering (Additive,60,51,0,9,0,1,60,OHU,4,1,2,1,1,0,1,0,0,0,0,0,0,0,0,1,2,0,13,2,1,2,1,6,0640225911T,3
950,06402,"NEW INSTITUTE OF TECHNOLOGY,KOLHAPUR",0640257310,"Electrical, Electronics and Power",60,51,0,9,0,1,60,HU,10,3,4,1,2,1,1,1,0,0,1,0,1,0,3,2,3,1,34,2,1,2,1,6,0640257311T,3
950,06402,"NEW INSTITUTE OF TECHNOLOGY,KOLHAPUR",0640257310,"Electrical, Electronics and Power",60,51,0,9,0,1,60,OHU,3,2,0,1,1,0,0,0,1,0,1,0,0,0,2,0,0,1,12,2,1,2,1,6,0640257311T,3
951,06402,"NEW INSTITUTE OF TECHNOLOGY,KOLHAPUR",0640291110,Computer Science and Engineering(Artificial,60,45,0,9,6,0,54,HU,8,4,2,2,2,0,0,0,1,0,0,1,0,0,4,2,2,1,29,1,1,1,1,6,0640291111T,3
951,06402,"NEW INSTITUTE OF TECHNOLOGY,KOLHAPUR",0640291110,Computer Science and Engineering(Artificial,60,45,0,9,6,0,54,OHU,3,1,2,0,0,1,1,0,0,0,0,0,1,0,2,1,2,0,14,1,1,1,1,6,0640291111T,3
952,06444,"Shriram Institute Of Engineering & Technology, (Poly), Paniv",0644419110,Civil Engineering,30,25,0,5,0,0,30,HU,4,2,2,0,0,1,1,0,0,1,0,0,1,0,2,1,2,0,17,1,0,1,0,3,,
952,06444,"Shriram Institute Of Engineering & Technology, (Poly), Paniv",0644419110,Civil Engineering,30,25,0,5,0,0,30,OHU,1,1,0,1,1,0,0,0,0,0,1,0,0,0,0,1,0,0,6,1,0,1,0,3,,
953,06444,"Shriram Institute Of Engineering & Technology, (Poly), Paniv",0644424510,Computer Engineering,120,96,0,18,6,1,114,HU,17,8,5,3,3,1,1,1,1,0,2,1,0,1,9,3,4,2,62,5,0,5,0,12,,
953,06444,"Shriram Institute Of Engineering & Technology, (Poly), Paniv",0644424510,Computer Engineering,120,96,0,18,6,1,114,OHU,6,3,3,0,1,1,0,1,1,0,0,0,1,0,3,1,1,1,23,5,0,5,0,12,,
954,06444,"Shriram Institute Of Engineering & Technology, (Poly), Paniv",0644461210,Mechanical Engineering,30,25,0,5,0,0,30,HU,4,2,2,0,2,0,0,0,1,0,0,0,0,0,2,1,1,1,16,1,0,1,0,3,,
954,06444,"Shriram Institute Of Engineering & Technology, (Poly), Paniv",0644461210,Mechanical Engineering,30,25,0,5,0,0,30,OHU,2,0,0,1,0,0,0,0,0,0,0,1,0,0,2,0,1,0,7,1,0,1,0,3,,
955,06466,"Shree Santkrupa Shikshan Sanstha, Shree Santkrupa Institute Of Engineering & Technology, Karad",0646619110,Civil Engineering,30,25,0,5,0,0,30,HU,4,2,1,1,0,1,1,0,0,0,0,0,1,0,3,1,1,0,16,1,0,1,0,3,,
955,06466,"Shree Santkrupa Shikshan Sanstha, Shree Santkrupa Institute Of Engineering & Technology, Karad",0646619110,Civil Engineering,30,25,0,5,0,0,30,OHU,1,1,1,0,1,0,0,0,0,1,0,0,0,0,0,1,1,0,7,1,0,1,0,3,,
956,06466,"Shree Santkrupa Shikshan Sanstha, Shree Santkrupa Institute Of Engineering & Technology, Karad",0646624210,Computer Science and Engineering,60,51,0,9,0,1,60,HU,9,4,4,1,2,0,1,0,0,1,2,0,1,0,4,2,3,1,35,2,1,2,1,6,0646624211T,3
956,06466,"Shree Santkrupa Shikshan Sanstha, Shree Santkrupa Institute Of Engineering & Technology, Karad",0646624210,Computer Science and Engineering,60,51,0,9,0,1,60,OHU,3,2,1,1,1,0,0,0,0,0,0,0,0,0,2,0,0,1,11,2,1,2,1,6,0646624211T,3
957,06466,"Shree Santkrupa Shikshan Sanstha, Shree Santkrupa Institute Of Engineering & Technology, Karad",0646629310,Electrical Engineering,60,51,0,9,0,1,60,HU,9,4,3,1,2,1,0,1,1,0,0,1,1,0,3,2,2,1,32,2,1,2,1,6,,
957,06466,"Shree Santkrupa Shikshan Sanstha, Shree Santkrupa Institute Of Engineering & Technology, Karad",0646629310,Electrical Engineering,60,51,0,9,0,1,60,OHU,4,1,2,0,0,1,1,0,0,0,1,0,0,0,1,1,2,0,14,2,1,2,1,6,,
958,06466,"Shree Santkrupa Shikshan Sanstha, Shree Santkrupa Institute Of Engineering & Technology, Karad",0646661210,Mechanical Engineering,30,25,0,5,0,0,30,HU,4,2,1,1,1,0,1,0,0,0,1,0,0,0,2,1,1,1,16,1,0,1,0,3,,
958,06466,"Shree Santkrupa Shikshan Sanstha, Shree Santkrupa Institute Of Engineering & Technology, Karad",0646661210,Mechanical Engineering,30,25,0,5,0,0,30,OHU,1,1,0,1,1,0,0,0,0,0,0,0,0,0,2,0,0,1,7,1,0,1,0,3,,
959,06468,"Swami Vivekananda Shikshan Sanstha, Dr. Bapuji Salunkhe Institute Of Engineering & Technology,Kolhapur",0646824210,Computer Science and Engineering,120,98,0,18,4,1,116,HU,18,7,6,3,3,2,2,0,2,0,2,0,0,1,9,3,4,2,64,5,0,5,0,12,0646824211T,6
959,06468,"Swami Vivekananda Shikshan Sanstha, Dr. Bapuji Salunkhe Institute Of Engineering & Technology,Kolhapur",0646824210,Computer Science and Engineering,120,98,0,18,4,1,116,OHU,7,3,2,0,1,0,1,0,1,0,1,0,0,1,2,2,2,0,23,5,0,5,0,12,0646824211T,6
960,06468,"Swami Vivekananda Shikshan Sanstha, Dr. Bapuji Salunkhe Institute Of Engineering & Technology,Kolhapur",0646829310,Electrical Engineering,60,51,0,9,0,1,60,HU,9,4,3,1,1,1,0,0,0,1,0,1,1,0,4,2,3,1,32,2,1,2,1,6,,
960,06468,"Swami Vivekananda Shikshan Sanstha, Dr. Bapuji Salunkhe Institute Of Engineering & Technology,Kolhapur",0646829310,Electrical Engineering,60,51,0,9,0,1,60,OHU,3,2,1,1,1,1,0,1,0,0,0,1,0,0,2,0,0,1,14,2,1,2,1,6,,
961,06468,"Swami Vivekananda Shikshan Sanstha, Dr. Bapuji Salunkhe Institute Of Engineering & Technology,Kolhapur",0646837210,Electronics and Telecommunication Engg,60,51,0,9,0,1,60,HU,9,4,4,1,3,0,1,1,0,0,2,0,0,0,4,1,2,1,33,2,1,2,1,6,,
961,06468,"Swami Vivekananda Shikshan Sanstha, Dr. Bapuji Salunkhe Institute Of Engineering & Technology,Kolhapur",0646837210,Electronics and Telecommunication Engg,60,51,0,9,0,1,60,OHU,4,1,2,0,0,0,0,0,1,0,0,0,1,0,1,1,2,0,13,2,1,2,1,6,,
962,06468,"Swami Vivekananda Shikshan Sanstha, Dr. Bapuji Salunkhe Institute Of Engineering & Technology,Kolhapur",0646884410,Electronics and Computer Engineering,60,51,0,9,0,1,60,HU,9,4,2,2,1,1,1,0,1,0,0,1,1,0,4,2,3,1,33,2,1,2,1,6,0646884411T,3
962,06468,"Swami Vivekananda Shikshan Sanstha, Dr. Bapuji Salunkhe Institute Of Engineering & Technology,Kolhapur",0646884410,Electronics and Computer Engineering,60,51,0,9,0,1,60,OHU,3,2,1,1,2,0,0,0,0,0,1,0,0,0,2,0,1,0,13,2,1,2,1,6,0646884411T,3
963,06468,"Swami Vivekananda Shikshan Sanstha, Dr. Bapuji Salunkhe Institute Of Engineering & Technology,Kolhapur",0646891110,Computer Science and Engineering(Artificial,60,48,0,9,3,0,57,HU,8,4,4,1,1,1,0,1,1,0,1,0,0,1,5,2,2,1,33,1,1,1,1,6,0646891111T,3
963,06468,"Swami Vivekananda Shikshan Sanstha, Dr. Bapuji Salunkhe Institute Of Engineering & Technology,Kolhapur",0646891110,Computer Science and Engineering(Artificial,60,48,0,9,3,0,57,OHU,4,1,1,1,0,1,1,0,0,0,0,0,0,0,1,1,1,1,13,1,1,1,1,6,0646891111T,3
964,06545,"Samarth Education Trust's Arvind Gavali College Of Engineering Panwalewadi, Varye,Satara.",0654519110,Civil Engineering,30,25,0,5,0,0,30,HU,4,2,1,1,2,0,0,0,0,0,0,0,0,0,2,1,2,0,15,1,0,1,0,3,,
964,06545,"Samarth Education Trust's Arvind Gavali College Of Engineering Panwalewadi, Varye,Satara.",0654519110,Civil Engineering,30,25,0,5,0,0,30,OHU,1,1,1,0,0,0,0,0,1,0,1,0,1,0,1,1,0,0,8,1,0,1,0,3,,
965,06545,"Samarth Education Trust's Arvind Gavali College Of Engineering Panwalewadi, Varye,Satara.",0654524210,Computer Science and Engineering,120,102,0,18,0,1,120,HU,19,7,6,2,3,2,2,1,1,1,2,1,2,0,8,4,4,2,67,5,0,5,0,12,0654524211T,6
965,06545,"Samarth Education Trust's Arvind Gavali College Of Engineering Panwalewadi, Varye,Satara.",0654524210,Computer Science and Engineering,120,102,0,18,0,1,120,OHU,7,3,2,1,2,0,1,0,0,0,0,1,0,0,4,1,1,1,24,5,0,5,0,12,0654524211T,6
966,06545,"Samarth Education Trust's Arvind Gavali College Of Engineering Panwalewadi, Varye,Satara.",0654526310,Artificial Intelligence (AI) and Data Science,60,51,0,9,0,1,60,HU,9,4,3,1,2,1,0,0,1,0,2,0,0,1,4,2,2,1,33,2,1,2,1,6,0654526311T,3
966,06545,"Samarth Education Trust's Arvind Gavali College Of Engineering Panwalewadi, Varye,Satara.",0654526310,Artificial Intelligence (AI) and Data Science,60,51,0,9,0,1,60,OHU,3,2,2,0,0,1,1,0,0,0,0,0,0,0,1,1,2,0,13,2,1,2,1,6,0654526311T,3
967,06545,"Samarth Education Trust's Arvind Gavali College Of Engineering Panwalewadi, Varye,Satara.",0654529310,Electrical Engineering,30,25,0,5,0,0,30,HU,4,2,2,1,0,0,1,0,0,0,0,0,0,0,2,1,1,0,14,1,0,1,0,3,,
967,06545,"Samarth Education Trust's Arvind Gavali College Of Engineering Panwalewadi, Varye,Satara.",0654529310,Electrical Engineering,30,25,0,5,0,0,30,OHU,1,1,0,1,1,0,0,0,0,1,1,0,1,0,1,0,0,1,9,1,0,1,0,3,,
968,06545,"Samarth Education Trust's Arvind Gavali College Of Engineering Panwalewadi, Varye,Satara.",0654537210,Electronics and Telecommunication Engg,60,51,0,9,0,1,60,HU,9,4,3,1,2,1,1,0,0,1,1,1,1,0,5,1,2,2,35,2,1,2,1,6,0654537211T,3
968,06545,"Samarth Education Trust's Arvind Gavali College Of Engineering Panwalewadi, Varye,Satara.",0654537210,Electronics and Telecommunication Engg,60,51,0,9,0,1,60,OHU,4,1,2,0,1,0,0,0,0,0,0,0,0,0,1,1,1,0,11,2,1,2,1,6,0654537211T,3
969,06545,"Samarth Education Trust's Arvind Gavali College Of Engineering Panwalewadi, Varye,Satara.",0654561210,Mechanical Engineering,60,51,0,9,0,1,60,HU,9,4,3,2,2,0,1,0,1,0,1,0,1,0,4,2,3,0,33,2,1,2,1,6,,
969,06545,"Samarth Education Trust's Arvind Gavali College Of Engineering Panwalewadi, Varye,Satara.",0654561210,Mechanical Engineering,60,51,0,9,0,1,60,OHU,3,2,1,1,1,0,0,1,0,0,1,0,0,0,1,0,2,0,13,2,1,2,1,6,,
970,06644,"Shri. Ambabai Talim Sanstha's Sanjay Bhokare Group of Institutes, Miraj",0664419110,Civil Engineering,30,25,0,5,0,0,30,HU,3,3,1,1,0,1,0,0,0,0,1,0,1,0,2,0,1,1,15,1,0,1,0,3,,
970,06644,"Shri. Ambabai Talim Sanstha's Sanjay Bhokare Group of Institutes, Miraj",0664419110,Civil Engineering,30,25,0,5,0,0,30,OHU,1,1,0,1,0,1,0,0,1,0,0,0,0,0,1,1,0,1,8,1,0,1,0,3,,
971,06644,"Shri. Ambabai Talim Sanstha's Sanjay Bhokare Group of Institutes, Miraj",0664424510,Computer Engineering,60,48,0,9,3,0,57,HU,9,3,4,1,2,0,1,0,1,0,1,0,0,0,5,2,2,1,32,1,1,1,1,6,0664424511T,3
971,06644,"Shri. Ambabai Talim Sanstha's Sanjay Bhokare Group of Institutes, Miraj",0664424510,Computer Engineering,60,48,0,9,3,0,57,OHU,4,1,2,0,1,0,1,0,0,0,1,0,0,1,1,1,1,0,14,1,1,1,1,6,0664424511T,3
972,06644,"Shri. Ambabai Talim Sanstha's Sanjay Bhokare Group of Institutes, Miraj",0664429310,Electrical Engineering,30,25,0,5,0,0,30,HU,4,2,1,1,1,1,0,0,0,1,0,0,1,0,2,1,2,0,17,1,0,1,0,3,,
972,06644,"Shri. Ambabai Talim Sanstha's Sanjay Bhokare Group of Institutes, Miraj",0664429310,Electrical Engineering,30,25,0,5,0,0,30,OHU,1,1,0,1,0,0,0,0,0,0,0,0,0,0,2,0,1,0,6,1,0,1,0,3,,
973,06644,"Shri. Ambabai Talim Sanstha's Sanjay Bhokare Group of Institutes, Miraj",0664437210,Electronics and Telecommunication Engg,30,25,0,5,0,0,30,HU,4,2,1,1,1,0,0,1,1,0,0,1,0,0,3,1,1,1,18,1,0,1,0,3,,
973,06644,"Shri. Ambabai Talim Sanstha's Sanjay Bhokare Group of Institutes, Miraj",0664437210,Electronics and Telecommunication Engg,30,25,0,5,0,0,30,OHU,1,1,1,0,1,0,0,0,0,0,0,0,0,0,1,0,0,0,5,1,0,1,0,3,,
974,06644,"Shri. Ambabai Talim Sanstha's Sanjay Bhokare Group of Institutes, Miraj",0664461210,Mechanical Engineering,30,25,0,5,0,0,30,HU,4,2,2,1,0,1,0,0,0,0,1,0,0,1,2,1,1,0,16,1,0,1,0,3,,
974,06644,"Shri. Ambabai Talim Sanstha's Sanjay Bhokare Group of Institutes, Miraj",0664461210,Mechanical Engineering,30,25,0,5,0,0,30,OHU,1,1,1,0,0,0,0,0,1,0,0,0,0,0,1,1,1,0,7,1,0,1,0,3,,
975,06644,"Shri. Ambabai Talim Sanstha's Sanjay Bhokare Group of Institutes, Miraj",0664490010,Electronics and Computer Science,60,51,0,9,0,1,60,HU,9,4,3,1,3,0,1,0,1,0,1,0,1,0,4,2,3,1,34,2,1,2,1,6,,
975,06644,"Shri. Ambabai Talim Sanstha's Sanjay Bhokare Group of Institutes, Miraj",0664490010,Electronics and Computer Science,60,51,0,9,0,1,60,OHU,4,1,1,1,0,1,1,0,0,0,1,0,0,0,1,0,0,1,12,2,1,2,1,6,,
976,06644,"Shri. Ambabai Talim Sanstha's Sanjay Bhokare Group of Institutes, Miraj",0664491110,Computer Science and Engineering(Artificial,60,48,0,9,3,0,57,HU,8,4,4,1,1,1,1,0,1,0,1,1,0,0,4,2,2,1,32,1,1,1,1,6,,
976,06644,"Shri. Ambabai Talim Sanstha's Sanjay Bhokare Group of Institutes, Miraj",0664491110,Computer Science and Engineering(Artificial,60,48,0,9,3,0,57,OHU,3,2,2,0,1,0,0,0,0,0,0,0,1,0,2,1,2,0,14,1,1,1,1,6,,
977,06714,"APPASAHEB ALIAS SA.RE.PATIL INSTITUTE OF TECHNOLOGY, Dattanagar Tal-Shirol, Dist Kolhapur",0671424210,Computer Science and Engineering,60,46,0,9,5,0,55,HU,8,3,3,2,2,0,1,0,0,0,1,0,0,1,4,2,3,0,30,1,1,1,1,6,0671424211T,3
977,06714,"APPASAHEB ALIAS SA.RE.PATIL INSTITUTE OF TECHNOLOGY, Dattanagar Tal-Shirol, Dist Kolhapur",0671424210,Computer Science and Engineering,60,46,0,9,5,0,55,OHU,3,2,1,0,1,0,0,1,1,0,1,0,0,0,2,1,1,0,14,1,1,1,1,6,0671424211T,3
978,06714,"APPASAHEB ALIAS SA.RE.PATIL INSTITUTE OF TECHNOLOGY, Dattanagar Tal-Shirol, Dist Kolhapur",0671429310,Electrical Engineering,60,51,0,9,0,1,60,HU,9,4,3,1,2,1,0,1,1,1,1,1,1,0,4,2,2,1,35,2,1,2,1,6,0671429311T,3
978,06714,"APPASAHEB ALIAS SA.RE.PATIL INSTITUTE OF TECHNOLOGY, Dattanagar Tal-Shirol, Dist Kolhapur",0671429310,Electrical Engineering,60,51,0,9,0,1,60,OHU,4,1,1,1,0,1,0,0,0,0,0,0,0,0,0,1,1,1,11,2,1,2,1,6,0671429311T,3
979,06714,"APPASAHEB ALIAS SA.RE.PATIL INSTITUTE OF TECHNOLOGY, Dattanagar Tal-Shirol, Dist Kolhapur",0671437210,Electronics and Telecommunication Engg,60,48,0,9,3,0,57,HU,9,4,3,2,1,1,1,0,0,0,0,0,1,0,5,2,2,2,33,1,1,1,1,6,0671437211T,3
979,06714,"APPASAHEB ALIAS SA.RE.PATIL INSTITUTE OF TECHNOLOGY, Dattanagar Tal-Shirol, Dist Kolhapur",0671437210,Electronics and Telecommunication Engg,60,48,0,9,3,0,57,OHU,3,1,2,0,1,0,0,0,1,0,1,0,0,0,2,1,1,0,13,1,1,1,1,6,0671437211T,3
980,06714,"APPASAHEB ALIAS SA.RE.PATIL INSTITUTE OF TECHNOLOGY, Dattanagar Tal-Shirol, Dist Kolhapur",0671461210,Mechanical Engineering,60,51,0,9,0,1,60,HU,9,4,3,1,2,1,1,0,1,0,1,1,0,0,4,1,3,0,32,2,1,2,1,6,0671461211T,3
980,06714,"APPASAHEB ALIAS SA.RE.PATIL INSTITUTE OF TECHNOLOGY, Dattanagar Tal-Shirol, Dist Kolhapur",0671461210,Mechanical Engineering,60,51,0,9,0,1,60,OHU,3,2,1,1,1,0,1,0,0,0,0,0,1,0,2,0,1,1,14,2,1,2,1,6,0671461211T,3
981,06756,"Fabtech Technical Campus College of Engineering and Research, Sangola",0675619110,Civil Engineering,60,51,0,9,0,1,60,HU,9,4,3,2,1,1,1,0,0,0,0,1,1,0,4,2,3,1,33,2,1,2,1,6,,
981,06756,"Fabtech Technical Campus College of Engineering and Research, Sangola",0675619110,Civil Engineering,60,51,0,9,0,1,60,OHU,4,1,2,0,1,0,0,0,1,0,1,0,0,0,1,1,1,0,13,2,1,2,1,6,,
982,06756,"Fabtech Technical Campus College of Engineering and Research, Sangola",0675624210,Computer Science and Engineering,120,90,0,18,12,1,108,HU,16,7,5,1,4,1,1,1,1,1,2,0,0,1,7,3,3,2,56,5,0,5,0,12,0675624211T,6
982,06756,"Fabtech Technical Campus College of Engineering and Research, Sangola",0675624210,Computer Science and Engineering,120,90,0,18,12,1,108,OHU,5,3,2,1,1,1,0,1,0,0,1,0,1,0,4,1,1,1,23,5,0,5,0,12,0675624211T,6
983,06756,"Fabtech Technical Campus College of Engineering and Research, Sangola",0675629310,Electrical Engineering,30,25,0,5,0,0,30,HU,4,2,2,1,1,0,1,0,1,0,0,1,1,0,2,1,2,0,19,1,0,1,0,3,0675629311T,2
983,06756,"Fabtech Technical Campus College of Engineering and Research, Sangola",0675629310,Electrical Engineering,30,25,0,5,0,0,30,OHU,1,1,1,0,0,0,0,0,0,0,0,0,0,0,1,0,0,0,4,1,0,1,0,3,0675629311T,2
984,06756,"Fabtech Technical Campus College of Engineering and Research, Sangola",0675637210,Electronics and Telecommunication Engg,60,51,0,9,0,1,60,HU,9,4,2,2,2,1,1,0,0,0,1,0,1,0,4,2,2,1,32,2,1,2,1,6,0675637211T,3
984,06756,"Fabtech Technical Campus College of Engineering and Research, Sangola",0675637210,Electronics and Telecommunication Engg,60,51,0,9,0,1,60,OHU,4,1,1,1,1,0,0,0,0,1,0,1,0,0,1,1,2,0,14,2,1,2,1,6,0675637211T,3
985,06756,"Fabtech Technical Campus College of Engineering and Research, Sangola",0675661210,Mechanical Engineering,60,51,0,9,0,1,60,HU,9,4,4,1,1,1,0,1,0,1,2,0,1,0,4,2,3,1,35,2,1,2,1,6,,
985,06756,"Fabtech Technical Campus College of Engineering and Research, Sangola",0675661210,Mechanical Engineering,60,51,0,9,0,1,60,OHU,3,2,1,1,1,0,1,0,0,0,0,0,0,0,1,0,0,1,11,2,1,2,1,6,,
986,06756,"Fabtech Technical Campus College of Engineering and Research, Sangola",0675699510,Artificial Intelligence and Data Science,30,25,0,5,0,0,30,HU,4,2,1,1,1,0,0,0,1,0,0,0,0,0,2,1,1,1,15,1,0,1,0,3,0675699511T,2
986,06756,"Fabtech Technical Campus College of Engineering and Research, Sangola",0675699510,Artificial Intelligence and Data Science,30,25,0,5,0,0,30,OHU,1,1,1,0,1,0,0,0,0,0,1,0,0,0,1,1,1,0,8,1,0,1,0,3,0675699511T,2
987,06757,"Yashoda Technical Campus, Wadhe, Satara.",0675719110,Civil Engineering,30,25,0,5,0,0,30,HU,4,2,2,0,1,1,1,0,0,0,0,1,0,0,3,0,1,0,16,1,0,1,0,3,,
987,06757,"Yashoda Technical Campus, Wadhe, Satara.",0675719110,Civil Engineering,30,25,0,5,0,0,30,OHU,1,1,1,0,0,0,0,0,1,0,0,0,0,1,1,0,1,0,7,1,0,1,0,3,,
988,06757,"Yashoda Technical Campus, Wadhe, Satara.",0675724210,Computer Science and Engineering,120,102,0,18,0,1,120,HU,19,8,5,3,3,1,2,0,1,1,2,1,1,1,8,4,4,2,66,5,0,5,0,12,0675724211T,6
988,06757,"Yashoda Technical Campus, Wadhe, Satara.",0675724210,Computer Science and Engineering,120,102,0,18,0,1,120,OHU,7,3,2,1,2,1,1,0,0,0,1,0,0,0,3,2,1,1,25,5,0,5,0,12,0675724211T,6
989,06757,"Yashoda Technical Campus, Wadhe, Satara.",0675726010,Computer Science and Engineering (Cyber Security),60,51,0,9,0,1,60,HU,9,4,4,1,2,1,0,1,0,0,1,0,0,0,3,2,3,1,32,2,1,2,1,6,0675726011T,3
989,06757,"Yashoda Technical Campus, Wadhe, Satara.",0675726010,Computer Science and Engineering (Cyber Security),60,51,0,9,0,1,60,OHU,4,1,1,1,0,0,1,0,1,0,0,1,1,0,2,0,1,0,14,2,1,2,1,6,0675726011T,3
990,06757,"Yashoda Technical Campus, Wadhe, Satara.",0675726310,Artificial Intelligence (AI) and Data Science,120,102,0,18,0,1,120,HU,18,8,5,3,3,1,2,0,3,0,2,1,1,1,10,3,4,2,67,5,0,5,0,12,0675726311T,6
990,06757,"Yashoda Technical Campus, Wadhe, Satara.",0675726310,Artificial Intelligence (AI) and Data Science,120,102,0,18,0,1,120,OHU,7,3,2,1,2,1,0,1,0,0,1,0,0,0,3,1,1,1,24,5,0,5,0,12,0675726311T,6
991,06757,"Yashoda Technical Campus, Wadhe, Satara.",0675726610,Robotics and Artificial Intelligence,60,51,0,9,0,1,60,HU,9,4,4,1,2,1,0,1,0,0,1,0,0,0,4,2,2,1,32,2,1,2,1,6,0675726611T,3
991,06757,"Yashoda Technical Campus, Wadhe, Satara.",0675726610,Robotics and Artificial Intelligence,60,51,0,9,0,1,60,OHU,3,2,2,0,0,0,0,0,0,1,1,0,1,0,1,1,2,0,14,2,1,2,1,6,0675726611T,3
992,06757,"Yashoda Technical Campus, Wadhe, Satara.",0675729310,Electrical Engineering,30,25,0,5,0,0,30,HU,4,2,1,1,1,0,1,0,0,1,1,0,0,0,2,1,1,1,17,1,0,1,0,3,,
992,06757,"Yashoda Technical Campus, Wadhe, Satara.",0675729310,Electrical Engineering,30,25,0,5,0,0,30,OHU,2,0,0,1,0,1,0,0,0,0,0,0,0,0,1,1,0,0,6,1,0,1,0,3,,
993,06757,"Yashoda Technical Campus, Wadhe, Satara.",0675737210,Electronics and Telecommunication Engg,120,102,0,18,0,1,120,HU,18,8,7,2,3,2,1,1,1,0,2,1,2,0,9,4,5,1,67,5,0,5,0,12,0675737211T,6
993,06757,"Yashoda Technical Campus, Wadhe, Satara.",0675737210,Electronics and Telecommunication Engg,120,102,0,18,0,1,120,OHU,7,4,2,0,2,0,1,0,1,0,1,0,0,0,3,1,1,1,24,5,0,5,0,12,0675737211T,6
994,06757,"Yashoda Technical Campus, Wadhe, Satara.",0675761210,Mechanical Engineering,30,25,0,5,0,0,30,HU,4,2,1,1,1,0,1,0,1,0,0,1,0,1,1,1,0,1,16,1,0,1,0,3,,
994,06757,"Yashoda Technical Campus, Wadhe, Satara.",0675761210,Mechanical Engineering,30,25,0,5,0,0,30,OHU,1,1,1,0,1,0,0,0,0,0,0,0,0,0,2,0,1,0,7,1,0,1,0,3,,
995,06757,"Yashoda Technical Campus, Wadhe, Satara.",0675762410,Mechatronics Engineering,60,51,0,9,0,1,60,HU,9,4,4,1,1,1,0,0,0,1,1,0,0,0,5,1,2,1,31,2,1,2,1,6,0675762411T,3
995,06757,"Yashoda Technical Campus, Wadhe, Satara.",0675762410,Mechatronics Engineering,60,51,0,9,0,1,60,OHU,4,1,1,1,0,1,1,0,0,0,0,1,1,0,1,1,1,1,15,2,1,2,1,6,0675762411T,3
996,06762,"Nanasaheb Mahadik College of Engineering,Walwa, Sangli.",0676219110,Civil Engineering,45,38,0,7,0,0,45,HU,7,2,2,1,1,1,0,1,0,1,0,1,1,0,4,2,2,0,26,1,1,1,1,5,,
996,06762,"Nanasaheb Mahadik College of Engineering,Walwa, Sangli.",0676219110,Civil Engineering,45,38,0,7,0,0,45,OHU,3,1,1,1,1,0,0,0,0,0,0,0,0,0,1,1,1,0,10,1,1,1,1,5,,
997,06762,"Nanasaheb Mahadik College of Engineering,Walwa, Sangli.",0676224210,Computer Science and Engineering,60,45,0,9,6,0,54,HU,8,4,3,1,2,1,0,0,0,0,1,0,0,1,4,1,2,2,30,1,1,1,1,6,0676224211T,3
997,06762,"Nanasaheb Mahadik College of Engineering,Walwa, Sangli.",0676224210,Computer Science and Engineering,60,45,0,9,6,0,54,OHU,3,1,1,0,1,0,0,1,1,0,1,0,0,0,2,1,0,1,13,1,1,1,1,6,0676224211T,3
998,06762,"Nanasaheb Mahadik College of Engineering,Walwa, Sangli.",0676229310,Electrical Engineering,60,51,0,9,0,1,60,HU,9,4,3,2,2,0,2,0,1,0,1,0,0,0,4,2,3,0,33,2,1,2,1,6,,
998,06762,"Nanasaheb Mahadik College of Engineering,Walwa, Sangli.",0676229310,Electrical Engineering,60,51,0,9,0,1,60,OHU,4,1,1,1,0,1,0,0,0,0,0,0,1,0,1,1,2,0,13,2,1,2,1,6,,
999,06762,"Nanasaheb Mahadik College of Engineering,Walwa, Sangli.",0676237210,Electronics and Telecommunication Engg,60,51,0,9,0,1,60,HU,9,4,3,1,2,1,0,0,1,1,1,1,1,0,4,2,2,2,35,2,1,2,1,6,,
999,06762,"Nanasaheb Mahadik College of Engineering,Walwa, Sangli.",0676237210,Electronics and Telecommunication Engg,60,51,0,9,0,1,60,OHU,3,2,2,0,1,0,1,0,0,0,0,0,0,0,1,0,1,0,11,2,1,2,1,6,,
1000,06762,"Nanasaheb Mahadik College of Engineering,Walwa, Sangli.",0676261210,Mechanical Engineering,90,76,0,14,0,1,90,HU,14,5,4,2,2,1,2,1,0,0,2,0,1,0,6,3,4,1,48,4,0,4,0,9,,
1000,06762,"Nanasaheb Mahadik College of Engineering,Walwa, Sangli.",0676261210,Mechanical Engineering,90,76,0,14,0,1,90,OHU,5,2,1,1,1,1,0,0,1,0,0,1,0,0,2,1,2,1,19,4,0,4,0,9,,
1001,06766,Phaltan Education Society's College of Engineering Thakurki Tal- Phaltan Dist-Satara,0676619110,Civil Engineering,30,25,0,5,0,0,30,HU,4,2,2,0,1,1,0,0,1,0,0,0,0,0,3,0,1,1,16,1,0,1,0,3,,
1001,06766,Phaltan Education Society's College of Engineering Thakurki Tal- Phaltan Dist-Satara,0676619110,Civil Engineering,30,25,0,5,0,0,30,OHU,1,1,1,0,0,0,0,0,0,0,1,0,0,1,2,0,0,0,7,1,0,1,0,3,,
1002,06766,Phaltan Education Society's College of Engineering Thakurki Tal- Phaltan Dist-Satara,0676624510,Computer Engineering,120,102,0,18,0,1,120,HU,18,8,5,3,3,1,1,1,1,1,1,1,1,1,9,4,4,2,65,5,0,5,0,12,0676624511T,6
1002,06766,Phaltan Education Society's College of Engineering Thakurki Tal- Phaltan Dist-Satara,0676624510,Computer Engineering,120,102,0,18,0,1,120,OHU,7,3,2,1,2,1,1,0,0,1,1,0,0,0,3,2,1,1,26,5,0,5,0,12,0676624511T,6
1003,06766,Phaltan Education Society's College of Engineering Thakurki Tal- Phaltan Dist-Satara,0676637210,Electronics and Telecommunication Engg,60,51,0,9,0,1,60,HU,9,4,4,1,2,1,1,0,1,0,1,1,0,0,3,2,3,0,33,2,1,2,1,6,,
1003,06766,Phaltan Education Society's College of Engineering Thakurki Tal- Phaltan Dist-Satara,0676637210,Electronics and Telecommunication Engg,60,51,0,9,0,1,60,OHU,4,1,1,1,0,0,1,0,0,0,0,0,1,0,2,0,1,1,13,2,1,2,1,6,,
1004,06766,Phaltan Education Society's College of Engineering Thakurki Tal- Phaltan Dist-Satara,0676661210,Mechanical Engineering,60,51,0,9,0,1,60,HU,9,4,3,1,2,0,1,0,0,0,1,0,1,0,4,2,2,2,32,2,1,2,1,6,,
1004,06766,Phaltan Education Society's College of Engineering Thakurki Tal- Phaltan Dist-Satara,0676661210,Mechanical Engineering,60,51,0,9,0,1,60,OHU,3,2,2,0,2,0,0,1,1,0,1,0,0,0,0,1,1,0,14,2,1,2,1,6,,
1005,06766,Phaltan Education Society's College of Engineering Thakurki Tal- Phaltan Dist-Satara,0676699510,Artificial Intelligence and Data Science,30,25,0,5,0,0,30,HU,4,2,2,1,0,1,0,0,1,0,1,0,0,0,2,1,2,0,17,1,0,1,0,3,,
1005,06766,Phaltan Education Society's College of Engineering Thakurki Tal- Phaltan Dist-Satara,0676699510,Artificial Intelligence and Data Science,30,25,0,5,0,0,30,OHU,1,1,0,1,0,0,0,0,0,0,0,0,0,0,2,0,1,0,6,1,0,1,0,3,,
1006,06781,"Bhagwant Institute of Technology, Barshi",0678119110,Civil Engineering,60,51,0,9,0,1,60,HU,9,4,3,1,3,0,1,0,1,0,1,0,1,0,4,1,3,1,33,2,1,2,1,6,,
1006,06781,"Bhagwant Institute of Technology, Barshi",0678119110,Civil Engineering,60,51,0,9,0,1,60,OHU,3,2,2,0,1,0,1,0,0,0,0,1,0,0,1,1,1,0,13,2,1,2,1,6,,
1007,06781,"Bhagwant Institute of Technology, Barshi",0678124210,Computer Science and Engineering,120,102,0,18,0,1,120,HU,19,8,6,2,3,2,1,1,1,1,1,1,1,0,8,4,4,2,65,5,0,5,0,12,0678124211T,6
1007,06781,"Bhagwant Institute of Technology, Barshi",0678124210,Computer Science and Engineering,120,102,0,18,0,1,120,OHU,7,3,2,1,1,1,1,0,0,1,1,0,1,0,3,2,1,1,26,5,0,5,0,12,0678124211T,6
1008,06781,"Bhagwant Institute of Technology, Barshi",0678137210,Electronics and Telecommunication Engg,60,51,0,9,0,1,60,HU,9,4,3,2,1,1,1,0,0,0,2,0,1,0,5,1,2,1,33,2,1,2,1,6,0678137211T,3
1008,06781,"Bhagwant Institute of Technology, Barshi",0678137210,Electronics and Telecommunication Engg,60,51,0,9,0,1,60,OHU,4,1,1,1,1,0,0,0,1,0,0,0,0,0,2,0,2,0,13,2,1,2,1,6,0678137211T,3
1009,06781,"Bhagwant Institute of Technology, Barshi",0678161210,Mechanical Engineering,60,51,0,9,0,1,60,HU,10,3,3,1,3,0,0,1,1,0,0,1,0,0,4,2,3,1,33,2,1,2,1,6,,
1009,06781,"Bhagwant Institute of Technology, Barshi",0678161210,Mechanical Engineering,60,51,0,9,0,1,60,OHU,3,2,2,0,1,0,0,1,0,0,1,0,0,1,1,0,0,1,13,2,1,2,1,6,,
1010,06782,"Sahakar Maharshee Shankarrao Mohite Patil Institute of Technology & Research, Akluj",0678219110,Civil Engineering,60,51,0,9,0,1,60,HU,9,4,4,1,1,1,1,0,0,1,1,0,0,1,4,2,2,1,33,2,1,2,1,6,,
1010,06782,"Sahakar Maharshee Shankarrao Mohite Patil Institute of Technology & Research, Akluj",0678219110,Civil Engineering,60,51,0,9,0,1,60,OHU,4,1,1,1,1,0,0,0,0,0,0,1,0,0,1,1,2,0,13,2,1,2,1,6,,
1011,06782,"Sahakar Maharshee Shankarrao Mohite Patil Institute of Technology & Research, Akluj",0678224210,Computer Science and Engineering,60,48,0,9,3,0,57,HU,8,4,2,2,1,1,1,0,1,0,1,1,1,0,4,2,3,1,33,1,1,1,1,6,0678224211T,3
1011,06782,"Sahakar Maharshee Shankarrao Mohite Patil Institute of Technology & Research, Akluj",0678224210,Computer Science and Engineering,60,48,0,9,3,0,57,OHU,3,2,1,1,0,1,1,0,0,0,0,0,0,0,2,1,1,0,13,1,1,1,1,6,0678224211T,3
1012,06782,"Sahakar Maharshee Shankarrao Mohite Patil Institute of Technology & Research, Akluj",0678229310,Electrical Engineering,60,51,0,9,0,1,60,HU,9,4,4,1,2,1,1,0,0,0,1,0,0,0,4,2,2,1,32,2,1,2,1,6,,
1012,06782,"Sahakar Maharshee Shankarrao Mohite Patil Institute of Technology & Research, Akluj",0678229310,Electrical Engineering,60,51,0,9,0,1,60,OHU,4,1,1,0,1,0,0,0,1,0,1,0,1,0,1,1,1,1,14,2,1,2,1,6,,
1013,06782,"Sahakar Maharshee Shankarrao Mohite Patil Institute of Technology & Research, Akluj",0678237210,Electronics and Telecommunication Engg,60,51,0,9,0,1,60,HU,9,4,3,2,2,0,0,1,1,0,1,1,1,0,4,1,2,2,34,2,1,2,1,6,,
1013,06782,"Sahakar Maharshee Shankarrao Mohite Patil Institute of Technology & Research, Akluj",0678237210,Electronics and Telecommunication Engg,60,51,0,9,0,1,60,OHU,3,2,2,0,1,0,1,0,0,0,0,0,0,0,2,0,1,0,12,2,1,2,1,6,,
1014,06782,"Sahakar Maharshee Shankarrao Mohite Patil Institute of Technology & Research, Akluj",0678261210,Mechanical Engineering,60,51,0,9,0,1,60,HU,9,4,3,1,2,1,1,0,0,1,1,0,0,1,4,2,3,0,33,2,1,2,1,6,,
1014,06782,"Sahakar Maharshee Shankarrao Mohite Patil Institute of Technology & Research, Akluj",0678261210,Mechanical Engineering,60,51,0,9,0,1,60,OHU,4,1,1,1,0,1,0,0,0,0,1,0,0,0,1,1,1,1,13,2,1,2,1,6,,
1015,06782,"Sahakar Maharshee Shankarrao Mohite Patil Institute of Technology & Research, Akluj",0678299510,Artificial Intelligence and Data Science,30,25,0,5,0,0,30,HU,4,2,2,0,1,0,1,0,0,0,0,0,1,0,3,1,1,1,17,1,0,1,0,3,0678299511T,2
1015,06782,"Sahakar Maharshee Shankarrao Mohite Patil Institute of Technology & Research, Akluj",0678299510,Artificial Intelligence and Data Science,30,25,0,5,0,0,30,OHU,1,1,1,0,1,0,0,0,0,0,0,0,0,0,1,0,1,0,6,1,0,1,0,3,0678299511T,2
1016,06797,"Dnyanshree Institute Engineering and Technology, Satara",0679719110,Civil Engineering,30,25,0,5,0,0,30,HU,4,2,2,0,1,0,1,0,0,0,1,0,0,0,3,1,1,0,16,1,0,1,0,3,,
1016,06797,"Dnyanshree Institute Engineering and Technology, Satara",0679719110,Civil Engineering,30,25,0,5,0,0,30,OHU,1,1,0,1,0,1,0,0,1,0,0,0,0,0,1,0,1,0,7,1,0,1,0,3,,
1017,06797,"Dnyanshree Institute Engineering and Technology, Satara",0679724210,Computer Science and Engineering,90,73,0,14,3,1,87,HU,14,5,3,2,2,2,2,0,2,0,1,0,0,0,6,2,4,2,47,4,0,4,0,9,0679724211T,5
1017,06797,"Dnyanshree Institute Engineering and Technology, Satara",0679724210,Computer Science and Engineering,90,73,0,14,3,1,87,OHU,4,2,2,0,1,0,0,0,0,0,1,0,0,1,3,1,1,1,17,4,0,4,0,9,0679724211T,5
1018,06797,"Dnyanshree Institute Engineering and Technology, Satara",0679725910,Mechanical and Mechatronics Engineering (Additive,30,25,0,5,0,0,30,HU,3,3,2,1,1,0,0,0,0,0,1,0,0,1,2,1,1,0,16,1,0,1,0,3,0679725911T,2
1018,06797,"Dnyanshree Institute Engineering and Technology, Satara",0679725910,Mechanical and Mechatronics Engineering (Additive,30,25,0,5,0,0,30,OHU,1,1,0,0,1,0,0,1,0,1,0,0,0,0,0,1,1,0,7,1,0,1,0,3,0679725911T,2
1019,06797,"Dnyanshree Institute Engineering and Technology, Satara",0679729310,Electrical Engineering,30,25,0,5,0,0,30,HU,4,2,2,0,1,0,0,0,0,1,0,0,1,0,3,1,2,1,18,1,0,1,0,3,,
1019,06797,"Dnyanshree Institute Engineering and Technology, Satara",0679729310,Electrical Engineering,30,25,0,5,0,0,30,OHU,1,1,0,1,0,1,0,0,0,0,0,0,0,0,1,0,0,0,5,1,0,1,0,3,,
1020,06797,"Dnyanshree Institute Engineering and Technology, Satara",0679737210,Electronics and Telecommunication Engg,60,51,0,9,0,1,60,HU,9,4,3,2,2,1,1,1,1,0,0,1,1,0,3,2,2,1,34,2,1,2,1,6,0679737211T,3
1020,06797,"Dnyanshree Institute Engineering and Technology, Satara",0679737210,Electronics and Telecommunication Engg,60,51,0,9,0,1,60,OHU,4,1,2,0,0,0,0,0,0,0,1,0,0,0,1,1,1,1,12,2,1,2,1,6,0679737211T,3
1021,06799,"Shivganga Charitable Trust, Sangli Vishveshwarya Technical Campus, Faculty of Diploma Engineering, Patgaon, Miraj",0679924210,Computer Science and Engineering,60,51,0,9,0,1,60,HU,10,3,3,1,1,1,1,0,1,0,1,0,0,0,4,1,3,1,31,2,1,2,1,6,,
1021,06799,"Shivganga Charitable Trust, Sangli Vishveshwarya Technical Campus, Faculty of Diploma Engineering, Patgaon, Miraj",0679924210,Computer Science and Engineering,60,51,0,9,0,1,60,OHU,3,2,1,1,2,0,1,0,0,0,1,0,1,0,2,0,1,0,15,2,1,2,1,6,,
1022,06799,"Shivganga Charitable Trust, Sangli Vishveshwarya Technical Campus, Faculty of Diploma Engineering, Patgaon, Miraj",0679924510,Computer Engineering,60,45,0,9,6,0,54,HU,7,4,3,1,2,0,0,1,0,0,1,0,1,0,5,2,2,1,30,1,1,1,1,6,,
1022,06799,"Shivganga Charitable Trust, Sangli Vishveshwarya Technical Campus, Faculty of Diploma Engineering, Patgaon, Miraj",0679924510,Computer Engineering,60,45,0,9,6,0,54,OHU,4,1,2,0,0,1,0,0,1,0,0,0,0,0,1,1,1,1,13,1,1,1,1,6,,
1023,06799,"Shivganga Charitable Trust, Sangli Vishveshwarya Technical Campus, Faculty of Diploma Engineering, Patgaon, Miraj",0679929310,Electrical Engineering,30,25,0,5,0,0,30,HU,4,2,1,1,1,1,0,0,0,1,0,1,0,1,1,1,1,0,16,1,0,1,0,3,,
1023,06799,"Shivganga Charitable Trust, Sangli Vishveshwarya Technical Campus, Faculty of Diploma Engineering, Patgaon, Miraj",0679929310,Electrical Engineering,30,25,0,5,0,0,30,OHU,1,1,0,1,0,0,1,0,0,0,0,0,0,0,2,0,1,0,7,1,0,1,0,3,,
1024,06811,Sanjay Ghodawat Institute,0681119110,Civil Engineering,60,51,0,9,0,1,60,HU,9,4,4,1,2,0,0,0,0,1,1,0,0,0,4,2,2,1,31,2,1,2,1,6,,
1024,06811,Sanjay Ghodawat Institute,0681119110,Civil Engineering,60,51,0,9,0,1,60,OHU,4,1,2,0,1,0,1,0,0,0,1,0,1,0,2,0,1,1,15,2,1,2,1,6,,
1025,06811,Sanjay Ghodawat Institute,0681124210,Computer Science and Engineering,60,39,0,9,12,0,48,HU,7,3,2,2,1,1,1,0,1,0,0,1,1,0,4,1,2,1,28,1,1,1,1,6,0681124211T,3
1025,06811,Sanjay Ghodawat Institute,0681124210,Computer Science and Engineering,60,39,0,9,12,0,48,OHU,3,1,0,1,1,0,0,0,0,0,0,0,0,0,1,1,1,0,9,1,1,1,1,6,0681124211T,3
1026,06811,Sanjay Ghodawat Institute,0681129310,Electrical Engineering,60,48,0,9,3,0,57,HU,9,4,4,1,1,1,1,0,0,0,1,0,1,0,4,2,2,1,32,1,1,1,1,6,,
1026,06811,Sanjay Ghodawat Institute,0681129310,Electrical Engineering,60,48,0,9,3,0,57,OHU,3,2,2,0,1,0,0,0,1,0,0,0,0,0,2,1,1,1,14,1,1,1,1,6,,
1027,06811,Sanjay Ghodawat Institute,0681137210,Electronics and Telecommunication Engg,60,48,0,9,3,0,57,HU,9,3,3,1,2,1,0,0,1,0,1,0,0,0,4,2,3,1,31,1,1,1,1,6,0681137211T,3
1027,06811,Sanjay Ghodawat Institute,0681137210,Electronics and Telecommunication Engg,60,48,0,9,3,0,57,OHU,4,1,1,1,0,1,0,1,0,0,0,1,0,1,2,1,1,0,15,1,1,1,1,6,0681137211T,3
1028,06811,Sanjay Ghodawat Institute,0681161210,Mechanical Engineering,60,48,0,9,3,0,57,HU,9,4,3,2,2,0,0,1,0,1,1,0,0,1,5,2,2,1,34,1,1,1,1,6,,
1028,06811,Sanjay Ghodawat Institute,0681161210,Mechanical Engineering,60,48,0,9,3,0,57,OHU,2,2,1,1,1,0,0,0,0,0,0,0,0,0,2,1,1,1,12,1,1,1,1,6,,
1029,06938,Shree Siddheshwar Women's College Of Engineering Solapur.,0693824250F,Computer Science and Engineering,120,96,0,18,6,1,114,HU,0,24,0,8,0,4,0,2,0,1,0,2,0,1,0,11,0,6,59,5,0,5,0,12,0693824251FT,6
1029,06938,Shree Siddheshwar Women's College Of Engineering Solapur.,0693824250F,Computer Science and Engineering,120,96,0,18,6,1,114,OHU,0,10,0,3,0,2,0,1,0,1,0,1,0,1,0,5,0,2,26,5,0,5,0,12,0693824251FT,6
1030,06938,Shree Siddheshwar Women's College Of Engineering Solapur.,0693829350F,Electrical Engineering,30,25,0,5,0,0,30,HU,0,6,0,2,0,2,0,1,0,1,0,0,0,0,0,4,0,2,18,1,0,1,0,3,,
1030,06938,Shree Siddheshwar Women's College Of Engineering Solapur.,0693829350F,Electrical Engineering,30,25,0,5,0,0,30,OHU,0,2,0,1,0,0,0,0,0,0,0,1,0,0,0,1,0,0,5,1,0,1,0,3,,
1031,06938,Shree Siddheshwar Women's College Of Engineering Solapur.,0693837250F,Electronics and Telecommunication Engg,60,51,0,9,0,1,60,HU,0,13,0,4,0,2,0,0,0,1,0,2,0,1,0,5,0,3,31,2,1,2,1,6,0693837251FT,3
1031,06938,Shree Siddheshwar Women's College Of Engineering Solapur.,0693837250F,Electronics and Telecommunication Engg,60,51,0,9,0,1,60,OHU,0,5,0,2,0,2,0,1,0,1,0,0,0,0,0,2,0,2,15,2,1,2,1,6,0693837251FT,3
1032,06938,Shree Siddheshwar Women's College Of Engineering Solapur.,0693884450F,Electronics and Computer Engineering,60,51,0,9,0,1,60,HU,0,13,0,5,0,3,0,2,0,1,0,1,0,1,0,5,0,4,35,2,1,2,1,6,,
1032,06938,Shree Siddheshwar Women's College Of Engineering Solapur.,0693884450F,Electronics and Computer Engineering,60,51,0,9,0,1,60,OHU,0,5,0,2,0,0,0,0,0,0,0,1,0,0,0,2,0,1,11,2,1,2,1,6,,
1033,06938,Shree Siddheshwar Women's College Of Engineering Solapur.,0693892550F,Computer Science and Engineering (Artificial,90,71,0,14,5,1,85,HU,0,18,0,5,0,3,0,1,0,2,0,2,0,1,0,8,0,4,44,4,0,4,0,9,0693892551FT,5
1033,06938,Shree Siddheshwar Women's College Of Engineering Solapur.,0693892550F,Computer Science and Engineering (Artificial,90,71,0,14,5,1,85,OHU,0,6,0,2,0,2,0,1,0,0,0,0,0,1,0,3,0,3,18,4,0,4,0,9,0693892551FT,5
1034,16121,"Shri. Anandrao Abitkar College of Engineering, Pal",1612119110,Civil Engineering,60,51,0,9,0,1,60,HU,9,4,4,1,1,1,0,0,1,0,1,0,1,0,4,2,3,1,33,2,1,2,1,6,1612119111T,3
1034,16121,"Shri. Anandrao Abitkar College of Engineering, Pal",1612119110,Civil Engineering,60,51,0,9,0,1,60,OHU,4,1,1,1,0,1,1,0,0,0,1,0,0,0,2,0,1,0,13,2,1,2,1,6,1612119111T,3
1035,16121,"Shri. Anandrao Abitkar College of Engineering, Pal",1612124510,Computer Engineering,120,102,0,18,0,1,120,HU,18,8,5,3,4,1,2,1,2,0,1,1,1,0,8,4,4,2,65,5,0,5,0,12,1612124511T,6
1035,16121,"Shri. Anandrao Abitkar College of Engineering, Pal",1612124510,Computer Engineering,120,102,0,18,0,1,120,OHU,7,3,3,0,2,0,1,0,1,0,1,0,1,0,3,2,1,1,26,5,0,5,0,12,1612124511T,6
1036,16121,"Shri. Anandrao Abitkar College of Engineering, Pal",1612126310,Artificial Intelligence (AI) and Data Science,60,51,0,9,0,1,60,HU,9,4,3,1,2,1,1,0,0,1,2,0,0,1,4,2,2,1,34,2,1,2,1,6,1612126311T,3
1036,16121,"Shri. Anandrao Abitkar College of Engineering, Pal",1612126310,Artificial Intelligence (AI) and Data Science,60,51,0,9,0,1,60,OHU,3,2,1,1,0,1,0,0,1,0,0,0,0,0,1,0,2,0,12,2,1,2,1,6,1612126311T,3
1037,16121,"Shri. Anandrao Abitkar College of Engineering, Pal",1612129310,Electrical Engineering,60,51,0,9,0,1,60,HU,9,4,3,2,1,1,1,0,1,0,0,1,1,0,5,1,3,1,34,2,1,2,1,6,1612129311T,3
1037,16121,"Shri. Anandrao Abitkar College of Engineering, Pal",1612129310,Electrical Engineering,60,51,0,9,0,1,60,OHU,4,1,1,1,1,0,0,0,0,0,0,1,0,0,1,1,0,1,12,2,1,2,1,6,1612129311T,3
1038,16121,"Shri. Anandrao Abitkar College of Engineering, Pal",1612161210,Mechanical Engineering,60,51,0,9,0,1,60,HU,9,4,3,1,2,1,0,1,0,0,1,0,0,0,3,2,2,1,30,2,1,2,1,6,1612161211T,3
1038,16121,"Shri. Anandrao Abitkar College of Engineering, Pal",1612161210,Mechanical Engineering,60,51,0,9,0,1,60,OHU,3,2,2,0,1,0,0,1,1,0,1,0,1,0,2,0,2,0,16,2,1,2,1,6,1612161211T,3
1039,04004,"Government College of Engineering, Chandrapur",0400419110,Civil Engineering,60,60,0,0,0,1,60,HU,11,4,4,1,2,1,1,0,1,0,2,0,0,0,5,3,3,1,39,2,1,2,1,6,0400419111T,3
1039,04004,"Government College of Engineering, Chandrapur",0400419110,Civil Engineering,60,60,0,0,0,1,60,OHU,4,2,2,1,1,0,0,0,0,1,0,0,1,0,1,1,1,1,16,2,1,2,1,6,0400419111T,3
1040,04004,"Government College of Engineering, Chandrapur",0400424210,Computer Science and Engineering,60,60,0,0,0,1,60,HU,11,5,3,2,2,1,1,0,1,0,0,1,1,0,4,2,4,1,39,2,1,2,1,6,0400424211T,3
1040,04004,"Government College of Engineering, Chandrapur",0400424210,Computer Science and Engineering,60,60,0,0,0,1,60,OHU,5,1,2,0,1,0,1,0,1,0,1,0,0,0,2,1,1,0,16,2,1,2,1,6,0400424211T,3
1041,04004,"Government College of Engineering, Chandrapur",0400429310,Electrical Engineering,60,60,0,0,0,1,60,HU,11,5,5,1,2,0,1,1,0,1,1,0,1,0,5,2,3,1,40,2,1,2,1,6,0400429311T,3
1041,04004,"Government College of Engineering, Chandrapur",0400429310,Electrical Engineering,60,60,0,0,0,1,60,OHU,4,2,1,1,1,1,0,0,0,0,0,1,0,0,2,0,1,1,15,2,1,2,1,6,0400429311T,3
1042,04004,"Government College of Engineering, Chandrapur",0400437210,Electronics and Telecommunication Engg,60,60,0,0,0,1,60,HU,11,4,3,2,3,1,1,0,1,0,2,0,0,0,5,2,2,2,39,2,1,2,1,6,0400437211T,3
1042,04004,"Government College of Engineering, Chandrapur",0400437210,Electronics and Telecommunication Engg,60,60,0,0,0,1,60,OHU,4,2,1,1,1,0,1,0,0,0,0,0,1,0,2,1,2,0,16,2,1,2,1,6,0400437211T,3
1043,04004,"Government College of Engineering, Chandrapur",0400446610,Instrumentation Engineering,30,30,0,0,0,0,30,HU,5,2,1,1,0,1,0,1,1,0,0,0,0,1,3,1,2,0,19,1,1,1,1,3,0400446611T,2
1043,04004,"Government College of Engineering, Chandrapur",0400446610,Instrumentation Engineering,30,30,0,0,0,0,30,OHU,2,1,2,0,0,1,0,0,0,0,1,0,0,0,1,0,0,1,9,1,1,1,1,3,0400446611T,2
1044,04004,"Government College of Engineering, Chandrapur",0400461210,Mechanical Engineering,60,60,0,0,0,1,60,HU,11,5,4,1,2,1,0,0,1,0,1,1,1,0,5,2,3,1,39,2,1,2,1,6,0400461211T,3
1044,04004,"Government College of Engineering, Chandrapur",0400461210,Mechanical Engineering,60,60,0,0,0,1,60,OHU,4,2,1,1,1,0,1,0,1,0,0,0,0,0,2,1,2,0,16,2,1,2,1,6,0400461211T,3
1045,05003,"University Institute of Chemical Technology, North Maharashtra University, Jalgaon",0500350310,Food Technology,15,15,0,0,0,0,15,HU,2,1,0,1,1,0,1,0,0,0,1,0,0,0,1,1,0,0,9,1,0,1,0,2,0500350311T,1
1045,05003,"University Institute of Chemical Technology, North Maharashtra University, Jalgaon",0500350310,Food Technology,15,15,0,0,0,0,15,OHU,0,1,1,0,0,0,0,0,0,0,0,0,0,0,1,0,1,0,4,1,0,1,0,2,0500350311T,1
1046,05003,"University Institute of Chemical Technology, North Maharashtra University, Jalgaon",0500350710,Chemical Engineering,60,60,0,0,0,1,60,HU,11,5,4,2,2,1,1,0,2,0,1,0,0,1,6,2,3,2,43,2,1,2,1,6,0500350711T,3
1046,05003,"University Institute of Chemical Technology, North Maharashtra University, Jalgaon",0500350710,Chemical Engineering,60,60,0,0,0,1,60,OHU,4,1,1,1,1,0,0,0,0,0,1,0,0,0,1,1,0,1,12,2,1,2,1,6,0500350711T,3
1047,05003,"University Institute of Chemical Technology, North Maharashtra University, Jalgaon",0500350810,Plastic Technology,15,15,0,0,0,0,15,HU,2,1,1,0,0,0,0,0,0,0,0,0,1,0,1,1,0,0,7,1,0,1,0,2,,
1047,05003,"University Institute of Chemical Technology, North Maharashtra University, Jalgaon",0500350810,Plastic Technology,15,15,0,0,0,0,15,OHU,0,1,1,0,1,0,1,0,0,0,0,0,0,0,1,0,1,0,6,1,0,1,0,2,,
1048,05003,"University Institute of Chemical Technology, North Maharashtra University, Jalgaon",0500351810,Oil Fats and Waxes Technology,15,15,0,0,0,0,15,HU,2,1,2,0,1,0,0,0,0,0,0,1,0,0,1,0,2,0,10,1,0,1,0,2,,
1048,05003,"University Institute of Chemical Technology, North Maharashtra University, Jalgaon",0500351810,Oil Fats and Waxes Technology,15,15,0,0,0,0,15,OHU,0,1,0,0,0,0,0,0,0,1,0,0,0,0,1,0,0,0,3,1,0,1,0,2,,
1049,05003,"University Institute of Chemical Technology, North Maharashtra University, Jalgaon",0500352310,Paints Technology,15,15,0,0,0,0,15,HU,1,2,0,1,1,0,0,0,0,0,1,0,0,0,1,1,1,0,9,1,0,1,0,2,0500352311T,1
1049,05003,"University Institute of Chemical Technology, North Maharashtra University, Jalgaon",0500352310,Paints Technology,15,15,0,0,0,0,15,OHU,1,0,1,0,0,0,0,0,0,0,0,0,0,0,1,0,1,0,4,1,0,1,0,2,0500352311T,1
1050,05104,"Shramsadhana Bombay Trust, College of Engineering & Technology, Jalgaon",0510419110,Civil Engineering,60,51,0,9,0,1,60,HU,9,4,2,2,1,1,1,0,0,1,1,1,1,0,4,2,3,1,34,2,1,2,1,6,,
1050,05104,"Shramsadhana Bombay Trust, College of Engineering & Technology, Jalgaon",0510419110,Civil Engineering,60,51,0,9,0,1,60,OHU,3,2,1,1,1,1,0,0,0,0,0,0,0,0,1,1,0,1,12,2,1,2,1,6,,
1051,05104,"Shramsadhana Bombay Trust, College of Engineering & Technology, Jalgaon",0510424510,Computer Engineering,180,117,0,27,36,1,144,HU,22,9,7,2,4,2,2,1,2,0,2,1,0,1,11,4,5,2,77,5,1,5,1,18,0510424511T,9
1051,05104,"Shramsadhana Bombay Trust, College of Engineering & Technology, Jalgaon",0510424510,Computer Engineering,180,117,0,27,36,1,144,OHU,8,3,3,1,2,0,1,0,1,0,1,0,1,0,3,2,3,0,29,5,1,5,1,18,0510424511T,9
1052,05104,"Shramsadhana Bombay Trust, College of Engineering & Technology, Jalgaon",0510429310,Electrical Engineering,60,51,0,9,0,1,60,HU,9,4,3,2,2,0,0,0,0,1,1,0,1,0,4,2,3,1,33,2,1,2,1,6,0510429311T,3
1052,05104,"Shramsadhana Bombay Trust, College of Engineering & Technology, Jalgaon",0510429310,Electrical Engineering,60,51,0,9,0,1,60,OHU,4,1,2,0,0,1,1,0,0,0,0,1,0,0,2,0,0,1,13,2,1,2,1,6,0510429311T,3
1053,05104,"Shramsadhana Bombay Trust, College of Engineering & Technology, Jalgaon",0510437210,Electronics and Telecommunication Engg,30,22,0,5,3,0,27,HU,3,2,2,0,0,1,0,1,0,0,1,0,1,0,1,1,0,1,14,1,0,1,0,3,0510437211T,2
1053,05104,"Shramsadhana Bombay Trust, College of Engineering & Technology, Jalgaon",0510437210,Electronics and Telecommunication Engg,30,22,0,5,3,0,27,OHU,1,1,0,0,1,0,0,0,0,0,0,0,0,0,1,1,1,0,6,1,0,1,0,3,0510437211T,2
1054,05104,"Shramsadhana Bombay Trust, College of Engineering & Technology, Jalgaon",0510450710,Chemical Engineering,30,25,0,5,0,0,30,HU,4,2,1,1,2,0,1,0,1,0,0,0,0,0,2,1,2,0,17,1,0,1,0,3,,
1054,05104,"Shramsadhana Bombay Trust, College of Engineering & Technology, Jalgaon",0510450710,Chemical Engineering,30,25,0,5,0,0,30,OHU,1,1,0,1,0,0,0,0,0,0,1,0,0,0,1,0,1,0,6,1,0,1,0,3,,
1055,05104,"Shramsadhana Bombay Trust, College of Engineering & Technology, Jalgaon",0510461210,Mechanical Engineering,30,25,0,5,0,0,30,HU,4,2,1,1,0,1,1,0,0,0,0,1,0,0,3,1,1,1,17,1,0,1,0,3,0510461211T,2
1055,05104,"Shramsadhana Bombay Trust, College of Engineering & Technology, Jalgaon",0510461210,Mechanical Engineering,30,25,0,5,0,0,30,OHU,1,1,2,0,0,0,0,0,0,0,0,0,0,0,1,0,0,1,6,1,0,1,0,3,0510461211T,2
1056,05169,"Nagaon Education Society's Gangamai College of Engineering, Nagaon, Tal Dist Dhule",0516919110,Civil Engineering,30,25,0,5,0,0,30,HU,4,2,1,1,1,0,1,0,0,1,0,1,0,0,2,1,2,0,17,1,0,1,0,3,,
1056,05169,"Nagaon Education Society's Gangamai College of Engineering, Nagaon, Tal Dist Dhule",0516919110,Civil Engineering,30,25,0,5,0,0,30,OHU,1,1,1,0,1,0,0,0,0,0,0,0,0,0,2,0,0,0,6,1,0,1,0,3,,
1057,05169,"Nagaon Education Society's Gangamai College of Engineering, Nagaon, Tal Dist Dhule",0516924510,Computer Engineering,120,102,0,18,0,1,120,HU,19,7,6,2,3,2,1,1,2,0,2,1,1,0,9,4,4,2,66,5,0,5,0,12,0516924511T,6
1057,05169,"Nagaon Education Society's Gangamai College of Engineering, Nagaon, Tal Dist Dhule",0516924510,Computer Engineering,120,102,0,18,0,1,120,OHU,7,3,2,1,2,0,1,0,1,0,1,0,1,0,2,2,1,1,25,5,0,5,0,12,0516924511T,6
1058,05169,"Nagaon Education Society's Gangamai College of Engineering, Nagaon, Tal Dist Dhule",0516929310,Electrical Engineering,60,51,0,9,0,1,60,HU,9,4,3,2,1,1,1,0,1,0,1,0,0,1,5,1,2,1,33,2,1,2,1,6,,
1058,05169,"Nagaon Education Society's Gangamai College of Engineering, Nagaon, Tal Dist Dhule",0516929310,Electrical Engineering,60,51,0,9,0,1,60,OHU,4,1,1,1,0,1,0,0,0,0,1,0,0,0,2,0,2,0,13,2,1,2,1,6,,
1059,05169,"Nagaon Education Society's Gangamai College of Engineering, Nagaon, Tal Dist Dhule",0516937210,Electronics and Telecommunication Engg,60,51,0,9,0,1,60,HU,9,4,3,1,3,0,1,0,0,0,1,1,1,0,3,2,3,1,33,2,1,2,1,6,0516937211T,3
1059,05169,"Nagaon Education Society's Gangamai College of Engineering, Nagaon, Tal Dist Dhule",0516937210,Electronics and Telecommunication Engg,60,51,0,9,0,1,60,OHU,3,2,2,0,1,0,1,0,1,0,0,0,0,0,1,1,0,1,13,2,1,2,1,6,0516937211T,3
1060,05169,"Nagaon Education Society's Gangamai College of Engineering, Nagaon, Tal Dist Dhule",0516961210,Mechanical Engineering,60,51,0,9,0,1,60,HU,9,4,3,2,1,1,1,1,0,1,1,0,1,0,4,1,2,1,33,2,1,2,1,6,,
1060,05169,"Nagaon Education Society's Gangamai College of Engineering, Nagaon, Tal Dist Dhule",0516961210,Mechanical Engineering,60,51,0,9,0,1,60,OHU,4,1,1,1,1,0,0,0,0,0,0,1,0,0,2,0,2,0,13,2,1,2,1,6,,
1061,05322,"Jamia Institute Of Engineering And Management Studies, Akkalkuwa",0532219110,Civil Engineering,60,14,31,3,12,0,48,HU,7,3,0,0,0,0,0,0,0,0,0,0,0,0,0,0,0,0,10,0,0,0,0,0,,
1061,05322,"Jamia Institute Of Engineering And Management Studies, Akkalkuwa",0532219110,Civil Engineering,60,14,31,3,12,0,48,OHU,3,1,0,0,0,0,0,0,0,0,0,0,0,0,0,0,0,0,4,0,0,0,0,0,,
1062,05322,"Jamia Institute Of Engineering And Management Studies, Akkalkuwa",0532229310,Electrical Engineering,30,8,15,1,6,0,24,HU,4,1,0,0,0,0,0,0,0,0,0,0,0,0,0,0,0,0,5,0,0,0,0,0,,
1062,05322,"Jamia Institute Of Engineering And Management Studies, Akkalkuwa",0532229310,Electrical Engineering,30,8,15,1,6,0,24,OHU,2,1,0,0,0,0,0,0,0,0,0,0,0,0,0,0,0,0,3,0,0,0,0,0,,
1063,05322,"Jamia Institute Of Engineering And Management Studies, Akkalkuwa",0532261210,Mechanical Engineering,30,8,15,1,6,0,24,HU,4,2,0,0,0,0,0,0,0,0,0,0,0,0,0,0,0,0,6,0,0,0,0,0,,
1063,05322,"Jamia Institute Of Engineering And Management Studies, Akkalkuwa",0532261210,Mechanical Engineering,30,8,15,1,6,0,24,OHU,1,1,0,0,0,0,0,0,0,0,0,0,0,0,0,0,0,0,2,0,0,0,0,0,,
1064,05381,"Shri. Jaykumar Rawal Institute of Technology, Dondaicha.",0538119110,Civil Engineering,60,51,0,9,0,1,60,HU,9,4,2,2,2,0,0,1,1,0,1,0,1,0,4,1,2,1,31,2,1,2,1,6,,
1064,05381,"Shri. Jaykumar Rawal Institute of Technology, Dondaicha.",0538119110,Civil Engineering,60,51,0,9,0,1,60,OHU,3,2,2,1,1,0,1,0,0,0,1,0,0,0,1,1,1,1,15,2,1,2,1,6,,
1065,05381,"Shri. Jaykumar Rawal Institute of Technology, Dondaicha.",0538124210,Computer Science and Engineering,60,51,0,9,0,1,60,HU,9,4,4,1,2,1,1,0,1,0,1,1,0,0,4,2,3,1,35,2,1,2,1,6,0538124211T,3
1065,05381,"Shri. Jaykumar Rawal Institute of Technology, Dondaicha.",0538124210,Computer Science and Engineering,60,51,0,9,0,1,60,OHU,4,1,0,1,0,1,0,0,1,0,0,0,1,0,1,0,1,0,11,2,1,2,1,6,0538124211T,3
1066,05381,"Shri. Jaykumar Rawal Institute of Technology, Dondaicha.",0538129310,Electrical Engineering,60,51,0,9,0,1,60,HU,9,4,3,2,1,1,1,0,0,1,1,0,0,1,4,1,2,1,32,2,1,2,1,6,,
1066,05381,"Shri. Jaykumar Rawal Institute of Technology, Dondaicha.",0538129310,Electrical Engineering,60,51,0,9,0,1,60,OHU,3,2,2,0,1,0,1,0,0,0,0,1,0,0,1,1,2,0,14,2,1,2,1,6,,
1067,05381,"Shri. Jaykumar Rawal Institute of Technology, Dondaicha.",0538161210,Mechanical Engineering,60,51,0,9,0,1,60,HU,9,4,3,1,2,1,1,0,0,0,0,1,1,0,4,2,3,1,33,2,1,2,1,6,,
1067,05381,"Shri. Jaykumar Rawal Institute of Technology, Dondaicha.",0538161210,Mechanical Engineering,60,51,0,9,0,1,60,OHU,4,1,1,1,1,0,0,0,1,0,1,0,0,0,2,0,0,1,13,2,1,2,1,6,,
1068,05381,"Shri. Jaykumar Rawal Institute of Technology, Dondaicha.",0538199510,Artificial Intelligence and Data Science,60,51,0,9,0,1,60,HU,9,4,4,1,2,0,1,1,1,0,2,0,0,0,3,2,2,1,33,2,1,2,1,6,0538199511T,3
1068,05381,"Shri. Jaykumar Rawal Institute of Technology, Dondaicha.",0538199510,Artificial Intelligence and Data Science,60,51,0,9,0,1,60,OHU,3,2,2,0,0,1,0,0,0,0,0,0,1,0,1,1,2,0,13,2,1,2,1,6,0538199511T,3
1069,03135,"Manjara Charitable Trust's Rajiv Gandhi Institute of Technology, Mumbai",0313524510,Computer Engineering,120,78,0,18,24,1,96,HU,14,6,4,2,2,1,1,1,1,0,1,1,1,0,7,3,4,2,51,4,0,4,0,12,0313524511T,6
1069,03135,"Manjara Charitable Trust's Rajiv Gandhi Institute of Technology, Mumbai",0313524510,Computer Engineering,120,78,0,18,24,1,96,OHU,5,2,1,1,2,0,0,0,0,1,0,0,0,1,2,1,1,1,18,4,0,4,0,12,0313524511T,6
1070,03135,"Manjara Charitable Trust's Rajiv Gandhi Institute of Technology, Mumbai",0313524610,Information Technology,120,78,0,18,24,1,96,HU,14,6,4,2,3,1,2,0,1,1,2,0,1,0,7,2,4,2,52,4,0,4,0,12,0313524611T,6
1070,03135,"Manjara Charitable Trust's Rajiv Gandhi Institute of Technology, Mumbai",0313524610,Information Technology,120,78,0,18,24,1,96,OHU,5,2,2,0,0,1,1,0,0,0,1,0,0,0,2,1,2,0,17,4,0,4,0,12,0313524611T,6
1071,03135,"Manjara Charitable Trust's Rajiv Gandhi Institute of Technology, Mumbai",0313537210,Electronics and Telecommunication Engg,120,78,0,18,24,1,96,HU,14,5,5,1,2,1,1,0,1,0,1,1,1,0,6,3,4,1,47,4,0,4,0,12,0313537211T,6
1071,03135,"Manjara Charitable Trust's Rajiv Gandhi Institute of Technology, Mumbai",0313537210,Electronics and Telecommunication Engg,120,78,0,18,24,1,96,OHU,5,3,1,1,2,0,1,0,1,0,0,1,1,0,2,1,2,1,22,4,0,4,0,12,0313537211T,6
1072,03135,"Manjara Charitable Trust's Rajiv Gandhi Institute of Technology, Mumbai",0313561210,Mechanical Engineering,60,39,0,9,12,0,48,HU,7,3,2,2,2,0,0,1,1,0,0,0,0,1,3,2,2,1,27,1,1,1,1,6,0313561211T,3
1072,03135,"Manjara Charitable Trust's Rajiv Gandhi Institute of Technology, Mumbai",0313561210,Mechanical Engineering,60,39,0,9,12,0,48,OHU,3,0,1,0,0,1,0,0,0,0,1,0,0,0,2,1,0,1,10,1,1,1,1,6,0313561211T,3
1073,03135,"Manjara Charitable Trust's Rajiv Gandhi Institute of Technology, Mumbai",0313599510,Artificial Intelligence and Data Science,60,39,0,9,12,0,48,HU,7,3,3,0,2,1,1,0,0,1,1,0,0,0,4,1,2,1,27,1,1,1,1,6,0313599511T,3
1073,03135,"Manjara Charitable Trust's Rajiv Gandhi Institute of Technology, Mumbai",0313599510,Artificial Intelligence and Data Science,60,39,0,9,12,0,48,OHU,2,2,1,1,0,0,0,0,0,0,0,0,1,0,2,0,1,0,10,1,1,1,1,6,0313599511T,3
1074,03143,"Thakur Shyamnarayan Engineering College, Mumbai",0314324510,Computer Engineering,60,14,31,3,12,0,48,HU,7,3,0,0,0,0,0,0,0,0,0,0,0,0,0,0,0,0,10,0,0,0,0,0,0314324511T,3
1074,03143,"Thakur Shyamnarayan Engineering College, Mumbai",0314324510,Computer Engineering,60,14,31,3,12,0,48,OHU,2,2,0,0,0,0,0,0,0,0,0,0,0,0,0,0,0,0,4,0,0,0,0,0,0314324511T,3
1075,03143,"Thakur Shyamnarayan Engineering College, Mumbai",0314324610,Information Technology,60,14,31,3,12,0,48,HU,7,3,0,0,0,0,0,0,0,0,0,0,0,0,0,0,0,0,10,0,0,0,0,0,0314324611T,3
1075,03143,"Thakur Shyamnarayan Engineering College, Mumbai",0314324610,Information Technology,60,14,31,3,12,0,48,OHU,3,1,0,0,0,0,0,0,0,0,0,0,0,0,0,0,0,0,4,0,0,0,0,0,0314324611T,3
1076,03143,"Thakur Shyamnarayan Engineering College, Mumbai",0314361210,Mechanical Engineering,60,14,31,3,12,0,48,HU,7,3,0,0,0,0,0,0,0,0,0,0,0,0,0,0,0,0,10,0,0,0,0,0,0314361211T,3
1076,03143,"Thakur Shyamnarayan Engineering College, Mumbai",0314361210,Mechanical Engineering,60,14,31,3,12,0,48,OHU,3,1,0,0,0,0,0,0,0,0,0,0,0,0,0,0,0,0,4,0,0,0,0,0,0314361211T,3
1077,03143,"Thakur Shyamnarayan Engineering College, Mumbai",0314384410,Electronics and Computer Engineering,60,14,31,3,12,0,48,HU,7,3,0,0,0,0,0,0,0,0,0,0,0,0,0,0,0,0,10,0,0,0,0,0,0314384411T,3
1077,03143,"Thakur Shyamnarayan Engineering College, Mumbai",0314384410,Electronics and Computer Engineering,60,14,31,3,12,0,48,OHU,3,1,0,0,0,0,0,0,0,0,0,0,0,0,0,0,0,0,4,0,0,0,0,0,0314384411T,3
1078,03143,"Thakur Shyamnarayan Engineering College, Mumbai",0314391110,Computer Science and Engineering(Artificial,60,14,31,3,12,0,48,HU,6,3,0,0,0,0,0,0,0,0,0,0,0,0,0,0,0,0,9,0,0,0,0,0,0314391111T,3
1078,03143,"Thakur Shyamnarayan Engineering College, Mumbai",0314391110,Computer Science and Engineering(Artificial,60,14,31,3,12,0,48,OHU,3,2,0,0,0,0,0,0,0,0,0,0,0,0,0,0,0,0,5,0,0,0,0,0,0314391111T,3
1079,03146,"Jawahar Education Society's Annasaheb Chudaman Patil College of Engineering,Kharghar, Navi Mumbai",0314624510,Computer Engineering,120,78,0,18,24,1,96,HU,14,6,4,2,2,1,1,1,1,0,1,1,1,0,6,3,4,1,49,4,0,4,0,12,0314624511T,6
1079,03146,"Jawahar Education Society's Annasaheb Chudaman Patil College of Engineering,Kharghar, Navi Mumbai",0314624510,Computer Engineering,120,78,0,18,24,1,96,OHU,5,2,1,1,2,0,0,1,1,0,1,0,0,1,2,1,2,0,20,4,0,4,0,12,0314624511T,6
1080,03146,"Jawahar Education Society's Annasaheb Chudaman Patil College of Engineering,Kharghar, Navi Mumbai",0314624610,Information Technology,60,39,0,9,12,0,48,HU,6,3,2,1,1,1,1,0,1,0,1,0,1,0,4,1,2,1,26,1,1,1,1,6,0314624611T,3
1080,03146,"Jawahar Education Society's Annasaheb Chudaman Patil College of Engineering,Kharghar, Navi Mumbai",0314624610,Information Technology,60,39,0,9,12,0,48,OHU,3,1,2,0,0,1,0,0,0,0,0,0,0,0,2,1,0,1,11,1,1,1,1,6,0314624611T,3
1081,03146,"Jawahar Education Society's Annasaheb Chudaman Patil College of Engineering,Kharghar, Navi Mumbai",0314629310,Electrical Engineering,60,48,0,9,3,0,57,HU,8,4,3,1,2,1,0,0,0,0,0,1,0,1,5,2,2,1,31,1,1,1,1,6,,
1081,03146,"Jawahar Education Society's Annasaheb Chudaman Patil College of Engineering,Kharghar, Navi Mumbai",0314629310,Electrical Engineering,60,48,0,9,3,0,57,OHU,4,1,1,1,0,0,1,0,1,0,0,1,0,0,2,1,2,0,15,1,1,1,1,6,,
1082,03146,"Jawahar Education Society's Annasaheb Chudaman Patil College of Engineering,Kharghar, Navi Mumbai",0314637210,Electronics and Telecommunication Engg,60,45,0,9,6,0,54,HU,9,3,3,2,2,0,1,1,1,0,2,0,0,0,4,2,3,1,34,1,1,1,1,6,0314637211T,3
1082,03146,"Jawahar Education Society's Annasaheb Chudaman Patil College of Engineering,Kharghar, Navi Mumbai",0314637210,Electronics and Telecommunication Engg,60,45,0,9,6,0,54,OHU,2,2,1,0,1,0,0,0,0,0,0,0,0,0,2,0,0,1,9,1,1,1,1,6,0314637211T,3
1083,03146,"Jawahar Education Society's Annasaheb Chudaman Patil College of Engineering,Kharghar, Navi Mumbai",0314661210,Mechanical Engineering,30,25,0,5,0,0,30,HU,4,2,2,0,0,1,0,0,0,1,0,0,1,0,2,1,1,1,16,1,0,1,0,3,,
1083,03146,"Jawahar Education Society's Annasaheb Chudaman Patil College of Engineering,Kharghar, Navi Mumbai",0314661210,Mechanical Engineering,30,25,0,5,0,0,30,OHU,1,1,1,0,1,0,0,0,0,0,0,0,0,0,1,1,1,0,7,1,0,1,0,3,,
1084,03146,"Jawahar Education Society's Annasaheb Chudaman Patil College of Engineering,Kharghar, Navi Mumbai",0314692010,Computer Science and Engineering (Internet of,60,39,0,9,12,0,48,HU,7,3,2,1,2,0,0,0,1,0,0,0,0,0,3,2,1,1,23,1,1,1,1,6,0314692011T,3
1084,03146,"Jawahar Education Society's Annasaheb Chudaman Patil College of Engineering,Kharghar, Navi Mumbai",0314692010,Computer Science and Engineering (Internet of,60,39,0,9,12,0,48,OHU,3,1,1,1,1,0,1,0,0,0,1,0,1,0,1,1,1,1,14,1,1,1,1,6,0314692011T,3
1085,03146,"Jawahar Education Society's Annasaheb Chudaman Patil College of Engineering,Kharghar, Navi Mumbai",0314699510,Artificial Intelligence and Data Science,120,78,0,18,24,1,96,HU,14,6,4,2,3,1,2,0,1,0,1,1,1,0,7,3,4,1,51,4,0,4,0,12,0314699511T,6
1085,03146,"Jawahar Education Society's Annasaheb Chudaman Patil College of Engineering,Kharghar, Navi Mumbai",0314699510,Artificial Intelligence and Data Science,120,78,0,18,24,1,96,OHU,5,2,1,1,0,1,1,0,0,1,1,0,0,0,2,1,2,0,18,4,0,4,0,12,0314699511T,6
1086,03147,"Saraswati Education Society, Yadavrao Tasgaonkar Institute of Engineering & Technology, Karjat",0314719110,Civil Engineering,30,25,0,5,0,0,30,HU,4,2,1,1,0,1,0,0,0,1,0,0,0,1,2,1,1,1,16,1,0,1,0,3,,
1086,03147,"Saraswati Education Society, Yadavrao Tasgaonkar Institute of Engineering & Technology, Karjat",0314719110,Civil Engineering,30,25,0,5,0,0,30,OHU,1,1,1,0,1,0,0,0,0,0,0,0,0,0,2,0,1,0,7,1,0,1,0,3,,
1087,03147,"Saraswati Education Society, Yadavrao Tasgaonkar Institute of Engineering & Technology, Karjat",0314724510,Computer Engineering,60,39,0,9,12,0,48,HU,7,3,3,1,1,0,1,1,0,0,2,0,0,0,4,1,2,1,27,1,1,1,1,6,,
1087,03147,"Saraswati Education Society, Yadavrao Tasgaonkar Institute of Engineering & Technology, Karjat",0314724510,Computer Engineering,60,39,0,9,12,0,48,OHU,3,1,1,0,1,0,0,0,1,0,0,0,0,0,1,1,0,1,10,1,1,1,1,6,,
1088,03147,"Saraswati Education Society, Yadavrao Tasgaonkar Institute of Engineering & Technology, Karjat",0314724610,Information Technology,60,39,0,9,12,0,48,HU,7,3,2,1,2,1,1,0,1,0,0,0,0,0,4,2,2,0,26,1,1,1,1,6,,
1088,03147,"Saraswati Education Society, Yadavrao Tasgaonkar Institute of Engineering & Technology, Karjat",0314724610,Information Technology,60,39,0,9,12,0,48,OHU,3,1,1,1,0,0,0,0,0,0,0,1,1,0,2,0,1,0,11,1,1,1,1,6,,
1089,03147,"Saraswati Education Society, Yadavrao Tasgaonkar Institute of Engineering & Technology, Karjat",0314729310,Electrical Engineering,30,25,0,5,0,0,30,HU,4,2,2,0,1,0,0,0,1,0,0,1,1,0,2,0,1,1,16,1,0,1,0,3,,
1089,03147,"Saraswati Education Society, Yadavrao Tasgaonkar Institute of Engineering & Technology, Karjat",0314729310,Electrical Engineering,30,25,0,5,0,0,30,OHU,1,1,1,0,0,1,0,1,0,0,0,0,0,0,1,1,0,0,7,1,0,1,0,3,,
1090,03147,"Saraswati Education Society, Yadavrao Tasgaonkar Institute of Engineering & Technology, Karjat",0314761210,Mechanical Engineering,60,51,0,9,0,1,60,HU,9,4,3,2,1,1,1,0,0,0,2,0,1,0,4,2,2,1,33,2,1,2,1,6,,
1090,03147,"Saraswati Education Society, Yadavrao Tasgaonkar Institute of Engineering & Technology, Karjat",0314761210,Mechanical Engineering,60,51,0,9,0,1,60,OHU,3,2,1,1,1,0,0,0,1,0,0,0,0,0,1,1,1,1,13,2,1,2,1,6,,
1091,03147,"Saraswati Education Society, Yadavrao Tasgaonkar Institute of Engineering & Technology, Karjat",0314791710,Data Science,30,25,0,5,0,0,30,HU,4,2,1,1,1,0,0,1,0,1,0,0,0,0,2,1,2,0,16,1,0,1,0,3,,
1091,03147,"Saraswati Education Society, Yadavrao Tasgaonkar Institute of Engineering & Technology, Karjat",0314791710,Data Science,30,25,0,5,0,0,30,OHU,2,0,1,0,1,0,0,0,0,0,1,0,1,0,1,0,0,0,7,1,0,1,0,3,,
1092,03147,"Saraswati Education Society, Yadavrao Tasgaonkar Institute of Engineering & Technology, Karjat",0314792110,Artificial Intelligence and Machine Learning,30,25,0,5,0,0,30,HU,3,3,2,0,1,1,0,0,1,0,0,0,1,0,3,1,1,1,18,1,0,1,0,3,,
1092,03147,"Saraswati Education Society, Yadavrao Tasgaonkar Institute of Engineering & Technology, Karjat",0314792110,Artificial Intelligence and Machine Learning,30,25,0,5,0,0,30,OHU,1,1,1,0,0,0,0,0,0,0,0,0,0,0,1,0,1,0,5,1,0,1,0,3,,
1093,03154,"Saraswati Education Society's Saraswati College of Engineering,Kharghar Navi Mumbai",0315419110,Civil Engineering,90,58,0,14,18,1,72,HU,11,4,3,2,2,1,1,0,1,0,1,1,0,1,4,2,3,1,38,2,1,2,1,9,,
1093,03154,"Saraswati Education Society's Saraswati College of Engineering,Kharghar Navi Mumbai",0315419110,Civil Engineering,90,58,0,14,18,1,72,OHU,4,2,1,1,0,1,1,0,0,0,0,0,0,0,2,1,1,1,15,2,1,2,1,9,,
1094,03154,"Saraswati Education Society's Saraswati College of Engineering,Kharghar Navi Mumbai",0315424510,Computer Engineering,120,78,0,18,24,1,96,HU,14,6,5,1,2,1,1,0,1,0,2,0,1,0,7,3,3,2,49,4,0,4,0,12,0315424511T,6
1094,03154,"Saraswati Education Society's Saraswati College of Engineering,Kharghar Navi Mumbai",0315424510,Computer Engineering,120,78,0,18,24,1,96,OHU,5,2,2,0,2,0,1,0,0,1,1,0,0,1,2,1,2,0,20,4,0,4,0,12,0315424511T,6
1095,03154,"Saraswati Education Society's Saraswati College of Engineering,Kharghar Navi Mumbai",0315424610,Information Technology,120,78,0,18,24,1,96,HU,13,6,4,2,3,1,2,1,0,1,1,1,1,1,6,3,4,1,51,4,0,4,0,12,0315424611T,6
1095,03154,"Saraswati Education Society's Saraswati College of Engineering,Kharghar Navi Mumbai",0315424610,Information Technology,120,78,0,18,24,1,96,OHU,5,2,1,1,1,0,0,0,1,0,1,0,0,0,2,1,2,1,18,4,0,4,0,12,0315424611T,6
1096,03154,"Saraswati Education Society's Saraswati College of Engineering,Kharghar Navi Mumbai",0315460210,Automobile Engineering,30,19,0,5,6,0,24,HU,3,2,1,1,0,0,0,0,0,0,1,0,0,0,2,1,1,0,12,1,0,1,0,3,,
1096,03154,"Saraswati Education Society's Saraswati College of Engineering,Kharghar Navi Mumbai",0315460210,Automobile Engineering,30,19,0,5,6,0,24,OHU,0,1,1,0,0,1,0,1,0,0,0,0,0,0,1,0,0,0,5,1,0,1,0,3,,
1097,03154,"Saraswati Education Society's Saraswati College of Engineering,Kharghar Navi Mumbai",0315461210,Mechanical Engineering,60,39,0,9,12,0,48,HU,7,3,3,1,2,0,1,0,1,0,0,0,0,0,3,1,2,1,25,1,1,1,1,6,,
1097,03154,"Saraswati Education Society's Saraswati College of Engineering,Kharghar Navi Mumbai",0315461210,Mechanical Engineering,60,39,0,9,12,0,48,OHU,3,1,0,1,1,0,0,0,0,0,0,1,1,0,2,1,1,0,12,1,1,1,1,6,,
1098,03154,"Saraswati Education Society's Saraswati College of Engineering,Kharghar Navi Mumbai",0315491110,Computer Science and Engineering(Artificial,120,78,0,18,24,1,96,HU,14,6,4,2,2,2,0,1,1,0,1,1,2,0,7,3,4,2,52,4,0,4,0,12,0315491111T,6
1098,03154,"Saraswati Education Society's Saraswati College of Engineering,Kharghar Navi Mumbai",0315491110,Computer Science and Engineering(Artificial,120,78,0,18,24,1,96,OHU,5,2,2,0,1,0,1,0,1,0,0,0,0,0,2,1,1,1,17,4,0,4,0,12,0315491111T,6
1099,03154,"Saraswati Education Society's Saraswati College of Engineering,Kharghar Navi Mumbai",0315491210,Computer Science and Engineering(Data Science),60,39,0,9,12,0,48,HU,7,3,2,1,2,0,1,0,0,1,0,0,0,0,4,1,1,1,24,1,1,1,1,6,0315491211T,3
1099,03154,"Saraswati Education Society's Saraswati College of Engineering,Kharghar Navi Mumbai",0315491210,Computer Science and Engineering(Data Science),60,39,0,9,12,0,48,OHU,3,1,1,1,0,1,0,0,0,0,1,0,1,0,1,1,1,1,13,1,1,1,1,6,0315491211T,3
1100,03175,"M.G.M.'s College of Engineering and Technology, Kamothe, Navi Mumbai",0317519110,Civil Engineering,60,51,0,9,0,1,60,HU,10,3,4,1,1,1,1,0,1,0,1,1,0,1,4,2,3,1,35,2,1,2,1,6,,
1100,03175,"M.G.M.'s College of Engineering and Technology, Kamothe, Navi Mumbai",0317519110,Civil Engineering,60,51,0,9,0,1,60,OHU,3,2,2,0,1,0,0,0,0,0,0,0,0,0,2,0,1,0,11,2,1,2,1,6,,
1101,03175,"M.G.M.'s College of Engineering and Technology, Kamothe, Navi Mumbai",0317524510,Computer Engineering,180,117,0,27,36,1,144,HU,21,9,7,3,4,2,1,1,1,1,3,0,2,0,10,4,5,2,76,5,1,5,1,18,0317524511T,9
1101,03175,"M.G.M.'s College of Engineering and Technology, Kamothe, Navi Mumbai",0317524510,Computer Engineering,180,117,0,27,36,1,144,OHU,8,4,2,1,1,1,1,0,0,1,1,0,0,1,4,2,2,1,30,5,1,5,1,18,0317524511T,9
1102,03175,"M.G.M.'s College of Engineering and Technology, Kamothe, Navi Mumbai",0317524610,Information Technology,60,39,0,9,12,0,48,HU,7,3,2,1,2,0,1,0,1,0,0,0,1,0,3,2,2,1,26,1,1,1,1,6,0317524611T,3
1102,03175,"M.G.M.'s College of Engineering and Technology, Kamothe, Navi Mumbai",0317524610,Information Technology,60,39,0,9,12,0,48,OHU,3,1,1,1,1,0,0,0,0,0,0,1,0,0,1,1,1,0,11,1,1,1,1,6,0317524611T,3
1103,03175,"M.G.M.'s College of Engineering and Technology, Kamothe, Navi Mumbai",0317529310,Electrical Engineering,60,51,0,9,0,1,60,HU,9,4,3,2,2,1,0,1,0,0,1,1,0,1,4,1,3,1,34,2,1,2,1,6,,
1103,03175,"M.G.M.'s College of Engineering and Technology, Kamothe, Navi Mumbai",0317529310,Electrical Engineering,60,51,0,9,0,1,60,OHU,4,1,1,0,1,0,0,1,1,0,0,0,0,0,2,0,1,0,12,2,1,2,1,6,,
1104,03175,"M.G.M.'s College of Engineering and Technology, Kamothe, Navi Mumbai",0317537210,Electronics and Telecommunication Engg,60,45,0,9,6,0,54,HU,8,4,3,1,1,1,1,0,2,0,1,0,0,0,4,2,1,1,30,1,1,1,1,6,0317537211T,3
1104,03175,"M.G.M.'s College of Engineering and Technology, Kamothe, Navi Mumbai",0317537210,Electronics and Telecommunication Engg,60,45,0,9,6,0,54,OHU,3,1,1,1,1,0,0,0,0,0,1,0,1,0,1,1,1,1,13,1,1,1,1,6,0317537211T,3
1105,03175,"M.G.M.'s College of Engineering and Technology, Kamothe, Navi Mumbai",0317546110,Bio Medical Engineering,30,25,0,5,0,0,30,HU,4,2,2,0,1,0,0,0,0,0,0,0,1,0,3,1,2,0,16,1,0,1,0,3,,
1105,03175,"M.G.M.'s College of Engineering and Technology, Kamothe, Navi Mumbai",0317546110,Bio Medical Engineering,30,25,0,5,0,0,30,OHU,1,1,1,0,0,1,1,0,0,0,0,0,0,0,1,0,1,0,7,1,0,1,0,3,,
1106,03175,"M.G.M.'s College of Engineering and Technology, Kamothe, Navi Mumbai",0317550710,Chemical Engineering,60,51,0,9,0,1,60,HU,9,4,3,2,1,1,1,0,0,0,0,1,1,0,4,2,2,2,33,2,1,2,1,6,,
1106,03175,"M.G.M.'s College of Engineering and Technology, Kamothe, Navi Mumbai",0317550710,Chemical Engineering,60,51,0,9,0,1,60,OHU,3,2,1,1,1,0,0,0,1,0,1,0,0,0,1,1,0,1,13,2,1,2,1,6,,
1107,03175,"M.G.M.'s College of Engineering and Technology, Kamothe, Navi Mumbai",0317561210,Mechanical Engineering,60,51,0,9,0,1,60,HU,9,4,3,1,3,0,1,0,0,1,2,0,0,0,3,2,3,0,32,2,1,2,1,6,,
1107,03175,"M.G.M.'s College of Engineering and Technology, Kamothe, Navi Mumbai",0317561210,Mechanical Engineering,60,51,0,9,0,1,60,OHU,4,1,2,0,1,0,1,0,0,0,0,0,1,0,2,0,2,0,14,2,1,2,1,6,,
1108,03175,"M.G.M.'s College of Engineering and Technology, Kamothe, Navi Mumbai",0317591110,Computer Science and Engineering(Artificial,60,45,0,9,6,0,54,HU,8,3,3,1,1,1,0,1,1,0,0,1,0,1,4,2,2,2,31,1,1,1,1,6,0317591111T,3
1108,03175,"M.G.M.'s College of Engineering and Technology, Kamothe, Navi Mumbai",0317591110,Computer Science and Engineering(Artificial,60,45,0,9,6,0,54,OHU,3,2,1,1,0,1,0,0,0,0,0,0,0,0,2,1,1,0,12,1,1,1,1,6,0317591111T,3
1109,03175,"M.G.M.'s College of Engineering and Technology, Kamothe, Navi Mumbai",0317591210,Computer Science and Engineering(Data Science),60,45,0,9,6,0,54,HU,8,4,2,2,1,1,2,0,1,0,1,0,1,0,5,1,2,1,32,1,1,1,1,6,0317591211T,3
1109,03175,"M.G.M.'s College of Engineering and Technology, Kamothe, Navi Mumbai",0317591210,Computer Science and Engineering(Data Science),60,45,0,9,6,0,54,OHU,3,1,1,1,1,0,0,0,0,0,0,1,0,0,1,1,0,1,11,1,1,1,1,6,0317591211T,3
1110,03175,"M.G.M.'s College of Engineering and Technology, Kamothe, Navi Mumbai",0317591610,Automation and Robotics,60,51,0,9,0,1,60,HU,9,4,4,1,2,0,0,0,0,0,1,0,1,0,4,2,3,0,31,2,1,2,1,6,0317591611T,3
1110,03175,"M.G.M.'s College of Engineering and Technology, Kamothe, Navi Mumbai",0317591610,Automation and Robotics,60,51,0,9,0,1,60,OHU,3,2,2,0,1,0,1,0,1,0,1,0,0,0,2,0,2,0,15,2,1,2,1,6,0317591611T,3
1111,03182,"Thadomal Shahani Engineering College, Bandra, Mumbai",0318224510,Computer Engineering,180,44,92,8,36,0,144,HU,21,9,0,0,0,0,0,0,0,0,0,0,0,0,0,0,0,0,30,0,0,0,0,0,0318224511T,9
1111,03182,"Thadomal Shahani Engineering College, Bandra, Mumbai",0318224510,Computer Engineering,180,44,92,8,36,0,144,OHU,10,4,0,0,0,0,0,0,0,0,0,0,0,0,0,0,0,0,14,0,0,0,0,0,0318224511T,9
1112,03182,"Thadomal Shahani Engineering College, Bandra, Mumbai",0318224610,Information Technology,120,30,61,5,24,0,96,HU,15,6,0,0,0,0,0,0,0,0,0,0,0,0,0,0,0,0,21,0,0,0,0,0,0318224611T,6
1112,03182,"Thadomal Shahani Engineering College, Bandra, Mumbai",0318224610,Information Technology,120,30,61,5,24,0,96,OHU,6,3,0,0,0,0,0,0,0,0,0,0,0,0,0,0,0,0,9,0,0,0,0,0,0318224611T,6
1113,03182,"Thadomal Shahani Engineering College, Bandra, Mumbai",0318237210,Electronics and Telecommunication Engg,60,14,31,3,12,0,48,HU,7,3,0,0,0,0,0,0,0,0,0,0,0,0,0,0,0,0,10,0,0,0,0,0,0318237211T,3
1113,03182,"Thadomal Shahani Engineering College, Bandra, Mumbai",0318237210,Electronics and Telecommunication Engg,60,14,31,3,12,0,48,OHU,3,1,0,0,0,0,0,0,0,0,0,0,0,0,0,0,0,0,4,0,0,0,0,0,0318237211T,3
1114,03182,"Thadomal Shahani Engineering College, Bandra, Mumbai",0318250710,Chemical Engineering,60,14,31,3,12,0,48,HU,7,3,0,0,0,0,0,0,0,0,0,0,0,0,0,0,0,0,10,0,0,0,0,0,0318250711T,3
1114,03182,"Thadomal Shahani Engineering College, Bandra, Mumbai",0318250710,Chemical Engineering,60,14,31,3,12,0,48,OHU,3,1,0,0,0,0,0,0,0,0,0,0,0,0,0,0,0,0,4,0,0,0,0,0,0318250711T,3
1115,03182,"Thadomal Shahani Engineering College, Bandra, Mumbai",0318299510,Artificial Intelligence and Data Science,120,30,61,5,24,0,96,HU,14,7,0,0,0,0,0,0,0,0,0,0,0,0,0,0,0,0,21,0,0,0,0,0,0318299511T,6
1115,03182,"Thadomal Shahani Engineering College, Bandra, Mumbai",0318299510,Artificial Intelligence and Data Science,120,30,61,5,24,0,96,OHU,6,3,0,0,0,0,0,0,0,0,0,0,0,0,0,0,0,0,9,0,0,0,0,0,0318299511T,6
1116,03183,"Anjuman-I-Islam's M.H. Saboo Siddik College of Engineering, Byculla, Mumbai",0318319110,Civil Engineering,60,20,31,3,6,0,54,HU,10,4,0,0,0,0,0,0,0,0,0,0,0,0,0,0,0,0,14,0,0,0,0,0,,
1116,03183,"Anjuman-I-Islam's M.H. Saboo Siddik College of Engineering, Byculla, Mumbai",0318319110,Civil Engineering,60,20,31,3,6,0,54,OHU,5,1,0,0,0,0,0,0,0,0,0,0,0,0,0,0,0,0,6,0,0,0,0,0,,
1117,03183,"Anjuman-I-Islam's M.H. Saboo Siddik College of Engineering, Byculla, Mumbai",0318324510,Computer Engineering,60,14,31,3,12,0,48,HU,7,3,0,0,0,0,0,0,0,0,0,0,0,0,0,0,0,0,10,0,0,0,0,0,0318324511T,3
1117,03183,"Anjuman-I-Islam's M.H. Saboo Siddik College of Engineering, Byculla, Mumbai",0318324510,Computer Engineering,60,14,31,3,12,0,48,OHU,2,2,0,0,0,0,0,0,0,0,0,0,0,0,0,0,0,0,4,0,0,0,0,0,0318324511T,3
1118,03183,"Anjuman-I-Islam's M.H. Saboo Siddik College of Engineering, Byculla, Mumbai",0318324610,Information Technology,60,14,31,3,12,0,48,HU,7,3,0,0,0,0,0,0,0,0,0,0,0,0,0,0,0,0,10,0,0,0,0,0,0318324611T,3
1118,03183,"Anjuman-I-Islam's M.H. Saboo Siddik College of Engineering, Byculla, Mumbai",0318324610,Information Technology,60,14,31,3,12,0,48,OHU,3,1,0,0,0,0,0,0,0,0,0,0,0,0,0,0,0,0,4,0,0,0,0,0,0318324611T,3
1119,03183,"Anjuman-I-Islam's M.H. Saboo Siddik College of Engineering, Byculla, Mumbai",0318337210,Electronics and Telecommunication Engg,60,20,31,3,6,0,54,HU,10,4,0,0,0,0,0,0,0,0,0,0,0,0,0,0,0,0,14,0,0,0,0,0,0318337211T,3
1119,03183,"Anjuman-I-Islam's M.H. Saboo Siddik College of Engineering, Byculla, Mumbai",0318337210,Electronics and Telecommunication Engg,60,20,31,3,6,0,54,OHU,4,2,0,0,0,0,0,0,0,0,0,0,0,0,0,0,0,0,6,0,0,0,0,0,0318337211T,3
1120,03183,"Anjuman-I-Islam's M.H. Saboo Siddik College of Engineering, Byculla, Mumbai",0318361210,Mechanical Engineering,30,10,15,2,3,0,27,HU,5,2,0,0,0,0,0,0,0,0,0,0,0,0,0,0,0,0,7,0,0,0,0,0,,
1120,03183,"Anjuman-I-Islam's M.H. Saboo Siddik College of Engineering, Byculla, Mumbai",0318361210,Mechanical Engineering,30,10,15,2,3,0,27,OHU,2,1,0,0,0,0,0,0,0,0,0,0,0,0,0,0,0,0,3,0,0,0,0,0,,
1121,03183,"Anjuman-I-Islam's M.H. Saboo Siddik College of Engineering, Byculla, Mumbai",0318361610,Mechanical Engineering Automobile,30,10,15,2,3,0,27,HU,5,2,0,0,0,0,0,0,0,0,0,0,0,0,0,0,0,0,7,0,0,0,0,0,0318361611T,2
1121,03183,"Anjuman-I-Islam's M.H. Saboo Siddik College of Engineering, Byculla, Mumbai",0318361610,Mechanical Engineering Automobile,30,10,15,2,3,0,27,OHU,3,0,0,0,0,0,0,0,0,0,0,0,0,0,0,0,0,0,3,0,0,0,0,0,0318361611T,2
1122,03183,"Anjuman-I-Islam's M.H. Saboo Siddik College of Engineering, Byculla, Mumbai",0318391110,Computer Science and Engineering(Artificial,60,14,31,3,12,0,48,HU,6,3,0,0,0,0,0,0,0,0,0,0,0,0,0,0,0,0,9,0,0,0,0,0,0318391111T,3
1122,03183,"Anjuman-I-Islam's M.H. Saboo Siddik College of Engineering, Byculla, Mumbai",0318391110,Computer Science and Engineering(Artificial,60,14,31,3,12,0,48,OHU,3,2,0,0,0,0,0,0,0,0,0,0,0,0,0,0,0,0,5,0,0,0,0,0,0318391111T,3
1123,03183,"Anjuman-I-Islam's M.H. Saboo Siddik College of Engineering, Byculla, Mumbai",0318392010,Computer Science and Engineering (Internet of,60,14,31,3,12,0,48,HU,7,3,0,0,0,0,0,0,0,0,0,0,0,0,0,0,0,0,10,0,0,0,0,0,0318392011T,3
1123,03183,"Anjuman-I-Islam's M.H. Saboo Siddik College of Engineering, Byculla, Mumbai",0318392010,Computer Science and Engineering (Internet of,60,14,31,3,12,0,48,OHU,3,1,0,0,0,0,0,0,0,0,0,0,0,0,0,0,0,0,4,0,0,0,0,0,0318392011T,3
1124,03187,"N.Y.S.S.'s Datta Meghe College of Engineering, Airoli, Navi Mumbai",0318719110,Civil Engineering,120,78,0,18,24,1,96,HU,14,6,4,2,3,2,1,1,1,1,1,1,0,0,6,3,3,2,51,4,0,4,0,12,0318719111T,6
1124,03187,"N.Y.S.S.'s Datta Meghe College of Engineering, Airoli, Navi Mumbai",0318719110,Civil Engineering,120,78,0,18,24,1,96,OHU,5,2,1,1,0,1,0,1,0,0,1,0,0,1,2,1,1,1,18,4,0,4,0,12,0318719111T,6
1125,03187,"N.Y.S.S.'s Datta Meghe College of Engineering, Airoli, Navi Mumbai",0318724510,Computer Engineering,180,117,0,27,36,1,144,HU,21,9,7,3,4,1,1,1,1,1,2,1,1,1,10,4,6,2,76,5,1,5,1,18,0318724511T,9
1125,03187,"N.Y.S.S.'s Datta Meghe College of Engineering, Airoli, Navi Mumbai",0318724510,Computer Engineering,180,117,0,27,36,1,144,OHU,9,3,2,1,3,0,1,0,0,1,1,0,1,0,4,2,1,1,30,5,1,5,1,18,0318724511T,9
1126,03187,"N.Y.S.S.'s Datta Meghe College of Engineering, Airoli, Navi Mumbai",0318724610,Information Technology,180,117,0,27,36,1,144,HU,22,9,6,3,4,2,3,0,2,0,2,1,2,0,10,4,5,2,77,5,1,5,1,18,0318724611T,9
1126,03187,"N.Y.S.S.'s Datta Meghe College of Engineering, Airoli, Navi Mumbai",0318724610,Information Technology,180,117,0,27,36,1,144,OHU,8,4,3,1,1,1,0,0,1,0,0,1,0,0,4,2,3,0,29,5,1,5,1,18,0318724611T,9
1127,03187,"N.Y.S.S.'s Datta Meghe College of Engineering, Airoli, Navi Mumbai",0318737210,Electronics and Telecommunication Engg,120,78,0,18,24,1,96,HU,13,6,5,1,2,1,1,1,1,0,2,0,0,1,7,3,3,2,49,4,0,4,0,12,0318737211T,6
1127,03187,"N.Y.S.S.'s Datta Meghe College of Engineering, Airoli, Navi Mumbai",0318737210,Electronics and Telecommunication Engg,120,78,0,18,24,1,96,OHU,5,2,2,0,1,1,1,0,1,0,1,0,1,0,2,1,1,1,20,4,0,4,0,12,0318737211T,6
1128,03187,"N.Y.S.S.'s Datta Meghe College of Engineering, Airoli, Navi Mumbai",0318750710,Chemical Engineering,60,39,0,9,12,0,48,HU,7,3,2,2,1,1,0,0,0,1,1,1,0,0,3,2,2,1,27,1,1,1,1,6,,
1128,03187,"N.Y.S.S.'s Datta Meghe College of Engineering, Airoli, Navi Mumbai",0318750710,Chemical Engineering,60,39,0,9,12,0,48,OHU,3,1,0,1,1,0,0,1,0,0,0,0,0,0,2,0,1,0,10,1,1,1,1,6,,
1129,03187,"N.Y.S.S.'s Datta Meghe College of Engineering, Airoli, Navi Mumbai",0318761210,Mechanical Engineering,60,39,0,9,12,0,48,HU,7,3,3,0,2,0,1,0,1,0,0,0,1,0,4,1,2,0,25,1,1,1,1,6,,
1129,03187,"N.Y.S.S.'s Datta Meghe College of Engineering, Airoli, Navi Mumbai",0318761210,Mechanical Engineering,60,39,0,9,12,0,48,OHU,3,1,2,0,1,0,0,0,0,0,1,0,0,0,1,1,1,1,12,1,1,1,1,6,,
1130,03187,"N.Y.S.S.'s Datta Meghe College of Engineering, Airoli, Navi Mumbai",0318791810,Civil and infrastructure Engineering,60,39,0,9,12,0,48,HU,7,3,2,2,2,1,0,1,0,0,1,0,1,0,3,2,2,1,28,1,1,1,1,6,,
1130,03187,"N.Y.S.S.'s Datta Meghe College of Engineering, Airoli, Navi Mumbai",0318791810,Civil and infrastructure Engineering,60,39,0,9,12,0,48,OHU,2,1,0,1,0,0,0,0,0,1,0,0,0,0,2,1,1,0,9,1,1,1,1,6,,
1131,03187,"N.Y.S.S.'s Datta Meghe College of Engineering, Airoli, Navi Mumbai",0318799510,Artificial Intelligence and Data Science,180,117,0,27,36,1,144,HU,22,9,7,2,3,2,2,0,1,1,2,1,0,1,11,4,5,2,75,5,1,5,1,18,0318799511T,9
1131,03187,"N.Y.S.S.'s Datta Meghe College of Engineering, Airoli, Navi Mumbai",0318799510,Artificial Intelligence and Data Science,180,117,0,27,36,1,144,OHU,8,4,3,1,2,1,1,0,1,0,1,1,1,0,4,1,1,1,31,5,1,5,1,18,0318799511T,9
1132,03188,"Vasantdada Patil Pratishthan's College Of Engineering and Visual Arts, Sion, Mumbai",0318824510,Computer Engineering,120,78,0,18,24,1,96,HU,13,6,4,2,3,1,1,1,2,0,1,1,1,0,6,3,4,2,51,4,0,4,0,12,0318824511T,6
1132,03188,"Vasantdada Patil Pratishthan's College Of Engineering and Visual Arts, Sion, Mumbai",0318824510,Computer Engineering,120,78,0,18,24,1,96,OHU,5,2,2,0,1,0,1,0,0,0,0,0,0,1,2,2,2,0,18,4,0,4,0,12,0318824511T,6
1133,03188,"Vasantdada Patil Pratishthan's College Of Engineering and Visual Arts, Sion, Mumbai",0318824610,Information Technology,120,78,0,18,24,1,96,HU,14,5,4,2,3,1,1,0,0,1,2,0,1,0,6,3,3,2,48,4,0,4,0,12,0318824611T,6
1133,03188,"Vasantdada Patil Pratishthan's College Of Engineering and Visual Arts, Sion, Mumbai",0318824610,Information Technology,120,78,0,18,24,1,96,OHU,6,2,1,1,1,1,0,1,1,0,1,0,0,0,3,0,2,1,21,4,0,4,0,12,0318824611T,6
1134,03188,"Vasantdada Patil Pratishthan's College Of Engineering and Visual Arts, Sion, Mumbai",0318862410,Mechatronics Engineering,60,45,0,9,6,0,54,HU,8,4,3,1,1,1,1,0,1,0,1,0,0,1,5,1,2,1,31,1,1,1,1,6,0318862411T,3
1134,03188,"Vasantdada Patil Pratishthan's College Of Engineering and Visual Arts, Sion, Mumbai",0318862410,Mechatronics Engineering,60,45,0,9,6,0,54,OHU,2,2,1,1,1,0,0,0,0,0,0,1,0,0,2,1,0,1,12,1,1,1,1,6,0318862411T,3
1135,03188,"Vasantdada Patil Pratishthan's College Of Engineering and Visual Arts, Sion, Mumbai",0318890010,Electronics and Computer Science,60,39,0,9,12,0,48,HU,7,3,3,1,1,0,0,1,1,0,0,1,0,0,3,2,2,1,26,1,1,1,1,6,0318890011T,3
1135,03188,"Vasantdada Patil Pratishthan's College Of Engineering and Visual Arts, Sion, Mumbai",0318890010,Electronics and Computer Science,60,39,0,9,12,0,48,OHU,3,1,1,0,0,1,1,0,0,0,0,0,1,0,1,1,1,0,11,1,1,1,1,6,0318890011T,3
1136,03188,"Vasantdada Patil Pratishthan's College Of Engineering and Visual Arts, Sion, Mumbai",0318891110,Computer Science and Engineering(Artificial,60,39,0,9,12,0,48,HU,7,3,2,1,2,0,1,0,0,0,1,0,1,0,4,2,3,0,27,1,1,1,1,6,0318891111T,3
1136,03188,"Vasantdada Patil Pratishthan's College Of Engineering and Visual Arts, Sion, Mumbai",0318891110,Computer Science and Engineering(Artificial,60,39,0,9,12,0,48,OHU,2,1,1,1,1,0,0,0,0,1,0,0,0,0,1,1,1,0,10,1,1,1,1,6,0318891111T,3
1137,03189,"Bharati Vidyapeeth College of Engineering, Navi Mumbai",0318924510,Computer Engineering,120,78,0,18,24,1,96,HU,13,6,4,2,3,2,1,1,1,1,1,1,1,0,7,2,3,2,51,4,0,4,0,12,0318924511T,6
1137,03189,"Bharati Vidyapeeth College of Engineering, Navi Mumbai",0318924510,Computer Engineering,120,78,0,18,24,1,96,OHU,6,2,2,0,1,0,0,0,0,0,1,0,0,0,3,0,2,1,18,4,0,4,0,12,0318924511T,6
1138,03189,"Bharati Vidyapeeth College of Engineering, Navi Mumbai",0318924610,Information Technology,60,39,0,9,12,0,48,HU,7,3,3,1,1,0,0,0,0,0,1,0,1,0,3,2,2,1,25,1,1,1,1,6,0318924611T,3
1138,03189,"Bharati Vidyapeeth College of Engineering, Navi Mumbai",0318924610,Information Technology,60,39,0,9,12,0,48,OHU,3,1,1,0,0,1,1,0,1,0,0,0,0,0,2,1,1,0,12,1,1,1,1,6,0318924611T,3
1139,03189,"Bharati Vidyapeeth College of Engineering, Navi Mumbai",0318937210,Electronics and Telecommunication Engg,120,96,0,18,6,1,114,HU,18,7,5,2,3,2,2,0,2,0,1,1,0,1,8,4,4,2,62,5,0,5,0,12,0318937211T,6
1139,03189,"Bharati Vidyapeeth College of Engineering, Navi Mumbai",0318937210,Electronics and Telecommunication Engg,120,96,0,18,6,1,114,OHU,6,3,2,1,2,0,1,0,0,0,1,0,1,0,2,2,1,1,23,5,0,5,0,12,0318937211T,6
1140,03189,"Bharati Vidyapeeth College of Engineering, Navi Mumbai",0318946610,Instrumentation Engineering,60,48,0,9,3,0,57,HU,8,4,3,2,2,0,1,1,0,1,1,0,1,0,5,1,2,1,33,1,1,1,1,6,0318946611T,3
1140,03189,"Bharati Vidyapeeth College of Engineering, Navi Mumbai",0318946610,Instrumentation Engineering,60,48,0,9,3,0,57,OHU,4,1,1,1,1,0,0,0,0,0,1,0,0,0,3,0,1,0,13,1,1,1,1,6,0318946611T,3
1141,03189,"Bharati Vidyapeeth College of Engineering, Navi Mumbai",0318950710,Chemical Engineering,60,51,0,9,0,1,60,HU,9,4,3,1,2,1,0,0,1,0,1,0,0,0,3,2,3,0,30,2,1,2,1,6,0318950711T,3
1141,03189,"Bharati Vidyapeeth College of Engineering, Navi Mumbai",0318950710,Chemical Engineering,60,51,0,9,0,1,60,OHU,3,2,1,1,0,1,0,1,1,0,0,1,0,1,1,1,1,1,16,2,1,2,1,6,0318950711T,3
1142,03189,"Bharati Vidyapeeth College of Engineering, Navi Mumbai",0318961210,Mechanical Engineering,120,102,0,18,0,1,120,HU,19,7,6,3,3,2,2,1,1,0,2,1,1,1,9,4,4,2,68,5,0,5,0,12,0318961211T,6
1142,03189,"Bharati Vidyapeeth College of Engineering, Navi Mumbai",0318961210,Mechanical Engineering,120,102,0,18,0,1,120,OHU,7,3,2,0,2,0,0,0,1,0,1,0,0,0,3,2,1,1,23,5,0,5,0,12,0318961211T,6
1143,03190,"Terna Engineering College, Nerul, Navi Mumbai",0319019110,Civil Engineering,60,39,0,9,12,0,48,HU,7,4,2,1,2,0,0,0,0,1,1,0,0,0,4,1,2,1,26,1,1,1,1,6,,
1143,03190,"Terna Engineering College, Nerul, Navi Mumbai",0319019110,Civil Engineering,60,39,0,9,12,0,48,OHU,2,1,1,1,0,1,1,0,0,0,0,0,1,0,2,0,1,0,11,1,1,1,1,6,,
1144,03190,"Terna Engineering College, Nerul, Navi Mumbai",0319024510,Computer Engineering,180,117,0,27,36,1,144,HU,21,9,7,3,3,2,2,1,2,0,2,1,2,0,10,5,5,2,77,5,1,5,1,18,0319024511T,9
1144,03190,"Terna Engineering College, Nerul, Navi Mumbai",0319024510,Computer Engineering,180,117,0,27,36,1,144,OHU,9,3,2,1,2,1,1,0,0,1,1,0,0,0,3,2,2,1,29,5,1,5,1,18,0319024511T,9
1145,03190,"Terna Engineering College, Nerul, Navi Mumbai",0319024610,Information Technology,60,39,0,9,12,0,48,HU,7,3,2,1,2,0,1,0,1,0,0,0,0,1,4,1,2,1,26,1,1,1,1,6,0319024611T,3
1145,03190,"Terna Engineering College, Nerul, Navi Mumbai",0319024610,Information Technology,60,39,0,9,12,0,48,OHU,2,2,2,0,0,0,0,0,0,0,0,1,0,0,2,1,1,0,11,1,1,1,1,6,0319024611T,3
1146,03190,"Terna Engineering College, Nerul, Navi Mumbai",0319026310,Artificial Intelligence (AI) and Data Science,60,39,0,9,12,0,48,HU,7,3,3,1,1,1,0,0,0,1,1,1,0,0,3,2,2,1,27,1,1,1,1,6,0319026311T,3
1146,03190,"Terna Engineering College, Nerul, Navi Mumbai",0319026310,Artificial Intelligence (AI) and Data Science,60,39,0,9,12,0,48,OHU,3,1,0,1,1,0,0,1,0,0,0,0,0,0,2,0,1,0,10,1,1,1,1,6,0319026311T,3
1147,03190,"Terna Engineering College, Nerul, Navi Mumbai",0319037210,Electronics and Telecommunication Engg,120,78,0,18,24,1,96,HU,14,5,4,2,2,1,1,1,1,0,2,0,1,0,7,3,4,2,50,4,0,4,0,12,0319037211T,6
1147,03190,"Terna Engineering College, Nerul, Navi Mumbai",0319037210,Electronics and Telecommunication Engg,120,78,0,18,24,1,96,OHU,5,2,2,0,2,0,0,0,1,0,1,0,1,0,2,1,1,1,19,4,0,4,0,12,0319037211T,6
1148,03190,"Terna Engineering College, Nerul, Navi Mumbai",0319037610,Electronics Engineering,60,39,0,9,12,0,48,HU,7,3,3,0,2,1,1,0,1,0,0,1,1,0,4,1,2,0,27,1,1,1,1,6,0319037611T,3
1148,03190,"Terna Engineering College, Nerul, Navi Mumbai",0319037610,Electronics Engineering,60,39,0,9,12,0,48,OHU,3,1,1,1,0,0,0,0,0,0,0,0,0,0,1,1,1,1,10,1,1,1,1,6,0319037611T,3
1149,03190,"Terna Engineering College, Nerul, Navi Mumbai",0319061210,Mechanical Engineering,60,39,0,9,12,0,48,HU,7,4,2,2,2,0,1,0,0,0,0,0,0,0,3,1,2,1,25,1,1,1,1,6,,
1149,03190,"Terna Engineering College, Nerul, Navi Mumbai",0319061210,Mechanical Engineering,60,39,0,9,12,0,48,OHU,2,1,1,0,0,1,1,0,1,0,1,0,0,0,2,1,1,0,12,1,1,1,1,6,,
1150,03190,"Terna Engineering College, Nerul, Navi Mumbai",0319062410,Mechatronics Engineering,60,39,0,9,12,0,48,HU,7,2,2,1,1,1,1,0,0,1,1,0,0,0,4,2,2,1,26,1,1,1,1,6,0319062411T,3
1150,03190,"Terna Engineering College, Nerul, Navi Mumbai",0319062410,Mechatronics Engineering,60,39,0,9,12,0,48,OHU,3,1,1,1,1,0,0,0,0,0,0,0,0,1,2,0,1,0,11,1,1,1,1,6,0319062411T,3
1151,03192,"Smt. Indira Gandhi College of Engineering, Navi Mumbai",0319224510,Computer Engineering,120,78,0,18,24,1,96,HU,14,6,5,1,2,1,0,1,1,0,1,0,1,1,7,3,4,2,50,4,0,4,0,12,0319224511T,6
1151,03192,"Smt. Indira Gandhi College of Engineering, Navi Mumbai",0319224510,Computer Engineering,120,78,0,18,24,1,96,OHU,5,2,2,0,1,1,1,0,0,1,0,1,0,0,2,1,1,1,19,4,0,4,0,12,0319224511T,6
1152,03192,"Smt. Indira Gandhi College of Engineering, Navi Mumbai",0319229310,Electrical Engineering,60,39,0,9,12,0,48,HU,7,3,2,2,1,1,1,0,1,0,0,1,0,0,3,1,1,1,25,1,1,1,1,6,0319229311T,3
1152,03192,"Smt. Indira Gandhi College of Engineering, Navi Mumbai",0319229310,Electrical Engineering,60,39,0,9,12,0,48,OHU,2,2,0,1,1,0,0,0,0,0,0,0,1,0,2,1,2,0,12,1,1,1,1,6,0319229311T,3
1153,03192,"Smt. Indira Gandhi College of Engineering, Navi Mumbai",0319261210,Mechanical Engineering,60,39,0,9,12,0,48,HU,7,3,3,0,2,0,0,0,0,1,2,0,0,0,3,2,2,1,26,1,1,1,1,6,,
1153,03192,"Smt. Indira Gandhi College of Engineering, Navi Mumbai",0319261210,Mechanical Engineering,60,39,0,9,12,0,48,OHU,3,1,2,0,1,0,0,1,0,0,0,0,0,0,1,1,0,1,11,1,1,1,1,6,,
1154,03192,"Smt. Indira Gandhi College of Engineering, Navi Mumbai",0319291110,Computer Science and Engineering(Artificial,60,39,0,9,12,0,48,HU,7,3,2,2,1,1,1,0,1,0,0,0,1,0,4,2,3,0,28,1,1,1,1,6,0319291111T,3
1154,03192,"Smt. Indira Gandhi College of Engineering, Navi Mumbai",0319291110,Computer Science and Engineering(Artificial,60,39,0,9,12,0,48,OHU,3,1,1,0,0,0,0,0,0,0,1,0,0,0,2,0,1,0,9,1,1,1,1,6,0319291111T,3
1155,03192,"Smt. Indira Gandhi College of Engineering, Navi Mumbai",0319292010,Computer Science and Engineering (Internet of,60,39,0,9,12,0,48,HU,7,4,2,1,2,0,0,1,0,0,0,1,1,0,4,1,2,1,27,1,1,1,1,6,0319292011T,3
1155,03192,"Smt. Indira Gandhi College of Engineering, Navi Mumbai",0319292010,Computer Science and Engineering (Internet of,60,39,0,9,12,0,48,OHU,2,1,1,1,0,1,0,0,1,0,0,0,0,0,1,1,1,0,10,1,1,1,1,6,0319292011T,3
1156,03192,"Smt. Indira Gandhi College of Engineering, Navi Mumbai",0319299510,Artificial Intelligence and Data Science,60,39,0,9,12,0,48,HU,7,3,3,1,1,1,1,0,1,0,1,0,0,1,3,2,2,1,28,1,1,1,1,6,0319299511T,3
1156,03192,"Smt. Indira Gandhi College of Engineering, Navi Mumbai",0319299510,Artificial Intelligence and Data Science,60,39,0,9,12,0,48,OHU,3,1,1,0,1,0,0,0,0,0,0,0,0,0,2,0,0,1,9,1,1,1,1,6,0319299511T,3
1157,03193,"Shivajirao S. Jondhale College of Engineering, Dombivali,Mumbai",0319324510,Computer Engineering,90,58,0,14,18,1,72,HU,11,4,3,1,2,1,1,0,1,0,1,0,0,0,4,2,3,1,35,2,1,2,1,9,0319324511T,5
1157,03193,"Shivajirao S. Jondhale College of Engineering, Dombivali,Mumbai",0319324510,Computer Engineering,90,58,0,14,18,1,72,OHU,4,2,2,1,1,0,1,0,0,0,1,0,1,0,2,1,2,0,18,2,1,2,1,9,0319324511T,5
1158,03193,"Shivajirao S. Jondhale College of Engineering, Dombivali,Mumbai",0319324610,Information Technology,40,26,0,6,8,0,32,HU,4,2,2,1,1,0,0,1,0,0,1,0,0,0,3,1,1,1,18,1,0,1,0,4,0319324611T,2
1158,03193,"Shivajirao S. Jondhale College of Engineering, Dombivali,Mumbai",0319324610,Information Technology,40,26,0,6,8,0,32,OHU,1,1,0,1,1,0,0,0,0,0,0,0,0,0,0,1,1,0,6,1,0,1,0,4,0319324611T,2
1159,03193,"Shivajirao S. Jondhale College of Engineering, Dombivali,Mumbai",0319337210,Electronics and Telecommunication Engg,60,39,0,9,12,0,48,HU,7,3,3,1,1,1,0,0,0,0,0,0,1,0,4,2,2,1,26,1,1,1,1,6,0319337211T,3
1159,03193,"Shivajirao S. Jondhale College of Engineering, Dombivali,Mumbai",0319337210,Electronics and Telecommunication Engg,60,39,0,9,12,0,48,OHU,3,1,1,0,0,0,1,0,1,0,1,0,0,0,2,0,0,1,11,1,1,1,1,6,0319337211T,3
1160,03193,"Shivajirao S. Jondhale College of Engineering, Dombivali,Mumbai",0319350710,Chemical Engineering,60,39,0,9,12,0,48,HU,7,3,2,1,2,0,1,0,0,1,0,1,1,0,3,1,2,1,26,1,1,1,1,6,,
1160,03193,"Shivajirao S. Jondhale College of Engineering, Dombivali,Mumbai",0319350710,Chemical Engineering,60,39,0,9,12,0,48,OHU,3,1,2,0,0,1,0,0,0,0,0,0,0,0,2,1,1,0,11,1,1,1,1,6,,
1161,03193,"Shivajirao S. Jondhale College of Engineering, Dombivali,Mumbai",0319361210,Mechanical Engineering,60,39,0,9,12,0,48,HU,7,3,3,1,1,1,1,0,1,0,1,0,0,0,4,1,2,0,26,1,1,1,1,6,,
1161,03193,"Shivajirao S. Jondhale College of Engineering, Dombivali,Mumbai",0319361210,Mechanical Engineering,60,39,0,9,12,0,48,OHU,3,1,0,1,1,0,0,0,0,0,0,0,1,0,1,1,1,1,11,1,1,1,1,6,,
1162,03193,"Shivajirao S. Jondhale College of Engineering, Dombivali,Mumbai",0319392110,Artificial Intelligence and Machine Learning,30,19,0,5,6,0,24,HU,3,2,1,1,1,0,0,0,0,0,1,0,0,0,2,1,0,1,13,1,0,1,0,3,0319392111T,2
1162,03193,"Shivajirao S. Jondhale College of Engineering, Dombivali,Mumbai",0319392110,Artificial Intelligence and Machine Learning,30,19,0,5,6,0,24,OHU,0,1,1,0,0,0,1,0,0,0,0,0,0,0,1,0,0,0,4,1,0,1,0,3,0319392111T,2
1163,03194,"Vidyavardhini's College of Engineering and Technology, Vasai",0319419110,Civil Engineering,60,45,0,9,6,0,54,HU,8,4,3,1,1,1,1,0,0,0,0,0,0,1,4,2,3,1,30,1,1,1,1,6,,
1163,03194,"Vidyavardhini's College of Engineering and Technology, Vasai",0319419110,Civil Engineering,60,45,0,9,6,0,54,OHU,3,1,1,1,1,0,0,0,0,1,0,1,0,0,2,1,1,0,13,1,1,1,1,6,,
1164,03194,"Vidyavardhini's College of Engineering and Technology, Vasai",0319424510,Computer Engineering,180,117,0,27,36,1,144,HU,21,9,7,3,4,1,2,1,2,1,2,1,1,0,11,4,5,2,77,5,1,5,1,18,0319424511T,9
1164,03194,"Vidyavardhini's College of Engineering and Technology, Vasai",0319424510,Computer Engineering,180,117,0,27,36,1,144,OHU,8,4,2,1,2,1,0,1,0,0,1,0,0,1,4,1,2,1,29,5,1,5,1,18,0319424511T,9
1165,03194,"Vidyavardhini's College of Engineering and Technology, Vasai",0319424610,Information Technology,60,42,0,9,9,0,51,HU,8,3,2,1,1,1,0,1,0,0,0,1,1,0,3,2,2,1,27,1,1,1,1,6,0319424611T,3
1165,03194,"Vidyavardhini's College of Engineering and Technology, Vasai",0319424610,Information Technology,60,42,0,9,9,0,51,OHU,3,1,2,0,0,1,0,0,1,0,1,0,0,0,2,1,1,0,13,1,1,1,1,6,0319424611T,3
1166,03194,"Vidyavardhini's College of Engineering and Technology, Vasai",0319437210,Electronics and Telecommunication Engg,60,45,0,9,6,0,54,HU,8,3,3,1,1,1,0,0,1,0,1,0,1,0,5,2,2,1,30,1,1,1,1,6,0319437211T,3
1166,03194,"Vidyavardhini's College of Engineering and Technology, Vasai",0319437210,Electronics and Telecommunication Engg,60,45,0,9,6,0,54,OHU,4,1,1,1,1,0,1,0,0,0,0,0,0,0,1,1,1,1,13,1,1,1,1,6,0319437211T,3
1167,03194,"Vidyavardhini's College of Engineering and Technology, Vasai",0319437810,Electronics Engineering ( VLSI Design and,60,48,0,9,3,0,57,HU,9,4,3,1,3,0,2,0,0,1,2,0,0,1,4,2,3,1,36,1,1,1,1,6,,
1167,03194,"Vidyavardhini's College of Engineering and Technology, Vasai",0319437810,Electronics Engineering ( VLSI Design and,60,48,0,9,3,0,57,OHU,2,2,2,0,0,0,0,0,0,0,0,0,0,0,2,1,1,0,10,1,1,1,1,6,,
1168,03194,"Vidyavardhini's College of Engineering and Technology, Vasai",0319461210,Mechanical Engineering,60,45,0,9,6,0,54,HU,7,4,3,2,1,1,0,0,1,0,0,0,0,0,4,2,2,1,28,1,1,1,1,6,0319461211T,3
1168,03194,"Vidyavardhini's College of Engineering and Technology, Vasai",0319461210,Mechanical Engineering,60,45,0,9,6,0,54,OHU,4,1,0,1,1,0,1,0,1,0,0,1,1,0,2,1,1,0,15,1,1,1,1,6,0319461211T,3
1169,03194,"Vidyavardhini's College of Engineering and Technology, Vasai",0319491210,Computer Science and Engineering(Data Science),180,126,0,27,27,1,153,HU,24,9,7,3,4,2,2,1,2,0,2,1,2,0,12,4,6,2,83,5,1,5,1,18,0319491211T,9
1169,03194,"Vidyavardhini's College of Engineering and Technology, Vasai",0319491210,Computer Science and Engineering(Data Science),180,126,0,27,27,1,153,OHU,9,4,3,1,2,1,0,1,1,0,1,0,0,0,5,1,2,1,32,5,1,5,1,18,0319491211T,9
1170,03194,"Vidyavardhini's College of Engineering and Technology, Vasai",0319499510,Artificial Intelligence and Data Science,60,42,0,9,9,0,51,HU,7,4,2,1,2,0,1,0,0,1,0,1,0,0,4,2,1,1,27,1,1,1,1,6,0319499511T,3
1170,03194,"Vidyavardhini's College of Engineering and Technology, Vasai",0319499510,Artificial Intelligence and Data Science,60,42,0,9,9,0,51,OHU,3,1,2,0,1,0,0,0,0,0,1,0,1,0,1,1,1,1,13,1,1,1,1,6,0319499511T,3
1171,03196,"Lokmanya Tilak College of Engineering, Kopar Khairane, Navi Mumbai",0319624510,Computer Engineering,120,30,61,5,24,0,96,HU,15,6,0,0,0,0,0,0,0,0,0,0,0,0,0,0,0,0,21,0,0,0,0,0,0319624511T,6
1171,03196,"Lokmanya Tilak College of Engineering, Kopar Khairane, Navi Mumbai",0319624510,Computer Engineering,120,30,61,5,24,0,96,OHU,6,3,0,0,0,0,0,0,0,0,0,0,0,0,0,0,0,0,9,0,0,0,0,0,0319624511T,6
1172,03196,"Lokmanya Tilak College of Engineering, Kopar Khairane, Navi Mumbai",0319629310,Electrical Engineering,60,22,31,4,3,0,57,HU,11,5,0,0,0,0,0,0,0,0,0,0,0,0,0,0,0,0,16,0,0,0,0,0,0319629311T,3
1172,03196,"Lokmanya Tilak College of Engineering, Kopar Khairane, Navi Mumbai",0319629310,Electrical Engineering,60,22,31,4,3,0,57,OHU,4,2,0,0,0,0,0,0,0,0,0,0,0,0,0,0,0,0,6,0,0,0,0,0,0319629311T,3
1173,03196,"Lokmanya Tilak College of Engineering, Kopar Khairane, Navi Mumbai",0319637210,Electronics and Telecommunication Engg,60,22,31,4,3,0,57,HU,11,4,0,0,0,0,0,0,0,0,0,0,0,0,0,0,0,0,15,0,0,0,0,0,0319637211T,3
1173,03196,"Lokmanya Tilak College of Engineering, Kopar Khairane, Navi Mumbai",0319637210,Electronics and Telecommunication Engg,60,22,31,4,3,0,57,OHU,5,2,0,0,0,0,0,0,0,0,0,0,0,0,0,0,0,0,7,0,0,0,0,0,0319637211T,3
1174,03196,"Lokmanya Tilak College of Engineering, Kopar Khairane, Navi Mumbai",0319661210,Mechanical Engineering,60,22,31,4,3,0,57,HU,11,5,0,0,0,0,0,0,0,0,0,0,0,0,0,0,0,0,16,0,0,0,0,0,,
1174,03196,"Lokmanya Tilak College of Engineering, Kopar Khairane, Navi Mumbai",0319661210,Mechanical Engineering,60,22,31,4,3,0,57,OHU,4,2,0,0,0,0,0,0,0,0,0,0,0,0,0,0,0,0,6,0,0,0,0,0,,
1175,03196,"Lokmanya Tilak College of Engineering, Kopar Khairane, Navi Mumbai",0319691110,Computer Science and Engineering(Artificial,120,30,61,5,24,0,96,HU,14,7,0,0,0,0,0,0,0,0,0,0,0,0,0,0,0,0,21,0,0,0,0,0,0319691111T,6
1175,03196,"Lokmanya Tilak College of Engineering, Kopar Khairane, Navi Mumbai",0319691110,Computer Science and Engineering(Artificial,120,30,61,5,24,0,96,OHU,7,2,0,0,0,0,0,0,0,0,0,0,0,0,0,0,0,0,9,0,0,0,0,0,0319691111T,6
1176,03196,"Lokmanya Tilak College of Engineering, Kopar Khairane, Navi Mumbai",0319691210,Computer Science and Engineering(Data Science),60,14,31,3,12,0,48,HU,7,2,0,0,0,0,0,0,0,0,0,0,0,0,0,0,0,0,9,0,0,0,0,0,0319691211T,3
1176,03196,"Lokmanya Tilak College of Engineering, Kopar Khairane, Navi Mumbai",0319691210,Computer Science and Engineering(Data Science),60,14,31,3,12,0,48,OHU,3,2,0,0,0,0,0,0,0,0,0,0,0,0,0,0,0,0,5,0,0,0,0,0,0319691211T,3
1177,03196,"Lokmanya Tilak College of Engineering, Kopar Khairane, Navi Mumbai",0319692010,Computer Science and Engineering (Internet of,60,14,31,3,12,0,48,HU,7,3,0,0,0,0,0,0,0,0,0,0,0,0,0,0,0,0,10,0,0,0,0,0,0319692011T,3
1177,03196,"Lokmanya Tilak College of Engineering, Kopar Khairane, Navi Mumbai",0319692010,Computer Science and Engineering (Internet of,60,14,31,3,12,0,48,OHU,3,1,0,0,0,0,0,0,0,0,0,0,0,0,0,0,0,0,4,0,0,0,0,0,0319692011T,3
1178,03198,"Konkan Gyanpeeth College of Engineering, Karjat",0319824210,Computer Science and Engineering,60,39,0,9,12,0,48,HU,7,3,3,1,1,1,0,1,1,0,1,0,0,1,3,2,2,1,28,1,1,1,1,6,0319824211T,3
1178,03198,"Konkan Gyanpeeth College of Engineering, Karjat",0319824210,Computer Science and Engineering,60,39,0,9,12,0,48,OHU,3,1,0,1,0,1,0,0,0,0,0,0,0,0,1,1,1,0,9,1,1,1,1,6,0319824211T,3
1179,03198,"Konkan Gyanpeeth College of Engineering, Karjat",0319824510,Computer Engineering,60,45,0,9,6,0,54,HU,9,3,3,1,1,1,0,0,0,0,1,1,1,0,4,2,2,1,30,1,1,1,1,6,0319824511T,3
1179,03198,"Konkan Gyanpeeth College of Engineering, Karjat",0319824510,Computer Engineering,60,45,0,9,6,0,54,OHU,2,2,2,0,1,0,1,0,0,1,0,0,0,0,2,1,1,0,13,1,1,1,1,6,0319824511T,3
1180,03198,"Konkan Gyanpeeth College of Engineering, Karjat",0319824610,Information Technology,60,45,0,9,6,0,54,HU,8,4,3,1,2,1,2,0,1,0,0,0,0,0,5,1,3,1,32,1,1,1,1,6,0319824611T,3
1180,03198,"Konkan Gyanpeeth College of Engineering, Karjat",0319824610,Information Technology,60,45,0,9,6,0,54,OHU,3,1,0,1,1,0,0,0,0,0,0,1,0,1,2,0,0,1,11,1,1,1,1,6,0319824611T,3
1181,03198,"Konkan Gyanpeeth College of Engineering, Karjat",0319861210,Mechanical Engineering,60,51,0,9,0,1,60,HU,9,4,3,1,2,0,0,1,0,1,1,0,1,0,4,2,2,1,32,2,1,2,1,6,,
1181,03198,"Konkan Gyanpeeth College of Engineering, Karjat",0319861210,Mechanical Engineering,60,51,0,9,0,1,60,OHU,4,1,2,1,0,1,1,0,0,0,0,0,0,0,1,1,2,0,14,2,1,2,1,6,,
1182,03198,"Konkan Gyanpeeth College of Engineering, Karjat",0319899510,Artificial Intelligence and Data Science,60,45,0,9,6,0,54,HU,8,3,3,2,1,1,1,0,0,0,1,0,0,1,4,2,2,1,30,1,1,1,1,6,0319899511T,3
1182,03198,"Konkan Gyanpeeth College of Engineering, Karjat",0319899510,Artificial Intelligence and Data Science,60,45,0,9,6,0,54,OHU,3,2,1,0,1,0,0,0,1,0,1,0,0,0,2,1,0,1,13,1,1,1,1,6,0319899511T,3
1183,03200,"Hope Foundation and research center's Finolex Academy of Management and Technology, Ratnagiri",0320024610,Information Technology,60,39,0,9,12,0,48,HU,7,3,2,1,2,0,1,0,1,0,1,0,1,0,4,1,2,1,27,1,1,1,1,6,0320024611T,3
1183,03200,"Hope Foundation and research center's Finolex Academy of Management and Technology, Ratnagiri",0320024610,Information Technology,60,39,0,9,12,0,48,OHU,3,1,2,0,1,0,0,0,0,0,0,0,0,0,2,0,1,0,10,1,1,1,1,6,0320024611T,3
1184,03200,"Hope Foundation and research center's Finolex Academy of Management and Technology, Ratnagiri",0320029310,Electrical Engineering,60,39,0,9,12,0,48,HU,8,3,3,1,1,1,0,0,1,0,0,1,0,0,3,2,2,0,26,1,1,1,1,6,0320029311T,3
1184,03200,"Hope Foundation and research center's Finolex Academy of Management and Technology, Ratnagiri",0320029310,Electrical Engineering,60,39,0,9,12,0,48,OHU,2,1,0,1,1,0,0,1,0,0,1,0,0,0,1,1,1,1,11,1,1,1,1,6,0320029311T,3
1185,03200,"Hope Foundation and research center's Finolex Academy of Management and Technology, Ratnagiri",0320037210,Electronics and Telecommunication Engg,60,39,0,9,12,0,48,HU,6,3,2,1,2,1,0,1,0,0,1,0,0,0,4,1,2,1,25,1,1,1,1,6,0320037211T,3
1185,03200,"Hope Foundation and research center's Finolex Academy of Management and Technology, Ratnagiri",0320037210,Electronics and Telecommunication Engg,60,39,0,9,12,0,48,OHU,3,1,2,0,0,0,0,0,1,0,0,0,1,0,2,1,1,0,12,1,1,1,1,6,0320037211T,3
1186,03200,"Hope Foundation and research center's Finolex Academy of Management and Technology, Ratnagiri",0320050710,Chemical Engineering,30,19,0,5,6,0,24,HU,3,2,1,1,0,0,1,0,0,1,1,0,0,0,1,1,1,1,14,1,0,1,0,3,,
1186,03200,"Hope Foundation and research center's Finolex Academy of Management and Technology, Ratnagiri",0320050710,Chemical Engineering,30,19,0,5,6,0,24,OHU,0,1,0,0,0,1,0,0,0,0,0,0,0,0,1,0,0,0,3,1,0,1,0,3,,
1187,03200,"Hope Foundation and research center's Finolex Academy of Management and Technology, Ratnagiri",0320061210,Mechanical Engineering,90,58,0,14,18,1,72,HU,11,4,4,1,2,1,1,0,1,0,0,1,2,0,4,2,2,1,37,2,1,2,1,9,0320061211T,5
1187,03200,"Hope Foundation and research center's Finolex Academy of Management and Technology, Ratnagiri",0320061210,Mechanical Engineering,90,58,0,14,18,1,72,OHU,4,2,2,1,1,0,1,0,0,0,1,0,0,0,1,1,2,0,16,2,1,2,1,9,0320061211T,5
1188,03200,"Hope Foundation and research center's Finolex Academy of Management and Technology, Ratnagiri",0320091010,Computer Science and Engineering(Cyber Security),60,39,0,9,12,0,48,HU,6,3,3,1,2,0,1,0,1,0,1,0,0,0,4,2,2,1,27,1,1,1,1,6,0320091011T,3
1188,03200,"Hope Foundation and research center's Finolex Academy of Management and Technology, Ratnagiri",0320091010,Computer Science and Engineering(Cyber Security),60,39,0,9,12,0,48,OHU,3,1,0,1,1,0,0,0,0,0,0,0,1,0,2,0,0,1,10,1,1,1,1,6,0320091011T,3
1189,03200,"Hope Foundation and research center's Finolex Academy of Management and Technology, Ratnagiri",0320091110,Computer Science and Engineering(Artificial,60,39,0,9,12,0,48,HU,7,3,2,1,1,1,0,0,0,0,1,0,0,0,5,1,3,0,25,1,1,1,1,6,0320091111T,3
1189,03200,"Hope Foundation and research center's Finolex Academy of Management and Technology, Ratnagiri",0320091110,Computer Science and Engineering(Artificial,60,39,0,9,12,0,48,OHU,3,1,2,0,0,0,1,0,0,1,0,1,0,0,1,1,1,0,12,1,1,1,1,6,0320091111T,3
1190,03201,"Rizvi Education Society's Rizvi College of Engineering, Bandra,Mumbai",0320119110,Civil Engineering,60,25,31,4,0,0,60,HU,12,6,0,0,0,0,0,0,0,0,0,0,0,0,0,0,0,0,18,0,0,0,0,0,,
1190,03201,"Rizvi Education Society's Rizvi College of Engineering, Bandra,Mumbai",0320119110,Civil Engineering,60,25,31,4,0,0,60,OHU,5,2,0,0,0,0,0,0,0,0,0,0,0,0,0,0,0,0,7,0,0,0,0,0,,
1191,03201,"Rizvi Education Society's Rizvi College of Engineering, Bandra,Mumbai",0320124510,Computer Engineering,120,30,61,5,24,0,96,HU,15,6,0,0,0,0,0,0,0,0,0,0,0,0,0,0,0,0,21,0,0,0,0,0,0320124511T,6
1191,03201,"Rizvi Education Society's Rizvi College of Engineering, Bandra,Mumbai",0320124510,Computer Engineering,120,30,61,5,24,0,96,OHU,6,3,0,0,0,0,0,0,0,0,0,0,0,0,0,0,0,0,9,0,0,0,0,0,0320124511T,6
1192,03201,"Rizvi Education Society's Rizvi College of Engineering, Bandra,Mumbai",0320161210,Mechanical Engineering,60,25,31,4,0,0,60,HU,12,5,0,0,0,0,0,0,0,0,0,0,0,0,0,0,0,0,17,0,0,0,0,0,,
1192,03201,"Rizvi Education Society's Rizvi College of Engineering, Bandra,Mumbai",0320161210,Mechanical Engineering,60,25,31,4,0,0,60,OHU,6,2,0,0,0,0,0,0,0,0,0,0,0,0,0,0,0,0,8,0,0,0,0,0,,
1193,03201,"Rizvi Education Society's Rizvi College of Engineering, Bandra,Mumbai",0320190010,Electronics and Computer Science,60,14,31,3,12,0,48,HU,7,3,0,0,0,0,0,0,0,0,0,0,0,0,0,0,0,0,10,0,0,0,0,0,0320190011T,3
1193,03201,"Rizvi Education Society's Rizvi College of Engineering, Bandra,Mumbai",0320190010,Electronics and Computer Science,60,14,31,3,12,0,48,OHU,3,1,0,0,0,0,0,0,0,0,0,0,0,0,0,0,0,0,4,0,0,0,0,0,0320190011T,3
1194,03201,"Rizvi Education Society's Rizvi College of Engineering, Bandra,Mumbai",0320199510,Artificial Intelligence and Data Science,60,14,31,3,12,0,48,HU,7,3,0,0,0,0,0,0,0,0,0,0,0,0,0,0,0,0,10,0,0,0,0,0,0320199511T,3
1194,03201,"Rizvi Education Society's Rizvi College of Engineering, Bandra,Mumbai",0320199510,Artificial Intelligence and Data Science,60,14,31,3,12,0,48,OHU,2,2,0,0,0,0,0,0,0,0,0,0,0,0,0,0,0,0,4,0,0,0,0,0,0320199511T,3
1195,03202,Rajendra Mane College of Engineering & Technology Ambav Deorukh,0320224510,Computer Engineering,60,39,0,9,12,0,48,HU,7,3,3,1,1,1,0,1,1,0,0,1,0,1,3,2,2,1,28,1,1,1,1,6,0320224511T,3
1195,03202,Rajendra Mane College of Engineering & Technology Ambav Deorukh,0320224510,Computer Engineering,60,39,0,9,12,0,48,OHU,2,1,1,0,0,1,0,0,0,0,0,0,0,0,2,1,1,0,9,1,1,1,1,6,0320224511T,3
1196,03202,Rajendra Mane College of Engineering & Technology Ambav Deorukh,0320260210,Automobile Engineering,30,25,0,5,0,0,30,HU,4,2,1,1,1,0,1,0,0,1,1,0,0,0,2,1,1,1,17,1,0,1,0,3,,
1196,03202,Rajendra Mane College of Engineering & Technology Ambav Deorukh,0320260210,Automobile Engineering,30,25,0,5,0,0,30,OHU,1,1,0,1,1,0,0,0,0,0,0,0,0,0,1,0,0,1,6,1,0,1,0,3,,
1197,03202,Rajendra Mane College of Engineering & Technology Ambav Deorukh,0320261210,Mechanical Engineering,60,51,0,9,0,1,60,HU,9,4,4,1,2,0,1,0,0,0,1,0,1,0,4,2,2,1,32,2,1,2,1,6,,
1197,03202,Rajendra Mane College of Engineering & Technology Ambav Deorukh,0320261210,Mechanical Engineering,60,51,0,9,0,1,60,OHU,4,1,2,0,1,0,0,0,1,0,1,0,0,0,1,1,2,0,14,2,1,2,1,6,,
1198,03202,Rajendra Mane College of Engineering & Technology Ambav Deorukh,0320290010,Electronics and Computer Science,30,19,0,5,6,0,24,HU,3,2,0,1,1,1,0,0,0,0,0,0,0,0,2,0,2,0,12,1,0,1,0,3,0320290011T,2
1198,03202,Rajendra Mane College of Engineering & Technology Ambav Deorukh,0320290010,Electronics and Computer Science,30,19,0,5,6,0,24,OHU,0,1,0,1,0,0,1,0,0,0,0,0,0,1,1,0,0,0,5,1,0,1,0,3,0320290011T,2
1199,03203,"Atharva College of Engineering,Malad(West),Mumbai",0320324510,Computer Engineering,120,78,0,18,24,1,96,HU,13,6,4,2,2,1,1,1,2,0,1,1,1,1,7,3,2,2,50,4,0,4,0,12,0320324511T,6
1199,03203,"Atharva College of Engineering,Malad(West),Mumbai",0320324510,Computer Engineering,120,78,0,18,24,1,96,OHU,6,2,2,0,1,1,0,0,0,0,1,0,0,0,2,1,2,1,19,4,0,4,0,12,0320324511T,6
1200,03203,"Atharva College of Engineering,Malad(West),Mumbai",0320324610,Information Technology,120,78,0,18,24,1,96,HU,14,6,5,1,3,1,1,1,0,1,2,0,1,0,5,3,5,1,50,4,0,4,0,12,0320324611T,6
1200,03203,"Atharva College of Engineering,Malad(West),Mumbai",0320324610,Information Technology,120,78,0,18,24,1,96,OHU,5,2,1,1,1,0,0,1,1,0,0,1,0,0,3,1,1,1,19,4,0,4,0,12,0320324611T,6
1201,03203,"Atharva College of Engineering,Malad(West),Mumbai",0320329310,Electrical Engineering,60,39,0,9,12,0,48,HU,7,2,2,2,1,1,0,0,1,0,0,1,0,0,5,1,2,1,26,1,1,1,1,6,,
1201,03203,"Atharva College of Engineering,Malad(West),Mumbai",0320329310,Electrical Engineering,60,39,0,9,12,0,48,OHU,2,2,1,0,1,0,1,0,0,0,0,0,1,0,1,1,1,0,11,1,1,1,1,6,,
1202,03203,"Atharva College of Engineering,Malad(West),Mumbai",0320337210,Electronics and Telecommunication Engg,120,78,0,18,24,1,96,HU,14,6,5,1,3,1,2,0,1,0,2,0,1,0,6,3,3,2,50,4,0,4,0,12,0320337211T,6
1202,03203,"Atharva College of Engineering,Malad(West),Mumbai",0320337210,Electronics and Telecommunication Engg,120,78,0,18,24,1,96,OHU,5,2,1,1,1,1,0,0,0,1,1,0,0,0,2,1,2,1,19,4,0,4,0,12,0320337211T,6
1203,03203,"Atharva College of Engineering,Malad(West),Mumbai",0320390010,Electronics and Computer Science,60,39,0,9,12,0,48,HU,7,3,2,1,1,0,1,0,0,1,0,1,0,1,3,2,2,1,26,1,1,1,1,6,0320390011T,3
1203,03203,"Atharva College of Engineering,Malad(West),Mumbai",0320390010,Electronics and Computer Science,60,39,0,9,12,0,48,OHU,3,1,2,0,1,0,0,0,0,0,0,0,0,0,3,0,1,0,11,1,1,1,1,6,0320390011T,3
1204,03204,"St. Francis Institute of Technology,Borivali, Mumbai",0320424510,Computer Engineering,180,44,92,8,36,0,144,HU,22,9,0,0,0,0,0,0,0,0,0,0,0,0,0,0,0,0,31,0,0,0,0,0,0320424511T,9
1204,03204,"St. Francis Institute of Technology,Borivali, Mumbai",0320424510,Computer Engineering,180,44,92,8,36,0,144,OHU,10,3,0,0,0,0,0,0,0,0,0,0,0,0,0,0,0,0,13,0,0,0,0,0,0320424511T,9
1205,03204,"St. Francis Institute of Technology,Borivali, Mumbai",0320424610,Information Technology,120,30,61,5,24,0,96,HU,14,7,0,0,0,0,0,0,0,0,0,0,0,0,0,0,0,0,21,0,0,0,0,0,0320424611T,6
1205,03204,"St. Francis Institute of Technology,Borivali, Mumbai",0320424610,Information Technology,120,30,61,5,24,0,96,OHU,6,3,0,0,0,0,0,0,0,0,0,0,0,0,0,0,0,0,9,0,0,0,0,0,0320424611T,6
1206,03204,"St. Francis Institute of Technology,Borivali, Mumbai",0320429310,Electrical Engineering,60,25,31,4,0,0,60,HU,12,5,0,0,0,0,0,0,0,0,0,0,0,0,0,0,0,0,17,0,0,0,0,0,,
1206,03204,"St. Francis Institute of Technology,Borivali, Mumbai",0320429310,Electrical Engineering,60,25,31,4,0,0,60,OHU,5,3,0,0,0,0,0,0,0,0,0,0,0,0,0,0,0,0,8,0,0,0,0,0,,
1207,03204,"St. Francis Institute of Technology,Borivali, Mumbai",0320437210,Electronics and Telecommunication Engg,120,30,61,5,24,0,96,HU,15,6,0,0,0,0,0,0,0,0,0,0,0,0,0,0,0,0,21,0,0,0,0,0,0320437211T,6
1207,03204,"St. Francis Institute of Technology,Borivali, Mumbai",0320437210,Electronics and Telecommunication Engg,120,30,61,5,24,0,96,OHU,7,2,0,0,0,0,0,0,0,0,0,0,0,0,0,0,0,0,9,0,0,0,0,0,0320437211T,6
1208,03204,"St. Francis Institute of Technology,Borivali, Mumbai",0320461210,Mechanical Engineering,60,25,31,4,0,0,60,HU,13,5,0,0,0,0,0,0,0,0,0,0,0,0,0,0,0,0,18,0,0,0,0,0,0320461211T,3
1208,03204,"St. Francis Institute of Technology,Borivali, Mumbai",0320461210,Mechanical Engineering,60,25,31,4,0,0,60,OHU,5,2,0,0,0,0,0,0,0,0,0,0,0,0,0,0,0,0,7,0,0,0,0,0,0320461211T,3
1209,03204,"St. Francis Institute of Technology,Borivali, Mumbai",0320490010,Electronics and Computer Science,60,14,31,3,12,0,48,HU,6,3,0,0,0,0,0,0,0,0,0,0,0,0,0,0,0,0,9,0,0,0,0,0,0320490011T,3
1209,03204,"St. Francis Institute of Technology,Borivali, Mumbai",0320490010,Electronics and Computer Science,60,14,31,3,12,0,48,OHU,3,2,0,0,0,0,0,0,0,0,0,0,0,0,0,0,0,0,5,0,0,0,0,0,0320490011T,3
1210,03204,"St. Francis Institute of Technology,Borivali, Mumbai",0320492110,Artificial Intelligence and Machine Learning,60,14,31,3,12,0,48,HU,7,3,0,0,0,0,0,0,0,0,0,0,0,0,0,0,0,0,10,0,0,0,0,0,0320492111T,3
1210,03204,"St. Francis Institute of Technology,Borivali, Mumbai",0320492110,Artificial Intelligence and Machine Learning,60,14,31,3,12,0,48,OHU,3,1,0,0,0,0,0,0,0,0,0,0,0,0,0,0,0,0,4,0,0,0,0,0,0320492111T,3
1211,03206,"S.S.P.M.'s College of Engineering, Kankavli",0320624510,Computer Engineering,60,39,0,9,12,0,48,HU,7,4,3,1,1,1,0,0,1,0,1,0,0,0,4,1,2,1,27,1,1,1,1,6,0320624511T,3
1211,03206,"S.S.P.M.'s College of Engineering, Kankavli",0320624510,Computer Engineering,60,39,0,9,12,0,48,OHU,2,1,0,1,0,1,1,0,0,0,0,0,1,0,1,1,0,1,10,1,1,1,1,6,0320624511T,3
1212,03206,"S.S.P.M.'s College of Engineering, Kankavli",0320629310,Electrical Engineering,30,25,0,5,0,0,30,HU,4,2,1,1,2,0,0,1,0,0,0,0,0,0,3,1,1,0,16,1,0,1,0,3,0320629311T,2
1212,03206,"S.S.P.M.'s College of Engineering, Kankavli",0320629310,Electrical Engineering,30,25,0,5,0,0,30,OHU,1,1,1,0,0,0,0,0,1,0,1,0,0,0,1,0,1,0,7,1,0,1,0,3,0320629311T,2
1213,03206,"S.S.P.M.'s College of Engineering, Kankavli",0320656610,Computer Science,30,19,0,5,6,0,24,HU,3,1,1,0,0,0,1,0,0,0,0,0,1,0,2,1,1,1,12,1,0,1,0,3,,
1213,03206,"S.S.P.M.'s College of Engineering, Kankavli",0320656610,Computer Science,30,19,0,5,6,0,24,OHU,1,1,1,0,1,0,0,0,0,0,0,0,0,0,0,1,0,0,5,1,0,1,0,3,,
1214,03206,"S.S.P.M.'s College of Engineering, Kankavli",0320661210,Mechanical Engineering,60,51,0,9,0,1,60,HU,9,4,3,2,2,1,0,0,2,0,2,0,1,0,3,2,3,0,34,2,1,2,1,6,,
1214,03206,"S.S.P.M.'s College of Engineering, Kankavli",0320661210,Mechanical Engineering,60,51,0,9,0,1,60,OHU,4,1,1,1,0,0,0,1,0,0,0,0,0,0,2,0,2,0,12,2,1,2,1,6,,
1215,03206,"S.S.P.M.'s College of Engineering, Kankavli",0320662410,Mechatronics Engineering,30,25,0,5,0,0,30,HU,4,2,2,0,0,1,1,0,0,0,0,0,0,0,2,1,1,1,15,1,0,1,0,3,,
1215,03206,"S.S.P.M.'s College of Engineering, Kankavli",0320662410,Mechatronics Engineering,30,25,0,5,0,0,30,OHU,1,1,1,0,1,0,0,0,1,0,0,1,0,0,1,1,0,0,8,1,0,1,0,3,,
1216,03206,"S.S.P.M.'s College of Engineering, Kankavli",0320690010,Electronics and Computer Science,60,39,0,9,12,0,48,HU,7,3,2,2,2,0,0,1,0,1,0,1,0,0,5,1,2,1,28,1,1,1,1,6,0320690011T,3
1216,03206,"S.S.P.M.'s College of Engineering, Kankavli",0320690010,Electronics and Computer Science,60,39,0,9,12,0,48,OHU,2,1,1,0,0,1,0,0,0,0,0,0,1,0,2,0,0,1,9,1,1,1,1,6,0320690011T,3
1217,03206,"S.S.P.M.'s College of Engineering, Kankavli",0320691110,Computer Science and Engineering(Artificial,60,39,0,9,12,0,48,HU,7,3,2,1,1,1,0,0,1,0,1,0,1,0,3,2,1,1,25,1,1,1,1,6,0320691111T,3
1217,03206,"S.S.P.M.'s College of Engineering, Kankavli",0320691110,Computer Science and Engineering(Artificial,60,39,0,9,12,0,48,OHU,3,1,1,1,1,0,1,0,0,0,0,0,0,0,1,1,2,0,12,1,1,1,1,6,0320691111T,3
1218,03208,"Don Bosco Institute of Technology, Mumbai",0320824510,Computer Engineering,120,50,61,9,0,0,120,HU,24,11,0,0,0,0,0,0,0,0,0,0,0,0,0,0,0,0,35,0,0,0,0,0,0320824511T,6
1218,03208,"Don Bosco Institute of Technology, Mumbai",0320824510,Computer Engineering,120,50,61,9,0,0,120,OHU,10,5,0,0,0,0,0,0,0,0,0,0,0,0,0,0,0,0,15,0,0,0,0,0,0320824511T,6
1219,03208,"Don Bosco Institute of Technology, Mumbai",0320824610,Information Technology,60,25,31,4,0,0,60,HU,13,5,0,0,0,0,0,0,0,0,0,0,0,0,0,0,0,0,18,0,0,0,0,0,0320824611T,3
1219,03208,"Don Bosco Institute of Technology, Mumbai",0320824610,Information Technology,60,25,31,4,0,0,60,OHU,5,2,0,0,0,0,0,0,0,0,0,0,0,0,0,0,0,0,7,0,0,0,0,0,0320824611T,3
1220,03208,"Don Bosco Institute of Technology, Mumbai",0320837210,Electronics and Telecommunication Engg,60,25,31,4,0,0,60,HU,12,5,0,0,0,0,0,0,0,0,0,0,0,0,0,0,0,0,17,0,0,0,0,0,0320837211T,3
1220,03208,"Don Bosco Institute of Technology, Mumbai",0320837210,Electronics and Telecommunication Engg,60,25,31,4,0,0,60,OHU,6,2,0,0,0,0,0,0,0,0,0,0,0,0,0,0,0,0,8,0,0,0,0,0,0320837211T,3
1221,03208,"Don Bosco Institute of Technology, Mumbai",0320861210,Mechanical Engineering,60,25,31,4,0,0,60,HU,12,6,0,0,0,0,0,0,0,0,0,0,0,0,0,0,0,0,18,0,0,0,0,0,0320861211T,3
1221,03208,"Don Bosco Institute of Technology, Mumbai",0320861210,Mechanical Engineering,60,25,31,4,0,0,60,OHU,5,2,0,0,0,0,0,0,0,0,0,0,0,0,0,0,0,0,7,0,0,0,0,0,0320861211T,3
1222,03210,"Excelsior Education Society's K.C. College of Engineering and Management Studies and Research, Kopri, Thane (E)",0321024510,Computer Engineering,180,44,92,8,36,0,144,HU,22,9,0,0,0,0,0,0,0,0,0,0,0,0,0,0,0,0,31,0,0,0,0,0,0321024511T,9
1222,03210,"Excelsior Education Society's K.C. College of Engineering and Management Studies and Research, Kopri, Thane (E)",0321024510,Computer Engineering,180,44,92,8,36,0,144,OHU,10,3,0,0,0,0,0,0,0,0,0,0,0,0,0,0,0,0,13,0,0,0,0,0,0321024511T,9
1223,03210,"Excelsior Education Society's K.C. College of Engineering and Management Studies and Research, Kopri, Thane (E)",0321024610,Information Technology,180,44,92,8,36,0,144,HU,22,9,0,0,0,0,0,0,0,0,0,0,0,0,0,0,0,0,31,0,0,0,0,0,0321024611T,9
1223,03210,"Excelsior Education Society's K.C. College of Engineering and Management Studies and Research, Kopri, Thane (E)",0321024610,Information Technology,180,44,92,8,36,0,144,OHU,10,3,0,0,0,0,0,0,0,0,0,0,0,0,0,0,0,0,13,0,0,0,0,0,0321024611T,9
1224,03210,"Excelsior Education Society's K.C. College of Engineering and Management Studies and Research, Kopri, Thane (E)",0321037210,Electronics and Telecommunication Engg,60,14,31,3,12,0,48,HU,7,3,0,0,0,0,0,0,0,0,0,0,0,0,0,0,0,0,10,0,0,0,0,0,0321037211T,3
1224,03210,"Excelsior Education Society's K.C. College of Engineering and Management Studies and Research, Kopri, Thane (E)",0321037210,Electronics and Telecommunication Engg,60,14,31,3,12,0,48,OHU,3,1,0,0,0,0,0,0,0,0,0,0,0,0,0,0,0,0,4,0,0,0,0,0,0321037211T,3
1225,03212,"Watumull Institute of Engineering & Technology, Ulhasnagar",0321219110,Civil Engineering,30,13,15,2,0,0,30,HU,7,2,0,0,0,0,0,0,0,0,0,0,0,0,0,0,0,0,9,0,0,0,0,0,,
1225,03212,"Watumull Institute of Engineering & Technology, Ulhasnagar",0321219110,Civil Engineering,30,13,15,2,0,0,30,OHU,3,1,0,0,0,0,0,0,0,0,0,0,0,0,0,0,0,0,4,0,0,0,0,0,,
1226,03212,"Watumull Institute of Engineering & Technology, Ulhasnagar",0321224510,Computer Engineering,180,59,92,11,18,0,162,HU,28,13,0,0,0,0,0,0,0,0,0,0,0,0,0,0,0,0,41,0,0,0,0,0,0321224511T,9
1226,03212,"Watumull Institute of Engineering & Technology, Ulhasnagar",0321224510,Computer Engineering,180,59,92,11,18,0,162,OHU,12,6,0,0,0,0,0,0,0,0,0,0,0,0,0,0,0,0,18,0,0,0,0,0,0321224511T,9
1227,03214,"Xavier Institute Of Engineering C/O Xavier Technical Institute,Mahim,Mumbai",0321424510,Computer Engineering,90,22,46,4,18,0,72,HU,12,4,0,0,0,0,0,0,0,0,0,0,0,0,0,0,0,0,16,0,0,0,0,0,0321424511T,5
1227,03214,"Xavier Institute Of Engineering C/O Xavier Technical Institute,Mahim,Mumbai",0321424510,Computer Engineering,90,22,46,4,18,0,72,OHU,4,2,0,0,0,0,0,0,0,0,0,0,0,0,0,0,0,0,6,0,0,0,0,0,0321424511T,5
1228,03214,"Xavier Institute Of Engineering C/O Xavier Technical Institute,Mahim,Mumbai",0321424610,Information Technology,60,14,31,3,12,0,48,HU,6,3,0,0,0,0,0,0,0,0,0,0,0,0,0,0,0,0,9,0,0,0,0,0,0321424611T,3
1228,03214,"Xavier Institute Of Engineering C/O Xavier Technical Institute,Mahim,Mumbai",0321424610,Information Technology,60,14,31,3,12,0,48,OHU,4,1,0,0,0,0,0,0,0,0,0,0,0,0,0,0,0,0,5,0,0,0,0,0,0321424611T,3
1229,03214,"Xavier Institute Of Engineering C/O Xavier Technical Institute,Mahim,Mumbai",0321437210,Electronics and Telecommunication Engg,30,8,15,1,6,0,24,HU,4,2,0,0,0,0,0,0,0,0,0,0,0,0,0,0,0,0,6,0,0,0,0,0,0321437211T,2
1229,03214,"Xavier Institute Of Engineering C/O Xavier Technical Institute,Mahim,Mumbai",0321437210,Electronics and Telecommunication Engg,30,8,15,1,6,0,24,OHU,1,1,0,0,0,0,0,0,0,0,0,0,0,0,0,0,0,0,2,0,0,0,0,0,0321437211T,2
1230,03214,"Xavier Institute Of Engineering C/O Xavier Technical Institute,Mahim,Mumbai",0321492010,Computer Science and Engineering (Internet of,60,14,31,3,12,0,48,HU,7,3,0,0,0,0,0,0,0,0,0,0,0,0,0,0,0,0,10,0,0,0,0,0,0321492011T,3
1230,03214,"Xavier Institute Of Engineering C/O Xavier Technical Institute,Mahim,Mumbai",0321492010,Computer Science and Engineering (Internet of,60,14,31,3,12,0,48,OHU,3,1,0,0,0,0,0,0,0,0,0,0,0,0,0,0,0,0,4,0,0,0,0,0,0321492011T,3
1231,03216,"Gharda Foundation's Gharda Institute of Technology,Khed, Ratnagiri",0321619110,Civil Engineering,60,51,0,9,0,1,60,HU,9,4,3,1,2,1,1,0,1,0,1,1,0,1,4,2,3,1,35,2,1,2,1,6,,
1231,03216,"Gharda Foundation's Gharda Institute of Technology,Khed, Ratnagiri",0321619110,Civil Engineering,60,51,0,9,0,1,60,OHU,3,2,1,1,1,0,1,0,0,0,0,0,0,0,1,0,0,1,11,2,1,2,1,6,,
1232,03216,"Gharda Foundation's Gharda Institute of Technology,Khed, Ratnagiri",0321624510,Computer Engineering,60,39,0,9,12,0,48,HU,7,3,3,1,1,0,1,0,0,1,0,0,1,0,4,1,2,0,25,1,1,1,1,6,0321624511T,3
1232,03216,"Gharda Foundation's Gharda Institute of Technology,Khed, Ratnagiri",0321624510,Computer Engineering,60,39,0,9,12,0,48,OHU,3,1,1,0,1,0,0,0,0,0,1,0,0,0,2,1,2,0,12,1,1,1,1,6,0321624511T,3
1233,03216,"Gharda Foundation's Gharda Institute of Technology,Khed, Ratnagiri",0321637210,Electronics and Telecommunication Engg,30,25,0,5,0,0,30,HU,4,2,1,1,1,0,0,1,1,0,1,0,0,0,3,1,1,1,18,1,0,1,0,3,0321637211T,2
1233,03216,"Gharda Foundation's Gharda Institute of Technology,Khed, Ratnagiri",0321637210,Electronics and Telecommunication Engg,30,25,0,5,0,0,30,OHU,1,1,1,0,0,1,0,0,0,0,0,0,0,0,0,1,0,0,5,1,0,1,0,3,0321637211T,2
1234,03216,"Gharda Foundation's Gharda Institute of Technology,Khed, Ratnagiri",0321650710,Chemical Engineering,60,51,0,9,0,1,60,HU,9,4,3,1,2,1,0,0,1,0,1,0,0,0,3,2,2,1,30,2,1,2,1,6,,
1234,03216,"Gharda Foundation's Gharda Institute of Technology,Khed, Ratnagiri",0321650710,Chemical Engineering,60,51,0,9,0,1,60,OHU,4,1,1,1,1,0,0,1,1,0,1,0,0,1,2,0,1,1,16,2,1,2,1,6,,
1235,03216,"Gharda Foundation's Gharda Institute of Technology,Khed, Ratnagiri",0321661210,Mechanical Engineering,30,25,0,5,0,0,30,HU,4,2,2,1,0,1,1,0,0,1,0,0,1,0,3,1,2,0,19,1,0,1,0,3,0321661211T,2
1235,03216,"Gharda Foundation's Gharda Institute of Technology,Khed, Ratnagiri",0321661210,Mechanical Engineering,30,25,0,5,0,0,30,OHU,1,1,1,0,0,0,0,0,0,0,0,0,0,0,1,0,0,0,4,1,0,1,0,3,0321661211T,2
1236,03216,"Gharda Foundation's Gharda Institute of Technology,Khed, Ratnagiri",0321691110,Computer Science and Engineering(Artificial,60,39,0,9,12,0,48,HU,7,3,2,1,2,0,1,0,0,0,0,1,0,1,3,2,1,1,25,1,1,1,1,6,0321691111T,3
1236,03216,"Gharda Foundation's Gharda Institute of Technology,Khed, Ratnagiri",0321691110,Computer Science and Engineering(Artificial,60,39,0,9,12,0,48,OHU,2,1,1,1,1,0,0,0,0,1,0,0,0,0,2,1,2,0,12,1,1,1,1,6,0321691111T,3
1237,03217,"Vighnaharata Trust's Shivajirao S. Jondhale College of Engineering & Technology, Shahapur, Asangaon, Dist Thane",0321719110,Civil Engineering,60,51,0,9,0,1,60,HU,9,4,4,1,2,1,1,0,1,0,1,0,1,0,5,1,3,1,35,2,1,2,1,6,,
1237,03217,"Vighnaharata Trust's Shivajirao S. Jondhale College of Engineering & Technology, Shahapur, Asangaon, Dist Thane",0321719110,Civil Engineering,60,51,0,9,0,1,60,OHU,4,1,1,0,0,1,1,0,0,0,1,0,0,0,0,1,0,1,11,2,1,2,1,6,,
1238,03217,"Vighnaharata Trust's Shivajirao S. Jondhale College of Engineering & Technology, Shahapur, Asangaon, Dist Thane",0321724510,Computer Engineering,60,39,0,9,12,0,48,HU,7,3,2,1,1,1,0,1,1,0,1,0,0,0,2,2,2,1,25,1,1,1,1,6,0321724511T,3
1238,03217,"Vighnaharata Trust's Shivajirao S. Jondhale College of Engineering & Technology, Shahapur, Asangaon, Dist Thane",0321724510,Computer Engineering,60,39,0,9,12,0,48,OHU,2,2,1,1,1,0,0,0,0,0,0,0,1,0,2,1,1,0,12,1,1,1,1,6,0321724511T,3
1239,03217,"Vighnaharata Trust's Shivajirao S. Jondhale College of Engineering & Technology, Shahapur, Asangaon, Dist Thane",0321737210,Electronics and Telecommunication Engg,60,39,0,9,12,0,48,HU,7,3,3,1,2,0,0,0,0,0,1,0,1,0,4,1,2,1,26,1,1,1,1,6,,
1239,03217,"Vighnaharata Trust's Shivajirao S. Jondhale College of Engineering & Technology, Shahapur, Asangaon, Dist Thane",0321737210,Electronics and Telecommunication Engg,60,39,0,9,12,0,48,OHU,3,1,1,0,1,0,1,0,1,0,0,0,0,0,2,0,1,0,11,1,1,1,1,6,,
1240,03217,"Vighnaharata Trust's Shivajirao S. Jondhale College of Engineering & Technology, Shahapur, Asangaon, Dist Thane",0321761210,Mechanical Engineering,60,51,0,9,0,1,60,HU,9,4,3,1,2,1,1,0,1,0,0,1,0,1,4,2,2,1,33,2,1,2,1,6,,
1240,03217,"Vighnaharata Trust's Shivajirao S. Jondhale College of Engineering & Technology, Shahapur, Asangaon, Dist Thane",0321761210,Mechanical Engineering,60,51,0,9,0,1,60,OHU,4,1,1,1,0,1,0,0,0,0,0,1,0,0,1,1,1,1,13,2,1,2,1,6,,
1241,03217,"Vighnaharata Trust's Shivajirao S. Jondhale College of Engineering & Technology, Shahapur, Asangaon, Dist Thane",0321791610,Automation and Robotics,60,51,0,9,0,1,60,HU,9,4,3,2,1,1,1,1,0,1,1,0,0,0,4,2,3,1,34,2,1,2,1,6,,
1241,03217,"Vighnaharata Trust's Shivajirao S. Jondhale College of Engineering & Technology, Shahapur, Asangaon, Dist Thane",0321791610,Automation and Robotics,60,51,0,9,0,1,60,OHU,3,2,2,0,1,0,0,0,0,0,0,0,1,0,2,0,1,0,12,2,1,2,1,6,,
1242,03219,"Koti Vidya Charitable Trust's Smt. Alamuri Ratnamala Institute of Engineering and Technology, Sapgaon, Tal. Shahapur",0321919110,Civil Engineering,60,25,31,4,0,0,60,HU,12,5,0,0,0,0,0,0,0,0,0,0,0,0,0,0,0,0,17,0,0,0,0,0,,
1242,03219,"Koti Vidya Charitable Trust's Smt. Alamuri Ratnamala Institute of Engineering and Technology, Sapgaon, Tal. Shahapur",0321919110,Civil Engineering,60,25,31,4,0,0,60,OHU,6,2,0,0,0,0,0,0,0,0,0,0,0,0,0,0,0,0,8,0,0,0,0,0,,
1243,03219,"Koti Vidya Charitable Trust's Smt. Alamuri Ratnamala Institute of Engineering and Technology, Sapgaon, Tal. Shahapur",0321924510,Computer Engineering,120,50,61,9,0,0,120,HU,25,10,0,0,0,0,0,0,0,0,0,0,0,0,0,0,0,0,35,0,0,0,0,0,0321924511T,6
1243,03219,"Koti Vidya Charitable Trust's Smt. Alamuri Ratnamala Institute of Engineering and Technology, Sapgaon, Tal. Shahapur",0321924510,Computer Engineering,120,50,61,9,0,0,120,OHU,10,5,0,0,0,0,0,0,0,0,0,0,0,0,0,0,0,0,15,0,0,0,0,0,0321924511T,6
1244,03219,"Koti Vidya Charitable Trust's Smt. Alamuri Ratnamala Institute of Engineering and Technology, Sapgaon, Tal. Shahapur",0321924610,Information Technology,30,13,15,2,0,0,30,HU,7,3,0,0,0,0,0,0,0,0,0,0,0,0,0,0,0,0,10,0,0,0,0,0,0321924611T,2
1244,03219,"Koti Vidya Charitable Trust's Smt. Alamuri Ratnamala Institute of Engineering and Technology, Sapgaon, Tal. Shahapur",0321924610,Information Technology,30,13,15,2,0,0,30,OHU,2,1,0,0,0,0,0,0,0,0,0,0,0,0,0,0,0,0,3,0,0,0,0,0,0321924611T,2
1245,03219,"Koti Vidya Charitable Trust's Smt. Alamuri Ratnamala Institute of Engineering and Technology, Sapgaon, Tal. Shahapur",0321929310,Electrical Engineering,60,25,31,4,0,0,60,HU,11,6,0,0,0,0,0,0,0,0,0,0,0,0,0,0,0,0,17,0,0,0,0,0,,
1245,03219,"Koti Vidya Charitable Trust's Smt. Alamuri Ratnamala Institute of Engineering and Technology, Sapgaon, Tal. Shahapur",0321929310,Electrical Engineering,60,25,31,4,0,0,60,OHU,6,2,0,0,0,0,0,0,0,0,0,0,0,0,0,0,0,0,8,0,0,0,0,0,,
1246,03219,"Koti Vidya Charitable Trust's Smt. Alamuri Ratnamala Institute of Engineering and Technology, Sapgaon, Tal. Shahapur",0321937210,Electronics and Telecommunication Engg,30,13,15,2,0,0,30,HU,7,2,0,0,0,0,0,0,0,0,0,0,0,0,0,0,0,0,9,0,0,0,0,0,,
1246,03219,"Koti Vidya Charitable Trust's Smt. Alamuri Ratnamala Institute of Engineering and Technology, Sapgaon, Tal. Shahapur",0321937210,Electronics and Telecommunication Engg,30,13,15,2,0,0,30,OHU,3,1,0,0,0,0,0,0,0,0,0,0,0,0,0,0,0,0,4,0,0,0,0,0,,
1247,03219,"Koti Vidya Charitable Trust's Smt. Alamuri Ratnamala Institute of Engineering and Technology, Sapgaon, Tal. Shahapur",0321961210,Mechanical Engineering,60,25,31,4,0,0,60,HU,12,6,0,0,0,0,0,0,0,0,0,0,0,0,0,0,0,0,18,0,0,0,0,0,,
1247,03219,"Koti Vidya Charitable Trust's Smt. Alamuri Ratnamala Institute of Engineering and Technology, Sapgaon, Tal. Shahapur",0321961210,Mechanical Engineering,60,25,31,4,0,0,60,OHU,5,2,0,0,0,0,0,0,0,0,0,0,0,0,0,0,0,0,7,0,0,0,0,0,,
1248,03219,"Koti Vidya Charitable Trust's Smt. Alamuri Ratnamala Institute of Engineering and Technology, Sapgaon, Tal. Shahapur",0321991110,Computer Science and Engineering(Artificial,60,25,31,4,0,0,60,HU,12,5,0,0,0,0,0,0,0,0,0,0,0,0,0,0,0,0,17,0,0,0,0,0,0321991111T,3
1248,03219,"Koti Vidya Charitable Trust's Smt. Alamuri Ratnamala Institute of Engineering and Technology, Sapgaon, Tal. Shahapur",0321991110,Computer Science and Engineering(Artificial,60,25,31,4,0,0,60,OHU,5,3,0,0,0,0,0,0,0,0,0,0,0,0,0,0,0,0,8,0,0,0,0,0,0321991111T,3
1249,03220,Yadavrao Tasgaonkar College of Engineering & Management,0322019110,Civil Engineering,60,39,0,9,12,0,48,HU,7,3,2,1,2,0,0,0,1,0,1,0,1,0,4,1,1,1,25,1,1,1,1,6,,
1249,03220,Yadavrao Tasgaonkar College of Engineering & Management,0322019110,Civil Engineering,60,39,0,9,12,0,48,OHU,3,1,1,1,1,0,1,0,0,0,0,0,0,0,1,1,1,1,12,1,1,1,1,6,,
1250,03220,Yadavrao Tasgaonkar College of Engineering & Management,0322024510,Computer Engineering,42,28,0,6,8,0,34,HU,5,2,2,0,0,1,1,0,0,0,0,0,1,0,3,1,2,0,18,1,0,1,0,4,,
1250,03220,Yadavrao Tasgaonkar College of Engineering & Management,0322024510,Computer Engineering,42,28,0,6,8,0,34,OHU,1,1,1,0,1,0,0,0,1,0,1,0,0,0,1,1,0,0,8,1,0,1,0,4,,
1251,03220,Yadavrao Tasgaonkar College of Engineering & Management,0322024610,Information Technology,42,28,0,6,8,0,34,HU,4,3,2,1,2,0,1,0,0,0,0,1,0,0,2,2,1,1,20,1,0,1,0,4,,
1251,03220,Yadavrao Tasgaonkar College of Engineering & Management,0322024610,Information Technology,42,28,0,6,8,0,34,OHU,1,1,1,0,0,0,0,0,0,0,0,0,0,1,1,0,1,0,6,1,0,1,0,4,,
1252,03220,Yadavrao Tasgaonkar College of Engineering & Management,0322025210,Cyber Security,30,19,0,5,6,0,24,HU,3,1,1,1,0,1,0,0,1,0,1,0,0,0,2,1,1,0,13,1,0,1,0,3,,
1252,03220,Yadavrao Tasgaonkar College of Engineering & Management,0322025210,Cyber Security,30,19,0,5,6,0,24,OHU,1,0,0,1,0,0,0,0,0,0,0,0,0,0,1,0,1,0,4,1,0,1,0,3,,
1253,03220,Yadavrao Tasgaonkar College of Engineering & Management,0322037210,Electronics and Telecommunication Engg,30,19,0,5,6,0,24,HU,2,2,2,0,0,0,0,0,0,1,0,0,1,0,2,0,1,1,12,1,0,1,0,3,,
1253,03220,Yadavrao Tasgaonkar College of Engineering & Management,0322037210,Electronics and Telecommunication Engg,30,19,0,5,6,0,24,OHU,1,1,0,0,0,1,0,1,0,0,0,0,0,0,1,0,0,0,5,1,0,1,0,3,,
1254,03220,Yadavrao Tasgaonkar College of Engineering & Management,0322061210,Mechanical Engineering,60,39,0,9,12,0,48,HU,7,3,2,1,2,0,0,1,0,0,0,0,0,1,3,2,2,0,24,1,1,1,1,6,,
1254,03220,Yadavrao Tasgaonkar College of Engineering & Management,0322061210,Mechanical Engineering,60,39,0,9,12,0,48,OHU,2,1,2,0,1,0,0,0,0,1,1,0,0,0,2,1,1,1,13,1,1,1,1,6,,
1255,03220,Yadavrao Tasgaonkar College of Engineering & Management,0322092110,Artificial Intelligence and Machine Learning,30,19,0,5,6,0,24,HU,3,1,0,1,1,1,1,0,0,0,1,0,0,0,2,1,1,1,14,1,0,1,0,3,,
1255,03220,Yadavrao Tasgaonkar College of Engineering & Management,0322092110,Artificial Intelligence and Machine Learning,30,19,0,5,6,0,24,OHU,1,1,0,1,0,0,0,0,0,0,0,0,0,0,0,0,0,0,3,1,0,1,0,3,,
1256,03221,"Vishnu Waman Thakur Charitable Trust's VIVA Institute of Technology, Virar",0322119110,Civil Engineering,60,39,0,9,12,0,48,HU,7,3,3,1,2,0,0,0,1,0,0,1,1,0,3,1,2,1,26,1,1,1,1,6,,
1256,03221,"Vishnu Waman Thakur Charitable Trust's VIVA Institute of Technology, Virar",0322119110,Civil Engineering,60,39,0,9,12,0,48,OHU,3,1,1,0,1,0,1,0,0,0,0,0,0,0,2,1,1,0,11,1,1,1,1,6,,
1257,03221,"Vishnu Waman Thakur Charitable Trust's VIVA Institute of Technology, Virar",0322124510,Computer Engineering,60,39,0,9,12,0,48,HU,7,3,2,1,1,1,1,0,1,0,1,0,0,0,4,2,1,1,26,1,1,1,1,6,0322124511T,3
1257,03221,"Vishnu Waman Thakur Charitable Trust's VIVA Institute of Technology, Virar",0322124510,Computer Engineering,60,39,0,9,12,0,48,OHU,2,1,2,0,0,1,0,0,0,0,0,1,0,0,1,1,1,1,11,1,1,1,1,6,0322124511T,3
1258,03221,"Vishnu Waman Thakur Charitable Trust's VIVA Institute of Technology, Virar",0322137210,Electronics and Telecommunication Engg,60,39,0,9,12,0,48,HU,7,3,3,1,1,1,1,0,0,0,1,0,0,0,4,1,3,0,26,1,1,1,1,6,,
1258,03221,"Vishnu Waman Thakur Charitable Trust's VIVA Institute of Technology, Virar",0322137210,Electronics and Telecommunication Engg,60,39,0,9,12,0,48,OHU,3,1,0,1,1,0,0,0,1,0,0,0,1,0,2,0,1,0,11,1,1,1,1,6,,
1259,03221,"Vishnu Waman Thakur Charitable Trust's VIVA Institute of Technology, Virar",0322161210,Mechanical Engineering,60,39,0,9,12,0,48,HU,7,3,2,1,1,0,0,1,0,1,1,0,1,0,4,2,2,1,27,1,1,1,1,6,,
1259,03221,"Vishnu Waman Thakur Charitable Trust's VIVA Institute of Technology, Virar",0322161210,Mechanical Engineering,60,39,0,9,12,0,48,OHU,2,1,2,0,1,0,0,0,0,0,1,0,0,0,1,1,0,1,10,1,1,1,1,6,,
1260,03221,"Vishnu Waman Thakur Charitable Trust's VIVA Institute of Technology, Virar",0322191110,Computer Science and Engineering(Artificial,120,78,0,18,24,1,96,HU,13,6,4,2,4,1,2,0,2,0,1,1,0,1,6,2,4,2,51,4,0,4,0,12,0322191111T,6
1260,03221,"Vishnu Waman Thakur Charitable Trust's VIVA Institute of Technology, Virar",0322191110,Computer Science and Engineering(Artificial,120,78,0,18,24,1,96,OHU,5,3,1,1,0,1,1,0,0,0,0,0,0,0,3,1,2,0,18,4,0,4,0,12,0322191111T,6
1261,03221,"Vishnu Waman Thakur Charitable Trust's VIVA Institute of Technology, Virar",0322192610,Electrical and Computer Engineering,60,39,0,9,12,0,48,HU,8,3,3,1,1,1,0,0,0,0,0,0,0,0,3,2,1,1,24,1,1,1,1,6,0322192611T,3
1261,03221,"Vishnu Waman Thakur Charitable Trust's VIVA Institute of Technology, Virar",0322192610,Electrical and Computer Engineering,60,39,0,9,12,0,48,OHU,2,1,1,0,1,0,0,1,1,0,1,0,1,0,1,1,1,1,13,1,1,1,1,6,0322192611T,3
1262,03222,"Haji Jamaluddin Thim Trust's Theem College of Engineering, At. Villege Betegaon, Boisar",0322219110,Civil Engineering,30,13,15,2,0,0,30,HU,7,2,0,0,0,0,0,0,0,0,0,0,0,0,0,0,0,0,9,0,0,0,0,0,,
1262,03222,"Haji Jamaluddin Thim Trust's Theem College of Engineering, At. Villege Betegaon, Boisar",0322219110,Civil Engineering,30,13,15,2,0,0,30,OHU,3,1,0,0,0,0,0,0,0,0,0,0,0,0,0,0,0,0,4,0,0,0,0,0,,
1263,03222,"Haji Jamaluddin Thim Trust's Theem College of Engineering, At. Villege Betegaon, Boisar",0322224510,Computer Engineering,60,17,31,3,9,0,51,HU,8,4,0,0,0,0,0,0,0,0,0,0,0,0,0,0,0,0,12,0,0,0,0,0,0322224511T,3
1263,03222,"Haji Jamaluddin Thim Trust's Theem College of Engineering, At. Villege Betegaon, Boisar",0322224510,Computer Engineering,60,17,31,3,9,0,51,OHU,4,1,0,0,0,0,0,0,0,0,0,0,0,0,0,0,0,0,5,0,0,0,0,0,0322224511T,3
1264,03222,"Haji Jamaluddin Thim Trust's Theem College of Engineering, At. Villege Betegaon, Boisar",0322224610,Information Technology,60,22,31,4,3,0,57,HU,11,5,0,0,0,0,0,0,0,0,0,0,0,0,0,0,0,0,16,0,0,0,0,0,0322224611T,3
1264,03222,"Haji Jamaluddin Thim Trust's Theem College of Engineering, At. Villege Betegaon, Boisar",0322224610,Information Technology,60,22,31,4,3,0,57,OHU,4,2,0,0,0,0,0,0,0,0,0,0,0,0,0,0,0,0,6,0,0,0,0,0,0322224611T,3
1265,03222,"Haji Jamaluddin Thim Trust's Theem College of Engineering, At. Villege Betegaon, Boisar",0322229310,Electrical Engineering,30,13,15,2,0,0,30,HU,6,3,0,0,0,0,0,0,0,0,0,0,0,0,0,0,0,0,9,0,0,0,0,0,,
1265,03222,"Haji Jamaluddin Thim Trust's Theem College of Engineering, At. Villege Betegaon, Boisar",0322229310,Electrical Engineering,30,13,15,2,0,0,30,OHU,3,1,0,0,0,0,0,0,0,0,0,0,0,0,0,0,0,0,4,0,0,0,0,0,,
1266,03222,"Haji Jamaluddin Thim Trust's Theem College of Engineering, At. Villege Betegaon, Boisar",0322260210,Automobile Engineering,30,13,15,2,0,0,30,HU,7,2,0,0,0,0,0,0,0,0,0,0,0,0,0,0,0,0,9,0,0,0,0,0,,
1266,03222,"Haji Jamaluddin Thim Trust's Theem College of Engineering, At. Villege Betegaon, Boisar",0322260210,Automobile Engineering,30,13,15,2,0,0,30,OHU,2,2,0,0,0,0,0,0,0,0,0,0,0,0,0,0,0,0,4,0,0,0,0,0,,
1267,03222,"Haji Jamaluddin Thim Trust's Theem College of Engineering, At. Villege Betegaon, Boisar",0322261210,Mechanical Engineering,30,13,15,2,0,0,30,HU,6,3,0,0,0,0,0,0,0,0,0,0,0,0,0,0,0,0,9,0,0,0,0,0,,
1267,03222,"Haji Jamaluddin Thim Trust's Theem College of Engineering, At. Villege Betegaon, Boisar",0322261210,Mechanical Engineering,30,13,15,2,0,0,30,OHU,3,1,0,0,0,0,0,0,0,0,0,0,0,0,0,0,0,0,4,0,0,0,0,0,,
1268,03222,"Haji Jamaluddin Thim Trust's Theem College of Engineering, At. Villege Betegaon, Boisar",0322291110,Computer Science and Engineering(Artificial,120,42,61,7,10,0,110,HU,20,9,0,0,0,0,0,0,0,0,0,0,0,0,0,0,0,0,29,0,0,0,0,0,0322291111T,6
1268,03222,"Haji Jamaluddin Thim Trust's Theem College of Engineering, At. Villege Betegaon, Boisar",0322291110,Computer Science and Engineering(Artificial,120,42,61,7,10,0,110,OHU,9,4,0,0,0,0,0,0,0,0,0,0,0,0,0,0,0,0,13,0,0,0,0,0,0322291111T,6
1269,03223,"Mahatma Education Society's Pillai HOC College of Engineering & Technology, Tal. Khalapur. Dist. Raigad",0322319110,Civil Engineering,60,14,31,3,12,0,48,HU,7,3,0,0,0,0,0,0,0,0,0,0,0,0,0,0,0,0,10,0,0,0,0,0,,
1269,03223,"Mahatma Education Society's Pillai HOC College of Engineering & Technology, Tal. Khalapur. Dist. Raigad",0322319110,Civil Engineering,60,14,31,3,12,0,48,OHU,3,1,0,0,0,0,0,0,0,0,0,0,0,0,0,0,0,0,4,0,0,0,0,0,,
1270,03223,"Mahatma Education Society's Pillai HOC College of Engineering & Technology, Tal. Khalapur. Dist. Raigad",0322324510,Computer Engineering,180,44,92,8,36,0,144,HU,22,9,0,0,0,0,0,0,0,0,0,0,0,0,0,0,0,0,31,0,0,0,0,0,0322324511T,9
1270,03223,"Mahatma Education Society's Pillai HOC College of Engineering & Technology, Tal. Khalapur. Dist. Raigad",0322324510,Computer Engineering,180,44,92,8,36,0,144,OHU,9,4,0,0,0,0,0,0,0,0,0,0,0,0,0,0,0,0,13,0,0,0,0,0,0322324511T,9
1271,03223,"Mahatma Education Society's Pillai HOC College of Engineering & Technology, Tal. Khalapur. Dist. Raigad",0322324610,Information Technology,120,30,61,5,24,0,96,HU,15,6,0,0,0,0,0,0,0,0,0,0,0,0,0,0,0,0,21,0,0,0,0,0,0322324611T,6
1271,03223,"Mahatma Education Society's Pillai HOC College of Engineering & Technology, Tal. Khalapur. Dist. Raigad",0322324610,Information Technology,120,30,61,5,24,0,96,OHU,6,3,0,0,0,0,0,0,0,0,0,0,0,0,0,0,0,0,9,0,0,0,0,0,0322324611T,6
1272,03223,"Mahatma Education Society's Pillai HOC College of Engineering & Technology, Tal. Khalapur. Dist. Raigad",0322361210,Mechanical Engineering,60,14,31,3,12,0,48,HU,7,3,0,0,0,0,0,0,0,0,0,0,0,0,0,0,0,0,10,0,0,0,0,0,,
1272,03223,"Mahatma Education Society's Pillai HOC College of Engineering & Technology, Tal. Khalapur. Dist. Raigad",0322361210,Mechanical Engineering,60,14,31,3,12,0,48,OHU,3,1,0,0,0,0,0,0,0,0,0,0,0,0,0,0,0,0,4,0,0,0,0,0,,
1273,03223,"Mahatma Education Society's Pillai HOC College of Engineering & Technology, Tal. Khalapur. Dist. Raigad",0322390010,Electronics and Computer Science,60,14,31,3,12,0,48,HU,6,3,0,0,0,0,0,0,0,0,0,0,0,0,0,0,0,0,9,0,0,0,0,0,0322390011T,3
1273,03223,"Mahatma Education Society's Pillai HOC College of Engineering & Technology, Tal. Khalapur. Dist. Raigad",0322390010,Electronics and Computer Science,60,14,31,3,12,0,48,OHU,4,1,0,0,0,0,0,0,0,0,0,0,0,0,0,0,0,0,5,0,0,0,0,0,0322390011T,3
1274,03223,"Mahatma Education Society's Pillai HOC College of Engineering & Technology, Tal. Khalapur. Dist. Raigad",0322392610,Electrical and Computer Engineering,60,14,31,3,12,0,48,HU,7,3,0,0,0,0,0,0,0,0,0,0,0,0,0,0,0,0,10,0,0,0,0,0,0322392611T,3
1274,03223,"Mahatma Education Society's Pillai HOC College of Engineering & Technology, Tal. Khalapur. Dist. Raigad",0322392610,Electrical and Computer Engineering,60,14,31,3,12,0,48,OHU,3,1,0,0,0,0,0,0,0,0,0,0,0,0,0,0,0,0,4,0,0,0,0,0,0322392611T,3
1275,03224,"Leela Education Society, G.V. Acharya Institute of Engineering and Technology, Shelu, Karjat",0322419110,Civil Engineering,30,25,0,5,0,0,30,HU,4,2,2,1,0,0,0,1,0,0,0,0,1,0,3,1,2,1,18,1,0,1,0,3,,
1275,03224,"Leela Education Society, G.V. Acharya Institute of Engineering and Technology, Shelu, Karjat",0322419110,Civil Engineering,30,25,0,5,0,0,30,OHU,1,1,0,1,1,0,0,0,0,0,0,0,0,0,1,0,0,0,5,1,0,1,0,3,,
1276,03224,"Leela Education Society, G.V. Acharya Institute of Engineering and Technology, Shelu, Karjat",0322424510,Computer Engineering,60,39,0,9,12,0,48,HU,7,3,2,1,2,1,1,0,1,0,1,0,1,0,4,1,2,0,27,1,1,1,1,6,0322424511T,3
1276,03224,"Leela Education Society, G.V. Acharya Institute of Engineering and Technology, Shelu, Karjat",0322424510,Computer Engineering,60,39,0,9,12,0,48,OHU,3,1,2,0,0,0,0,0,0,0,0,0,0,0,1,1,2,0,10,1,1,1,1,6,0322424511T,3
1277,03224,"Leela Education Society, G.V. Acharya Institute of Engineering and Technology, Shelu, Karjat",0322461210,Mechanical Engineering,60,51,0,9,0,1,60,HU,9,4,3,1,2,0,0,0,0,1,1,1,0,0,4,2,3,1,32,2,1,2,1,6,,
1277,03224,"Leela Education Society, G.V. Acharya Institute of Engineering and Technology, Shelu, Karjat",0322461210,Mechanical Engineering,60,51,0,9,0,1,60,OHU,4,1,1,1,1,1,1,0,0,0,0,0,0,1,2,0,0,1,14,2,1,2,1,6,,
1278,03224,"Leela Education Society, G.V. Acharya Institute of Engineering and Technology, Shelu, Karjat",0322491110,Computer Science and Engineering(Artificial,60,39,0,9,12,0,48,HU,7,3,3,1,1,1,1,1,0,0,1,0,0,0,3,2,2,1,27,1,1,1,1,6,0322491111T,3
1278,03224,"Leela Education Society, G.V. Acharya Institute of Engineering and Technology, Shelu, Karjat",0322491110,Computer Science and Engineering(Artificial,60,39,0,9,12,0,48,OHU,3,1,1,0,0,0,0,0,0,1,0,1,0,0,1,1,1,0,10,1,1,1,1,6,0322491111T,3
1279,03224,"Leela Education Society, G.V. Acharya Institute of Engineering and Technology, Shelu, Karjat",0322492010,Computer Science and Engineering (Internet of,60,51,0,9,0,1,60,HU,9,4,3,1,2,1,1,0,2,0,0,1,0,1,4,1,2,1,33,2,1,2,1,6,,
1279,03224,"Leela Education Society, G.V. Acharya Institute of Engineering and Technology, Shelu, Karjat",0322492010,Computer Science and Engineering (Internet of,60,51,0,9,0,1,60,OHU,3,2,1,1,1,0,0,0,0,0,1,0,0,0,1,1,1,1,13,2,1,2,1,6,,
1280,03257,"Vidya Prasarak Mandal's College of Engineering, Thane",0325724510,Computer Engineering,60,39,0,9,12,0,48,HU,7,3,3,1,1,1,0,0,0,0,1,0,1,0,3,2,2,1,26,1,1,1,1,6,0325724511T,3
1280,03257,"Vidya Prasarak Mandal's College of Engineering, Thane",0325724510,Computer Engineering,60,39,0,9,12,0,48,OHU,3,1,1,0,1,0,1,0,1,0,0,0,0,0,2,0,1,0,11,1,1,1,1,6,0325724511T,3
1281,03257,"Vidya Prasarak Mandal's College of Engineering, Thane",0325724610,Information Technology,60,39,0,9,12,0,48,HU,7,3,2,1,2,0,1,0,0,1,1,0,1,0,4,1,2,1,27,1,1,1,1,6,0325724611T,3
1281,03257,"Vidya Prasarak Mandal's College of Engineering, Thane",0325724610,Information Technology,60,39,0,9,12,0,48,OHU,2,1,1,1,0,1,0,0,0,0,0,0,0,0,2,1,1,0,10,1,1,1,1,6,0325724611T,3
1282,03257,"Vidya Prasarak Mandal's College of Engineering, Thane",0325729310,Electrical Engineering,60,48,0,9,3,0,57,HU,8,4,2,2,1,1,1,0,1,0,1,0,0,0,5,2,2,1,31,1,1,1,1,6,0325729311T,3
1282,03257,"Vidya Prasarak Mandal's College of Engineering, Thane",0325729310,Electrical Engineering,60,48,0,9,3,0,57,OHU,3,2,2,0,1,0,0,1,0,0,1,0,1,0,1,1,1,1,15,1,1,1,1,6,0325729311T,3
1283,03257,"Vidya Prasarak Mandal's College of Engineering, Thane",0325737210,Electronics and Telecommunication Engg,60,48,0,9,3,0,57,HU,9,4,4,1,2,0,0,1,1,0,0,1,1,0,4,2,3,1,34,1,1,1,1,6,0325737211T,3
1283,03257,"Vidya Prasarak Mandal's College of Engineering, Thane",0325737210,Electronics and Telecommunication Engg,60,48,0,9,3,0,57,OHU,4,1,1,1,1,0,0,0,0,0,0,0,0,0,2,1,1,0,12,1,1,1,1,6,0325737211T,3
1284,03257,"Vidya Prasarak Mandal's College of Engineering, Thane",0325791610,Automation and Robotics,60,45,0,9,6,0,54,HU,9,3,3,1,1,1,1,0,0,0,1,0,0,1,4,2,2,1,30,1,1,1,1,6,0325791611T,3
1284,03257,"Vidya Prasarak Mandal's College of Engineering, Thane",0325791610,Automation and Robotics,60,45,0,9,6,0,54,OHU,3,1,2,0,0,1,0,0,1,0,1,0,0,0,3,0,1,0,13,1,1,1,1,6,0325791611T,3
1285,03277,Pravin Rohidas Patil College of Engineering & Technology,0327724510,Computer Engineering,60,39,0,9,12,0,48,HU,7,3,3,1,1,1,0,0,0,1,1,0,0,0,4,1,1,1,25,1,1,1,1,6,0327724511T,3
1285,03277,Pravin Rohidas Patil College of Engineering & Technology,0327724510,Computer Engineering,60,39,0,9,12,0,48,OHU,3,1,0,1,1,0,1,0,0,0,0,0,1,0,1,1,1,1,12,1,1,1,1,6,0327724511T,3
1286,03277,Pravin Rohidas Patil College of Engineering & Technology,0327724610,Information Technology,60,39,0,9,12,0,48,HU,7,3,2,1,2,0,1,0,1,0,0,1,0,0,3,2,2,1,26,1,1,1,1,6,0327724611T,3
1286,03277,Pravin Rohidas Patil College of Engineering & Technology,0327724610,Information Technology,60,39,0,9,12,0,48,OHU,2,2,2,0,1,0,0,0,0,0,0,1,0,0,1,1,1,0,11,1,1,1,1,6,0327724611T,3
1287,03277,Pravin Rohidas Patil College of Engineering & Technology,0327735610,Electrical Engg[Electronics and Power],60,39,0,9,12,0,48,HU,6,3,2,2,1,1,0,1,0,0,1,0,1,0,4,2,3,0,27,1,1,1,1,6,,
1287,03277,Pravin Rohidas Patil College of Engineering & Technology,0327735610,Electrical Engg[Electronics and Power],60,39,0,9,12,0,48,OHU,3,1,0,1,1,0,0,0,1,0,0,0,0,0,2,0,0,1,10,1,1,1,1,6,,
1288,03277,Pravin Rohidas Patil College of Engineering & Technology,0327761510,Mechanical & Automation Engineering,60,39,0,9,12,0,48,HU,8,3,3,0,2,0,1,0,1,0,1,0,1,0,4,1,2,1,28,1,1,1,1,6,,
1288,03277,Pravin Rohidas Patil College of Engineering & Technology,0327761510,Mechanical & Automation Engineering,60,39,0,9,12,0,48,OHU,2,1,2,0,0,1,0,0,0,0,0,0,0,0,1,1,1,0,9,1,1,1,1,6,,
1289,03277,Pravin Rohidas Patil College of Engineering & Technology,0327793410,Civil Engineering and Planning,60,39,0,9,12,0,48,HU,7,3,2,2,2,1,0,0,1,0,0,0,0,0,3,1,2,1,25,1,1,1,1,6,,
1289,03277,Pravin Rohidas Patil College of Engineering & Technology,0327793410,Civil Engineering and Planning,60,39,0,9,12,0,48,OHU,3,1,1,0,0,0,1,0,0,0,1,0,1,0,2,1,1,0,12,1,1,1,1,6,,
1290,03277,Pravin Rohidas Patil College of Engineering & Technology,0327793510,Electronics and Biomedical Engineering,60,39,0,9,12,0,48,HU,6,3,2,1,1,1,1,0,0,0,0,1,0,1,4,2,1,1,25,1,1,1,1,6,,
1290,03277,Pravin Rohidas Patil College of Engineering & Technology,0327793510,Electronics and Biomedical Engineering,60,39,0,9,12,0,48,OHU,3,1,1,1,1,0,0,0,0,1,0,0,0,0,2,0,1,1,12,1,1,1,1,6,,
1291,03351,"Bharat College of Engineering, Kanhor, Badlapur(W)",0335119110,Civil Engineering,30,25,0,5,0,0,30,HU,4,2,3,0,0,0,0,0,0,1,1,0,0,0,3,1,2,0,17,1,0,1,0,3,,
1291,03351,"Bharat College of Engineering, Kanhor, Badlapur(W)",0335119110,Civil Engineering,30,25,0,5,0,0,30,OHU,1,1,1,0,1,0,0,0,0,0,0,0,0,0,0,1,1,0,6,1,0,1,0,3,,
1292,03351,"Bharat College of Engineering, Kanhor, Badlapur(W)",0335124510,Computer Engineering,60,51,0,9,0,1,60,HU,9,4,2,2,2,1,0,1,1,0,1,0,1,0,3,2,2,2,33,2,1,2,1,6,0335124511T,3
1292,03351,"Bharat College of Engineering, Kanhor, Badlapur(W)",0335124510,Computer Engineering,60,51,0,9,0,1,60,OHU,3,2,1,1,0,1,1,0,0,0,1,0,0,0,2,0,1,0,13,2,1,2,1,6,0335124511T,3
1293,03351,"Bharat College of Engineering, Kanhor, Badlapur(W)",0335156810,Computer Science and Information Technology,60,51,0,9,0,1,60,HU,9,4,4,1,2,0,2,0,1,0,1,0,1,0,4,2,2,1,34,2,1,2,1,6,0335156811T,3
1293,03351,"Bharat College of Engineering, Kanhor, Badlapur(W)",0335156810,Computer Science and Information Technology,60,51,0,9,0,1,60,OHU,4,1,1,1,1,0,0,0,0,0,0,0,0,0,1,1,1,1,12,2,1,2,1,6,0335156811T,3
1294,03351,"Bharat College of Engineering, Kanhor, Badlapur(W)",0335161210,Mechanical Engineering,60,51,0,9,0,1,60,HU,9,4,3,2,2,1,0,0,0,0,0,1,0,0,4,2,3,1,32,2,1,2,1,6,,
1294,03351,"Bharat College of Engineering, Kanhor, Badlapur(W)",0335161210,Mechanical Engineering,60,51,0,9,0,1,60,OHU,3,2,1,0,1,0,0,1,1,0,0,1,0,1,2,0,1,0,14,2,1,2,1,6,,
1295,03351,"Bharat College of Engineering, Kanhor, Badlapur(W)",0335191110,Computer Science and Engineering(Artificial,60,48,0,9,3,0,57,HU,9,4,3,1,1,1,1,0,1,1,2,0,0,1,5,1,2,1,34,1,1,1,1,6,0335191111T,3
1295,03351,"Bharat College of Engineering, Kanhor, Badlapur(W)",0335191110,Computer Science and Engineering(Artificial,60,48,0,9,3,0,57,OHU,3,1,2,0,0,1,0,0,0,0,0,0,0,0,2,1,1,1,12,1,1,1,1,6,0335191111T,3
1296,03351,"Bharat College of Engineering, Kanhor, Badlapur(W)",0335191210,Computer Science and Engineering(Data Science),60,51,0,9,0,1,60,HU,9,4,3,1,2,1,1,1,0,0,0,1,1,0,3,2,3,1,33,2,1,2,1,6,0335191211T,3
1296,03351,"Bharat College of Engineering, Kanhor, Badlapur(W)",0335191210,Computer Science and Engineering(Data Science),60,51,0,9,0,1,60,OHU,4,1,1,1,1,0,0,0,1,0,1,0,0,0,1,1,1,0,13,2,1,2,1,6,0335191211T,3
1297,03353,"Dilkap Research Institute Of Engineering and Management Studies, At.Mamdapur, Post- Neral, Tal- Karjat, Mumbai",0335319110,Civil Engineering,60,47,0,9,4,0,56,HU,9,3,3,2,2,0,0,0,1,0,1,0,0,0,5,2,2,1,31,1,1,1,1,6,,
1297,03353,"Dilkap Research Institute Of Engineering and Management Studies, At.Mamdapur, Post- Neral, Tal- Karjat, Mumbai",0335319110,Civil Engineering,60,47,0,9,4,0,56,OHU,3,2,1,1,1,0,1,0,0,0,0,0,1,0,1,1,1,1,14,1,1,1,1,6,,
1298,03353,"Dilkap Research Institute Of Engineering and Management Studies, At.Mamdapur, Post- Neral, Tal- Karjat, Mumbai",0335324510,Computer Engineering,120,78,0,18,24,1,96,HU,14,6,5,1,2,2,1,1,0,1,1,1,1,0,6,3,4,1,50,4,0,4,0,12,0335324511T,6
1298,03353,"Dilkap Research Institute Of Engineering and Management Studies, At.Mamdapur, Post- Neral, Tal- Karjat, Mumbai",0335324510,Computer Engineering,120,78,0,18,24,1,96,OHU,5,2,2,0,1,0,1,0,0,1,1,0,0,0,3,1,2,0,19,4,0,4,0,12,0335324511T,6
1299,03353,"Dilkap Research Institute Of Engineering and Management Studies, At.Mamdapur, Post- Neral, Tal- Karjat, Mumbai",0335324610,Information Technology,30,19,0,5,6,0,24,HU,2,2,0,1,1,0,0,0,1,0,0,0,1,0,2,0,1,1,12,1,0,1,0,3,0335324611T,2
1299,03353,"Dilkap Research Institute Of Engineering and Management Studies, At.Mamdapur, Post- Neral, Tal- Karjat, Mumbai",0335324610,Information Technology,30,19,0,5,6,0,24,OHU,1,1,0,1,0,1,0,0,0,0,0,0,0,0,1,0,0,0,5,1,0,1,0,3,0335324611T,2
1300,03353,"Dilkap Research Institute Of Engineering and Management Studies, At.Mamdapur, Post- Neral, Tal- Karjat, Mumbai",0335329310,Electrical Engineering,60,45,0,9,6,0,54,HU,9,3,3,1,2,0,1,0,1,0,1,0,0,0,5,2,2,1,31,1,1,1,1,6,,
1300,03353,"Dilkap Research Institute Of Engineering and Management Studies, At.Mamdapur, Post- Neral, Tal- Karjat, Mumbai",0335329310,Electrical Engineering,60,45,0,9,6,0,54,OHU,3,1,2,0,1,0,0,0,0,0,0,1,1,0,1,1,0,1,12,1,1,1,1,6,,
1301,03353,"Dilkap Research Institute Of Engineering and Management Studies, At.Mamdapur, Post- Neral, Tal- Karjat, Mumbai",0335361210,Mechanical Engineering,30,19,0,5,6,0,24,HU,2,2,2,1,0,1,1,0,0,0,1,0,0,0,1,1,1,0,13,1,0,1,0,3,,
1301,03353,"Dilkap Research Institute Of Engineering and Management Studies, At.Mamdapur, Post- Neral, Tal- Karjat, Mumbai",0335361210,Mechanical Engineering,30,19,0,5,6,0,24,OHU,0,1,0,0,0,0,0,0,0,0,0,0,0,0,2,0,1,0,4,1,0,1,0,3,,
1302,03353,"Dilkap Research Institute Of Engineering and Management Studies, At.Mamdapur, Post- Neral, Tal- Karjat, Mumbai",0335392010,Computer Science and Engineering (Internet of,30,19,0,5,6,0,24,HU,3,1,1,0,0,0,0,0,0,0,1,0,0,0,2,1,1,0,10,1,0,1,0,3,0335392011T,2
1302,03353,"Dilkap Research Institute Of Engineering and Management Studies, At.Mamdapur, Post- Neral, Tal- Karjat, Mumbai",0335392010,Computer Science and Engineering (Internet of,30,19,0,5,6,0,24,OHU,2,0,1,0,1,0,0,1,0,0,0,0,0,0,0,1,1,0,7,1,0,1,0,3,0335392011T,2
1303,03353,"Dilkap Research Institute Of Engineering and Management Studies, At.Mamdapur, Post- Neral, Tal- Karjat, Mumbai",0335392110,Artificial Intelligence and Machine Learning,60,39,0,9,12,0,48,HU,7,3,2,1,2,1,0,1,1,0,0,0,0,1,4,2,2,1,28,1,1,1,1,6,,
1303,03353,"Dilkap Research Institute Of Engineering and Management Studies, At.Mamdapur, Post- Neral, Tal- Karjat, Mumbai",0335392110,Artificial Intelligence and Machine Learning,60,39,0,9,12,0,48,OHU,2,1,1,1,0,0,0,0,0,0,1,0,0,0,2,0,0,1,9,1,1,1,1,6,,
1304,03423,"Shree L.R. Tiwari College of Engineering, Mira Road, Mumbai",0342319110,Civil Engineering,30,8,15,1,6,0,24,HU,4,2,0,0,0,0,0,0,0,0,0,0,0,0,0,0,0,0,6,0,0,0,0,0,,
1304,03423,"Shree L.R. Tiwari College of Engineering, Mira Road, Mumbai",0342319110,Civil Engineering,30,8,15,1,6,0,24,OHU,1,1,0,0,0,0,0,0,0,0,0,0,0,0,0,0,0,0,2,0,0,0,0,0,,
1305,03423,"Shree L.R. Tiwari College of Engineering, Mira Road, Mumbai",0342324510,Computer Engineering,180,44,92,8,36,0,144,HU,22,9,0,0,0,0,0,0,0,0,0,0,0,0,0,0,0,0,31,0,0,0,0,0,0342324511T,9
1305,03423,"Shree L.R. Tiwari College of Engineering, Mira Road, Mumbai",0342324510,Computer Engineering,180,44,92,8,36,0,144,OHU,9,4,0,0,0,0,0,0,0,0,0,0,0,0,0,0,0,0,13,0,0,0,0,0,0342324511T,9
1306,03423,"Shree L.R. Tiwari College of Engineering, Mira Road, Mumbai",0342324610,Information Technology,180,44,92,8,36,0,144,HU,21,9,0,0,0,0,0,0,0,0,0,0,0,0,0,0,0,0,30,0,0,0,0,0,0342324611T,9
1306,03423,"Shree L.R. Tiwari College of Engineering, Mira Road, Mumbai",0342324610,Information Technology,180,44,92,8,36,0,144,OHU,10,4,0,0,0,0,0,0,0,0,0,0,0,0,0,0,0,0,14,0,0,0,0,0,0342324611T,9
1307,03423,"Shree L.R. Tiwari College of Engineering, Mira Road, Mumbai",0342337210,Electronics and Telecommunication Engg,60,14,31,3,12,0,48,HU,7,3,0,0,0,0,0,0,0,0,0,0,0,0,0,0,0,0,10,0,0,0,0,0,0342337211T,3
1307,03423,"Shree L.R. Tiwari College of Engineering, Mira Road, Mumbai",0342337210,Electronics and Telecommunication Engg,60,14,31,3,12,0,48,OHU,3,1,0,0,0,0,0,0,0,0,0,0,0,0,0,0,0,0,4,0,0,0,0,0,0342337211T,3
1308,03423,"Shree L.R. Tiwari College of Engineering, Mira Road, Mumbai",0342361210,Mechanical Engineering,30,8,15,1,6,0,24,HU,4,2,0,0,0,0,0,0,0,0,0,0,0,0,0,0,0,0,6,0,0,0,0,0,,
1308,03423,"Shree L.R. Tiwari College of Engineering, Mira Road, Mumbai",0342361210,Mechanical Engineering,30,8,15,1,6,0,24,OHU,1,1,0,0,0,0,0,0,0,0,0,0,0,0,0,0,0,0,2,0,0,0,0,0,,
1309,03423,"Shree L.R. Tiwari College of Engineering, Mira Road, Mumbai",0342390010,Electronics and Computer Science,60,14,31,3,12,0,48,HU,7,3,0,0,0,0,0,0,0,0,0,0,0,0,0,0,0,0,10,0,0,0,0,0,0342390011T,3
1309,03423,"Shree L.R. Tiwari College of Engineering, Mira Road, Mumbai",0342390010,Electronics and Computer Science,60,14,31,3,12,0,48,OHU,3,1,0,0,0,0,0,0,0,0,0,0,0,0,0,0,0,0,4,0,0,0,0,0,0342390011T,3
1310,03436,"B.R. Harne College of Engineering & Technology, Karav, Tal-Ambernath.",0343619110,Civil Engineering,30,25,0,5,0,0,30,HU,4,2,2,1,1,0,1,0,0,0,0,0,1,0,2,1,1,1,17,1,0,1,0,3,,
1310,03436,"B.R. Harne College of Engineering & Technology, Karav, Tal-Ambernath.",0343619110,Civil Engineering,30,25,0,5,0,0,30,OHU,1,1,0,0,0,1,0,0,1,0,0,0,0,0,1,1,0,0,6,1,0,1,0,3,,
1311,03436,"B.R. Harne College of Engineering & Technology, Karav, Tal-Ambernath.",0343624510,Computer Engineering,90,67,0,14,9,1,81,HU,12,6,4,2,2,1,1,0,1,1,2,1,1,0,6,2,3,1,46,2,1,2,1,9,0343624511T,5
1311,03436,"B.R. Harne College of Engineering & Technology, Karav, Tal-Ambernath.",0343624510,Computer Engineering,90,67,0,14,9,1,81,OHU,5,2,2,1,1,0,0,0,0,0,0,0,0,0,2,0,3,0,16,2,1,2,1,9,0343624511T,5
1312,03436,"B.R. Harne College of Engineering & Technology, Karav, Tal-Ambernath.",0343624610,Information Technology,60,45,0,9,6,0,54,HU,8,3,2,1,2,1,1,0,0,0,0,0,0,0,4,1,3,1,27,1,1,1,1,6,0343624611T,3
1312,03436,"B.R. Harne College of Engineering & Technology, Karav, Tal-Ambernath.",0343624610,Information Technology,60,45,0,9,6,0,54,OHU,3,2,1,1,1,0,1,0,1,0,1,0,0,1,2,1,0,1,16,1,1,1,1,6,0343624611T,3
1313,03436,"B.R. Harne College of Engineering & Technology, Karav, Tal-Ambernath.",0343629310,Electrical Engineering,30,25,0,5,0,0,30,HU,4,2,3,0,0,0,0,1,0,0,0,1,0,0,2,2,1,1,17,1,0,1,0,3,,
1313,03436,"B.R. Harne College of Engineering & Technology, Karav, Tal-Ambernath.",0343629310,Electrical Engineering,30,25,0,5,0,0,30,OHU,1,1,1,0,0,1,0,0,0,0,0,0,0,0,0,1,1,0,6,1,0,1,0,3,,
1314,03436,"B.R. Harne College of Engineering & Technology, Karav, Tal-Ambernath.",0343661210,Mechanical Engineering,30,25,0,5,0,0,30,HU,4,2,1,1,2,0,0,0,1,0,0,0,0,1,2,1,1,0,16,1,0,1,0,3,,
1314,03436,"B.R. Harne College of Engineering & Technology, Karav, Tal-Ambernath.",0343661210,Mechanical Engineering,30,25,0,5,0,0,30,OHU,1,1,1,0,0,0,1,0,0,0,0,0,0,0,2,0,1,0,7,1,0,1,0,3,,
1315,03436,"B.R. Harne College of Engineering & Technology, Karav, Tal-Ambernath.",0343690010,Electronics and Computer Science,30,23,0,5,2,0,28,HU,4,2,1,1,0,1,0,0,0,1,1,0,1,0,3,0,1,1,17,1,0,1,0,3,0343690011T,2
1315,03436,"B.R. Harne College of Engineering & Technology, Karav, Tal-Ambernath.",0343690010,Electronics and Computer Science,30,23,0,5,2,0,28,OHU,1,0,1,0,1,0,0,0,0,0,0,0,0,0,1,0,0,0,4,1,0,1,0,3,0343690011T,2
1316,03436,"B.R. Harne College of Engineering & Technology, Karav, Tal-Ambernath.",0343691110,Computer Science and Engineering(Artificial,60,48,0,9,3,0,57,HU,8,4,4,1,2,0,1,0,0,0,0,0,0,0,4,3,2,1,30,1,1,1,1,6,,
1316,03436,"B.R. Harne College of Engineering & Technology, Karav, Tal-Ambernath.",0343691110,Computer Science and Engineering(Artificial,60,48,0,9,3,0,57,OHU,3,2,1,1,1,0,0,0,0,1,1,0,1,0,2,1,1,1,16,1,1,1,1,6,,
1317,03439,"Anjuman-I-Islam's Kalsekar Technical Campus, Panvel",0343919110,Civil Engineering,60,14,31,3,12,0,48,HU,6,3,0,0,0,0,0,0,0,0,0,0,0,0,0,0,0,0,9,0,0,0,0,0,,
1317,03439,"Anjuman-I-Islam's Kalsekar Technical Campus, Panvel",0343919110,Civil Engineering,60,14,31,3,12,0,48,OHU,3,2,0,0,0,0,0,0,0,0,0,0,0,0,0,0,0,0,5,0,0,0,0,0,,
1318,03439,"Anjuman-I-Islam's Kalsekar Technical Campus, Panvel",0343924510,Computer Engineering,120,30,61,5,24,0,96,HU,15,6,0,0,0,0,0,0,0,0,0,0,0,0,0,0,0,0,21,0,0,0,0,0,0343924511T,6
1318,03439,"Anjuman-I-Islam's Kalsekar Technical Campus, Panvel",0343924510,Computer Engineering,120,30,61,5,24,0,96,OHU,7,2,0,0,0,0,0,0,0,0,0,0,0,0,0,0,0,0,9,0,0,0,0,0,0343924511T,6
1319,03439,"Anjuman-I-Islam's Kalsekar Technical Campus, Panvel",0343961210,Mechanical Engineering,60,14,31,3,12,0,48,HU,7,3,0,0,0,0,0,0,0,0,0,0,0,0,0,0,0,0,10,0,0,0,0,0,0343961211T,3
1319,03439,"Anjuman-I-Islam's Kalsekar Technical Campus, Panvel",0343961210,Mechanical Engineering,60,14,31,3,12,0,48,OHU,2,2,0,0,0,0,0,0,0,0,0,0,0,0,0,0,0,0,4,0,0,0,0,0,0343961211T,3
1320,03439,"Anjuman-I-Islam's Kalsekar Technical Campus, Panvel",0343990010,Electronics and Computer Science,60,14,31,3,12,0,48,HU,7,3,0,0,0,0,0,0,0,0,0,0,0,0,0,0,0,0,10,0,0,0,0,0,0343990011T,3
1320,03439,"Anjuman-I-Islam's Kalsekar Technical Campus, Panvel",0343990010,Electronics and Computer Science,60,14,31,3,12,0,48,OHU,3,1,0,0,0,0,0,0,0,0,0,0,0,0,0,0,0,0,4,0,0,0,0,0,0343990011T,3
1321,03439,"Anjuman-I-Islam's Kalsekar Technical Campus, Panvel",0343991110,Computer Science and Engineering(Artificial,60,14,31,3,12,0,48,HU,7,3,0,0,0,0,0,0,0,0,0,0,0,0,0,0,0,0,10,0,0,0,0,0,0343991111T,3
1321,03439,"Anjuman-I-Islam's Kalsekar Technical Campus, Panvel",0343991110,Computer Science and Engineering(Artificial,60,14,31,3,12,0,48,OHU,3,1,0,0,0,0,0,0,0,0,0,0,0,0,0,0,0,0,4,0,0,0,0,0,0343991111T,3
1322,03439,"Anjuman-I-Islam's Kalsekar Technical Campus, Panvel",0343991210,Computer Science and Engineering(Data Science),60,14,31,3,12,0,48,HU,7,3,0,0,0,0,0,0,0,0,0,0,0,0,0,0,0,0,10,0,0,0,0,0,0343991211T,3
1322,03439,"Anjuman-I-Islam's Kalsekar Technical Campus, Panvel",0343991210,Computer Science and Engineering(Data Science),60,14,31,3,12,0,48,OHU,3,1,0,0,0,0,0,0,0,0,0,0,0,0,0,0,0,0,4,0,0,0,0,0,0343991211T,3
1323,03439,"Anjuman-I-Islam's Kalsekar Technical Campus, Panvel",0343992610,Electrical and Computer Engineering,60,14,31,3,12,0,48,HU,6,3,0,0,0,0,0,0,0,0,0,0,0,0,0,0,0,0,9,0,0,0,0,0,0343992611T,3
1323,03439,"Anjuman-I-Islam's Kalsekar Technical Campus, Panvel",0343992610,Electrical and Computer Engineering,60,14,31,3,12,0,48,OHU,3,2,0,0,0,0,0,0,0,0,0,0,0,0,0,0,0,0,5,0,0,0,0,0,0343992611T,3
1324,03440,"Metropolitan Institute of Technology & Management, Sukhalwad, Sindhudurg.",0344019110,Civil Engineering,90,76,0,14,0,1,90,HU,13,6,4,2,3,1,1,1,2,0,1,1,1,1,7,2,4,1,51,4,0,4,0,9,,
1324,03440,"Metropolitan Institute of Technology & Management, Sukhalwad, Sindhudurg.",0344019110,Civil Engineering,90,76,0,14,0,1,90,OHU,5,2,1,0,1,0,0,1,0,0,0,1,0,0,2,1,1,1,16,4,0,4,0,9,,
1325,03440,"Metropolitan Institute of Technology & Management, Sukhalwad, Sindhudurg.",0344024510,Computer Engineering,45,38,0,7,0,0,45,HU,7,2,2,1,0,1,1,0,0,1,1,0,0,0,4,2,2,1,25,1,1,1,1,5,,
1325,03440,"Metropolitan Institute of Technology & Management, Sukhalwad, Sindhudurg.",0344024510,Computer Engineering,45,38,0,7,0,0,45,OHU,3,1,1,1,0,1,0,0,0,0,0,0,1,0,1,1,1,0,11,1,1,1,1,5,,
1326,03440,"Metropolitan Institute of Technology & Management, Sukhalwad, Sindhudurg.",0344037210,Electronics and Telecommunication Engg,45,38,0,7,0,0,45,HU,7,4,3,1,2,0,1,0,0,0,2,0,0,0,3,1,1,1,26,1,1,1,1,5,,
1326,03440,"Metropolitan Institute of Technology & Management, Sukhalwad, Sindhudurg.",0344037210,Electronics and Telecommunication Engg,45,38,0,7,0,0,45,OHU,2,1,1,0,1,0,0,0,1,0,0,0,0,0,2,1,1,0,10,1,1,1,1,5,,
1327,03440,"Metropolitan Institute of Technology & Management, Sukhalwad, Sindhudurg.",0344061210,Mechanical Engineering,90,76,0,14,0,1,90,HU,14,5,4,2,2,2,0,1,2,0,0,1,2,0,6,3,5,1,50,4,0,4,0,9,,
1327,03440,"Metropolitan Institute of Technology & Management, Sukhalwad, Sindhudurg.",0344061210,Mechanical Engineering,90,76,0,14,0,1,90,OHU,5,2,1,1,1,0,1,0,0,0,1,0,0,0,2,1,1,1,17,4,0,4,0,9,,
1328,03445,"Vishwatmak Jangli Maharaj Ashram Trust (Kokamthan), Atma Malik Institute Of Technology & Research",0344519110,Civil Engineering,30,25,0,5,0,0,30,HU,4,2,2,0,1,0,1,0,0,0,1,0,0,0,3,1,1,1,17,1,0,1,0,3,,
1328,03445,"Vishwatmak Jangli Maharaj Ashram Trust (Kokamthan), Atma Malik Institute Of Technology & Research",0344519110,Civil Engineering,30,25,0,5,0,0,30,OHU,1,1,1,0,0,1,0,0,0,0,0,0,0,0,1,0,1,0,6,1,0,1,0,3,,
1329,03445,"Vishwatmak Jangli Maharaj Ashram Trust (Kokamthan), Atma Malik Institute Of Technology & Research",0344524510,Computer Engineering,60,45,0,9,6,0,54,HU,7,4,2,2,2,0,1,0,0,0,1,0,1,0,3,2,2,1,28,1,1,1,1,6,0344524511T,3
1329,03445,"Vishwatmak Jangli Maharaj Ashram Trust (Kokamthan), Atma Malik Institute Of Technology & Research",0344524510,Computer Engineering,60,45,0,9,6,0,54,OHU,4,1,1,1,1,0,1,0,1,0,1,0,0,0,2,1,1,0,15,1,1,1,1,6,0344524511T,3
1330,03445,"Vishwatmak Jangli Maharaj Ashram Trust (Kokamthan), Atma Malik Institute Of Technology & Research",0344537210,Electronics and Telecommunication Engg,30,25,0,5,0,0,30,HU,4,2,2,0,1,1,0,0,1,0,0,0,0,0,3,1,1,1,17,1,0,1,0,3,,
1330,03445,"Vishwatmak Jangli Maharaj Ashram Trust (Kokamthan), Atma Malik Institute Of Technology & Research",0344537210,Electronics and Telecommunication Engg,30,25,0,5,0,0,30,OHU,1,1,1,0,0,0,0,0,0,0,0,0,0,1,1,0,0,1,6,1,0,1,0,3,,
1331,03445,"Vishwatmak Jangli Maharaj Ashram Trust (Kokamthan), Atma Malik Institute Of Technology & Research",0344561210,Mechanical Engineering,30,25,0,5,0,0,30,HU,4,2,1,1,1,0,1,0,0,1,0,1,0,0,2,1,1,0,16,1,0,1,0,3,,
1331,03445,"Vishwatmak Jangli Maharaj Ashram Trust (Kokamthan), Atma Malik Institute Of Technology & Research",0344561210,Mechanical Engineering,30,25,0,5,0,0,30,OHU,1,1,1,0,1,0,0,0,0,0,0,0,0,0,1,1,1,0,7,1,0,1,0,3,,
1332,03445,"Vishwatmak Jangli Maharaj Ashram Trust (Kokamthan), Atma Malik Institute Of Technology & Research",0344592010,Computer Science and Engineering (Internet of,30,22,0,5,3,0,27,HU,3,2,2,0,0,1,0,0,0,0,0,0,0,1,3,1,2,0,15,1,0,1,0,3,0344592011T,2
1332,03445,"Vishwatmak Jangli Maharaj Ashram Trust (Kokamthan), Atma Malik Institute Of Technology & Research",0344592010,Computer Science and Engineering (Internet of,30,22,0,5,3,0,27,OHU,0,1,0,1,0,0,1,0,1,0,0,0,0,0,1,0,0,0,5,1,0,1,0,3,0344592011T,2
1333,03445,"Vishwatmak Jangli Maharaj Ashram Trust (Kokamthan), Atma Malik Institute Of Technology & Research",0344592110,Artificial Intelligence and Machine Learning,30,22,0,5,3,0,27,HU,3,2,1,1,1,0,0,0,0,0,0,0,0,0,2,1,1,1,13,1,0,1,0,3,0344592111T,2
1333,03445,"Vishwatmak Jangli Maharaj Ashram Trust (Kokamthan), Atma Malik Institute Of Technology & Research",0344592110,Artificial Intelligence and Machine Learning,30,22,0,5,3,0,27,OHU,1,1,1,0,0,1,0,0,0,0,0,1,0,0,1,0,1,0,7,1,0,1,0,3,0344592111T,2
1334,03447,"G.M.Vedak Institute of Technology, Tala, Raigad.",0344719110,Civil Engineering,30,25,0,5,0,0,30,HU,4,2,2,1,1,0,0,1,0,0,0,0,1,0,2,1,1,1,17,1,0,1,0,3,,
1334,03447,"G.M.Vedak Institute of Technology, Tala, Raigad.",0344719110,Civil Engineering,30,25,0,5,0,0,30,OHU,1,1,1,0,0,0,0,0,0,0,0,0,0,0,1,1,0,1,6,1,0,1,0,3,,
1335,03447,"G.M.Vedak Institute of Technology, Tala, Raigad.",0344724510,Computer Engineering,60,51,0,9,0,1,60,HU,9,4,3,1,2,1,1,0,1,0,2,0,0,0,4,2,2,1,33,2,1,2,1,6,,
1335,03447,"G.M.Vedak Institute of Technology, Tala, Raigad.",0344724510,Computer Engineering,60,51,0,9,0,1,60,OHU,4,1,1,1,1,0,0,0,0,0,0,0,1,0,1,1,2,0,13,2,1,2,1,6,,
1336,03447,"G.M.Vedak Institute of Technology, Tala, Raigad.",0344761210,Mechanical Engineering,30,25,0,5,0,0,30,HU,4,2,1,1,1,0,1,0,0,0,0,1,0,0,3,1,2,0,17,1,0,1,0,3,,
1336,03447,"G.M.Vedak Institute of Technology, Tala, Raigad.",0344761210,Mechanical Engineering,30,25,0,5,0,0,30,OHU,1,1,1,0,1,0,0,0,0,0,0,0,0,0,1,0,1,0,6,1,0,1,0,3,,
1337,03460,"Universal College of Engineering,Kaman Dist. Palghar",0346019110,Civil Engineering,60,14,31,3,12,0,48,HU,7,3,0,0,0,0,0,0,0,0,0,0,0,0,0,0,0,0,10,0,0,0,0,0,,
1337,03460,"Universal College of Engineering,Kaman Dist. Palghar",0346019110,Civil Engineering,60,14,31,3,12,0,48,OHU,3,1,0,0,0,0,0,0,0,0,0,0,0,0,0,0,0,0,4,0,0,0,0,0,,
1338,03460,"Universal College of Engineering,Kaman Dist. Palghar",0346024510,Computer Engineering,120,30,61,5,24,0,96,HU,15,6,0,0,0,0,0,0,0,0,0,0,0,0,0,0,0,0,21,0,0,0,0,0,0346024511T,6
1338,03460,"Universal College of Engineering,Kaman Dist. Palghar",0346024510,Computer Engineering,120,30,61,5,24,0,96,OHU,6,3,0,0,0,0,0,0,0,0,0,0,0,0,0,0,0,0,9,0,0,0,0,0,0346024511T,6
1339,03460,"Universal College of Engineering,Kaman Dist. Palghar",0346024610,Information Technology,60,14,31,3,12,0,48,HU,7,3,0,0,0,0,0,0,0,0,0,0,0,0,0,0,0,0,10,0,0,0,0,0,0346024611T,3
1339,03460,"Universal College of Engineering,Kaman Dist. Palghar",0346024610,Information Technology,60,14,31,3,12,0,48,OHU,3,1,0,0,0,0,0,0,0,0,0,0,0,0,0,0,0,0,4,0,0,0,0,0,0346024611T,3
1340,03460,"Universal College of Engineering,Kaman Dist. Palghar",0346092110,Artificial Intelligence and Machine Learning,120,30,61,5,24,0,96,HU,15,6,0,0,0,0,0,0,0,0,0,0,0,0,0,0,0,0,21,0,0,0,0,0,0346092111T,6
1340,03460,"Universal College of Engineering,Kaman Dist. Palghar",0346092110,Artificial Intelligence and Machine Learning,120,30,61,5,24,0,96,OHU,7,2,0,0,0,0,0,0,0,0,0,0,0,0,0,0,0,0,9,0,0,0,0,0,0346092111T,6
1341,03460,"Universal College of Engineering,Kaman Dist. Palghar",0346092410,Data Engineering,60,14,31,3,12,0,48,HU,7,3,0,0,0,0,0,0,0,0,0,0,0,0,0,0,0,0,10,0,0,0,0,0,0346092411T,3
1341,03460,"Universal College of Engineering,Kaman Dist. Palghar",0346092410,Data Engineering,60,14,31,3,12,0,48,OHU,2,2,0,0,0,0,0,0,0,0,0,0,0,0,0,0,0,0,4,0,0,0,0,0,0346092411T,3
1342,03462,"VPM's Maharshi Parshuram College of Engineering, Velneshwar, Ratnagiri.",0346219110,Civil Engineering,30,25,0,5,0,0,30,HU,4,2,2,1,0,1,0,0,1,0,0,0,1,0,2,0,1,1,16,1,0,1,0,3,,
1342,03462,"VPM's Maharshi Parshuram College of Engineering, Velneshwar, Ratnagiri.",0346219110,Civil Engineering,30,25,0,5,0,0,30,OHU,1,1,1,0,0,0,0,1,0,0,1,0,0,0,2,0,0,0,7,1,0,1,0,3,,
1343,03462,"VPM's Maharshi Parshuram College of Engineering, Velneshwar, Ratnagiri.",0346224510,Computer Engineering,30,19,0,5,6,0,24,HU,3,2,2,0,0,0,0,1,0,0,1,0,0,0,2,1,1,0,13,1,0,1,0,3,,
1343,03462,"VPM's Maharshi Parshuram College of Engineering, Velneshwar, Ratnagiri.",0346224510,Computer Engineering,30,19,0,5,6,0,24,OHU,0,1,0,0,1,0,0,0,0,0,0,0,0,0,0,1,0,1,4,1,0,1,0,3,,
1344,03462,"VPM's Maharshi Parshuram College of Engineering, Velneshwar, Ratnagiri.",0346229310,Electrical Engineering,30,25,0,5,0,0,30,HU,4,2,1,1,2,0,0,0,0,1,1,0,0,0,3,1,1,1,18,1,0,1,0,3,,
1344,03462,"VPM's Maharshi Parshuram College of Engineering, Velneshwar, Ratnagiri.",0346229310,Electrical Engineering,30,25,0,5,0,0,30,OHU,2,0,0,1,0,0,0,0,0,0,0,0,0,0,1,0,1,0,5,1,0,1,0,3,,
1345,03462,"VPM's Maharshi Parshuram College of Engineering, Velneshwar, Ratnagiri.",0346246610,Instrumentation Engineering,30,25,0,5,0,0,30,HU,4,2,2,0,0,1,1,0,0,0,0,0,0,1,2,1,2,0,16,1,0,1,0,3,,
1345,03462,"VPM's Maharshi Parshuram College of Engineering, Velneshwar, Ratnagiri.",0346246610,Instrumentation Engineering,30,25,0,5,0,0,30,OHU,1,1,1,0,0,1,0,0,0,1,1,0,0,0,1,0,0,0,7,1,0,1,0,3,,
1346,03462,"VPM's Maharshi Parshuram College of Engineering, Velneshwar, Ratnagiri.",0346261210,Mechanical Engineering,30,25,0,5,0,0,30,HU,4,2,1,1,2,0,0,0,0,0,0,0,0,0,2,1,1,1,15,1,0,1,0,3,,
1346,03462,"VPM's Maharshi Parshuram College of Engineering, Velneshwar, Ratnagiri.",0346261210,Mechanical Engineering,30,25,0,5,0,0,30,OHU,1,1,1,0,0,0,1,0,0,0,0,0,1,0,1,1,1,0,8,1,0,1,0,3,,
1347,03462,"VPM's Maharshi Parshuram College of Engineering, Velneshwar, Ratnagiri.",0346284410,Electronics and Computer Engineering,30,19,0,5,6,0,24,HU,3,1,1,1,0,0,0,0,1,0,1,0,0,0,2,1,1,0,12,1,0,1,0,3,,
1347,03462,"VPM's Maharshi Parshuram College of Engineering, Velneshwar, Ratnagiri.",0346284410,Electronics and Computer Engineering,30,19,0,5,6,0,24,OHU,0,1,0,1,1,0,0,0,0,0,0,0,0,0,1,0,0,1,5,1,0,1,0,3,,
1348,03465,"Ideal Institute of Technology, Wada, Dist.Thane",0346519110,Civil Engineering,60,39,0,9,12,0,48,HU,7,3,2,1,1,1,1,0,1,0,0,1,1,0,3,2,2,1,27,1,1,1,1,6,,
1348,03465,"Ideal Institute of Technology, Wada, Dist.Thane",0346519110,Civil Engineering,60,39,0,9,12,0,48,OHU,3,1,2,0,1,0,0,0,0,0,0,0,0,0,1,1,1,0,10,1,1,1,1,6,,
1349,03465,"Ideal Institute of Technology, Wada, Dist.Thane",0346524210,Computer Science and Engineering,60,39,0,9,12,0,48,HU,7,3,3,1,2,0,0,1,0,0,1,0,0,0,4,1,2,1,26,1,1,1,1,6,,
1349,03465,"Ideal Institute of Technology, Wada, Dist.Thane",0346524210,Computer Science and Engineering,60,39,0,9,12,0,48,OHU,3,1,0,1,0,1,0,0,1,0,0,1,0,0,2,0,1,0,11,1,1,1,1,6,,
1350,03465,"Ideal Institute of Technology, Wada, Dist.Thane",0346529310,Electrical Engineering,30,19,0,5,6,0,24,HU,2,2,2,0,0,1,0,0,0,1,0,0,1,0,1,1,1,0,12,1,0,1,0,3,,
1350,03465,"Ideal Institute of Technology, Wada, Dist.Thane",0346529310,Electrical Engineering,30,19,0,5,6,0,24,OHU,0,1,1,0,0,0,0,0,0,0,0,0,0,0,1,1,0,1,5,1,0,1,0,3,,
1351,03465,"Ideal Institute of Technology, Wada, Dist.Thane",0346537210,Electronics and Telecommunication Engg,30,19,0,5,6,0,24,HU,3,2,0,1,1,0,0,0,0,0,1,0,0,0,2,1,1,1,13,1,0,1,0,3,,
1351,03465,"Ideal Institute of Technology, Wada, Dist.Thane",0346537210,Electronics and Telecommunication Engg,30,19,0,5,6,0,24,OHU,1,0,1,0,0,0,1,0,0,0,0,0,0,0,1,0,0,0,4,1,0,1,0,3,,
1352,03465,"Ideal Institute of Technology, Wada, Dist.Thane",0346561210,Mechanical Engineering,60,39,0,9,12,0,48,HU,7,3,3,1,1,1,1,0,1,0,0,1,0,1,4,1,2,0,27,1,1,1,1,6,,
1352,03465,"Ideal Institute of Technology, Wada, Dist.Thane",0346561210,Mechanical Engineering,60,39,0,9,12,0,48,OHU,2,2,1,0,1,0,0,0,0,0,0,0,0,0,1,1,2,0,10,1,1,1,1,6,,
1353,03467,"Vishwaniketan's Institute of Management Entrepreneurship and Engineering Technology(i MEET), Khalapur Dist Raigad",0346719110,Civil Engineering,60,51,0,9,0,1,60,HU,9,4,4,1,2,0,1,0,0,0,1,0,0,0,4,2,2,2,32,2,1,2,1,6,,
1353,03467,"Vishwaniketan's Institute of Management Entrepreneurship and Engineering Technology(i MEET), Khalapur Dist Raigad",0346719110,Civil Engineering,60,51,0,9,0,1,60,OHU,4,1,1,1,1,0,0,0,1,0,1,0,1,0,1,1,1,0,14,2,1,2,1,6,,
1354,03467,"Vishwaniketan's Institute of Management Entrepreneurship and Engineering Technology(i MEET), Khalapur Dist Raigad",0346724510,Computer Engineering,60,39,0,9,12,0,48,HU,7,3,2,1,1,1,1,0,1,0,1,0,1,0,4,1,2,1,27,1,1,1,1,6,0346724511T,3
1354,03467,"Vishwaniketan's Institute of Management Entrepreneurship and Engineering Technology(i MEET), Khalapur Dist Raigad",0346724510,Computer Engineering,60,39,0,9,12,0,48,OHU,3,1,1,1,0,1,0,0,0,0,0,0,0,0,2,0,0,1,10,1,1,1,1,6,0346724511T,3
1355,03467,"Vishwaniketan's Institute of Management Entrepreneurship and Engineering Technology(i MEET), Khalapur Dist Raigad",0346729310,Electrical Engineering,60,51,0,9,0,1,60,HU,10,3,3,2,2,1,0,1,1,0,0,0,1,0,4,2,3,0,33,2,1,2,1,6,,
1355,03467,"Vishwaniketan's Institute of Management Entrepreneurship and Engineering Technology(i MEET), Khalapur Dist Raigad",0346729310,Electrical Engineering,60,51,0,9,0,1,60,OHU,3,2,1,0,1,0,0,1,0,0,1,0,0,0,1,1,2,0,13,2,1,2,1,6,,
1356,03467,"Vishwaniketan's Institute of Management Entrepreneurship and Engineering Technology(i MEET), Khalapur Dist Raigad",0346737210,Electronics and Telecommunication Engg,60,39,0,9,12,0,48,HU,7,3,2,1,2,0,1,0,0,1,1,1,0,0,3,2,2,1,27,1,1,1,1,6,0346737211T,3
1356,03467,"Vishwaniketan's Institute of Management Entrepreneurship and Engineering Technology(i MEET), Khalapur Dist Raigad",0346737210,Electronics and Telecommunication Engg,60,39,0,9,12,0,48,OHU,3,1,1,1,1,0,0,0,0,0,0,0,0,0,2,0,0,1,10,1,1,1,1,6,0346737211T,3
1357,03467,"Vishwaniketan's Institute of Management Entrepreneurship and Engineering Technology(i MEET), Khalapur Dist Raigad",0346761210,Mechanical Engineering,60,51,0,9,0,1,60,HU,9,4,4,1,1,1,1,0,0,0,1,0,0,0,4,1,2,1,30,2,1,2,1,6,,
1357,03467,"Vishwaniketan's Institute of Management Entrepreneurship and Engineering Technology(i MEET), Khalapur Dist Raigad",0346761210,Mechanical Engineering,60,51,0,9,0,1,60,OHU,3,2,2,0,1,0,1,0,0,1,1,0,0,1,1,1,2,0,16,2,1,2,1,6,,
1358,03467,"Vishwaniketan's Institute of Management Entrepreneurship and Engineering Technology(i MEET), Khalapur Dist Raigad",0346791110,Computer Science and Engineering(Artificial,120,78,0,18,24,1,96,HU,14,6,4,2,3,1,0,1,2,0,1,1,1,0,7,3,4,2,52,4,0,4,0,12,0346791111T,6
1358,03467,"Vishwaniketan's Institute of Management Entrepreneurship and Engineering Technology(i MEET), Khalapur Dist Raigad",0346791110,Computer Science and Engineering(Artificial,120,78,0,18,24,1,96,OHU,5,2,1,1,0,1,1,0,0,0,0,1,0,0,2,1,1,1,17,4,0,4,0,12,0346791111T,6
1359,03470,YASHWANTRAO BHONSALE INSTITUTE OF TECHNOLOGY,0347024210,Computer Science and Engineering,60,39,0,9,12,0,48,HU,7,3,2,1,1,1,1,0,0,0,1,0,0,1,3,2,2,1,26,1,1,1,1,6,,
1359,03470,YASHWANTRAO BHONSALE INSTITUTE OF TECHNOLOGY,0347024210,Computer Science and Engineering,60,39,0,9,12,0,48,OHU,3,1,2,0,1,0,0,0,1,0,0,0,0,0,2,0,1,0,11,1,1,1,1,6,,
1360,03470,YASHWANTRAO BHONSALE INSTITUTE OF TECHNOLOGY,0347024510,Computer Engineering,120,90,0,18,12,1,108,HU,16,7,6,2,3,1,1,1,1,1,1,1,1,0,7,3,4,1,57,5,0,5,0,12,,
1360,03470,YASHWANTRAO BHONSALE INSTITUTE OF TECHNOLOGY,0347024510,Computer Engineering,120,90,0,18,12,1,108,OHU,6,3,1,1,1,1,0,1,0,0,1,0,1,0,2,2,1,1,22,5,0,5,0,12,,
1361,03470,YASHWANTRAO BHONSALE INSTITUTE OF TECHNOLOGY,0347029310,Electrical Engineering,60,51,0,9,0,1,60,HU,9,4,3,1,2,1,1,0,0,0,1,0,1,0,4,2,2,2,33,2,1,2,1,6,,
1361,03470,YASHWANTRAO BHONSALE INSTITUTE OF TECHNOLOGY,0347029310,Electrical Engineering,60,51,0,9,0,1,60,OHU,4,1,1,1,1,0,0,0,1,0,1,0,0,0,2,0,1,0,13,2,1,2,1,6,,
1362,03470,YASHWANTRAO BHONSALE INSTITUTE OF TECHNOLOGY,0347061210,Mechanical Engineering,60,51,0,9,0,1,60,HU,9,4,3,2,2,0,1,0,1,0,1,1,0,1,4,1,2,1,33,2,1,2,1,6,,
1362,03470,YASHWANTRAO BHONSALE INSTITUTE OF TECHNOLOGY,0347061210,Mechanical Engineering,60,51,0,9,0,1,60,OHU,3,2,2,0,1,0,1,0,0,0,0,0,0,0,1,1,1,1,13,2,1,2,1,6,,
1363,03471,"New Horizon Institute of Technology & Management, Thane",0347119110,Civil Engineering,60,39,0,9,12,0,48,HU,7,3,2,1,1,1,1,0,0,1,1,0,0,0,4,2,3,0,27,1,1,1,1,6,,
1363,03471,"New Horizon Institute of Technology & Management, Thane",0347119110,Civil Engineering,60,39,0,9,12,0,48,OHU,3,0,1,1,0,1,0,0,0,0,0,1,0,0,2,0,1,0,10,1,1,1,1,6,,
1364,03471,"New Horizon Institute of Technology & Management, Thane",0347124510,Computer Engineering,120,78,0,18,24,1,96,HU,13,6,4,2,2,1,0,1,1,0,2,0,1,0,6,3,4,2,48,4,0,4,0,12,0347124511T,6
1364,03471,"New Horizon Institute of Technology & Management, Thane",0347124510,Computer Engineering,120,78,0,18,24,1,96,OHU,5,3,2,0,2,0,1,0,0,1,0,0,1,0,2,2,1,1,21,4,0,4,0,12,0347124511T,6
1365,03471,"New Horizon Institute of Technology & Management, Thane",0347125710,Computer Science and Design,60,39,0,9,12,0,48,HU,8,3,3,1,2,1,1,0,1,0,0,0,1,0,4,1,1,1,28,1,1,1,1,6,0347125711T,3
1365,03471,"New Horizon Institute of Technology & Management, Thane",0347125710,Computer Science and Design,60,39,0,9,12,0,48,OHU,2,1,0,1,0,0,0,0,0,0,1,0,0,0,2,0,2,0,9,1,1,1,1,6,0347125711T,3
1366,03471,"New Horizon Institute of Technology & Management, Thane",0347161210,Mechanical Engineering,30,19,0,5,6,0,24,HU,2,2,1,0,1,0,1,0,0,0,0,1,0,0,2,1,2,0,13,1,0,1,0,3,,
1366,03471,"New Horizon Institute of Technology & Management, Thane",0347161210,Mechanical Engineering,30,19,0,5,6,0,24,OHU,1,0,1,0,1,0,0,0,0,0,0,0,0,0,0,1,0,0,4,1,0,1,0,3,,
1367,03471,"New Horizon Institute of Technology & Management, Thane",0347162410,Mechatronics Engineering,30,19,0,5,6,0,24,HU,3,1,1,1,1,0,0,1,1,0,1,0,0,0,1,1,0,1,13,1,0,1,0,3,,
1367,03471,"New Horizon Institute of Technology & Management, Thane",0347162410,Mechatronics Engineering,30,19,0,5,6,0,24,OHU,1,1,0,0,0,0,0,0,0,0,0,0,0,0,1,0,1,0,4,1,0,1,0,3,,
1368,03471,"New Horizon Institute of Technology & Management, Thane",0347199510,Artificial Intelligence and Data Science,60,39,0,9,12,0,48,HU,7,3,2,1,1,1,0,0,0,0,0,0,0,0,5,1,2,1,24,1,1,1,1,6,0347199511T,3
1368,03471,"New Horizon Institute of Technology & Management, Thane",0347199510,Artificial Intelligence and Data Science,60,39,0,9,12,0,48,OHU,2,1,1,1,0,1,1,0,1,0,1,0,0,1,2,0,0,1,13,1,1,1,1,6,0347199511T,3
1369,03475,"A. P. Shah Institute of Technology, Thane",0347519110,Civil Engineering,30,8,15,1,6,0,24,HU,3,2,0,0,0,0,0,0,0,0,0,0,0,0,0,0,0,0,5,0,0,0,0,0,,
1369,03475,"A. P. Shah Institute of Technology, Thane",0347519110,Civil Engineering,30,8,15,1,6,0,24,OHU,2,1,0,0,0,0,0,0,0,0,0,0,0,0,0,0,0,0,3,0,0,0,0,0,,
1370,03475,"A. P. Shah Institute of Technology, Thane",0347524510,Computer Engineering,180,44,92,8,36,0,144,HU,22,9,0,0,0,0,0,0,0,0,0,0,0,0,0,0,0,0,31,0,0,0,0,0,0347524511T,9
1370,03475,"A. P. Shah Institute of Technology, Thane",0347524510,Computer Engineering,180,44,92,8,36,0,144,OHU,10,3,0,0,0,0,0,0,0,0,0,0,0,0,0,0,0,0,13,0,0,0,0,0,0347524511T,9
1371,03475,"A. P. Shah Institute of Technology, Thane",0347524610,Information Technology,180,44,92,8,36,0,144,HU,22,9,0,0,0,0,0,0,0,0,0,0,0,0,0,0,0,0,31,0,0,0,0,0,0347524611T,9
1371,03475,"A. P. Shah Institute of Technology, Thane",0347524610,Information Technology,180,44,92,8,36,0,144,OHU,9,4,0,0,0,0,0,0,0,0,0,0,0,0,0,0,0,0,13,0,0,0,0,0,0347524611T,9
1372,03475,"A. P. Shah Institute of Technology, Thane",0347561210,Mechanical Engineering,30,8,15,1,6,0,24,HU,4,2,0,0,0,0,0,0,0,0,0,0,0,0,0,0,0,0,6,0,0,0,0,0,0347561211T,2
1372,03475,"A. P. Shah Institute of Technology, Thane",0347561210,Mechanical Engineering,30,8,15,1,6,0,24,OHU,1,1,0,0,0,0,0,0,0,0,0,0,0,0,0,0,0,0,2,0,0,0,0,0,0347561211T,2
1373,03475,"A. P. Shah Institute of Technology, Thane",0347591110,Computer Science and Engineering(Artificial,180,44,92,8,36,0,144,HU,21,9,0,0,0,0,0,0,0,0,0,0,0,0,0,0,0,0,30,0,0,0,0,0,0347591111T,9
1373,03475,"A. P. Shah Institute of Technology, Thane",0347591110,Computer Science and Engineering(Artificial,180,44,92,8,36,0,144,OHU,10,4,0,0,0,0,0,0,0,0,0,0,0,0,0,0,0,0,14,0,0,0,0,0,0347591111T,9
1374,03475,"A. P. Shah Institute of Technology, Thane",0347591210,Computer Science and Engineering(Data Science),120,30,61,5,24,0,96,HU,15,6,0,0,0,0,0,0,0,0,0,0,0,0,0,0,0,0,21,0,0,0,0,0,0347591211T,6
1374,03475,"A. P. Shah Institute of Technology, Thane",0347591210,Computer Science and Engineering(Data Science),120,30,61,5,24,0,96,OHU,6,3,0,0,0,0,0,0,0,0,0,0,0,0,0,0,0,0,9,0,0,0,0,0,0347591211T,6
1375,03477,"Chhartrapati Shivaji Maharaj Institute of Technology, Shedung, Panvel",0347719110,Civil Engineering,120,102,0,18,0,1,120,HU,18,8,6,2,3,2,2,0,1,1,2,1,1,1,8,4,5,1,66,5,0,5,0,12,,
1375,03477,"Chhartrapati Shivaji Maharaj Institute of Technology, Shedung, Panvel",0347719110,Civil Engineering,120,102,0,18,0,1,120,OHU,8,3,3,0,2,0,0,1,0,0,0,1,0,0,3,2,2,0,25,5,0,5,0,12,,
1376,03477,"Chhartrapati Shivaji Maharaj Institute of Technology, Shedung, Panvel",0347724510,Computer Engineering,60,39,0,9,12,0,48,HU,7,3,3,1,2,0,0,1,0,0,1,0,0,0,4,2,2,1,27,1,1,1,1,6,0347724511T,3
1376,03477,"Chhartrapati Shivaji Maharaj Institute of Technology, Shedung, Panvel",0347724510,Computer Engineering,60,39,0,9,12,0,48,OHU,2,1,0,1,0,1,0,0,1,0,0,0,1,0,1,1,0,1,10,1,1,1,1,6,0347724511T,3
1377,03477,"Chhartrapati Shivaji Maharaj Institute of Technology, Shedung, Panvel",0347761210,Mechanical Engineering,120,102,0,18,0,1,120,HU,18,8,5,3,3,2,2,0,2,1,2,1,2,0,9,3,4,2,67,5,0,5,0,12,,
1377,03477,"Chhartrapati Shivaji Maharaj Institute of Technology, Shedung, Panvel",0347761210,Mechanical Engineering,120,102,0,18,0,1,120,OHU,7,3,2,1,2,0,1,0,0,0,1,0,0,0,4,1,2,0,24,5,0,5,0,12,,
1378,03503,"Indala College Of Engineering, Bapsai Tal.Kalyan",0350319110,Civil Engineering,60,51,0,9,0,1,60,HU,9,4,3,1,2,0,1,1,0,0,1,0,0,1,3,2,2,1,31,2,1,2,1,6,,
1378,03503,"Indala College Of Engineering, Bapsai Tal.Kalyan",0350319110,Civil Engineering,60,51,0,9,0,1,60,OHU,3,2,2,0,1,1,0,0,1,0,1,0,0,0,1,1,1,1,15,2,1,2,1,6,,
1379,03503,"Indala College Of Engineering, Bapsai Tal.Kalyan",0350324510,Computer Engineering,60,51,0,9,0,1,60,HU,10,3,4,1,2,1,0,0,1,0,1,1,0,0,4,2,3,1,34,2,1,2,1,6,0350324511T,3
1379,03503,"Indala College Of Engineering, Bapsai Tal.Kalyan",0350324510,Computer Engineering,60,51,0,9,0,1,60,OHU,4,1,1,1,0,0,1,0,0,0,0,0,1,0,2,0,1,0,12,2,1,2,1,6,0350324511T,3
1380,03503,"Indala College Of Engineering, Bapsai Tal.Kalyan",0350324610,Information Technology,60,51,0,9,0,1,60,HU,9,4,2,2,1,1,2,0,0,1,1,0,1,0,4,1,2,1,32,2,1,2,1,6,0350324611T,3
1380,03503,"Indala College Of Engineering, Bapsai Tal.Kalyan",0350324610,Information Technology,60,51,0,9,0,1,60,OHU,3,2,2,0,2,0,0,0,0,0,1,0,0,0,1,1,1,1,14,2,1,2,1,6,0350324611T,3
1381,03503,"Indala College Of Engineering, Bapsai Tal.Kalyan",0350326310,Artificial Intelligence (AI) and Data Science,60,51,0,9,0,1,60,HU,9,4,4,1,2,0,0,0,1,0,0,1,1,0,4,2,3,1,33,2,1,2,1,6,0350326311T,3
1381,03503,"Indala College Of Engineering, Bapsai Tal.Kalyan",0350326310,Artificial Intelligence (AI) and Data Science,60,51,0,9,0,1,60,OHU,4,1,1,1,0,1,0,1,0,1,0,1,0,0,1,0,1,0,13,2,1,2,1,6,0350326311T,3
1382,03503,"Indala College Of Engineering, Bapsai Tal.Kalyan",0350329310,Electrical Engineering,60,51,0,9,0,1,60,HU,9,4,3,1,2,1,1,1,1,0,2,0,0,0,4,1,2,1,33,2,1,2,1,6,,
1382,03503,"Indala College Of Engineering, Bapsai Tal.Kalyan",0350329310,Electrical Engineering,60,51,0,9,0,1,60,OHU,3,2,1,1,1,0,0,0,0,0,0,0,0,1,1,1,1,1,13,2,1,2,1,6,,
1383,03503,"Indala College Of Engineering, Bapsai Tal.Kalyan",0350361210,Mechanical Engineering,60,51,0,9,0,1,60,HU,9,4,3,2,1,1,0,0,0,0,0,1,0,1,4,2,3,1,32,2,1,2,1,6,,
1383,03503,"Indala College Of Engineering, Bapsai Tal.Kalyan",0350361210,Mechanical Engineering,60,51,0,9,0,1,60,OHU,4,1,2,0,1,0,1,0,1,0,1,0,0,0,2,0,1,0,14,2,1,2,1,6,,
1384,03546,Devi Mahalaxmi College of Engineering and Technology,0354619110,Civil Engineering,60,51,0,9,0,1,60,HU,9,4,3,1,2,1,1,1,1,0,2,0,1,0,3,2,2,1,34,2,1,2,1,6,0354619111T,3
1384,03546,Devi Mahalaxmi College of Engineering and Technology,0354619110,Civil Engineering,60,51,0,9,0,1,60,OHU,3,2,1,1,0,1,0,0,0,0,0,0,0,0,1,1,1,1,12,2,1,2,1,6,0354619111T,3
1385,03546,Devi Mahalaxmi College of Engineering and Technology,0354624510,Computer Engineering,60,51,0,9,0,1,60,HU,9,4,4,1,2,0,1,0,1,1,1,0,0,0,4,2,2,2,34,2,1,2,1,6,0354624511T,3
1385,03546,Devi Mahalaxmi College of Engineering and Technology,0354624510,Computer Engineering,60,51,0,9,0,1,60,OHU,4,1,2,0,1,0,0,0,0,0,1,0,1,0,1,0,1,0,12,2,1,2,1,6,0354624511T,3
1386,03546,Devi Mahalaxmi College of Engineering and Technology,0354629310,Electrical Engineering,60,51,0,9,0,1,60,HU,9,4,3,2,2,1,1,0,0,0,0,1,1,0,4,1,3,0,32,2,1,2,1,6,0354629311T,3
1386,03546,Devi Mahalaxmi College of Engineering and Technology,0354629310,Electrical Engineering,60,51,0,9,0,1,60,OHU,3,2,0,1,1,0,1,0,1,0,0,1,0,0,1,1,2,0,14,2,1,2,1,6,0354629311T,3
1387,03546,Devi Mahalaxmi College of Engineering and Technology,0354661210,Mechanical Engineering,60,51,0,9,0,1,60,HU,9,4,3,1,1,1,1,0,1,0,2,0,0,1,4,2,2,2,34,2,1,2,1,6,0354661211T,3
1387,03546,Devi Mahalaxmi College of Engineering and Technology,0354661210,Mechanical Engineering,60,51,0,9,0,1,60,OHU,4,1,2,1,0,1,0,0,0,0,0,0,0,0,2,0,0,1,12,2,1,2,1,6,0354661211T,3
1388,03546,Devi Mahalaxmi College of Engineering and Technology,0354691110,Computer Science and Engineering(Artificial,60,51,0,9,0,1,60,HU,9,4,3,2,2,1,0,1,0,1,0,1,1,0,4,1,2,1,33,2,1,2,1,6,0354691111T,3
1388,03546,Devi Mahalaxmi College of Engineering and Technology,0354691110,Computer Science and Engineering(Artificial,60,51,0,9,0,1,60,OHU,3,2,1,0,1,0,0,1,0,0,1,0,0,0,1,1,2,0,13,2,1,2,1,6,0354691111T,3
1389,06293,"Kai Amdar Bramhadevdada Mane Shikshan & Samajik Prathistan's Bramhadevdada Mane Institute of Technology, Solapur",0629324210,Computer Science and Engineering,120,100,0,18,2,1,118,HU,18,8,6,2,4,1,2,0,1,0,2,0,1,0,9,4,4,2,64,5,0,5,0,12,0629324211T,6
1389,06293,"Kai Amdar Bramhadevdada Mane Shikshan & Samajik Prathistan's Bramhadevdada Mane Institute of Technology, Solapur",0629324210,Computer Science and Engineering,120,100,0,18,2,1,118,OHU,7,3,3,0,1,1,1,0,1,0,1,0,0,1,3,1,1,1,25,5,0,5,0,12,0629324211T,6
1390,06293,"Kai Amdar Bramhadevdada Mane Shikshan & Samajik Prathistan's Bramhadevdada Mane Institute of Technology, Solapur",0629329310,Electrical Engineering,60,51,0,9,0,1,60,HU,10,3,3,2,1,1,1,1,1,0,0,1,1,0,4,1,2,1,33,2,1,2,1,6,,
1390,06293,"Kai Amdar Bramhadevdada Mane Shikshan & Samajik Prathistan's Bramhadevdada Mane Institute of Technology, Solapur",0629329310,Electrical Engineering,60,51,0,9,0,1,60,OHU,4,1,1,1,1,0,0,0,0,0,1,0,0,0,1,1,1,1,13,2,1,2,1,6,,
1391,06293,"Kai Amdar Bramhadevdada Mane Shikshan & Samajik Prathistan's Bramhadevdada Mane Institute of Technology, Solapur",0629337210,Electronics and Telecommunication Engg,90,76,0,14,0,1,90,HU,13,6,4,1,3,1,1,0,0,1,1,0,0,1,6,3,4,1,46,4,0,4,0,9,0629337211T,5
1391,06293,"Kai Amdar Bramhadevdada Mane Shikshan & Samajik Prathistan's Bramhadevdada Mane Institute of Technology, Solapur",0629337210,Electronics and Telecommunication Engg,90,76,0,14,0,1,90,OHU,5,2,1,1,1,1,0,1,1,0,0,1,1,0,3,1,2,0,21,4,0,4,0,9,0629337211T,5
1392,06293,"Kai Amdar Bramhadevdada Mane Shikshan & Samajik Prathistan's Bramhadevdada Mane Institute of Technology, Solapur",0629361210,Mechanical Engineering,30,25,0,5,0,0,30,HU,4,2,2,1,1,0,0,1,1,0,1,0,1,0,2,1,1,0,18,1,0,1,0,3,,
1392,06293,"Kai Amdar Bramhadevdada Mane Shikshan & Samajik Prathistan's Bramhadevdada Mane Institute of Technology, Solapur",0629361210,Mechanical Engineering,30,25,0,5,0,0,30,OHU,1,1,1,0,0,0,0,0,0,0,0,0,0,0,1,0,0,1,5,1,0,1,0,3,,
1393,06640,"N. B. Navale Sinhgad College of Engineering, Kegaon, solapur",0664019110,Civil Engineering,60,51,0,9,0,1,60,HU,9,4,3,1,2,1,0,0,0,0,0,1,0,1,4,2,2,1,31,2,1,2,1,6,,
1393,06640,"N. B. Navale Sinhgad College of Engineering, Kegaon, solapur",0664019110,Civil Engineering,60,51,0,9,0,1,60,OHU,4,1,2,0,1,0,0,1,0,1,1,0,0,0,2,0,2,0,15,2,1,2,1,6,,
1394,06640,"N. B. Navale Sinhgad College of Engineering, Kegaon, solapur",0664024210,Computer Science and Engineering,60,39,0,9,12,0,48,HU,8,3,2,2,1,1,1,1,0,1,1,0,0,0,4,1,2,1,29,1,1,1,1,6,0664024211T,3
1394,06640,"N. B. Navale Sinhgad College of Engineering, Kegaon, solapur",0664024210,Computer Science and Engineering,60,39,0,9,12,0,48,OHU,2,1,0,1,0,0,0,0,0,0,1,0,0,0,1,1,0,1,8,1,1,1,1,6,0664024211T,3
1395,06640,"N. B. Navale Sinhgad College of Engineering, Kegaon, solapur",0664029310,Electrical Engineering,60,48,0,9,3,0,57,HU,9,4,3,1,2,0,0,0,1,0,1,1,1,0,4,2,3,1,33,1,1,1,1,6,0664029311T,3
1395,06640,"N. B. Navale Sinhgad College of Engineering, Kegaon, solapur",0664029310,Electrical Engineering,60,48,0,9,3,0,57,OHU,3,2,2,0,0,1,1,0,0,0,0,0,0,0,2,1,1,0,13,1,1,1,1,6,0664029311T,3
1396,06640,"N. B. Navale Sinhgad College of Engineering, Kegaon, solapur",0664037210,Electronics and Telecommunication Engg,60,48,0,9,3,0,57,HU,8,4,3,1,1,1,1,0,0,0,1,0,0,0,5,2,2,1,30,1,1,1,1,6,0664037211T,3
1396,06640,"N. B. Navale Sinhgad College of Engineering, Kegaon, solapur",0664037210,Electronics and Telecommunication Engg,60,48,0,9,3,0,57,OHU,4,1,1,1,1,0,0,0,1,0,0,1,0,1,2,1,1,1,16,1,1,1,1,6,0664037211T,3
1397,06640,"N. B. Navale Sinhgad College of Engineering, Kegaon, solapur",0664061210,Mechanical Engineering,120,102,0,18,0,1,120,HU,19,7,6,2,3,2,2,1,2,0,2,1,1,1,8,4,4,2,67,5,0,5,0,12,0664061211T,6
1397,06640,"N. B. Navale Sinhgad College of Engineering, Kegaon, solapur",0664061210,Mechanical Engineering,120,102,0,18,0,1,120,OHU,7,3,2,1,1,1,1,0,0,0,1,0,0,0,4,1,2,0,24,5,0,5,0,12,0664061211T,6
1398,06643,"S K N Sinhgad College of Engineering, Korti Tal. Pandharpur Dist Solapur",0664319110,Civil Engineering,60,48,0,9,3,0,57,HU,8,4,3,2,2,0,0,1,0,1,1,0,1,0,5,2,2,1,33,1,1,1,1,6,0664319111T,3
1398,06643,"S K N Sinhgad College of Engineering, Korti Tal. Pandharpur Dist Solapur",0664319110,Civil Engineering,60,48,0,9,3,0,57,OHU,3,2,1,0,1,0,0,0,1,0,1,0,0,0,2,1,1,0,13,1,1,1,1,6,0664319111T,3
1399,06643,"S K N Sinhgad College of Engineering, Korti Tal. Pandharpur Dist Solapur",0664324210,Computer Science and Engineering,60,39,0,9,12,0,48,HU,7,3,2,1,1,1,0,0,1,0,1,0,0,0,4,1,2,1,25,1,1,1,1,6,0664324211T,3
1399,06643,"S K N Sinhgad College of Engineering, Korti Tal. Pandharpur Dist Solapur",0664324210,Computer Science and Engineering,60,39,0,9,12,0,48,OHU,3,1,1,1,1,0,0,1,0,0,0,0,1,0,1,1,0,1,12,1,1,1,1,6,0664324211T,3
1400,06643,"S K N Sinhgad College of Engineering, Korti Tal. Pandharpur Dist Solapur",0664329310,Electrical Engineering,60,48,0,9,3,0,57,HU,9,4,3,1,2,1,1,0,1,0,0,1,1,0,4,2,2,1,33,1,1,1,1,6,0664329311T,3
1400,06643,"S K N Sinhgad College of Engineering, Korti Tal. Pandharpur Dist Solapur",0664329310,Electrical Engineering,60,48,0,9,3,0,57,OHU,3,1,2,0,1,0,0,0,0,0,1,0,0,0,2,1,2,0,13,1,1,1,1,6,0664329311T,3
1401,06643,"S K N Sinhgad College of Engineering, Korti Tal. Pandharpur Dist Solapur",0664337210,Electronics and Telecommunication Engg,60,39,0,9,12,0,48,HU,7,3,3,1,1,0,1,0,0,0,1,0,0,1,3,2,2,1,26,1,1,1,1,6,0664337211T,3
1401,06643,"S K N Sinhgad College of Engineering, Korti Tal. Pandharpur Dist Solapur",0664337210,Electronics and Telecommunication Engg,60,39,0,9,12,0,48,OHU,3,1,0,1,0,1,1,0,0,1,0,0,0,0,2,0,0,1,11,1,1,1,1,6,0664337211T,3
1402,06643,"S K N Sinhgad College of Engineering, Korti Tal. Pandharpur Dist Solapur",0664361210,Mechanical Engineering,120,96,0,18,6,1,114,HU,18,7,5,2,4,1,2,1,1,1,1,1,1,0,9,4,4,1,63,5,0,5,0,12,0664361211T,6
1402,06643,"S K N Sinhgad College of Engineering, Korti Tal. Pandharpur Dist Solapur",0664361210,Mechanical Engineering,120,96,0,18,6,1,114,OHU,6,3,3,0,2,0,0,0,0,0,0,1,1,0,3,1,2,0,22,5,0,5,0,12,0664361211T,6
1403,06901,"MAEER's MIT College of Railway Engineering and Research, Jamgaon, Barshi",0690119110,Civil Engineering,30,25,0,5,0,0,30,HU,4,2,3,0,0,1,0,1,0,0,0,0,1,0,2,1,1,1,17,1,0,1,0,3,,
1403,06901,"MAEER's MIT College of Railway Engineering and Research, Jamgaon, Barshi",0690119110,Civil Engineering,30,25,0,5,0,0,30,OHU,1,1,1,0,0,0,0,0,0,0,0,0,0,0,2,0,1,0,6,1,0,1,0,3,,
1404,06901,"MAEER's MIT College of Railway Engineering and Research, Jamgaon, Barshi",0690124210,Computer Science and Engineering,90,58,0,14,18,1,72,HU,10,5,3,2,2,0,1,0,1,0,0,1,0,1,5,2,3,1,37,2,1,2,1,9,0690124211T,5
1404,06901,"MAEER's MIT College of Railway Engineering and Research, Jamgaon, Barshi",0690124210,Computer Science and Engineering,90,58,0,14,18,1,72,OHU,4,2,1,1,1,1,1,0,1,0,0,1,0,0,1,1,0,1,16,2,1,2,1,9,0690124211T,5
1405,06901,"MAEER's MIT College of Railway Engineering and Research, Jamgaon, Barshi",0690137210,Electronics and Telecommunication Engg,60,51,0,9,0,1,60,HU,9,4,3,1,2,1,1,0,1,0,2,0,0,0,4,2,2,1,33,2,1,2,1,6,0690137211T,3
1405,06901,"MAEER's MIT College of Railway Engineering and Research, Jamgaon, Barshi",0690137210,Electronics and Telecommunication Engg,60,51,0,9,0,1,60,OHU,4,1,2,0,1,0,0,0,0,0,0,0,1,0,2,0,2,0,13,2,1,2,1,6,0690137211T,3
1406,06901,"MAEER's MIT College of Railway Engineering and Research, Jamgaon, Barshi",0690161210,Mechanical Engineering,60,51,0,9,0,1,60,HU,9,4,3,2,1,1,0,1,0,1,0,1,1,0,4,1,3,1,33,2,1,2,1,6,,
1406,06901,"MAEER's MIT College of Railway Engineering and Research, Jamgaon, Barshi",0690161210,Mechanical Engineering,60,51,0,9,0,1,60,OHU,3,2,1,1,1,0,0,1,0,0,1,0,0,0,1,1,0,1,13,2,1,2,1,6,,
1407,06901,"MAEER's MIT College of Railway Engineering and Research, Jamgaon, Barshi",0690184410,Electronics and Computer Engineering,60,51,0,9,0,1,60,HU,10,3,3,1,2,1,1,0,1,0,2,0,1,0,4,2,2,1,34,2,1,2,1,6,0690184411T,3
1407,06901,"MAEER's MIT College of Railway Engineering and Research, Jamgaon, Barshi",0690184410,Electronics and Computer Engineering,60,51,0,9,0,1,60,OHU,4,1,2,0,0,1,0,0,1,0,0,0,0,0,1,0,2,0,12,2,1,2,1,6,0690184411T,3
1408,04025,"Government College of Engineering, Nagpur",0402519110,Civil Engineering,60,60,0,0,0,1,60,HU,11,5,4,2,3,0,2,0,0,1,1,0,0,0,5,2,3,2,41,2,1,2,1,6,0402519111T,3
1408,04025,"Government College of Engineering, Nagpur",0402519110,Civil Engineering,60,60,0,0,0,1,60,OHU,4,2,2,0,1,0,0,0,0,0,1,0,0,1,1,1,0,1,14,2,1,2,1,6,0402519111T,3
1409,04025,"Government College of Engineering, Nagpur",0402524210,Computer Science and Engineering,60,60,0,0,0,1,60,HU,11,4,4,2,2,1,1,0,1,0,1,1,1,0,5,2,2,1,39,2,1,2,1,6,0402524211T,3
1409,04025,"Government College of Engineering, Nagpur",0402524210,Computer Science and Engineering,60,60,0,0,0,1,60,OHU,5,2,1,1,0,1,0,1,0,1,0,0,0,0,2,0,2,0,16,2,1,2,1,6,0402524211T,3
1410,04025,"Government College of Engineering, Nagpur",0402529310,Electrical Engineering,60,60,0,0,0,1,60,HU,11,5,4,1,1,1,1,1,1,0,1,0,0,1,4,2,3,1,38,2,1,2,1,6,0402529311T,3
1410,04025,"Government College of Engineering, Nagpur",0402529310,Electrical Engineering,60,60,0,0,0,1,60,OHU,5,1,2,1,2,0,0,0,0,0,1,0,0,0,2,1,1,1,17,2,1,2,1,6,0402529311T,3
1411,04025,"Government College of Engineering, Nagpur",0402537210,Electronics and Telecommunication Engg,60,60,0,0,0,1,60,HU,11,5,4,2,2,1,1,0,0,0,0,1,1,0,5,2,3,1,39,2,1,2,1,6,0402537211T,3
1411,04025,"Government College of Engineering, Nagpur",0402537210,Electronics and Telecommunication Engg,60,60,0,0,0,1,60,OHU,4,2,1,1,1,0,1,0,1,0,0,1,0,0,1,1,2,0,16,2,1,2,1,6,0402537211T,3
1412,04025,"Government College of Engineering, Nagpur",0402561210,Mechanical Engineering,60,60,0,0,0,1,60,HU,11,5,4,1,2,1,0,1,1,1,2,0,0,0,5,3,3,2,42,2,1,2,1,6,0402561211T,3
1412,04025,"Government College of Engineering, Nagpur",0402561210,Mechanical Engineering,60,60,0,0,0,1,60,OHU,4,2,2,0,0,1,0,0,0,0,0,0,1,0,1,1,0,1,13,2,1,2,1,6,0402561211T,3
1413,04104,"Kavi Kulguru Institute of Technology & Science, Ramtek",0410419110,Civil Engineering,60,49,0,9,2,0,58,HU,9,4,2,2,2,1,1,0,1,0,1,0,1,0,5,1,2,1,33,1,1,1,1,6,0410419111T,3
1413,04104,"Kavi Kulguru Institute of Technology & Science, Ramtek",0410419110,Civil Engineering,60,49,0,9,2,0,58,OHU,3,2,1,1,1,0,1,0,0,0,0,0,0,0,3,0,2,0,14,1,1,1,1,6,0410419111T,3
1414,04104,"Kavi Kulguru Institute of Technology & Science, Ramtek",0410424610,Information Technology,60,39,0,9,12,0,48,HU,7,3,2,1,2,0,1,0,0,0,0,1,0,0,3,2,2,1,25,1,1,1,1,6,0410424611T,3
1414,04104,"Kavi Kulguru Institute of Technology & Science, Ramtek",0410424610,Information Technology,60,39,0,9,12,0,48,OHU,3,1,2,0,1,0,0,0,1,0,1,0,0,0,1,1,0,1,12,1,1,1,1,6,0410424611T,3
1415,04104,"Kavi Kulguru Institute of Technology & Science, Ramtek",0410425110,Computer Technology,90,58,0,14,18,1,72,HU,11,4,4,1,2,1,0,1,0,1,1,0,0,1,4,2,3,1,37,2,1,2,1,9,0410425111T,5
1415,04104,"Kavi Kulguru Institute of Technology & Science, Ramtek",0410425110,Computer Technology,90,58,0,14,18,1,72,OHU,4,2,1,1,0,1,0,1,0,0,1,0,0,0,2,1,2,0,16,2,1,2,1,9,0410425111T,5
1416,04104,"Kavi Kulguru Institute of Technology & Science, Ramtek",0410429310,Electrical Engineering,60,49,0,9,2,0,58,HU,8,4,3,1,2,1,1,0,1,0,1,1,0,0,5,2,3,1,34,1,1,1,1,6,0410429311T,3
1416,04104,"Kavi Kulguru Institute of Technology & Science, Ramtek",0410429310,Electrical Engineering,60,49,0,9,2,0,58,OHU,4,1,1,1,1,0,0,0,0,0,0,0,1,0,2,1,0,1,13,1,1,1,1,6,0410429311T,3
1417,04104,"Kavi Kulguru Institute of Technology & Science, Ramtek",0410437010,Electronics and Communication Engineering,60,45,0,9,6,0,54,HU,9,3,3,2,1,1,1,0,0,0,0,0,1,0,5,2,2,1,31,1,1,1,1,6,0410437011T,3
1417,04104,"Kavi Kulguru Institute of Technology & Science, Ramtek",0410437010,Electronics and Communication Engineering,60,45,0,9,6,0,54,OHU,3,1,1,0,1,0,0,0,1,0,0,1,0,0,2,0,2,0,12,1,1,1,1,6,0410437011T,3
1418,04104,"Kavi Kulguru Institute of Technology & Science, Ramtek",0410461210,Mechanical Engineering,60,49,0,9,2,0,58,HU,9,4,3,1,2,0,0,0,1,0,2,0,1,0,4,2,3,1,33,1,1,1,1,6,0410461211T,3
1418,04104,"Kavi Kulguru Institute of Technology & Science, Ramtek",0410461210,Mechanical Engineering,60,49,0,9,2,0,58,OHU,3,2,2,0,1,1,1,0,0,0,0,0,0,0,2,1,1,0,14,1,1,1,1,6,0410461211T,3
1419,04118,"Bapurao Deshmukh College of Engineering, Sevagram",0411819110,Civil Engineering,54,46,0,8,0,0,54,HU,8,4,3,1,2,1,1,1,1,0,0,1,0,0,5,1,1,1,31,1,1,1,1,5,,
1419,04118,"Bapurao Deshmukh College of Engineering, Sevagram",0411819110,Civil Engineering,54,46,0,8,0,0,54,OHU,3,1,1,1,0,0,0,0,0,0,1,0,0,1,2,1,1,1,13,1,1,1,1,5,,
1420,04118,"Bapurao Deshmukh College of Engineering, Sevagram",0411824510,Computer Engineering,108,92,0,16,0,1,108,HU,17,7,5,2,3,1,1,0,1,1,2,0,1,1,7,4,5,1,59,5,0,5,0,11,0411824511T,5
1420,04118,"Bapurao Deshmukh College of Engineering, Sevagram",0411824510,Computer Engineering,108,92,0,16,0,1,108,OHU,6,3,2,1,2,0,1,0,0,1,1,0,0,0,3,1,1,0,22,5,0,5,0,11,0411824511T,5
1421,04118,"Bapurao Deshmukh College of Engineering, Sevagram",0411829310,Electrical Engineering,54,46,0,8,0,0,54,HU,8,3,3,2,1,1,1,0,1,0,1,1,1,0,5,2,2,1,33,1,1,1,1,5,,
1421,04118,"Bapurao Deshmukh College of Engineering, Sevagram",0411829310,Electrical Engineering,54,46,0,8,0,0,54,OHU,4,1,1,0,0,1,0,0,0,0,0,0,0,0,1,1,1,1,11,1,1,1,1,5,,
1422,04118,"Bapurao Deshmukh College of Engineering, Sevagram",0411837210,Electronics and Telecommunication Engg,27,23,0,4,0,0,27,HU,3,2,2,0,1,0,0,0,0,0,0,0,0,0,2,0,1,1,12,1,0,1,0,3,,
1422,04118,"Bapurao Deshmukh College of Engineering, Sevagram",0411837210,Electronics and Telecommunication Engg,27,23,0,4,0,0,27,OHU,1,1,0,1,1,0,0,1,0,0,0,1,1,0,1,1,0,0,9,1,0,1,0,3,,
1423,04118,"Bapurao Deshmukh College of Engineering, Sevagram",0411861210,Mechanical Engineering,54,46,0,8,0,0,54,HU,9,4,2,2,1,1,1,1,0,0,2,0,0,0,4,2,2,1,32,1,1,1,1,5,,
1423,04118,"Bapurao Deshmukh College of Engineering, Sevagram",0411861210,Mechanical Engineering,54,46,0,8,0,0,54,OHU,3,1,2,0,1,0,0,0,1,0,0,0,0,0,2,0,1,1,12,1,1,1,1,5,,
1424,04133,"Sanmarg Shikshan Sanstha's Smt. Radhikatai Pandav College of Engineering, Nagpur",0413319110,Civil Engineering,60,51,0,9,0,1,60,HU,9,4,3,1,2,1,1,0,0,1,0,1,1,0,4,2,3,1,34,2,1,2,1,6,,
1424,04133,"Sanmarg Shikshan Sanstha's Smt. Radhikatai Pandav College of Engineering, Nagpur",0413319110,Civil Engineering,60,51,0,9,0,1,60,OHU,3,2,1,1,0,1,0,0,0,0,1,0,0,0,1,1,1,0,12,2,1,2,1,6,,
1425,04133,"Sanmarg Shikshan Sanstha's Smt. Radhikatai Pandav College of Engineering, Nagpur",0413324210,Computer Science and Engineering,60,51,0,9,0,1,60,HU,9,4,4,1,2,0,0,0,1,0,2,0,0,1,4,2,2,1,33,2,1,2,1,6,0413324211T,3
1425,04133,"Sanmarg Shikshan Sanstha's Smt. Radhikatai Pandav College of Engineering, Nagpur",0413324210,Computer Science and Engineering,60,51,0,9,0,1,60,OHU,4,1,2,0,1,0,1,0,0,0,0,0,0,0,2,0,2,0,13,2,1,2,1,6,0413324211T,3
1426,04133,"Sanmarg Shikshan Sanstha's Smt. Radhikatai Pandav College of Engineering, Nagpur",0413324510,Computer Engineering,60,51,0,9,0,1,60,HU,9,4,3,1,2,1,1,1,0,0,0,1,0,0,4,1,3,1,32,2,1,2,1,6,0413324511T,3
1426,04133,"Sanmarg Shikshan Sanstha's Smt. Radhikatai Pandav College of Engineering, Nagpur",0413324510,Computer Engineering,60,51,0,9,0,1,60,OHU,3,2,1,1,1,0,0,0,1,0,1,0,1,0,1,1,0,1,14,2,1,2,1,6,0413324511T,3
1427,04133,"Sanmarg Shikshan Sanstha's Smt. Radhikatai Pandav College of Engineering, Nagpur",0413329310,Electrical Engineering,60,51,0,9,0,1,60,HU,9,4,3,2,1,1,1,0,1,0,1,0,1,0,4,2,2,1,33,2,1,2,1,6,0413329311T,3
1427,04133,"Sanmarg Shikshan Sanstha's Smt. Radhikatai Pandav College of Engineering, Nagpur",0413329310,Electrical Engineering,60,51,0,9,0,1,60,OHU,4,1,1,1,0,1,1,0,0,0,1,0,0,0,1,0,2,0,13,2,1,2,1,6,0413329311T,3
1428,04133,"Sanmarg Shikshan Sanstha's Smt. Radhikatai Pandav College of Engineering, Nagpur",0413337210,Electronics and Telecommunication Engg,60,51,0,9,0,1,60,HU,9,4,3,1,2,1,1,0,0,1,2,0,1,0,4,2,3,1,35,2,1,2,1,6,0413337211T,3
1428,04133,"Sanmarg Shikshan Sanstha's Smt. Radhikatai Pandav College of Engineering, Nagpur",0413337210,Electronics and Telecommunication Engg,60,51,0,9,0,1,60,OHU,3,2,2,0,1,0,0,0,0,0,0,0,0,0,1,1,0,1,11,2,1,2,1,6,0413337211T,3
1429,04133,"Sanmarg Shikshan Sanstha's Smt. Radhikatai Pandav College of Engineering, Nagpur",0413361210,Mechanical Engineering,60,51,0,9,0,1,60,HU,10,3,3,2,2,0,0,0,0,0,0,1,0,0,4,2,2,1,30,2,1,2,1,6,,
1429,04133,"Sanmarg Shikshan Sanstha's Smt. Radhikatai Pandav College of Engineering, Nagpur",0413361210,Mechanical Engineering,60,51,0,9,0,1,60,OHU,4,1,1,1,1,0,1,0,0,1,0,1,0,1,1,1,2,0,16,2,1,2,1,6,,
1430,04134,"Guru Nanak Institute of Engineering & Technology,Kalmeshwar, Nagpur",0413424210,Computer Science and Engineering,60,39,0,9,12,0,48,HU,6,3,3,1,1,1,1,1,1,0,1,0,0,1,3,1,2,1,27,1,1,1,1,6,0413424211T,3
1430,04134,"Guru Nanak Institute of Engineering & Technology,Kalmeshwar, Nagpur",0413424210,Computer Science and Engineering,60,39,0,9,12,0,48,OHU,3,1,1,0,1,0,0,0,0,0,0,0,0,0,3,0,0,1,10,1,1,1,1,6,0413424211T,3
1431,04134,"Guru Nanak Institute of Engineering & Technology,Kalmeshwar, Nagpur",0413424610,Information Technology,60,39,0,9,12,0,48,HU,7,3,2,1,1,1,1,0,1,0,1,0,1,0,4,1,2,1,27,1,1,1,1,6,0413424611T,3
1431,04134,"Guru Nanak Institute of Engineering & Technology,Kalmeshwar, Nagpur",0413424610,Information Technology,60,39,0,9,12,0,48,OHU,2,2,1,1,0,1,0,0,0,0,0,0,0,0,1,1,1,0,10,1,1,1,1,6,0413424611T,3
1432,04134,"Guru Nanak Institute of Engineering & Technology,Kalmeshwar, Nagpur",0413429310,Electrical Engineering,60,51,0,9,0,1,60,HU,9,4,4,1,2,0,0,0,1,0,0,1,1,0,4,2,2,1,32,2,1,2,1,6,,
1432,04134,"Guru Nanak Institute of Engineering & Technology,Kalmeshwar, Nagpur",0413429310,Electrical Engineering,60,51,0,9,0,1,60,OHU,4,1,2,0,1,0,0,1,0,0,1,0,0,0,1,1,2,0,14,2,1,2,1,6,,
1433,04134,"Guru Nanak Institute of Engineering & Technology,Kalmeshwar, Nagpur",0413437210,Electronics and Telecommunication Engg,60,51,0,9,0,1,60,HU,9,4,3,1,2,1,1,1,0,0,1,0,0,0,4,2,3,1,33,2,1,2,1,6,0413437211T,3
1433,04134,"Guru Nanak Institute of Engineering & Technology,Kalmeshwar, Nagpur",0413437210,Electronics and Telecommunication Engg,60,51,0,9,0,1,60,OHU,3,2,1,1,1,0,0,0,1,0,1,0,1,0,1,0,0,1,13,2,1,2,1,6,0413437211T,3
1434,04134,"Guru Nanak Institute of Engineering & Technology,Kalmeshwar, Nagpur",0413491210,Computer Science and Engineering(Data Science),60,39,0,9,12,0,48,HU,8,3,2,2,1,1,0,0,0,1,1,0,1,0,3,2,2,1,28,1,1,1,1,6,0413491211T,3
1434,04134,"Guru Nanak Institute of Engineering & Technology,Kalmeshwar, Nagpur",0413491210,Computer Science and Engineering(Data Science),60,39,0,9,12,0,48,OHU,2,1,1,0,0,1,1,0,0,0,0,0,0,0,1,1,1,0,9,1,1,1,1,6,0413491211T,3
1435,04134,"Guru Nanak Institute of Engineering & Technology,Kalmeshwar, Nagpur",0413499710,Artificial Intelligence,60,39,0,9,12,0,48,HU,6,3,2,1,2,0,1,0,1,0,0,1,0,1,4,1,1,1,25,1,1,1,1,6,0413499711T,3
1435,04134,"Guru Nanak Institute of Engineering & Technology,Kalmeshwar, Nagpur",0413499710,Artificial Intelligence,60,39,0,9,12,0,48,OHU,3,1,1,1,1,0,0,0,0,0,0,0,0,0,3,0,1,1,12,1,1,1,1,6,0413499711T,3
1436,04143,"Sanmarg Shikshan Sanstha, Mandukarrao Pandav College of Engineering, Bhandara",0414319110,Civil Engineering,54,46,0,8,0,0,54,HU,8,3,3,1,2,0,1,0,0,0,1,0,1,0,5,2,2,1,30,1,1,1,1,5,,
1436,04143,"Sanmarg Shikshan Sanstha, Mandukarrao Pandav College of Engineering, Bhandara",0414319110,Civil Engineering,54,46,0,8,0,0,54,OHU,3,2,2,0,1,0,0,1,1,0,0,0,0,0,1,1,2,0,14,1,1,1,1,5,,
1437,04143,"Sanmarg Shikshan Sanstha, Mandukarrao Pandav College of Engineering, Bhandara",0414324510,Computer Engineering,54,46,0,8,0,0,54,HU,9,3,3,1,1,1,1,0,1,0,1,0,1,0,4,2,3,1,32,1,1,1,1,5,0414324511T,3
1437,04143,"Sanmarg Shikshan Sanstha, Mandukarrao Pandav College of Engineering, Bhandara",0414324510,Computer Engineering,54,46,0,8,0,0,54,OHU,3,1,1,1,0,1,0,0,0,0,1,0,0,0,2,1,1,0,12,1,1,1,1,5,0414324511T,3
1438,04143,"Sanmarg Shikshan Sanstha, Mandukarrao Pandav College of Engineering, Bhandara",0414329310,Electrical Engineering,54,46,0,8,0,0,54,HU,8,4,3,1,1,1,1,0,1,0,1,1,0,0,4,2,2,0,30,1,1,1,1,5,,
1438,04143,"Sanmarg Shikshan Sanstha, Mandukarrao Pandav College of Engineering, Bhandara",0414329310,Electrical Engineering,54,46,0,8,0,0,54,OHU,4,1,1,1,1,0,1,0,0,0,0,0,1,0,2,0,1,1,14,1,1,1,1,5,,
1439,04143,"Sanmarg Shikshan Sanstha, Mandukarrao Pandav College of Engineering, Bhandara",0414337210,Electronics and Telecommunication Engg,54,46,0,8,0,0,54,HU,8,4,3,2,2,0,0,1,0,1,1,0,0,1,4,2,2,2,33,1,1,1,1,5,,
1439,04143,"Sanmarg Shikshan Sanstha, Mandukarrao Pandav College of Engineering, Bhandara",0414337210,Electronics and Telecommunication Engg,54,46,0,8,0,0,54,OHU,3,1,1,0,1,0,0,0,0,0,1,0,0,0,2,1,1,0,11,1,1,1,1,5,,
1440,04143,"Sanmarg Shikshan Sanstha, Mandukarrao Pandav College of Engineering, Bhandara",0414361210,Mechanical Engineering,54,46,0,8,0,0,54,HU,9,3,3,1,1,1,0,0,1,0,0,1,1,0,4,1,2,1,29,1,1,1,1,5,,
1440,04143,"Sanmarg Shikshan Sanstha, Mandukarrao Pandav College of Engineering, Bhandara",0414361210,Mechanical Engineering,54,46,0,8,0,0,54,OHU,3,2,1,1,1,0,1,0,0,1,0,1,0,0,2,1,0,1,15,1,1,1,1,5,,
1441,04144,"Shri. Sai Shikshan Sanstha, Nagpur Institute of Technology, Nagpur",0414419110,Civil Engineering,60,51,0,9,0,1,60,HU,9,4,3,1,2,1,1,0,1,0,2,0,1,0,4,2,3,0,34,2,1,2,1,6,0414419111T,3
1441,04144,"Shri. Sai Shikshan Sanstha, Nagpur Institute of Technology, Nagpur",0414419110,Civil Engineering,60,51,0,9,0,1,60,OHU,4,1,2,0,0,1,0,0,0,0,0,0,0,0,1,1,2,0,12,2,1,2,1,6,0414419111T,3
1442,04144,"Shri. Sai Shikshan Sanstha, Nagpur Institute of Technology, Nagpur",0414424210,Computer Science and Engineering,120,102,0,18,0,1,120,HU,18,8,5,3,4,1,2,1,0,1,2,1,0,1,9,4,4,2,66,5,0,5,0,12,0414424211T,6
1442,04144,"Shri. Sai Shikshan Sanstha, Nagpur Institute of Technology, Nagpur",0414424210,Computer Science and Engineering,120,102,0,18,0,1,120,OHU,7,3,2,1,2,0,1,0,1,0,1,0,0,1,3,1,1,1,25,5,0,5,0,12,0414424211T,6
1443,04144,"Shri. Sai Shikshan Sanstha, Nagpur Institute of Technology, Nagpur",0414424610,Information Technology,60,51,0,9,0,1,60,HU,9,4,4,1,1,1,1,0,1,0,1,0,1,0,4,2,3,1,34,2,1,2,1,6,0414424611T,3
1443,04144,"Shri. Sai Shikshan Sanstha, Nagpur Institute of Technology, Nagpur",0414424610,Information Technology,60,51,0,9,0,1,60,OHU,3,2,1,1,0,1,0,0,0,0,1,0,0,0,2,0,1,0,12,2,1,2,1,6,0414424611T,3
1444,04144,"Shri. Sai Shikshan Sanstha, Nagpur Institute of Technology, Nagpur",0414429310,Electrical Engineering,60,51,0,9,0,1,60,HU,9,4,3,1,2,1,0,1,0,0,0,1,0,0,4,1,2,1,30,2,1,2,1,6,0414429311T,3
1444,04144,"Shri. Sai Shikshan Sanstha, Nagpur Institute of Technology, Nagpur",0414429310,Electrical Engineering,60,51,0,9,0,1,60,OHU,4,1,2,0,1,0,0,1,1,0,0,1,1,0,1,1,1,1,16,2,1,2,1,6,0414429311T,3
1445,04144,"Shri. Sai Shikshan Sanstha, Nagpur Institute of Technology, Nagpur",0414461210,Mechanical Engineering,60,51,0,9,0,1,60,HU,9,4,3,2,2,0,1,0,1,0,2,0,1,0,4,2,2,2,35,2,1,2,1,6,0414461211T,3
1445,04144,"Shri. Sai Shikshan Sanstha, Nagpur Institute of Technology, Nagpur",0414461210,Mechanical Engineering,60,51,0,9,0,1,60,OHU,3,2,1,1,1,0,0,0,0,0,0,0,0,0,1,1,1,0,11,2,1,2,1,6,0414461211T,3
1446,04147,"K.D.K. College of Engineering, Nagpur",0414719110,Civil Engineering,60,51,0,9,0,1,60,HU,9,4,3,1,2,1,0,0,0,0,1,1,0,1,4,2,3,1,33,2,1,2,1,6,0414719111T,3
1446,04147,"K.D.K. College of Engineering, Nagpur",0414719110,Civil Engineering,60,51,0,9,0,1,60,OHU,4,1,2,0,0,1,1,0,0,1,0,0,0,0,2,0,1,0,13,2,1,2,1,6,0414719111T,3
1447,04147,"K.D.K. College of Engineering, Nagpur",0414724210,Computer Science and Engineering,180,130,0,27,23,1,157,HU,24,10,8,3,4,2,2,1,2,1,2,1,1,0,12,4,6,2,85,6,1,6,1,18,0414724211T,9
1447,04147,"K.D.K. College of Engineering, Nagpur",0414724210,Computer Science and Engineering,180,130,0,27,23,1,157,OHU,8,4,2,2,3,0,1,0,0,0,2,0,1,0,4,2,2,1,32,6,1,6,1,18,0414724211T,9
1448,04147,"K.D.K. College of Engineering, Nagpur",0414724610,Information Technology,60,45,0,9,6,0,54,HU,8,3,2,2,1,1,1,0,0,0,1,0,1,0,4,2,2,1,29,1,1,1,1,6,0414724611T,3
1448,04147,"K.D.K. College of Engineering, Nagpur",0414724610,Information Technology,60,45,0,9,6,0,54,OHU,3,2,2,0,0,1,0,0,1,0,0,1,0,0,2,1,0,1,14,1,1,1,1,6,0414724611T,3
1449,04147,"K.D.K. College of Engineering, Nagpur",0414729310,Electrical Engineering,90,76,0,14,0,1,90,HU,13,6,5,1,3,1,1,1,1,1,1,1,1,0,6,3,3,2,50,4,0,4,0,9,0414729311T,5
1449,04147,"K.D.K. College of Engineering, Nagpur",0414729310,Electrical Engineering,90,76,0,14,0,1,90,OHU,5,2,1,1,1,0,0,1,0,0,0,0,0,0,2,1,3,0,17,4,0,4,0,9,0414729311T,5
1450,04147,"K.D.K. College of Engineering, Nagpur",0414737210,Electronics and Telecommunication Engg,90,71,0,14,5,1,85,HU,13,5,3,2,2,1,1,0,0,0,1,0,0,1,6,2,4,1,42,4,0,4,0,9,0414737211T,5
1450,04147,"K.D.K. College of Engineering, Nagpur",0414737210,Electronics and Telecommunication Engg,90,71,0,14,5,1,85,OHU,5,1,2,0,1,1,1,0,1,0,1,0,0,1,3,1,1,1,20,4,0,4,0,9,0414737211T,5
1451,04147,"K.D.K. College of Engineering, Nagpur",0414761210,Mechanical Engineering,60,51,0,9,0,1,60,HU,9,4,4,1,2,0,1,0,2,0,1,1,1,0,4,2,3,1,36,2,1,2,1,6,0414761211T,3
1451,04147,"K.D.K. College of Engineering, Nagpur",0414761210,Mechanical Engineering,60,51,0,9,0,1,60,OHU,3,2,1,1,1,0,0,0,0,0,0,0,0,0,1,0,1,0,10,2,1,2,1,6,0414761211T,3
1452,04147,"K.D.K. College of Engineering, Nagpur",0414799510,Artificial Intelligence and Data Science,90,64,0,14,12,1,78,HU,11,5,4,2,3,1,1,1,0,0,2,0,1,0,5,2,3,1,42,2,1,2,1,9,0414799511T,5
1452,04147,"K.D.K. College of Engineering, Nagpur",0414799510,Artificial Intelligence and Data Science,90,64,0,14,12,1,78,OHU,5,2,1,1,1,0,0,0,0,1,1,0,0,0,2,1,1,1,17,2,1,2,1,9,0414799511T,5
1453,04172,"Anjuman College of Engineering & Technology, Nagpur",0417219110,Civil Engineering,60,25,31,4,0,0,60,HU,12,5,0,0,0,0,0,0,0,0,0,0,0,0,0,0,0,0,17,0,0,0,0,0,0417219111T,3
1453,04172,"Anjuman College of Engineering & Technology, Nagpur",0417219110,Civil Engineering,60,25,31,4,0,0,60,OHU,6,2,0,0,0,0,0,0,0,0,0,0,0,0,0,0,0,0,8,0,0,0,0,0,0417219111T,3
1454,04172,"Anjuman College of Engineering & Technology, Nagpur",0417224210,Computer Science and Engineering,120,50,61,9,0,0,120,HU,24,11,0,0,0,0,0,0,0,0,0,0,0,0,0,0,0,0,35,0,0,0,0,0,0417224211T,6
1454,04172,"Anjuman College of Engineering & Technology, Nagpur",0417224210,Computer Science and Engineering,120,50,61,9,0,0,120,OHU,10,5,0,0,0,0,0,0,0,0,0,0,0,0,0,0,0,0,15,0,0,0,0,0,0417224211T,6
1455,04172,"Anjuman College of Engineering & Technology, Nagpur",0417226310,Artificial Intelligence (AI) and Data Science,60,25,31,4,0,0,60,HU,13,5,0,0,0,0,0,0,0,0,0,0,0,0,0,0,0,0,18,0,0,0,0,0,0417226311T,3
1455,04172,"Anjuman College of Engineering & Technology, Nagpur",0417226310,Artificial Intelligence (AI) and Data Science,60,25,31,4,0,0,60,OHU,5,2,0,0,0,0,0,0,0,0,0,0,0,0,0,0,0,0,7,0,0,0,0,0,0417226311T,3
1456,04172,"Anjuman College of Engineering & Technology, Nagpur",0417229310,Electrical Engineering,60,25,31,4,0,0,60,HU,12,5,0,0,0,0,0,0,0,0,0,0,0,0,0,0,0,0,17,0,0,0,0,0,0417229311T,3
1456,04172,"Anjuman College of Engineering & Technology, Nagpur",0417229310,Electrical Engineering,60,25,31,4,0,0,60,OHU,6,2,0,0,0,0,0,0,0,0,0,0,0,0,0,0,0,0,8,0,0,0,0,0,0417229311T,3
1457,04172,"Anjuman College of Engineering & Technology, Nagpur",0417237210,Electronics and Telecommunication Engg,60,25,31,4,0,0,60,HU,12,6,0,0,0,0,0,0,0,0,0,0,0,0,0,0,0,0,18,0,0,0,0,0,0417237211T,3
1457,04172,"Anjuman College of Engineering & Technology, Nagpur",0417237210,Electronics and Telecommunication Engg,60,25,31,4,0,0,60,OHU,5,2,0,0,0,0,0,0,0,0,0,0,0,0,0,0,0,0,7,0,0,0,0,0,0417237211T,3
1458,04172,"Anjuman College of Engineering & Technology, Nagpur",0417261210,Mechanical Engineering,60,25,31,4,0,0,60,HU,12,5,0,0,0,0,0,0,0,0,0,0,0,0,0,0,0,0,17,0,0,0,0,0,0417261211T,3
1458,04172,"Anjuman College of Engineering & Technology, Nagpur",0417261210,Mechanical Engineering,60,25,31,4,0,0,60,OHU,5,3,0,0,0,0,0,0,0,0,0,0,0,0,0,0,0,0,8,0,0,0,0,0,0417261211T,3
1459,04175,"JMSS Shri Shankarprasad Agnihotri College of Engineering, Wardha",0417519110,Civil Engineering,60,51,0,9,0,1,60,HU,9,4,4,1,1,1,1,0,0,0,2,0,0,0,5,1,3,1,33,2,1,2,1,6,,
1459,04175,"JMSS Shri Shankarprasad Agnihotri College of Engineering, Wardha",0417519110,Civil Engineering,60,51,0,9,0,1,60,OHU,3,2,1,1,1,0,0,0,0,1,0,0,1,0,2,0,1,0,13,2,1,2,1,6,,
1460,04175,"JMSS Shri Shankarprasad Agnihotri College of Engineering, Wardha",0417524210,Computer Science and Engineering,60,51,0,9,0,1,60,HU,9,4,2,2,2,1,0,1,1,0,1,0,1,0,3,2,2,1,32,2,1,2,1,6,0417524211T,3
1460,04175,"JMSS Shri Shankarprasad Agnihotri College of Engineering, Wardha",0417524210,Computer Science and Engineering,60,51,0,9,0,1,60,OHU,4,1,1,1,1,0,1,0,0,0,0,1,0,0,1,1,2,0,14,2,1,2,1,6,0417524211T,3
1461,04175,"JMSS Shri Shankarprasad Agnihotri College of Engineering, Wardha",0417537210,Electronics and Telecommunication Engg,60,51,0,9,0,1,60,HU,9,4,4,1,1,1,1,0,0,1,0,1,0,1,4,2,3,1,34,2,1,2,1,6,0417537211T,3
1461,04175,"JMSS Shri Shankarprasad Agnihotri College of Engineering, Wardha",0417537210,Electronics and Telecommunication Engg,60,51,0,9,0,1,60,OHU,3,2,2,0,0,1,0,0,0,0,1,0,0,0,2,0,0,1,12,2,1,2,1,6,0417537211T,3
1462,04175,"JMSS Shri Shankarprasad Agnihotri College of Engineering, Wardha",0417561210,Mechanical Engineering,30,25,0,5,0,0,30,HU,4,2,1,1,1,0,0,0,0,0,0,0,1,0,3,1,2,0,16,1,0,1,0,3,0417561211T,2
1462,04175,"JMSS Shri Shankarprasad Agnihotri College of Engineering, Wardha",0417561210,Mechanical Engineering,30,25,0,5,0,0,30,OHU,2,0,0,1,1,0,0,1,0,0,0,0,0,0,0,1,1,0,7,1,0,1,0,3,0417561211T,2
1463,04177,"Priyadarshini Bhagwati College of Engineering, Harpur Nagar, Umred Road,Nagpur",0417719110,Civil Engineering,60,25,31,4,0,0,60,HU,13,5,0,0,0,0,0,0,0,0,0,0,0,0,0,0,0,0,18,0,0,0,0,0,0417719111T,3
1463,04177,"Priyadarshini Bhagwati College of Engineering, Harpur Nagar, Umred Road,Nagpur",0417719110,Civil Engineering,60,25,31,4,0,0,60,OHU,5,2,0,0,0,0,0,0,0,0,0,0,0,0,0,0,0,0,7,0,0,0,0,0,0417719111T,3
1464,04177,"Priyadarshini Bhagwati College of Engineering, Harpur Nagar, Umred Road,Nagpur",0417724210,Computer Science and Engineering,120,30,61,5,24,0,96,HU,14,7,0,0,0,0,0,0,0,0,0,0,0,0,0,0,0,0,21,0,0,0,0,0,0417724211T,6
1464,04177,"Priyadarshini Bhagwati College of Engineering, Harpur Nagar, Umred Road,Nagpur",0417724210,Computer Science and Engineering,120,30,61,5,24,0,96,OHU,6,3,0,0,0,0,0,0,0,0,0,0,0,0,0,0,0,0,9,0,0,0,0,0,0417724211T,6
1465,04177,"Priyadarshini Bhagwati College of Engineering, Harpur Nagar, Umred Road,Nagpur",0417724610,Information Technology,60,14,31,3,12,0,48,HU,7,3,0,0,0,0,0,0,0,0,0,0,0,0,0,0,0,0,10,0,0,0,0,0,0417724611T,3
1465,04177,"Priyadarshini Bhagwati College of Engineering, Harpur Nagar, Umred Road,Nagpur",0417724610,Information Technology,60,14,31,3,12,0,48,OHU,3,1,0,0,0,0,0,0,0,0,0,0,0,0,0,0,0,0,4,0,0,0,0,0,0417724611T,3
1466,04177,"Priyadarshini Bhagwati College of Engineering, Harpur Nagar, Umred Road,Nagpur",0417737010,Electronics and Communication Engineering,60,20,31,3,6,0,54,HU,10,4,0,0,0,0,0,0,0,0,0,0,0,0,0,0,0,0,14,0,0,0,0,0,0417737011T,3
1466,04177,"Priyadarshini Bhagwati College of Engineering, Harpur Nagar, Umred Road,Nagpur",0417737010,Electronics and Communication Engineering,60,20,31,3,6,0,54,OHU,4,2,0,0,0,0,0,0,0,0,0,0,0,0,0,0,0,0,6,0,0,0,0,0,0417737011T,3
1467,04177,"Priyadarshini Bhagwati College of Engineering, Harpur Nagar, Umred Road,Nagpur",0417761210,Mechanical Engineering,60,25,31,4,0,0,60,HU,12,5,0,0,0,0,0,0,0,0,0,0,0,0,0,0,0,0,17,0,0,0,0,0,0417761211T,3
1467,04177,"Priyadarshini Bhagwati College of Engineering, Harpur Nagar, Umred Road,Nagpur",0417761210,Mechanical Engineering,60,25,31,4,0,0,60,OHU,6,2,0,0,0,0,0,0,0,0,0,0,0,0,0,0,0,0,8,0,0,0,0,0,0417761211T,3
1468,04192,"Maitraya Education Society, Nagarjuna Institute of Engineering Technology & Management, Nagpur",0419219110,Civil Engineering,60,39,0,9,12,0,48,HU,8,3,3,1,1,1,0,1,1,0,1,0,0,1,4,1,2,1,29,1,1,1,1,6,,
1468,04192,"Maitraya Education Society, Nagarjuna Institute of Engineering Technology & Management, Nagpur",0419219110,Civil Engineering,60,39,0,9,12,0,48,OHU,2,1,1,0,0,1,0,0,0,0,0,0,0,0,1,1,1,0,8,1,1,1,1,6,,
1469,04192,"Maitraya Education Society, Nagarjuna Institute of Engineering Technology & Management, Nagpur",0419224210,Computer Science and Engineering,60,39,0,9,12,0,48,HU,7,3,2,1,2,0,1,0,1,0,1,0,0,0,3,2,1,1,25,1,1,1,1,6,0419224211T,3
1469,04192,"Maitraya Education Society, Nagarjuna Institute of Engineering Technology & Management, Nagpur",0419224210,Computer Science and Engineering,60,39,0,9,12,0,48,OHU,3,1,1,1,0,0,1,0,0,0,1,0,0,0,1,1,1,1,12,1,1,1,1,6,0419224211T,3
1470,04192,"Maitraya Education Society, Nagarjuna Institute of Engineering Technology & Management, Nagpur",0419235610,Electrical Engg[Electronics and Power],60,39,0,9,12,0,48,HU,6,3,3,1,1,1,1,0,0,1,0,1,1,0,4,1,2,1,27,1,1,1,1,6,,
1470,04192,"Maitraya Education Society, Nagarjuna Institute of Engineering Technology & Management, Nagpur",0419235610,Electrical Engg[Electronics and Power],60,39,0,9,12,0,48,OHU,3,1,1,0,1,0,0,0,0,0,0,0,0,0,2,1,1,0,10,1,1,1,1,6,,
1471,04192,"Maitraya Education Society, Nagarjuna Institute of Engineering Technology & Management, Nagpur",0419261210,Mechanical Engineering,60,39,0,9,12,0,48,HU,8,3,2,1,1,1,0,0,0,0,0,0,1,0,3,2,2,1,25,1,1,1,1,6,,
1471,04192,"Maitraya Education Society, Nagarjuna Institute of Engineering Technology & Management, Nagpur",0419261210,Mechanical Engineering,60,39,0,9,12,0,48,OHU,2,1,1,1,1,0,1,0,1,0,1,0,0,0,2,0,1,0,12,1,1,1,1,6,,
1472,04192,"Maitraya Education Society, Nagarjuna Institute of Engineering Technology & Management, Nagpur",0419291110,Computer Science and Engineering(Artificial,60,39,0,9,12,0,48,HU,7,3,3,1,2,0,1,0,1,0,1,0,0,0,4,1,3,0,27,1,1,1,1,6,0419291111T,3
1472,04192,"Maitraya Education Society, Nagarjuna Institute of Engineering Technology & Management, Nagpur",0419291110,Computer Science and Engineering(Artificial,60,39,0,9,12,0,48,OHU,3,1,1,0,1,0,0,0,0,0,0,0,0,1,1,1,0,1,10,1,1,1,1,6,0419291111T,3
1473,04196,"Gurunanak Educational Society's Gurunanak Institute of Technology, Nagpur",0419619110,Civil Engineering,30,25,0,5,0,0,30,HU,4,2,1,1,1,1,0,1,1,0,1,0,0,0,2,2,0,1,18,1,0,1,0,3,,
1473,04196,"Gurunanak Educational Society's Gurunanak Institute of Technology, Nagpur",0419619110,Civil Engineering,30,25,0,5,0,0,30,OHU,1,1,1,0,0,0,0,0,0,0,0,0,0,0,1,0,1,0,5,1,0,1,0,3,,
1474,04196,"Gurunanak Educational Society's Gurunanak Institute of Technology, Nagpur",0419624210,Computer Science and Engineering,60,39,0,9,12,0,48,HU,7,3,2,1,2,0,0,0,0,0,0,0,0,1,4,1,2,1,24,1,1,1,1,6,0419624211T,3
1474,04196,"Gurunanak Educational Society's Gurunanak Institute of Technology, Nagpur",0419624210,Computer Science and Engineering,60,39,0,9,12,0,48,OHU,3,1,1,1,0,1,0,1,1,0,0,1,0,0,1,1,1,0,13,1,1,1,1,6,0419624211T,3
1475,04196,"Gurunanak Educational Society's Gurunanak Institute of Technology, Nagpur",0419637210,Electronics and Telecommunication Engg,60,51,0,9,0,1,60,HU,9,4,4,1,1,1,2,0,0,1,1,1,1,0,3,2,2,1,34,2,1,2,1,6,0419637211T,3
1475,04196,"Gurunanak Educational Society's Gurunanak Institute of Technology, Nagpur",0419637210,Electronics and Telecommunication Engg,60,51,0,9,0,1,60,OHU,3,2,2,0,1,0,0,0,0,0,0,0,0,0,2,0,1,1,12,2,1,2,1,6,0419637211T,3
1476,04196,"Gurunanak Educational Society's Gurunanak Institute of Technology, Nagpur",0419661210,Mechanical Engineering,30,25,0,5,0,0,30,HU,4,2,1,1,1,0,0,0,1,0,1,0,0,0,2,1,3,0,17,1,0,1,0,3,,
1476,04196,"Gurunanak Educational Society's Gurunanak Institute of Technology, Nagpur",0419661210,Mechanical Engineering,30,25,0,5,0,0,30,OHU,1,1,0,1,1,0,0,0,0,0,0,0,0,0,1,1,0,0,6,1,0,1,0,3,,
1477,04196,"Gurunanak Educational Society's Gurunanak Institute of Technology, Nagpur",0419691010,Computer Science and Engineering(Cyber Security),60,39,0,9,12,0,48,HU,7,3,3,1,1,1,0,1,0,0,0,0,0,0,4,1,1,1,24,1,1,1,1,6,0419691011T,3
1477,04196,"Gurunanak Educational Society's Gurunanak Institute of Technology, Nagpur",0419691010,Computer Science and Engineering(Cyber Security),60,39,0,9,12,0,48,OHU,3,1,1,0,0,1,0,0,0,1,1,0,1,0,2,0,1,1,13,1,1,1,1,6,0419691011T,3
1478,04196,"Gurunanak Educational Society's Gurunanak Institute of Technology, Nagpur",0419691210,Computer Science and Engineering(Data Science),60,39,0,9,12,0,48,HU,7,3,2,1,2,0,0,0,1,0,1,0,1,0,4,2,2,1,27,1,1,1,1,6,0419691211T,3
1478,04196,"Gurunanak Educational Society's Gurunanak Institute of Technology, Nagpur",0419691210,Computer Science and Engineering(Data Science),60,39,0,9,12,0,48,OHU,2,1,1,1,1,0,1,0,0,0,0,0,0,0,1,1,1,0,10,1,1,1,1,6,0419691211T,3
1479,04196,"Gurunanak Educational Society's Gurunanak Institute of Technology, Nagpur",0419692110,Artificial Intelligence and Machine Learning,60,39,0,9,12,0,48,HU,7,3,3,1,1,1,2,0,0,1,0,1,1,0,4,1,2,1,29,1,1,1,1,6,0419692111T,3
1479,04196,"Gurunanak Educational Society's Gurunanak Institute of Technology, Nagpur",0419692110,Artificial Intelligence and Machine Learning,60,39,0,9,12,0,48,OHU,3,1,1,0,0,0,0,0,0,0,0,0,0,0,1,1,1,0,8,1,1,1,1,6,0419692111T,3
1480,04197,"Jai Mahakali Shikshan Sanstha, Agnihotri College of Engineering, Sindhi(Meghe)",0419719110,Civil Engineering,30,25,0,5,0,0,30,HU,3,3,1,1,1,0,0,0,0,0,0,0,0,0,2,1,2,0,14,1,0,1,0,3,,
1480,04197,"Jai Mahakali Shikshan Sanstha, Agnihotri College of Engineering, Sindhi(Meghe)",0419719110,Civil Engineering,30,25,0,5,0,0,30,OHU,1,1,1,0,1,0,1,0,0,0,1,0,0,0,2,0,1,0,9,1,0,1,0,3,,
1481,04197,"Jai Mahakali Shikshan Sanstha, Agnihotri College of Engineering, Sindhi(Meghe)",0419724210,Computer Science and Engineering,30,25,0,5,0,0,30,HU,4,2,2,0,1,1,0,0,1,0,0,0,0,0,3,1,1,1,17,1,0,1,0,3,0419724211T,2
1481,04197,"Jai Mahakali Shikshan Sanstha, Agnihotri College of Engineering, Sindhi(Meghe)",0419724210,Computer Science and Engineering,30,25,0,5,0,0,30,OHU,1,1,0,1,0,0,0,0,0,0,0,0,1,0,0,1,0,1,6,1,0,1,0,3,0419724211T,2
1482,04197,"Jai Mahakali Shikshan Sanstha, Agnihotri College of Engineering, Sindhi(Meghe)",0419729310,Electrical Engineering,30,25,0,5,0,0,30,HU,4,2,1,1,1,0,0,1,0,0,1,0,0,0,2,1,1,1,16,1,0,1,0,3,0419729311T,2
1482,04197,"Jai Mahakali Shikshan Sanstha, Agnihotri College of Engineering, Sindhi(Meghe)",0419729310,Electrical Engineering,30,25,0,5,0,0,30,OHU,1,1,1,0,0,1,0,0,1,0,0,0,0,0,2,0,0,0,7,1,0,1,0,3,0419729311T,2
1483,04197,"Jai Mahakali Shikshan Sanstha, Agnihotri College of Engineering, Sindhi(Meghe)",0419737010,Electronics and Communication Engineering,30,25,0,5,0,0,30,HU,4,2,2,1,0,1,1,0,0,0,0,0,0,1,2,2,2,0,18,1,0,1,0,3,0419737011T,2
1483,04197,"Jai Mahakali Shikshan Sanstha, Agnihotri College of Engineering, Sindhi(Meghe)",0419737010,Electronics and Communication Engineering,30,25,0,5,0,0,30,OHU,1,1,1,0,0,0,0,0,0,0,0,0,0,0,1,0,1,0,5,1,0,1,0,3,0419737011T,2
1484,04197,"Jai Mahakali Shikshan Sanstha, Agnihotri College of Engineering, Sindhi(Meghe)",0419761210,Mechanical Engineering,15,13,0,2,0,0,15,HU,1,1,1,0,0,0,0,0,1,0,1,0,0,0,1,0,0,0,6,1,0,1,0,2,,
1484,04197,"Jai Mahakali Shikshan Sanstha, Agnihotri College of Engineering, Sindhi(Meghe)",0419761210,Mechanical Engineering,15,13,0,2,0,0,15,OHU,1,0,1,0,1,0,0,0,0,0,0,0,0,0,0,1,1,0,5,1,0,1,0,2,,
1485,04285,"V M Institute of Engineering and Technology, Dongargaon, Nagpur",0428519110,Civil Engineering,60,51,0,9,0,1,60,HU,9,4,3,1,3,0,1,0,1,0,0,1,1,0,4,1,3,1,33,2,1,2,1,6,,
1485,04285,"V M Institute of Engineering and Technology, Dongargaon, Nagpur",0428519110,Civil Engineering,60,51,0,9,0,1,60,OHU,3,2,1,1,1,0,0,1,0,0,1,0,0,0,2,0,0,1,13,2,1,2,1,6,,
1486,04285,"V M Institute of Engineering and Technology, Dongargaon, Nagpur",0428524610,Information Technology,60,51,0,9,0,1,60,HU,9,4,3,2,1,1,1,0,0,0,2,0,1,0,4,2,2,1,33,2,1,2,1,6,0428524611T,3
1486,04285,"V M Institute of Engineering and Technology, Dongargaon, Nagpur",0428524610,Information Technology,60,51,0,9,0,1,60,OHU,4,1,1,1,1,0,0,0,1,0,0,0,0,0,1,1,2,0,13,2,1,2,1,6,0428524611T,3
1487,04285,"V M Institute of Engineering and Technology, Dongargaon, Nagpur",0428529310,Electrical Engineering,60,51,0,9,0,1,60,HU,10,3,3,1,2,1,0,1,0,1,1,0,0,0,4,2,2,2,33,2,1,2,1,6,,
1487,04285,"V M Institute of Engineering and Technology, Dongargaon, Nagpur",0428529310,Electrical Engineering,60,51,0,9,0,1,60,OHU,3,2,2,0,0,1,1,0,0,0,0,1,1,0,1,0,0,1,13,2,1,2,1,6,,
1488,04285,"V M Institute of Engineering and Technology, Dongargaon, Nagpur",0428561210,Mechanical Engineering,120,102,0,18,0,1,120,HU,18,8,6,3,4,1,2,0,2,0,2,1,1,1,8,4,5,1,67,5,0,5,0,12,,
1488,04285,"V M Institute of Engineering and Technology, Dongargaon, Nagpur",0428561210,Mechanical Engineering,120,102,0,18,0,1,120,OHU,7,3,1,1,2,0,1,0,0,1,1,0,0,0,3,2,2,0,24,5,0,5,0,12,,
1489,04302,"Gondia Education Society's Manoharbhai Patel Institute Of Engineering & Technology, Shahapur, Bhandara",0430219110,Civil Engineering,30,25,0,5,0,0,30,HU,4,2,2,0,0,1,0,0,0,1,0,0,0,0,3,1,1,1,16,1,0,1,0,3,0430219111T,2
1489,04302,"Gondia Education Society's Manoharbhai Patel Institute Of Engineering & Technology, Shahapur, Bhandara",0430219110,Civil Engineering,30,25,0,5,0,0,30,OHU,1,1,1,0,0,1,0,0,0,0,0,0,0,1,1,0,1,0,7,1,0,1,0,3,0430219111T,2
1490,04302,"Gondia Education Society's Manoharbhai Patel Institute Of Engineering & Technology, Shahapur, Bhandara",0430224510,Computer Engineering,54,46,0,8,0,0,54,HU,9,4,2,2,2,0,1,1,1,0,0,1,0,0,4,1,2,1,31,1,1,1,1,5,0430224511T,3
1490,04302,"Gondia Education Society's Manoharbhai Patel Institute Of Engineering & Technology, Shahapur, Bhandara",0430224510,Computer Engineering,54,46,0,8,0,0,54,OHU,3,1,1,1,1,0,0,0,0,0,1,0,0,0,2,1,1,1,13,1,1,1,1,5,0430224511T,3
1491,04302,"Gondia Education Society's Manoharbhai Patel Institute Of Engineering & Technology, Shahapur, Bhandara",0430261210,Mechanical Engineering,30,25,0,5,0,0,30,HU,4,2,2,1,0,1,0,0,0,0,1,0,1,0,3,1,2,0,18,1,0,1,0,3,0430261211T,2
1491,04302,"Gondia Education Society's Manoharbhai Patel Institute Of Engineering & Technology, Shahapur, Bhandara",0430261210,Mechanical Engineering,30,25,0,5,0,0,30,OHU,1,1,1,0,0,0,0,1,0,0,0,0,0,0,1,0,0,0,5,1,0,1,0,3,0430261211T,2
1492,04304,"Cummins College of Engineering For Women, Sukhali (Gupchup), Tal. Hingna Hingna Nagpur",0430424550F,Computer Engineering,120,78,0,18,24,1,96,HU,0,19,0,6,0,4,0,2,0,1,0,1,0,1,0,8,0,5,47,4,0,4,0,12,0430424551FT,6
1492,04304,"Cummins College of Engineering For Women, Sukhali (Gupchup), Tal. Hingna Hingna Nagpur",0430424550F,Computer Engineering,120,78,0,18,24,1,96,OHU,0,8,0,2,0,2,0,0,0,1,0,1,0,1,0,4,0,3,22,4,0,4,0,12,0430424551FT,6
1493,04304,"Cummins College of Engineering For Women, Sukhali (Gupchup), Tal. Hingna Hingna Nagpur",0430437250F,Electronics and Telecommunication Engg,60,45,0,9,6,0,54,HU,0,12,0,4,0,2,0,1,0,1,0,2,0,1,0,7,0,3,33,1,1,1,1,6,0430437251FT,3
1493,04304,"Cummins College of Engineering For Women, Sukhali (Gupchup), Tal. Hingna Hingna Nagpur",0430437250F,Electronics and Telecommunication Engg,60,45,0,9,6,0,54,OHU,0,4,0,2,0,1,0,0,0,0,0,0,0,0,0,2,0,1,10,1,1,1,1,6,0430437251FT,3
1494,04304,"Cummins College of Engineering For Women, Sukhali (Gupchup), Tal. Hingna Hingna Nagpur",0430461250F,Mechanical Engineering,60,51,0,9,0,1,60,HU,0,13,0,4,0,3,0,1,0,0,0,1,0,1,0,5,0,4,32,2,1,2,1,6,0430461251FT,3
1494,04304,"Cummins College of Engineering For Women, Sukhali (Gupchup), Tal. Hingna Hingna Nagpur",0430461250F,Mechanical Engineering,60,51,0,9,0,1,60,OHU,0,5,0,2,0,1,0,1,0,1,0,1,0,0,0,2,0,1,14,2,1,2,1,6,0430461251FT,3
1495,04648,"R.V. Parankar College of Engineering & Technology, Arvi, Dist Wardha",0464819110,Civil Engineering,30,25,0,5,0,0,30,HU,4,2,2,1,0,1,0,0,0,0,0,0,0,0,2,1,1,1,15,1,0,1,0,3,,
1495,04648,"R.V. Parankar College of Engineering & Technology, Arvi, Dist Wardha",0464819110,Civil Engineering,30,25,0,5,0,0,30,OHU,1,1,1,0,0,0,0,0,0,1,0,0,1,0,2,0,1,0,8,1,0,1,0,3,,
1496,04648,"R.V. Parankar College of Engineering & Technology, Arvi, Dist Wardha",0464824210,Computer Science and Engineering,60,39,0,9,12,0,48,HU,8,3,2,1,2,0,1,0,1,0,1,0,1,0,3,2,2,1,28,1,1,1,1,6,0464824211T,3
1496,04648,"R.V. Parankar College of Engineering & Technology, Arvi, Dist Wardha",0464824210,Computer Science and Engineering,60,39,0,9,12,0,48,OHU,2,1,1,1,1,0,0,0,0,0,0,0,0,0,1,1,1,0,9,1,1,1,1,6,0464824211T,3
1497,04648,"R.V. Parankar College of Engineering & Technology, Arvi, Dist Wardha",0464824610,Information Technology,30,19,0,5,6,0,24,HU,3,1,2,0,0,1,0,0,0,0,0,0,0,1,2,1,1,0,12,1,0,1,0,3,0464824611T,2
1497,04648,"R.V. Parankar College of Engineering & Technology, Arvi, Dist Wardha",0464824610,Information Technology,30,19,0,5,6,0,24,OHU,1,0,1,0,0,0,1,0,0,0,0,0,0,0,1,0,1,0,5,1,0,1,0,3,0464824611T,2
1498,04648,"R.V. Parankar College of Engineering & Technology, Arvi, Dist Wardha",0464829310,Electrical Engineering,30,25,0,5,0,0,30,HU,3,3,1,1,1,0,0,0,1,0,0,1,1,0,3,1,2,0,18,1,0,1,0,3,,
1498,04648,"R.V. Parankar College of Engineering & Technology, Arvi, Dist Wardha",0464829310,Electrical Engineering,30,25,0,5,0,0,30,OHU,1,1,1,0,0,1,0,0,0,0,0,0,0,0,1,0,0,0,5,1,0,1,0,3,,
1499,04648,"R.V. Parankar College of Engineering & Technology, Arvi, Dist Wardha",0464861210,Mechanical Engineering,30,25,0,5,0,0,30,HU,4,2,2,0,1,0,0,1,0,0,0,0,0,0,2,1,1,1,15,1,0,1,0,3,,
1499,04648,"R.V. Parankar College of Engineering & Technology, Arvi, Dist Wardha",0464861210,Mechanical Engineering,30,25,0,5,0,0,30,OHU,1,1,0,1,1,0,0,0,0,0,0,0,0,1,1,1,0,1,8,1,0,1,0,3,,
1500,01005,"Sant Gadge Baba Amravati University,Amravati",0100550310,Food Technology,15,15,0,0,0,0,15,HU,2,1,1,0,1,0,0,0,0,0,1,0,0,0,1,1,1,1,10,1,0,1,0,2,,
1500,01005,"Sant Gadge Baba Amravati University,Amravati",0100550310,Food Technology,15,15,0,0,0,0,15,OHU,0,1,1,0,0,0,1,0,0,0,0,0,0,0,0,0,0,0,3,1,0,1,0,2,,
1501,01005,"Sant Gadge Baba Amravati University,Amravati",0100551710,Oil and Paints Technology,15,15,0,0,0,0,15,HU,2,1,1,1,0,0,1,0,0,0,0,1,0,0,2,0,0,0,9,1,0,1,0,2,0100551711T,1
1501,01005,"Sant Gadge Baba Amravati University,Amravati",0100551710,Oil and Paints Technology,15,15,0,0,0,0,15,OHU,1,0,0,0,1,0,0,0,0,0,0,0,0,0,1,0,1,0,4,1,0,1,0,2,0100551711T,1
1502,01005,"Sant Gadge Baba Amravati University,Amravati",0100552410,Paper and Pulp Technology,15,15,0,0,0,0,15,HU,1,2,1,0,0,1,0,0,1,0,0,0,0,0,1,1,2,0,10,1,0,1,0,2,,
1502,01005,"Sant Gadge Baba Amravati University,Amravati",0100552410,Paper and Pulp Technology,15,15,0,0,0,0,15,OHU,0,1,0,1,0,0,0,0,0,0,0,0,0,0,0,1,0,0,3,1,0,1,0,2,,
1503,01005,"Sant Gadge Baba Amravati University,Amravati",0100552710,Petro Chemical Engineering,15,15,0,0,0,0,15,HU,2,1,1,1,1,0,0,0,0,0,0,0,1,0,2,0,1,0,10,1,0,1,0,2,0100552711T,1
1503,01005,"Sant Gadge Baba Amravati University,Amravati",0100552710,Petro Chemical Engineering,15,15,0,0,0,0,15,OHU,1,0,0,0,0,0,0,0,0,0,0,0,0,0,1,0,0,1,3,1,0,1,0,2,0100552711T,1
1504,01101,"Shri Sant Gajanan Maharaj College of Engineering,Shegaon",0110124210,Computer Science and Engineering,60,39,0,9,12,0,48,HU,6,3,3,1,2,1,1,0,0,0,0,0,1,0,5,1,2,1,27,1,1,1,1,6,0110124211T,3
1504,01101,"Shri Sant Gajanan Maharaj College of Engineering,Shegaon",0110124210,Computer Science and Engineering,60,39,0,9,12,0,48,OHU,2,2,1,0,0,0,0,0,1,0,1,0,0,0,1,1,0,1,10,1,1,1,1,6,0110124211T,3
1505,01101,"Shri Sant Gajanan Maharaj College of Engineering,Shegaon",0110124610,Information Technology,60,39,0,9,12,0,48,HU,7,3,2,1,1,1,0,1,1,0,2,0,0,0,3,2,2,1,27,1,1,1,1,6,0110124611T,3
1505,01101,"Shri Sant Gajanan Maharaj College of Engineering,Shegaon",0110124610,Information Technology,60,39,0,9,12,0,48,OHU,3,1,1,1,0,1,0,0,0,0,0,0,0,0,1,1,1,0,10,1,1,1,1,6,0110124611T,3
1506,01101,"Shri Sant Gajanan Maharaj College of Engineering,Shegaon",0110135610,Electrical Engg[Electronics and Power],60,39,0,9,12,0,48,HU,7,3,3,1,2,0,1,0,1,0,0,0,0,1,4,1,3,0,27,1,1,1,1,6,0110135611T,3
1506,01101,"Shri Sant Gajanan Maharaj College of Engineering,Shegaon",0110135610,Electrical Engg[Electronics and Power],60,39,0,9,12,0,48,OHU,2,1,1,0,1,0,0,0,0,0,1,0,0,0,2,1,1,0,10,1,1,1,1,6,0110135611T,3
1507,01101,"Shri Sant Gajanan Maharaj College of Engineering,Shegaon",0110137210,Electronics and Telecommunication Engg,120,78,0,18,24,1,96,HU,14,6,4,2,2,1,1,0,0,1,1,1,1,0,6,3,3,2,48,4,0,4,0,12,0110137211T,6
1507,01101,"Shri Sant Gajanan Maharaj College of Engineering,Shegaon",0110137210,Electronics and Telecommunication Engg,120,78,0,18,24,1,96,OHU,5,2,1,1,1,1,1,0,1,0,0,1,1,0,3,0,2,1,21,4,0,4,0,12,0110137211T,6
1508,01101,"Shri Sant Gajanan Maharaj College of Engineering,Shegaon",0110161210,Mechanical Engineering,60,39,0,9,12,0,48,HU,7,3,2,1,1,1,0,1,1,0,1,0,1,0,3,2,2,1,27,1,1,1,1,6,0110161211T,3
1508,01101,"Shri Sant Gajanan Maharaj College of Engineering,Shegaon",0110161210,Mechanical Engineering,60,39,0,9,12,0,48,OHU,3,1,1,1,1,0,0,0,0,0,0,0,0,0,1,1,1,0,10,1,1,1,1,6,0110161211T,3
1509,01116,"Shri Shivaji Education Society's College of Engineering and Technology, Akola",0111619110,Civil Engineering,60,51,0,9,0,1,60,HU,9,4,3,1,2,1,1,0,1,0,1,1,0,1,5,1,3,1,35,2,1,2,1,6,0111619111T,3
1509,01116,"Shri Shivaji Education Society's College of Engineering and Technology, Akola",0111619110,Civil Engineering,60,51,0,9,0,1,60,OHU,4,1,2,0,1,0,0,0,1,0,0,0,0,0,1,0,0,1,11,2,1,2,1,6,0111619111T,3
1510,01116,"Shri Shivaji Education Society's College of Engineering and Technology, Akola",0111624210,Computer Science and Engineering,120,90,0,18,12,1,108,HU,16,7,5,2,3,1,1,0,1,1,2,0,1,0,7,4,3,2,56,5,0,5,0,12,0111624211T,6
1510,01116,"Shri Shivaji Education Society's College of Engineering and Technology, Akola",0111624210,Computer Science and Engineering,120,90,0,18,12,1,108,OHU,6,3,2,1,1,1,0,1,0,0,1,0,1,0,2,2,2,0,23,5,0,5,0,12,0111624211T,6
1511,01116,"Shri Shivaji Education Society's College of Engineering and Technology, Akola",0111624610,Information Technology,60,45,0,9,6,0,54,HU,8,4,3,1,2,0,1,1,0,0,0,0,1,0,5,1,3,0,30,1,1,1,1,6,0111624611T,3
1511,01116,"Shri Shivaji Education Society's College of Engineering and Technology, Akola",0111624610,Information Technology,60,45,0,9,6,0,54,OHU,3,1,1,1,1,0,0,0,0,1,1,0,0,0,3,0,0,1,13,1,1,1,1,6,0111624611T,3
1512,01116,"Shri Shivaji Education Society's College of Engineering and Technology, Akola",0111650710,Chemical Engineering,60,51,0,9,0,1,60,HU,10,3,3,2,2,1,1,0,1,0,1,1,0,0,3,2,2,1,33,2,1,2,1,6,0111650711T,3
1512,01116,"Shri Shivaji Education Society's College of Engineering and Technology, Akola",0111650710,Chemical Engineering,60,51,0,9,0,1,60,OHU,3,2,1,0,1,0,1,0,0,0,0,0,1,0,1,1,2,0,13,2,1,2,1,6,0111650711T,3
1513,01116,"Shri Shivaji Education Society's College of Engineering and Technology, Akola",0111661210,Mechanical Engineering,60,51,0,9,0,1,60,HU,9,4,4,1,1,1,1,0,1,0,1,0,0,1,4,2,2,2,34,2,1,2,1,6,0111661211T,3
1513,01116,"Shri Shivaji Education Society's College of Engineering and Technology, Akola",0111661210,Mechanical Engineering,60,51,0,9,0,1,60,OHU,4,1,1,1,0,1,0,0,0,0,0,1,0,0,1,1,1,0,12,2,1,2,1,6,0111661211T,3
1514,01117,"Janata Shikshan Prasarak Mandal’s Babasaheb Naik College Of Engineering, Pusad",0111719110,Civil Engineering,60,43,0,9,8,0,52,HU,7,4,2,1,2,0,0,0,0,1,1,1,1,0,4,2,3,0,29,1,1,1,1,6,0111719111T,3
1514,01117,"Janata Shikshan Prasarak Mandal’s Babasaheb Naik College Of Engineering, Pusad",0111719110,Civil Engineering,60,43,0,9,8,0,52,OHU,2,2,2,0,1,0,1,0,1,0,0,0,0,0,2,0,0,1,12,1,1,1,1,6,0111719111T,3
1515,01117,"Janata Shikshan Prasarak Mandal’s Babasaheb Naik College Of Engineering, Pusad",0111724210,Computer Science and Engineering,180,117,0,27,36,1,144,HU,21,9,7,3,4,2,2,1,1,0,2,0,1,0,10,4,4,3,74,5,1,5,1,18,0111724211T,9
1515,01117,"Janata Shikshan Prasarak Mandal’s Babasaheb Naik College Of Engineering, Pusad",0111724210,Computer Science and Engineering,180,117,0,27,36,1,144,OHU,10,3,2,1,1,1,0,1,1,0,2,0,0,1,4,2,2,1,32,5,1,5,1,18,0111724211T,9
1516,01117,"Janata Shikshan Prasarak Mandal’s Babasaheb Naik College Of Engineering, Pusad",0111735610,Electrical Engg[Electronics and Power],60,45,0,9,6,0,54,HU,9,3,3,1,1,1,0,1,1,1,0,1,1,0,4,2,3,1,33,1,1,1,1,6,0111735611T,3
1516,01117,"Janata Shikshan Prasarak Mandal’s Babasaheb Naik College Of Engineering, Pusad",0111735610,Electrical Engg[Electronics and Power],60,45,0,9,6,0,54,OHU,2,2,1,1,1,0,0,0,0,0,0,0,0,0,1,1,1,0,10,1,1,1,1,6,0111735611T,3
1517,01117,"Janata Shikshan Prasarak Mandal’s Babasaheb Naik College Of Engineering, Pusad",0111761210,Mechanical Engineering,60,43,0,9,8,0,52,HU,7,4,2,1,2,0,1,0,1,0,1,0,0,1,5,1,2,0,28,1,1,1,1,6,0111761211T,3
1517,01117,"Janata Shikshan Prasarak Mandal’s Babasaheb Naik College Of Engineering, Pusad",0111761210,Mechanical Engineering,60,43,0,9,8,0,52,OHU,3,1,2,0,1,0,0,0,0,0,0,1,0,0,2,1,1,1,13,1,1,1,1,6,0111761211T,3
1518,01117,"Janata Shikshan Prasarak Mandal’s Babasaheb Naik College Of Engineering, Pusad",0111799510,Artificial Intelligence and Data Science,60,39,0,9,12,0,48,HU,7,3,3,1,0,1,1,0,0,0,1,1,0,0,3,2,2,1,26,1,1,1,1,6,0111799511T,3
1518,01117,"Janata Shikshan Prasarak Mandal’s Babasaheb Naik College Of Engineering, Pusad",0111799510,Artificial Intelligence and Data Science,60,39,0,9,12,0,48,OHU,3,1,0,1,1,0,1,0,0,1,0,0,0,0,2,0,1,0,11,1,1,1,1,6,0111799511T,3
1519,01119,"Paramhansa Ramkrishna Maunibaba Shikshan Santha's , Anuradha Engineering College, Chikhali",0111924210,Computer Science and Engineering,60,39,0,9,12,0,48,HU,7,3,2,1,2,0,1,0,1,0,1,0,0,0,4,2,1,1,26,1,1,1,1,6,0111924211T,3
1519,01119,"Paramhansa Ramkrishna Maunibaba Shikshan Santha's , Anuradha Engineering College, Chikhali",0111924210,Computer Science and Engineering,60,39,0,9,12,0,48,OHU,3,1,2,0,0,1,0,0,0,0,0,0,1,0,1,1,1,0,11,1,1,1,1,6,0111924211T,3
1520,01119,"Paramhansa Ramkrishna Maunibaba Shikshan Santha's , Anuradha Engineering College, Chikhali",0111924610,Information Technology,60,39,0,9,12,0,48,HU,8,3,3,1,1,1,0,0,0,1,0,0,1,0,4,1,2,1,27,1,1,1,1,6,0111924611T,3
1520,01119,"Paramhansa Ramkrishna Maunibaba Shikshan Santha's , Anuradha Engineering College, Chikhali",0111924610,Information Technology,60,39,0,9,12,0,48,OHU,2,1,1,0,1,0,1,0,0,0,1,0,0,0,2,0,1,0,10,1,1,1,1,6,0111924611T,3
1521,01119,"Paramhansa Ramkrishna Maunibaba Shikshan Santha's , Anuradha Engineering College, Chikhali",0111937210,Electronics and Telecommunication Engg,60,39,0,9,12,0,48,HU,7,3,2,1,1,1,0,1,0,0,1,0,1,0,3,1,2,1,25,1,1,1,1,6,0111937211T,3
1521,01119,"Paramhansa Ramkrishna Maunibaba Shikshan Santha's , Anuradha Engineering College, Chikhali",0111937210,Electronics and Telecommunication Engg,60,39,0,9,12,0,48,OHU,3,1,1,1,1,0,0,0,1,0,0,0,0,0,2,1,0,1,12,1,1,1,1,6,0111937211T,3
1522,01119,"Paramhansa Ramkrishna Maunibaba Shikshan Santha's , Anuradha Engineering College, Chikhali",0111950710,Chemical Engineering,45,29,0,7,9,0,36,HU,5,2,1,1,2,0,1,0,1,0,0,1,0,0,3,2,2,0,21,1,0,1,0,5,,
1522,01119,"Paramhansa Ramkrishna Maunibaba Shikshan Santha's , Anuradha Engineering College, Chikhali",0111950710,Chemical Engineering,45,29,0,7,9,0,36,OHU,1,2,1,0,0,0,0,0,0,0,0,0,0,0,0,1,1,0,6,1,0,1,0,5,,
1523,01119,"Paramhansa Ramkrishna Maunibaba Shikshan Santha's , Anuradha Engineering College, Chikhali",0111961210,Mechanical Engineering,60,39,0,9,12,0,48,HU,7,3,3,1,1,1,1,0,1,0,0,0,0,0,4,1,2,1,26,1,1,1,1,6,0111961211T,3
1523,01119,"Paramhansa Ramkrishna Maunibaba Shikshan Santha's , Anuradha Engineering College, Chikhali",0111961210,Mechanical Engineering,60,39,0,9,12,0,48,OHU,3,0,0,1,0,1,0,0,0,0,1,0,1,0,3,0,1,0,11,1,1,1,1,6,0111961211T,3
1524,01120,"Jawaharlal Darda Institute of Engineering and Technology, Yavatmal",0112019110,Civil Engineering,60,25,31,4,0,0,60,HU,13,5,0,0,0,0,0,0,0,0,0,0,0,0,0,0,0,0,18,0,0,0,0,0,0112019111T,3
1524,01120,"Jawaharlal Darda Institute of Engineering and Technology, Yavatmal",0112019110,Civil Engineering,60,25,31,4,0,0,60,OHU,5,2,0,0,0,0,0,0,0,0,0,0,0,0,0,0,0,0,7,0,0,0,0,0,0112019111T,3
1525,01120,"Jawaharlal Darda Institute of Engineering and Technology, Yavatmal",0112024210,Computer Science and Engineering,60,14,31,3,12,0,48,HU,6,3,0,0,0,0,0,0,0,0,0,0,0,0,0,0,0,0,9,0,0,0,0,0,0112024211T,3
1525,01120,"Jawaharlal Darda Institute of Engineering and Technology, Yavatmal",0112024210,Computer Science and Engineering,60,14,31,3,12,0,48,OHU,3,2,0,0,0,0,0,0,0,0,0,0,0,0,0,0,0,0,5,0,0,0,0,0,0112024211T,3
1526,01120,"Jawaharlal Darda Institute of Engineering and Technology, Yavatmal",0112029310,Electrical Engineering,60,25,31,4,0,0,60,HU,13,5,0,0,0,0,0,0,0,0,0,0,0,0,0,0,0,0,18,0,0,0,0,0,0112029311T,3
1526,01120,"Jawaharlal Darda Institute of Engineering and Technology, Yavatmal",0112029310,Electrical Engineering,60,25,31,4,0,0,60,OHU,5,2,0,0,0,0,0,0,0,0,0,0,0,0,0,0,0,0,7,0,0,0,0,0,0112029311T,3
1527,01120,"Jawaharlal Darda Institute of Engineering and Technology, Yavatmal",0112037210,Electronics and Telecommunication Engg,30,8,15,1,6,0,24,HU,3,2,0,0,0,0,0,0,0,0,0,0,0,0,0,0,0,0,5,0,0,0,0,0,0112037211T,2
1527,01120,"Jawaharlal Darda Institute of Engineering and Technology, Yavatmal",0112037210,Electronics and Telecommunication Engg,30,8,15,1,6,0,24,OHU,2,1,0,0,0,0,0,0,0,0,0,0,0,0,0,0,0,0,3,0,0,0,0,0,0112037211T,2
1528,01120,"Jawaharlal Darda Institute of Engineering and Technology, Yavatmal",0112050710,Chemical Engineering,30,13,15,2,0,0,30,HU,7,3,0,0,0,0,0,0,0,0,0,0,0,0,0,0,0,0,10,0,0,0,0,0,0112050711T,2
1528,01120,"Jawaharlal Darda Institute of Engineering and Technology, Yavatmal",0112050710,Chemical Engineering,30,13,15,2,0,0,30,OHU,3,0,0,0,0,0,0,0,0,0,0,0,0,0,0,0,0,0,3,0,0,0,0,0,0112050711T,2
1529,01120,"Jawaharlal Darda Institute of Engineering and Technology, Yavatmal",0112061210,Mechanical Engineering,60,25,31,4,0,0,60,HU,12,5,0,0,0,0,0,0,0,0,0,0,0,0,0,0,0,0,17,0,0,0,0,0,0112061211T,3
1529,01120,"Jawaharlal Darda Institute of Engineering and Technology, Yavatmal",0112061210,Mechanical Engineering,60,25,31,4,0,0,60,OHU,5,3,0,0,0,0,0,0,0,0,0,0,0,0,0,0,0,0,8,0,0,0,0,0,0112061211T,3
1530,01120,"Jawaharlal Darda Institute of Engineering and Technology, Yavatmal",0112089310,Textile Engineering / Technology,30,13,15,2,0,0,30,HU,6,3,0,0,0,0,0,0,0,0,0,0,0,0,0,0,0,0,9,0,0,0,0,0,0112089311T,2
1530,01120,"Jawaharlal Darda Institute of Engineering and Technology, Yavatmal",0112089310,Textile Engineering / Technology,30,13,15,2,0,0,30,OHU,3,1,0,0,0,0,0,0,0,0,0,0,0,0,0,0,0,0,4,0,0,0,0,0,0112089311T,2
1531,01121,"Shri Hanuman Vyayam Prasarak Mandals College of Engineering & Technology, Amravati",0112124210,Computer Science and Engineering,60,45,0,9,6,0,54,HU,7,4,3,1,2,0,0,1,0,0,2,0,0,1,4,2,2,1,30,1,1,1,1,6,0112124211T,3
1531,01121,"Shri Hanuman Vyayam Prasarak Mandals College of Engineering & Technology, Amravati",0112124210,Computer Science and Engineering,60,45,0,9,6,0,54,OHU,3,2,2,0,1,0,0,1,1,0,0,0,0,0,1,1,0,1,13,1,1,1,1,6,0112124211T,3
1532,01121,"Shri Hanuman Vyayam Prasarak Mandals College of Engineering & Technology, Amravati",0112124610,Information Technology,60,45,0,9,6,0,54,HU,9,3,3,1,2,1,1,0,1,0,0,0,1,0,4,2,2,1,31,1,1,1,1,6,0112124611T,3
1532,01121,"Shri Hanuman Vyayam Prasarak Mandals College of Engineering & Technology, Amravati",0112124610,Information Technology,60,45,0,9,6,0,54,OHU,3,1,0,1,1,0,0,0,0,0,1,0,0,0,2,1,2,0,12,1,1,1,1,6,0112124611T,3
1533,01121,"Shri Hanuman Vyayam Prasarak Mandals College of Engineering & Technology, Amravati",0112137210,Electronics and Telecommunication Engg,60,51,0,9,0,1,60,HU,9,4,2,2,1,1,0,0,1,1,1,1,1,0,4,1,3,1,33,2,1,2,1,6,0112137211T,3
1533,01121,"Shri Hanuman Vyayam Prasarak Mandals College of Engineering & Technology, Amravati",0112137210,Electronics and Telecommunication Engg,60,51,0,9,0,1,60,OHU,3,2,3,0,0,1,1,0,0,0,0,0,0,0,1,1,0,1,13,2,1,2,1,6,0112137211T,3
1534,01121,"Shri Hanuman Vyayam Prasarak Mandals College of Engineering & Technology, Amravati",0112161210,Mechanical Engineering,60,51,0,9,0,1,60,HU,9,4,4,1,2,1,1,1,0,0,1,0,0,0,4,2,2,1,33,2,1,2,1,6,0112161211T,3
1534,01121,"Shri Hanuman Vyayam Prasarak Mandals College of Engineering & Technology, Amravati",0112161210,Mechanical Engineering,60,51,0,9,0,1,60,OHU,4,1,0,1,1,0,0,0,0,1,0,1,0,1,1,0,2,0,13,2,1,2,1,6,0112161211T,3
1535,01123,"Dr.Rajendra Gode Institute of Technology & Research, Amravati",0112319110,Civil Engineering,60,51,0,9,0,1,60,HU,9,4,3,2,2,0,1,0,1,0,1,0,0,1,4,2,3,1,34,2,1,2,1,6,0112319111T,3
1535,01123,"Dr.Rajendra Gode Institute of Technology & Research, Amravati",0112319110,Civil Engineering,60,51,0,9,0,1,60,OHU,3,2,2,0,1,0,1,0,0,0,0,0,0,0,2,0,1,0,12,2,1,2,1,6,0112319111T,3
1536,01123,"Dr.Rajendra Gode Institute of Technology & Research, Amravati",0112324210,Computer Science and Engineering,60,51,0,9,0,1,60,HU,9,4,3,1,2,1,1,0,0,1,0,1,1,0,4,2,2,1,33,2,1,2,1,6,0112324211T,3
1536,01123,"Dr.Rajendra Gode Institute of Technology & Research, Amravati",0112324210,Computer Science and Engineering,60,51,0,9,0,1,60,OHU,4,1,1,1,1,0,0,0,0,0,1,0,0,0,1,1,1,1,13,2,1,2,1,6,0112324211T,3
1537,01123,"Dr.Rajendra Gode Institute of Technology & Research, Amravati",0112337210,Electronics and Telecommunication Engg,60,51,0,9,0,1,60,HU,9,4,4,1,1,1,1,0,1,0,2,0,0,0,4,1,3,1,33,2,1,2,1,6,0112337211T,3
1537,01123,"Dr.Rajendra Gode Institute of Technology & Research, Amravati",0112337210,Electronics and Telecommunication Engg,60,51,0,9,0,1,60,OHU,3,2,1,1,0,1,0,0,1,0,0,0,1,0,1,1,1,0,13,2,1,2,1,6,0112337211T,3
1538,01123,"Dr.Rajendra Gode Institute of Technology & Research, Amravati",0112361210,Mechanical Engineering,60,51,0,9,0,1,60,HU,9,4,2,2,2,1,0,1,1,0,0,1,1,0,3,2,2,1,32,2,1,2,1,6,0112361211T,3
1538,01123,"Dr.Rajendra Gode Institute of Technology & Research, Amravati",0112361210,Mechanical Engineering,60,51,0,9,0,1,60,OHU,4,1,2,0,1,0,1,0,0,0,1,0,0,0,2,0,1,1,14,2,1,2,1,6,0112361211T,3
1539,01125,"Dwarka Bahu Uddeshiya Gramin Vikas Foundation, Rajarshi Shahu College of Engineering, Buldhana",0112519110,Civil Engineering,60,51,0,9,0,1,60,HU,10,3,4,1,2,0,1,0,0,0,1,0,1,0,4,2,3,1,33,2,1,2,1,6,,
1539,01125,"Dwarka Bahu Uddeshiya Gramin Vikas Foundation, Rajarshi Shahu College of Engineering, Buldhana",0112519110,Civil Engineering,60,51,0,9,0,1,60,OHU,3,2,1,1,1,0,0,1,1,0,0,0,0,0,1,1,1,0,13,2,1,2,1,6,,
1540,01125,"Dwarka Bahu Uddeshiya Gramin Vikas Foundation, Rajarshi Shahu College of Engineering, Buldhana",0112524210,Computer Science and Engineering,60,51,0,9,0,1,60,HU,9,4,3,1,1,1,1,0,0,1,1,0,0,0,5,1,2,1,31,2,1,2,1,6,0112524211T,3
1540,01125,"Dwarka Bahu Uddeshiya Gramin Vikas Foundation, Rajarshi Shahu College of Engineering, Buldhana",0112524210,Computer Science and Engineering,60,51,0,9,0,1,60,OHU,4,1,2,0,1,1,0,0,0,0,0,1,1,0,2,0,1,1,15,2,1,2,1,6,0112524211T,3
1541,01125,"Dwarka Bahu Uddeshiya Gramin Vikas Foundation, Rajarshi Shahu College of Engineering, Buldhana",0112526310,Artificial Intelligence (AI) and Data Science,60,51,0,9,0,1,60,HU,9,4,3,2,2,1,0,1,2,0,1,1,0,1,4,2,2,2,37,2,1,2,1,6,0112526311T,3
1541,01125,"Dwarka Bahu Uddeshiya Gramin Vikas Foundation, Rajarshi Shahu College of Engineering, Buldhana",0112526310,Artificial Intelligence (AI) and Data Science,60,51,0,9,0,1,60,OHU,3,2,1,1,0,0,0,0,0,0,0,0,0,0,0,1,1,0,9,2,1,2,1,6,0112526311T,3
1542,01125,"Dwarka Bahu Uddeshiya Gramin Vikas Foundation, Rajarshi Shahu College of Engineering, Buldhana",0112529310,Electrical Engineering,30,25,0,5,0,0,30,HU,4,2,2,0,1,0,0,0,0,0,0,0,1,0,2,1,1,0,14,1,0,1,0,3,0112529311T,2
1542,01125,"Dwarka Bahu Uddeshiya Gramin Vikas Foundation, Rajarshi Shahu College of Engineering, Buldhana",0112529310,Electrical Engineering,30,25,0,5,0,0,30,OHU,1,1,1,0,1,0,1,0,0,0,1,0,0,0,2,0,1,0,9,1,0,1,0,3,0112529311T,2
1543,01125,"Dwarka Bahu Uddeshiya Gramin Vikas Foundation, Rajarshi Shahu College of Engineering, Buldhana",0112561210,Mechanical Engineering,30,25,0,5,0,0,30,HU,4,2,1,1,1,0,1,0,0,0,1,0,0,0,2,1,2,0,16,1,0,1,0,3,,
1543,01125,"Dwarka Bahu Uddeshiya Gramin Vikas Foundation, Rajarshi Shahu College of Engineering, Buldhana",0112561210,Mechanical Engineering,30,25,0,5,0,0,30,OHU,2,0,0,1,0,1,0,0,1,0,0,0,0,0,0,1,0,1,7,1,0,1,0,3,,
1544,01126,"Takshashila Institute of Engineering & Technology, Darapur, Amravati",0112619110,Civil Engineering,60,51,0,9,0,1,60,HU,9,4,4,1,1,1,1,1,1,0,1,0,1,0,4,2,2,2,35,2,1,2,1,6,,
1544,01126,"Takshashila Institute of Engineering & Technology, Darapur, Amravati",0112619110,Civil Engineering,60,51,0,9,0,1,60,OHU,3,2,2,0,1,0,0,0,0,0,0,0,0,0,2,0,1,0,11,2,1,2,1,6,,
1545,01126,"Takshashila Institute of Engineering & Technology, Darapur, Amravati",0112624210,Computer Science and Engineering,60,45,0,9,6,0,54,HU,7,4,2,2,2,1,0,0,0,1,0,1,0,0,4,2,2,0,28,1,1,1,1,6,0112624211T,3
1545,01126,"Takshashila Institute of Engineering & Technology, Darapur, Amravati",0112624210,Computer Science and Engineering,60,45,0,9,6,0,54,OHU,4,1,1,1,0,0,1,0,0,0,1,0,0,1,2,1,1,1,15,1,1,1,1,6,0112624211T,3
1546,01126,"Takshashila Institute of Engineering & Technology, Darapur, Amravati",0112629310,Electrical Engineering,60,51,0,9,0,1,60,HU,9,4,3,1,1,1,1,0,1,0,2,0,0,1,5,1,3,1,34,2,1,2,1,6,0112629311T,3
1546,01126,"Takshashila Institute of Engineering & Technology, Darapur, Amravati",0112629310,Electrical Engineering,60,51,0,9,0,1,60,OHU,3,2,2,0,2,0,0,0,0,1,0,0,0,0,1,0,1,0,12,2,1,2,1,6,0112629311T,3
1547,01126,"Takshashila Institute of Engineering & Technology, Darapur, Amravati",0112637210,Electronics and Telecommunication Engg,30,25,0,5,0,0,30,HU,4,2,2,0,2,0,1,0,0,0,0,0,0,0,2,1,1,1,16,1,0,1,0,3,0112637211T,2
1547,01126,"Takshashila Institute of Engineering & Technology, Darapur, Amravati",0112637210,Electronics and Telecommunication Engg,30,25,0,5,0,0,30,OHU,1,1,0,1,0,0,0,0,0,0,0,1,0,0,1,1,1,0,7,1,0,1,0,3,0112637211T,2
1548,01126,"Takshashila Institute of Engineering & Technology, Darapur, Amravati",0112661210,Mechanical Engineering,30,25,0,5,0,0,30,HU,4,2,2,1,0,0,0,0,1,0,0,1,1,0,2,1,1,0,16,1,0,1,0,3,,
1548,01126,"Takshashila Institute of Engineering & Technology, Darapur, Amravati",0112661210,Mechanical Engineering,30,25,0,5,0,0,30,OHU,1,1,1,0,0,1,0,1,0,0,0,0,0,0,1,0,0,1,7,1,0,1,0,3,,
1549,01128,"Prof Ram Meghe College of Engineering and Management, Badnera",0112819110,Civil Engineering,60,51,0,9,0,1,60,HU,9,4,3,2,2,1,1,1,0,1,1,0,1,0,4,2,2,1,35,2,1,2,1,6,0112819111T,3
1549,01128,"Prof Ram Meghe College of Engineering and Management, Badnera",0112819110,Civil Engineering,60,51,0,9,0,1,60,OHU,4,1,1,0,1,0,0,0,0,0,1,0,0,0,0,1,2,0,11,2,1,2,1,6,0112819111T,3
1550,01128,"Prof Ram Meghe College of Engineering and Management, Badnera",0112824210,Computer Science and Engineering,120,78,0,18,24,1,96,HU,14,6,4,2,2,1,1,0,1,0,2,0,0,1,6,3,3,2,48,4,0,4,0,12,0112824211T,6
1550,01128,"Prof Ram Meghe College of Engineering and Management, Badnera",0112824210,Computer Science and Engineering,120,78,0,18,24,1,96,OHU,5,2,1,1,1,1,1,0,1,0,1,0,1,0,3,1,1,1,21,4,0,4,0,12,0112824211T,6
1551,01128,"Prof Ram Meghe College of Engineering and Management, Badnera",0112824610,Information Technology,120,78,0,18,24,1,96,HU,14,5,5,1,3,1,1,1,1,0,2,1,1,0,7,2,4,2,51,4,0,4,0,12,0112824611T,6
1551,01128,"Prof Ram Meghe College of Engineering and Management, Badnera",0112824610,Information Technology,120,78,0,18,24,1,96,OHU,5,3,2,0,1,0,1,0,1,0,0,0,0,0,2,1,2,0,18,4,0,4,0,12,0112824611T,6
1552,01128,"Prof Ram Meghe College of Engineering and Management, Badnera",0112829310,Electrical Engineering,60,51,0,9,0,1,60,HU,9,4,2,2,2,1,1,0,0,1,0,1,1,0,4,2,3,0,33,2,1,2,1,6,0112829311T,3
1552,01128,"Prof Ram Meghe College of Engineering and Management, Badnera",0112829310,Electrical Engineering,60,51,0,9,0,1,60,OHU,4,1,1,1,1,0,0,0,0,0,1,0,0,0,2,0,1,1,13,2,1,2,1,6,0112829311T,3
1553,01128,"Prof Ram Meghe College of Engineering and Management, Badnera",0112837210,Electronics and Telecommunication Engg,60,39,0,9,12,0,48,HU,7,3,2,1,1,1,1,0,1,0,1,0,0,0,3,2,2,1,26,1,1,1,1,6,0112837211T,3
1553,01128,"Prof Ram Meghe College of Engineering and Management, Badnera",0112837210,Electronics and Telecommunication Engg,60,39,0,9,12,0,48,OHU,3,1,1,1,0,1,0,0,0,0,0,0,1,0,1,1,1,0,11,1,1,1,1,6,0112837211T,3
1554,01128,"Prof Ram Meghe College of Engineering and Management, Badnera",0112891210,Computer Science and Engineering(Data Science),60,39,0,9,12,0,48,HU,7,4,3,1,1,0,0,0,1,0,0,0,1,0,4,2,2,1,27,1,1,1,1,6,0112891211T,3
1554,01128,"Prof Ram Meghe College of Engineering and Management, Badnera",0112891210,Computer Science and Engineering(Data Science),60,39,0,9,12,0,48,OHU,2,1,1,0,1,0,0,1,0,0,0,1,0,0,1,1,0,1,10,1,1,1,1,6,0112891211T,3
1555,01130,"Vision Buldhana Educational & Welfare Society's Pankaj Laddhad Institute of Technology & Management Studies, Yelgaon",0113019110,Civil Engineering,30,25,0,5,0,0,30,HU,4,2,2,0,1,1,0,1,0,0,1,0,0,0,3,0,1,1,17,1,0,1,0,3,0113019111T,2
1555,01130,"Vision Buldhana Educational & Welfare Society's Pankaj Laddhad Institute of Technology & Management Studies, Yelgaon",0113019110,Civil Engineering,30,25,0,5,0,0,30,OHU,1,1,1,0,0,0,0,0,0,0,0,0,0,0,2,0,1,0,6,1,0,1,0,3,0113019111T,2
1556,01130,"Vision Buldhana Educational & Welfare Society's Pankaj Laddhad Institute of Technology & Management Studies, Yelgaon",0113024210,Computer Science and Engineering,60,45,0,9,6,0,54,HU,8,3,2,2,2,0,1,0,0,0,0,1,0,1,4,2,3,1,30,1,1,1,1,6,0113024211T,3
1556,01130,"Vision Buldhana Educational & Welfare Society's Pankaj Laddhad Institute of Technology & Management Studies, Yelgaon",0113024210,Computer Science and Engineering,60,45,0,9,6,0,54,OHU,3,2,1,1,1,0,1,0,0,1,0,0,0,0,1,1,1,0,13,1,1,1,1,6,0113024211T,3
1557,01130,"Vision Buldhana Educational & Welfare Society's Pankaj Laddhad Institute of Technology & Management Studies, Yelgaon",0113035610,Electrical Engg[Electronics and Power],30,25,0,5,0,0,30,HU,4,2,2,0,1,0,0,0,1,0,0,0,0,0,2,1,1,0,14,1,0,1,0,3,,
1557,01130,"Vision Buldhana Educational & Welfare Society's Pankaj Laddhad Institute of Technology & Management Studies, Yelgaon",0113035610,Electrical Engg[Electronics and Power],30,25,0,5,0,0,30,OHU,1,1,1,0,1,0,0,0,0,0,1,0,1,0,2,0,1,0,9,1,0,1,0,3,,
1558,01130,"Vision Buldhana Educational & Welfare Society's Pankaj Laddhad Institute of Technology & Management Studies, Yelgaon",0113037210,Electronics and Telecommunication Engg,30,25,0,5,0,0,30,HU,4,2,1,1,0,1,1,0,0,0,0,0,1,0,3,1,1,1,17,1,0,1,0,3,0113037211T,2
1558,01130,"Vision Buldhana Educational & Welfare Society's Pankaj Laddhad Institute of Technology & Management Studies, Yelgaon",0113037210,Electronics and Telecommunication Engg,30,25,0,5,0,0,30,OHU,1,1,1,0,0,1,0,0,0,0,0,0,0,0,0,1,0,1,6,1,0,1,0,3,0113037211T,2
1559,01130,"Vision Buldhana Educational & Welfare Society's Pankaj Laddhad Institute of Technology & Management Studies, Yelgaon",0113061210,Mechanical Engineering,30,25,0,5,0,0,30,HU,4,2,2,1,1,0,1,0,0,1,1,0,1,0,1,1,1,1,18,1,0,1,0,3,,
1559,01130,"Vision Buldhana Educational & Welfare Society's Pankaj Laddhad Institute of Technology & Management Studies, Yelgaon",0113061210,Mechanical Engineering,30,25,0,5,0,0,30,OHU,2,0,0,1,0,0,0,0,0,0,0,0,0,0,2,0,0,0,5,1,0,1,0,3,,
1560,01180,"Sanmati Engineering College, Sawargaon Barde, Washim",0118019110,Civil Engineering,60,51,0,9,0,1,60,HU,9,4,3,1,2,1,0,0,0,0,2,0,0,1,4,2,3,0,32,2,1,2,1,6,,
1560,01180,"Sanmati Engineering College, Sawargaon Barde, Washim",0118019110,Civil Engineering,60,51,0,9,0,1,60,OHU,3,2,2,0,1,0,1,0,1,0,0,0,0,0,1,1,2,0,14,2,1,2,1,6,,
1561,01180,"Sanmati Engineering College, Sawargaon Barde, Washim",0118024210,Computer Science and Engineering,60,51,0,9,0,1,60,HU,9,4,4,1,1,1,1,1,1,0,0,1,0,0,4,2,2,2,34,2,1,2,1,6,0118024211T,3
1561,01180,"Sanmati Engineering College, Sawargaon Barde, Washim",0118024210,Computer Science and Engineering,60,51,0,9,0,1,60,OHU,4,1,1,1,1,0,0,0,0,0,1,0,0,1,1,0,0,1,12,2,1,2,1,6,0118024211T,3
1562,01180,"Sanmati Engineering College, Sawargaon Barde, Washim",0118026310,Artificial Intelligence (AI) and Data Science,60,51,0,9,0,1,60,HU,9,4,2,2,3,0,1,0,1,0,1,0,1,0,5,1,2,1,33,2,1,2,1,6,0118026311T,3
1562,01180,"Sanmati Engineering College, Sawargaon Barde, Washim",0118026310,Artificial Intelligence (AI) and Data Science,60,51,0,9,0,1,60,OHU,3,2,1,1,0,1,0,0,0,0,0,1,0,0,1,1,2,0,13,2,1,2,1,6,0118026311T,3
1563,01180,"Sanmati Engineering College, Sawargaon Barde, Washim",0118029310,Electrical Engineering,60,51,0,9,0,1,60,HU,9,4,4,1,1,1,0,1,0,0,1,1,1,0,3,2,3,1,33,2,1,2,1,6,,
1563,01180,"Sanmati Engineering College, Sawargaon Barde, Washim",0118029310,Electrical Engineering,60,51,0,9,0,1,60,OHU,4,1,2,0,1,0,1,0,1,0,0,0,0,0,2,0,0,1,13,2,1,2,1,6,,
1564,01180,"Sanmati Engineering College, Sawargaon Barde, Washim",0118061210,Mechanical Engineering,60,51,0,9,0,1,60,HU,9,4,3,1,2,1,1,0,0,1,1,0,0,0,4,2,2,1,32,2,1,2,1,6,,
1564,01180,"Sanmati Engineering College, Sawargaon Barde, Washim",0118061210,Mechanical Engineering,60,51,0,9,0,1,60,OHU,3,2,1,1,1,0,0,0,0,0,1,0,1,0,1,1,2,0,14,2,1,2,1,6,,
1565,01182,"Padmashri Dr. V.B. Kolte College of Engineering, Malkapur, Buldhana",0118219110,Civil Engineering,60,51,0,9,0,1,60,HU,9,4,3,2,1,1,1,0,1,0,1,1,0,1,4,1,3,1,34,2,1,2,1,6,0118219111T,3
1565,01182,"Padmashri Dr. V.B. Kolte College of Engineering, Malkapur, Buldhana",0118219110,Civil Engineering,60,51,0,9,0,1,60,OHU,4,1,2,0,0,1,0,1,0,0,0,0,0,0,1,1,1,0,12,2,1,2,1,6,0118219111T,3
1566,01182,"Padmashri Dr. V.B. Kolte College of Engineering, Malkapur, Buldhana",0118224210,Computer Science and Engineering,60,51,0,9,0,1,60,HU,9,4,4,1,3,0,0,1,1,0,1,0,1,0,4,2,2,1,34,2,1,2,1,6,0118224211T,3
1566,01182,"Padmashri Dr. V.B. Kolte College of Engineering, Malkapur, Buldhana",0118224210,Computer Science and Engineering,60,51,0,9,0,1,60,OHU,3,2,0,1,1,0,0,0,0,0,1,0,0,0,2,0,1,1,12,2,1,2,1,6,0118224211T,3
1567,01182,"Padmashri Dr. V.B. Kolte College of Engineering, Malkapur, Buldhana",0118229310,Electrical Engineering,60,51,0,9,0,1,60,HU,10,3,3,1,1,1,1,0,0,0,1,0,0,0,4,2,3,1,31,2,1,2,1,6,0118229311T,3
1567,01182,"Padmashri Dr. V.B. Kolte College of Engineering, Malkapur, Buldhana",0118229310,Electrical Engineering,60,51,0,9,0,1,60,OHU,4,1,2,1,1,0,1,0,0,1,0,1,1,0,1,0,1,0,15,2,1,2,1,6,0118229311T,3
1568,01182,"Padmashri Dr. V.B. Kolte College of Engineering, Malkapur, Buldhana",0118261210,Mechanical Engineering,60,51,0,9,0,1,60,HU,9,4,3,2,2,1,1,0,0,1,1,1,1,0,4,2,2,1,35,2,1,2,1,6,0118261211T,3
1568,01182,"Padmashri Dr. V.B. Kolte College of Engineering, Malkapur, Buldhana",0118261210,Mechanical Engineering,60,51,0,9,0,1,60,OHU,3,2,1,0,1,0,0,0,0,0,0,0,0,0,1,1,1,1,11,2,1,2,1,6,0118261211T,3
1569,01265,"Mauli Group of Institutions, College of Engineering and Technology, Shegaon.",0126519110,Civil Engineering,60,51,0,9,0,1,60,HU,9,4,4,1,1,1,1,0,1,0,1,0,1,0,4,1,3,1,33,2,1,2,1,6,0126519111T,3
1569,01265,"Mauli Group of Institutions, College of Engineering and Technology, Shegaon.",0126519110,Civil Engineering,60,51,0,9,0,1,60,OHU,4,1,2,0,0,1,1,0,0,0,1,0,0,0,1,1,1,0,13,2,1,2,1,6,0126519111T,3
1570,01265,"Mauli Group of Institutions, College of Engineering and Technology, Shegaon.",0126524210,Computer Science and Engineering,60,39,0,9,12,0,48,HU,7,3,2,1,2,0,0,1,0,0,1,0,0,1,4,2,1,1,26,1,1,1,1,6,0126524211T,3
1570,01265,"Mauli Group of Institutions, College of Engineering and Technology, Shegaon.",0126524210,Computer Science and Engineering,60,39,0,9,12,0,48,OHU,2,1,1,1,1,0,0,0,1,0,0,0,0,0,2,0,1,1,11,1,1,1,1,6,0126524211T,3
1571,01265,"Mauli Group of Institutions, College of Engineering and Technology, Shegaon.",0126524610,Information Technology,60,39,0,9,12,0,48,HU,7,3,2,2,1,1,1,0,1,0,0,1,0,0,3,1,2,1,26,1,1,1,1,6,0126524611T,3
1571,01265,"Mauli Group of Institutions, College of Engineering and Technology, Shegaon.",0126524610,Information Technology,60,39,0,9,12,0,48,OHU,2,2,1,0,1,0,0,0,0,0,0,0,0,1,2,1,1,0,11,1,1,1,1,6,0126524611T,3
1572,01265,"Mauli Group of Institutions, College of Engineering and Technology, Shegaon.",0126535610,Electrical Engg[Electronics and Power],60,45,0,9,6,0,54,HU,8,4,3,1,2,0,0,0,1,0,1,0,1,0,5,2,3,0,31,1,1,1,1,6,0126535611T,3
1572,01265,"Mauli Group of Institutions, College of Engineering and Technology, Shegaon.",0126535610,Electrical Engg[Electronics and Power],60,45,0,9,6,0,54,OHU,3,1,1,1,0,1,0,1,0,0,1,0,0,0,1,1,1,0,12,1,1,1,1,6,0126535611T,3
1573,01265,"Mauli Group of Institutions, College of Engineering and Technology, Shegaon.",0126537210,Electronics and Telecommunication Engg,60,45,0,9,6,0,54,HU,8,3,3,1,1,1,1,0,0,0,1,0,1,0,3,2,2,1,28,1,1,1,1,6,0126537211T,3
1573,01265,"Mauli Group of Institutions, College of Engineering and Technology, Shegaon.",0126537210,Electronics and Telecommunication Engg,60,45,0,9,6,0,54,OHU,4,1,1,1,1,0,0,0,1,0,1,0,0,0,2,1,1,1,15,1,1,1,1,6,0126537211T,3
1574,01265,"Mauli Group of Institutions, College of Engineering and Technology, Shegaon.",0126561210,Mechanical Engineering,60,51,0,9,0,1,60,HU,9,4,3,1,2,1,0,1,0,1,0,1,0,0,5,1,2,2,33,2,1,2,1,6,0126561211T,3
1574,01265,"Mauli Group of Institutions, College of Engineering and Technology, Shegaon.",0126561210,Mechanical Engineering,60,51,0,9,0,1,60,OHU,3,2,2,0,1,0,1,0,0,0,0,0,1,0,2,0,1,0,13,2,1,2,1,6,0126561211T,3
1575,01268,"Siddhivinayak Technical Campus, School of Engineering & Research Technology, Shirasgon, Nile",0126819110,Civil Engineering,30,25,0,5,0,0,30,HU,4,2,1,1,1,0,1,0,1,0,1,0,0,1,2,1,1,0,17,1,0,1,0,3,,
1575,01268,"Siddhivinayak Technical Campus, School of Engineering & Research Technology, Shirasgon, Nile",0126819110,Civil Engineering,30,25,0,5,0,0,30,OHU,1,1,1,0,0,1,0,0,0,0,0,0,0,0,0,1,0,1,6,1,0,1,0,3,,
1576,01268,"Siddhivinayak Technical Campus, School of Engineering & Research Technology, Shirasgon, Nile",0126824210,Computer Science and Engineering,60,39,0,9,12,0,48,HU,7,3,3,1,1,1,1,0,1,0,0,0,1,0,3,2,2,1,27,1,1,1,1,6,0126824211T,3
1576,01268,"Siddhivinayak Technical Campus, School of Engineering & Research Technology, Shirasgon, Nile",0126824210,Computer Science and Engineering,60,39,0,9,12,0,48,OHU,3,1,0,1,1,0,0,0,0,0,0,1,0,0,2,0,1,0,10,1,1,1,1,6,0126824211T,3
1577,01268,"Siddhivinayak Technical Campus, School of Engineering & Research Technology, Shirasgon, Nile",0126835610,Electrical Engg[Electronics and Power],30,25,0,5,0,0,30,HU,4,2,1,1,2,0,0,1,0,0,0,0,0,0,3,1,2,0,17,1,0,1,0,3,,
1577,01268,"Siddhivinayak Technical Campus, School of Engineering & Research Technology, Shirasgon, Nile",0126835610,Electrical Engg[Electronics and Power],30,25,0,5,0,0,30,OHU,1,1,1,0,0,0,0,0,0,0,0,0,1,0,1,0,1,0,6,1,0,1,0,3,,
1578,01268,"Siddhivinayak Technical Campus, School of Engineering & Research Technology, Shirasgon, Nile",0126837210,Electronics and Telecommunication Engg,30,25,0,5,0,0,30,HU,4,2,2,0,0,1,0,0,0,0,1,0,1,0,2,1,1,1,16,1,0,1,0,3,,
1578,01268,"Siddhivinayak Technical Campus, School of Engineering & Research Technology, Shirasgon, Nile",0126837210,Electronics and Telecommunication Engg,30,25,0,5,0,0,30,OHU,1,1,1,0,1,0,0,0,1,0,0,0,0,0,1,1,0,0,7,1,0,1,0,3,,
1579,01268,"Siddhivinayak Technical Campus, School of Engineering & Research Technology, Shirasgon, Nile",0126861210,Mechanical Engineering,30,25,0,5,0,0,30,HU,4,2,1,1,2,0,0,0,0,1,0,0,0,1,3,1,1,0,17,1,0,1,0,3,,
1579,01268,"Siddhivinayak Technical Campus, School of Engineering & Research Technology, Shirasgon, Nile",0126861210,Mechanical Engineering,30,25,0,5,0,0,30,OHU,1,1,0,1,0,0,1,0,0,0,0,0,0,0,1,0,0,1,6,1,0,1,0,3,,
1580,01268,"Siddhivinayak Technical Campus, School of Engineering & Research Technology, Shirasgon, Nile",0126899510,Artificial Intelligence and Data Science,30,25,0,5,0,0,30,HU,3,3,2,1,0,0,1,0,0,0,1,0,0,0,2,1,1,1,16,1,0,1,0,3,0126899511T,2
1580,01268,"Siddhivinayak Technical Campus, School of Engineering & Research Technology, Shirasgon, Nile",0126899510,Artificial Intelligence and Data Science,30,25,0,5,0,0,30,OHU,2,0,1,0,1,0,0,0,0,0,0,0,0,0,1,1,1,0,7,1,0,1,0,3,0126899511T,2
1581,01276,"Manav School of Engineering & Technology, Gut No. 1035 Nagpur Surat Highway, NH No. 6 Tal.Vyala, Balapur, Akola, 444302",0127619110,Civil Engineering,27,23,0,4,0,0,27,HU,4,2,2,0,1,1,1,0,1,0,0,1,0,0,2,1,2,0,18,1,0,1,0,3,,
1581,01276,"Manav School of Engineering & Technology, Gut No. 1035 Nagpur Surat Highway, NH No. 6 Tal.Vyala, Balapur, Akola, 444302",0127619110,Civil Engineering,27,23,0,4,0,0,27,OHU,0,1,1,0,0,0,0,0,0,0,0,0,0,0,1,0,0,0,3,1,0,1,0,3,,
1582,01276,"Manav School of Engineering & Technology, Gut No. 1035 Nagpur Surat Highway, NH No. 6 Tal.Vyala, Balapur, Akola, 444302",0127624510,Computer Engineering,27,20,0,4,3,0,24,HU,3,1,1,1,0,0,0,0,0,0,0,0,1,0,2,1,0,1,11,1,0,1,0,3,0127624511T,1
1582,01276,"Manav School of Engineering & Technology, Gut No. 1035 Nagpur Surat Highway, NH No. 6 Tal.Vyala, Balapur, Akola, 444302",0127624510,Computer Engineering,27,20,0,4,3,0,24,OHU,1,1,0,1,0,1,0,1,0,0,0,0,0,0,0,1,1,0,7,1,0,1,0,3,0127624511T,1
1583,01276,"Manav School of Engineering & Technology, Gut No. 1035 Nagpur Surat Highway, NH No. 6 Tal.Vyala, Balapur, Akola, 444302",0127629310,Electrical Engineering,27,23,0,4,0,0,27,HU,4,2,2,0,2,0,0,0,0,0,0,0,0,0,2,0,1,0,13,1,0,1,0,3,,
1583,01276,"Manav School of Engineering & Technology, Gut No. 1035 Nagpur Surat Highway, NH No. 6 Tal.Vyala, Balapur, Akola, 444302",0127629310,Electrical Engineering,27,23,0,4,0,0,27,OHU,0,1,1,0,0,0,0,0,0,1,1,0,0,1,2,0,1,0,8,1,0,1,0,3,,
1584,01276,"Manav School of Engineering & Technology, Gut No. 1035 Nagpur Surat Highway, NH No. 6 Tal.Vyala, Balapur, Akola, 444302",0127661210,Mechanical Engineering,27,23,0,4,0,0,27,HU,3,2,1,1,0,1,1,0,0,0,0,0,1,0,2,2,1,1,16,1,0,1,0,3,,
1584,01276,"Manav School of Engineering & Technology, Gut No. 1035 Nagpur Surat Highway, NH No. 6 Tal.Vyala, Balapur, Akola, 444302",0127661210,Mechanical Engineering,27,23,0,4,0,0,27,OHU,2,0,1,0,1,0,0,0,0,0,0,0,0,0,1,0,0,0,5,1,0,1,0,3,,
1585,05124,"Jagadamba Education Soc. Nashik's S.N.D. College of Engineering & Reserch, Babulgaon",0512419110,Civil Engineering,60,51,0,9,0,1,60,HU,10,3,3,1,2,1,0,1,0,0,1,1,0,0,4,1,2,1,31,2,1,2,1,6,,
1585,05124,"Jagadamba Education Soc. Nashik's S.N.D. College of Engineering & Reserch, Babulgaon",0512419110,Civil Engineering,60,51,0,9,0,1,60,OHU,4,1,1,1,0,1,1,0,0,1,0,0,0,1,1,1,1,1,15,2,1,2,1,6,,
1586,05124,"Jagadamba Education Soc. Nashik's S.N.D. College of Engineering & Reserch, Babulgaon",0512424510,Computer Engineering,60,39,0,9,12,0,48,HU,7,3,2,1,2,0,1,0,1,0,0,0,0,1,3,2,2,1,26,1,1,1,1,6,0512424511T,3
1586,05124,"Jagadamba Education Soc. Nashik's S.N.D. College of Engineering & Reserch, Babulgaon",0512424510,Computer Engineering,60,39,0,9,12,0,48,OHU,2,2,1,1,1,0,0,0,0,0,1,0,0,0,1,1,1,0,11,1,1,1,1,6,0512424511T,3
1587,05124,"Jagadamba Education Soc. Nashik's S.N.D. College of Engineering & Reserch, Babulgaon",0512424610,Information Technology,60,39,0,9,12,0,48,HU,7,3,3,1,1,1,1,0,0,1,2,0,0,0,4,2,2,1,29,1,1,1,1,6,0512424611T,3
1587,05124,"Jagadamba Education Soc. Nashik's S.N.D. College of Engineering & Reserch, Babulgaon",0512424610,Information Technology,60,39,0,9,12,0,48,OHU,2,1,1,0,1,0,0,0,0,0,0,0,0,0,2,0,1,0,8,1,1,1,1,6,0512424611T,3
1588,05124,"Jagadamba Education Soc. Nashik's S.N.D. College of Engineering & Reserch, Babulgaon",0512429310,Electrical Engineering,120,102,0,18,0,1,120,HU,18,9,5,3,4,1,1,1,2,0,1,1,1,0,9,3,5,1,65,5,0,5,0,12,0512429311T,6
1588,05124,"Jagadamba Education Soc. Nashik's S.N.D. College of Engineering & Reserch, Babulgaon",0512429310,Electrical Engineering,120,102,0,18,0,1,120,OHU,7,3,2,1,1,1,1,0,1,0,1,0,1,0,3,2,1,1,26,5,0,5,0,12,0512429311T,6
1589,05124,"Jagadamba Education Soc. Nashik's S.N.D. College of Engineering & Reserch, Babulgaon",0512461210,Mechanical Engineering,60,51,0,9,0,1,60,HU,10,3,3,1,2,1,1,0,0,1,1,0,1,0,4,2,2,1,33,2,1,2,1,6,0512461211T,3
1589,05124,"Jagadamba Education Soc. Nashik's S.N.D. College of Engineering & Reserch, Babulgaon",0512461210,Mechanical Engineering,60,51,0,9,0,1,60,OHU,4,1,2,0,1,0,1,0,0,0,1,0,0,0,1,0,1,1,13,2,1,2,1,6,0512461211T,3
1590,05124,"Jagadamba Education Soc. Nashik's S.N.D. College of Engineering & Reserch, Babulgaon",0512462410,Mechatronics Engineering,60,51,0,9,0,1,60,HU,9,4,4,1,1,1,1,0,0,0,1,1,0,1,4,2,3,1,34,2,1,2,1,6,0512462411T,3
1590,05124,"Jagadamba Education Soc. Nashik's S.N.D. College of Engineering & Reserch, Babulgaon",0512462410,Mechatronics Engineering,60,51,0,9,0,1,60,OHU,3,2,1,1,1,0,0,0,1,0,0,0,0,0,1,1,1,0,12,2,1,2,1,6,0512462411T,3
1591,05124,"Jagadamba Education Soc. Nashik's S.N.D. College of Engineering & Reserch, Babulgaon",0512484410,Electronics and Computer Engineering,60,51,0,9,0,1,60,HU,9,4,3,1,2,1,0,1,1,0,1,0,1,0,4,1,2,1,32,2,1,2,1,6,0512484411T,3
1591,05124,"Jagadamba Education Soc. Nashik's S.N.D. College of Engineering & Reserch, Babulgaon",0512484410,Electronics and Computer Engineering,60,51,0,9,0,1,60,OHU,4,1,1,1,0,1,0,1,0,0,0,1,0,0,2,0,1,1,14,2,1,2,1,6,0512484411T,3
1592,05125,"Pravara Rural Education Society's Sir Visvesvaraya Institute of Technology, Chincholi Dist. Nashik",0512524510,Computer Engineering,60,51,0,9,0,1,60,HU,9,4,3,2,2,0,1,0,1,0,1,0,0,0,4,2,2,2,33,2,1,2,1,6,0512524511T,3
1592,05125,"Pravara Rural Education Society's Sir Visvesvaraya Institute of Technology, Chincholi Dist. Nashik",0512524510,Computer Engineering,60,51,0,9,0,1,60,OHU,3,2,2,0,1,0,0,0,0,0,1,0,1,0,1,1,1,0,13,2,1,2,1,6,0512524511T,3
1593,05125,"Pravara Rural Education Society's Sir Visvesvaraya Institute of Technology, Chincholi Dist. Nashik",0512524610,Information Technology,60,51,0,9,0,1,60,HU,9,4,3,1,2,1,1,0,0,0,1,1,1,0,3,2,3,0,32,2,1,2,1,6,0512524611T,3
1593,05125,"Pravara Rural Education Society's Sir Visvesvaraya Institute of Technology, Chincholi Dist. Nashik",0512524610,Information Technology,60,51,0,9,0,1,60,OHU,4,1,1,1,1,0,1,0,0,1,0,0,0,0,2,0,2,0,14,2,1,2,1,6,0512524611T,3
1594,05125,"Pravara Rural Education Society's Sir Visvesvaraya Institute of Technology, Chincholi Dist. Nashik",0512550710,Chemical Engineering,60,51,0,9,0,1,60,HU,9,4,3,2,1,1,0,1,1,0,1,0,0,1,5,1,2,2,34,2,1,2,1,6,0512550711T,3
1594,05125,"Pravara Rural Education Society's Sir Visvesvaraya Institute of Technology, Chincholi Dist. Nashik",0512550710,Chemical Engineering,60,51,0,9,0,1,60,OHU,3,2,2,0,0,1,0,0,0,0,1,0,0,0,1,1,0,1,12,2,1,2,1,6,0512550711T,3
1595,05125,"Pravara Rural Education Society's Sir Visvesvaraya Institute of Technology, Chincholi Dist. Nashik",0512584410,Electronics and Computer Engineering,60,51,0,9,0,1,60,HU,9,4,3,1,2,1,2,0,0,1,1,1,0,0,3,2,2,1,33,2,1,2,1,6,0512584411T,3
1595,05125,"Pravara Rural Education Society's Sir Visvesvaraya Institute of Technology, Chincholi Dist. Nashik",0512584410,Electronics and Computer Engineering,60,51,0,9,0,1,60,OHU,4,1,1,1,1,0,0,0,0,0,0,0,1,0,1,1,2,0,13,2,1,2,1,6,0512584411T,3
1596,05130,"Brahma Valley College of Engineering & Research, Trimbakeshwar, Nashik",0513019110,Civil Engineering,60,51,0,9,0,1,60,HU,9,4,4,1,2,0,0,0,1,0,1,0,1,0,4,2,3,1,33,2,1,2,1,6,,
1596,05130,"Brahma Valley College of Engineering & Research, Trimbakeshwar, Nashik",0513019110,Civil Engineering,60,51,0,9,0,1,60,OHU,3,2,1,1,1,0,1,0,0,0,0,1,0,0,2,0,0,1,13,2,1,2,1,6,,
1597,05130,"Brahma Valley College of Engineering & Research, Trimbakeshwar, Nashik",0513024510,Computer Engineering,60,41,0,9,10,0,50,HU,7,3,2,2,1,1,1,1,0,0,1,0,0,0,5,1,2,1,28,1,1,1,1,6,0513024511T,3
1597,05130,"Brahma Valley College of Engineering & Research, Trimbakeshwar, Nashik",0513024510,Computer Engineering,60,41,0,9,10,0,50,OHU,3,1,1,0,0,1,0,0,1,0,1,0,0,0,1,1,1,0,11,1,1,1,1,6,0513024511T,3
1598,05130,"Brahma Valley College of Engineering & Research, Trimbakeshwar, Nashik",0513029310,Electrical Engineering,60,51,0,9,0,1,60,HU,9,4,3,1,2,1,0,0,1,1,1,1,1,0,3,2,2,1,33,2,1,2,1,6,,
1598,05130,"Brahma Valley College of Engineering & Research, Trimbakeshwar, Nashik",0513029310,Electrical Engineering,60,51,0,9,0,1,60,OHU,4,1,2,0,1,0,0,1,0,0,0,0,0,0,2,0,1,1,13,2,1,2,1,6,,
1599,05130,"Brahma Valley College of Engineering & Research, Trimbakeshwar, Nashik",0513061210,Mechanical Engineering,120,102,0,18,0,1,120,HU,19,7,6,2,4,1,2,0,1,0,2,1,1,0,9,4,5,1,65,5,0,5,0,12,,
1599,05130,"Brahma Valley College of Engineering & Research, Trimbakeshwar, Nashik",0513061210,Mechanical Engineering,120,102,0,18,0,1,120,OHU,7,3,2,1,2,0,1,0,1,0,1,0,0,1,3,2,2,0,26,5,0,5,0,12,,
1600,05139,"Pravara Rural College of Engineering, Loni, Pravaranagar, Ahmednagar.",0513919110,Civil Engineering,60,51,0,9,0,1,60,HU,9,4,3,2,1,1,1,1,1,0,1,0,0,1,4,2,2,2,35,2,1,2,1,6,0513919111T,3
1600,05139,"Pravara Rural College of Engineering, Loni, Pravaranagar, Ahmednagar.",0513919110,Civil Engineering,60,51,0,9,0,1,60,OHU,3,2,1,1,0,1,0,0,0,0,0,1,0,0,1,0,1,0,11,2,1,2,1,6,0513919111T,3
1601,05139,"Pravara Rural College of Engineering, Loni, Pravaranagar, Ahmednagar.",0513924510,Computer Engineering,120,78,0,18,24,1,96,HU,14,6,5,1,3,1,1,0,0,1,0,1,1,0,7,2,4,1,48,4,0,4,0,12,0513924511T,6
1601,05139,"Pravara Rural College of Engineering, Loni, Pravaranagar, Ahmednagar.",0513924510,Computer Engineering,120,78,0,18,24,1,96,OHU,5,2,1,1,2,0,1,0,1,0,1,0,1,0,3,1,1,1,21,4,0,4,0,12,0513924511T,6
1602,05139,"Pravara Rural College of Engineering, Loni, Pravaranagar, Ahmednagar.",0513924610,Information Technology,120,78,0,18,24,1,96,HU,13,6,4,2,3,1,1,1,2,0,3,0,1,1,6,3,3,2,52,4,0,4,0,12,0513924611T,6
1602,05139,"Pravara Rural College of Engineering, Loni, Pravaranagar, Ahmednagar.",0513924610,Information Technology,120,78,0,18,24,1,96,OHU,6,2,2,0,0,1,0,0,0,0,0,0,0,0,2,1,2,1,17,4,0,4,0,12,0513924611T,6
1603,05139,"Pravara Rural College of Engineering, Loni, Pravaranagar, Ahmednagar.",0513937210,Electronics and Telecommunication Engg,60,39,0,9,12,0,48,HU,7,3,3,1,1,1,0,0,0,0,0,0,0,0,4,2,3,0,25,1,1,1,1,6,0513937211T,3
1603,05139,"Pravara Rural College of Engineering, Loni, Pravaranagar, Ahmednagar.",0513937210,Electronics and Telecommunication Engg,60,39,0,9,12,0,48,OHU,3,1,1,0,1,0,0,1,0,1,1,0,0,0,1,1,1,0,12,1,1,1,1,6,0513937211T,3
1604,05139,"Pravara Rural College of Engineering, Loni, Pravaranagar, Ahmednagar.",0513946410,Instrumentation and Control Engineering,60,50,0,9,1,1,59,HU,9,4,2,2,1,1,1,1,1,0,1,1,0,0,4,1,2,2,33,2,1,2,1,6,0513946411T,3
1604,05139,"Pravara Rural College of Engineering, Loni, Pravaranagar, Ahmednagar.",0513946410,Instrumentation and Control Engineering,60,50,0,9,1,1,59,OHU,2,2,2,1,1,0,0,0,0,0,0,0,1,0,2,0,0,1,12,2,1,2,1,6,0513946411T,3
1605,05139,"Pravara Rural College of Engineering, Loni, Pravaranagar, Ahmednagar.",0513950710,Chemical Engineering,60,49,0,9,2,0,58,HU,9,4,4,1,2,0,0,0,0,1,1,0,1,0,4,2,2,1,32,1,1,1,1,6,0513950711T,3
1605,05139,"Pravara Rural College of Engineering, Loni, Pravaranagar, Ahmednagar.",0513950710,Chemical Engineering,60,49,0,9,2,0,58,OHU,4,1,0,1,0,1,1,0,1,0,1,0,0,0,2,1,2,0,15,1,1,1,1,6,0513950711T,3
1606,05139,"Pravara Rural College of Engineering, Loni, Pravaranagar, Ahmednagar.",0513961210,Mechanical Engineering,60,50,0,9,1,1,59,HU,9,3,3,1,2,1,2,0,1,0,0,1,1,0,4,2,3,0,33,2,1,2,1,6,0513961211T,3
1606,05139,"Pravara Rural College of Engineering, Loni, Pravaranagar, Ahmednagar.",0513961210,Mechanical Engineering,60,50,0,9,1,1,59,OHU,3,2,2,0,1,0,0,0,0,0,0,1,0,0,1,1,1,0,12,2,1,2,1,6,0513961211T,3
1607,05139,"Pravara Rural College of Engineering, Loni, Pravaranagar, Ahmednagar.",0513984410,Electronics and Computer Engineering,60,39,0,9,12,0,48,HU,7,3,2,1,1,1,1,0,1,0,1,0,0,0,4,1,2,1,26,1,1,1,1,6,0513984411T,3
1607,05139,"Pravara Rural College of Engineering, Loni, Pravaranagar, Ahmednagar.",0513984410,Electronics and Computer Engineering,60,39,0,9,12,0,48,OHU,3,1,1,1,1,0,0,0,0,0,0,0,0,1,1,1,0,1,11,1,1,1,1,6,0513984411T,3
1608,05139,"Pravara Rural College of Engineering, Loni, Pravaranagar, Ahmednagar.",0513991610,Automation and Robotics,60,50,0,9,1,1,59,HU,9,4,3,2,2,0,0,0,0,0,1,1,0,1,3,2,2,1,31,2,1,2,1,6,0513991611T,3
1608,05139,"Pravara Rural College of Engineering, Loni, Pravaranagar, Ahmednagar.",0513991610,Automation and Robotics,60,50,0,9,1,1,59,OHU,4,1,2,0,1,0,1,0,1,0,0,0,0,0,2,0,2,0,14,2,1,2,1,6,0513991611T,3
1609,05139,"Pravara Rural College of Engineering, Loni, Pravaranagar, Ahmednagar.",0513999510,Artificial Intelligence and Data Science,60,39,0,9,12,0,48,HU,7,3,3,1,1,1,1,1,0,1,0,0,1,0,4,1,2,1,28,1,1,1,1,6,0513999511T,3
1609,05139,"Pravara Rural College of Engineering, Loni, Pravaranagar, Ahmednagar.",0513999510,Artificial Intelligence and Data Science,60,39,0,9,12,0,48,OHU,2,1,0,1,0,1,0,0,0,0,1,0,0,0,1,1,0,1,9,1,1,1,1,6,0513999511T,3
1610,05151,"MET Bhujbal Knowledge City MET League's Engineering College, Adgaon, Nashik.",0515119110,Civil Engineering,60,45,0,9,6,0,54,HU,7,4,3,1,1,1,0,0,1,0,1,0,1,0,4,3,2,1,30,1,1,1,1,6,0515119111T,3
1610,05151,"MET Bhujbal Knowledge City MET League's Engineering College, Adgaon, Nashik.",0515119110,Civil Engineering,60,45,0,9,6,0,54,OHU,3,2,2,0,1,0,1,0,0,0,0,0,0,0,2,0,2,0,13,1,1,1,1,6,0515119111T,3
1611,05151,"MET Bhujbal Knowledge City MET League's Engineering College, Adgaon, Nashik.",0515124510,Computer Engineering,120,78,0,18,24,1,96,HU,14,6,4,2,3,1,1,1,1,0,2,0,0,0,7,2,4,2,50,4,0,4,0,12,0515124511T,6
1611,05151,"MET Bhujbal Knowledge City MET League's Engineering College, Adgaon, Nashik.",0515124510,Computer Engineering,120,78,0,18,24,1,96,OHU,5,2,1,1,1,0,0,0,0,1,1,0,1,0,2,2,1,1,19,4,0,4,0,12,0515124511T,6
1612,05151,"MET Bhujbal Knowledge City MET League's Engineering College, Adgaon, Nashik.",0515124610,Information Technology,60,39,0,9,12,0,48,HU,7,3,2,1,2,0,0,0,0,1,0,1,1,0,3,2,2,1,26,1,1,1,1,6,0515124611T,3
1612,05151,"MET Bhujbal Knowledge City MET League's Engineering College, Adgaon, Nashik.",0515124610,Information Technology,60,39,0,9,12,0,48,OHU,3,1,1,1,0,1,0,1,0,0,0,0,0,0,2,0,1,0,11,1,1,1,1,6,0515124611T,3
1613,05151,"MET Bhujbal Knowledge City MET League's Engineering College, Adgaon, Nashik.",0515129310,Electrical Engineering,60,45,0,9,6,0,54,HU,9,3,4,1,1,1,1,0,1,0,1,0,0,1,4,2,2,1,32,1,1,1,1,6,0515129311T,3
1613,05151,"MET Bhujbal Knowledge City MET League's Engineering College, Adgaon, Nashik.",0515129310,Electrical Engineering,60,45,0,9,6,0,54,OHU,3,1,1,0,1,0,0,0,0,0,0,1,0,0,2,1,1,0,11,1,1,1,1,6,0515129311T,3
1614,05151,"MET Bhujbal Knowledge City MET League's Engineering College, Adgaon, Nashik.",0515137210,Electronics and Telecommunication Engg,60,39,0,9,12,0,48,HU,7,3,2,1,1,1,1,0,0,0,1,0,0,0,4,1,2,0,24,1,1,1,1,6,0515137211T,3
1614,05151,"MET Bhujbal Knowledge City MET League's Engineering College, Adgaon, Nashik.",0515137210,Electronics and Telecommunication Engg,60,39,0,9,12,0,48,OHU,3,1,2,0,1,0,0,0,1,0,0,0,1,0,1,1,1,1,13,1,1,1,1,6,0515137211T,3
1615,05151,"MET Bhujbal Knowledge City MET League's Engineering College, Adgaon, Nashik.",0515161210,Mechanical Engineering,120,98,0,18,4,1,116,HU,17,8,5,3,4,1,1,1,2,0,2,1,1,0,8,4,4,2,64,5,0,5,0,12,0515161211T,6
1615,05151,"MET Bhujbal Knowledge City MET League's Engineering College, Adgaon, Nashik.",0515161210,Mechanical Engineering,120,98,0,18,4,1,116,OHU,7,3,1,1,1,1,1,0,0,0,1,0,0,0,4,1,1,1,23,5,0,5,0,12,0515161211T,6
1616,05151,"MET Bhujbal Knowledge City MET League's Engineering College, Adgaon, Nashik.",0515199510,Artificial Intelligence and Data Science,60,39,0,9,12,0,48,HU,8,3,2,1,1,1,1,0,0,0,0,0,1,0,4,1,2,1,26,1,1,1,1,6,0515199511T,3
1616,05151,"MET Bhujbal Knowledge City MET League's Engineering College, Adgaon, Nashik.",0515199510,Artificial Intelligence and Data Science,60,39,0,9,12,0,48,OHU,2,1,1,1,1,0,0,0,1,0,1,0,0,0,1,1,1,0,11,1,1,1,1,6,0515199511T,3
1617,05161,"Dr. Vithalrao Vikhe Patil College of Engineering, Ahmednagar",0516119110,Civil Engineering,60,51,0,9,0,1,60,HU,9,4,3,1,2,1,1,0,0,1,0,1,0,1,4,2,3,1,34,2,1,2,1,6,,
1617,05161,"Dr. Vithalrao Vikhe Patil College of Engineering, Ahmednagar",0516119110,Civil Engineering,60,51,0,9,0,1,60,OHU,3,2,2,0,1,0,1,0,0,0,0,1,0,0,1,0,1,0,12,2,1,2,1,6,,
1618,05161,"Dr. Vithalrao Vikhe Patil College of Engineering, Ahmednagar",0516124510,Computer Engineering,90,58,0,14,18,1,72,HU,11,4,4,1,2,0,0,1,1,0,2,0,1,0,4,2,3,1,37,2,1,2,1,9,0516124511T,5
1618,05161,"Dr. Vithalrao Vikhe Patil College of Engineering, Ahmednagar",0516124510,Computer Engineering,90,58,0,14,18,1,72,OHU,4,2,1,1,1,1,0,0,0,1,0,0,0,0,2,1,1,1,16,2,1,2,1,9,0516124511T,5
1619,05161,"Dr. Vithalrao Vikhe Patil College of Engineering, Ahmednagar",0516124610,Information Technology,90,70,0,14,6,1,84,HU,11,6,3,2,3,1,1,0,1,1,1,0,1,0,7,2,2,2,44,4,0,4,0,9,0516124611T,5
1619,05161,"Dr. Vithalrao Vikhe Patil College of Engineering, Ahmednagar",0516124610,Information Technology,90,70,0,14,6,1,84,OHU,5,2,2,0,1,0,0,1,0,0,1,0,0,1,1,1,2,0,17,4,0,4,0,9,0516124611T,5
1620,05161,"Dr. Vithalrao Vikhe Patil College of Engineering, Ahmednagar",0516125710,Computer Science and Design,60,45,0,9,6,0,54,HU,9,3,4,1,1,1,1,0,0,0,1,1,0,0,4,2,3,0,31,1,1,1,1,6,0516125711T,3
1620,05161,"Dr. Vithalrao Vikhe Patil College of Engineering, Ahmednagar",0516125710,Computer Science and Design,60,45,0,9,6,0,54,OHU,3,1,0,1,0,1,0,0,1,0,0,0,0,0,3,0,1,1,12,1,1,1,1,6,0516125711T,3
1621,05161,"Dr. Vithalrao Vikhe Patil College of Engineering, Ahmednagar",0516129310,Electrical Engineering,60,51,0,9,0,1,60,HU,9,4,3,2,1,1,0,1,2,0,1,0,0,1,3,2,2,2,34,2,1,2,1,6,0516129311T,3
1621,05161,"Dr. Vithalrao Vikhe Patil College of Engineering, Ahmednagar",0516129310,Electrical Engineering,60,51,0,9,0,1,60,OHU,4,1,2,0,1,0,0,0,0,0,1,0,0,0,1,1,1,0,12,2,1,2,1,6,0516129311T,3
1622,05161,"Dr. Vithalrao Vikhe Patil College of Engineering, Ahmednagar",0516137210,Electronics and Telecommunication Engg,60,51,0,9,0,1,60,HU,9,4,3,1,3,0,1,0,0,1,0,1,0,0,4,1,2,1,31,2,1,2,1,6,0516137211T,3
1622,05161,"Dr. Vithalrao Vikhe Patil College of Engineering, Ahmednagar",0516137210,Electronics and Telecommunication Engg,60,51,0,9,0,1,60,OHU,3,2,1,1,1,0,1,0,0,0,1,0,1,0,1,1,1,1,15,2,1,2,1,6,0516137211T,3
1623,05161,"Dr. Vithalrao Vikhe Patil College of Engineering, Ahmednagar",0516137810,Electronics Engineering ( VLSI Design and,60,51,0,9,0,1,60,HU,9,4,4,1,1,1,1,0,1,0,2,0,1,0,4,2,3,1,35,2,1,2,1,6,,
1623,05161,"Dr. Vithalrao Vikhe Patil College of Engineering, Ahmednagar",0516137810,Electronics Engineering ( VLSI Design and,60,51,0,9,0,1,60,OHU,4,1,1,1,0,1,0,0,1,0,0,0,0,0,1,0,1,0,11,2,1,2,1,6,,
1624,05161,"Dr. Vithalrao Vikhe Patil College of Engineering, Ahmednagar",0516161210,Mechanical Engineering,60,51,0,9,0,1,60,HU,9,4,2,2,2,1,0,1,1,0,0,1,1,0,4,2,2,1,33,2,1,2,1,6,0516161211T,3
1624,05161,"Dr. Vithalrao Vikhe Patil College of Engineering, Ahmednagar",0516161210,Mechanical Engineering,60,51,0,9,0,1,60,OHU,3,2,2,0,1,0,0,0,0,0,0,1,0,0,1,1,1,1,13,2,1,2,1,6,0516161211T,3
1625,05161,"Dr. Vithalrao Vikhe Patil College of Engineering, Ahmednagar",0516199510,Artificial Intelligence and Data Science,60,45,0,9,6,0,54,HU,9,3,3,1,1,1,0,0,1,0,2,0,0,0,4,1,2,1,29,1,1,1,1,6,0516199511T,3
1625,05161,"Dr. Vithalrao Vikhe Patil College of Engineering, Ahmednagar",0516199510,Artificial Intelligence and Data Science,60,45,0,9,6,0,54,OHU,3,1,1,1,1,0,1,0,1,0,0,0,1,0,3,0,1,0,14,1,1,1,1,6,0516199511T,3
1626,05162,"Amrutvahini Sheti & Shikshan Vikas Sanstha's Amrutvahini College of Engineering, Sangamner",0516219110,Civil Engineering,120,102,0,18,0,1,120,HU,18,8,6,2,4,1,2,0,1,1,1,1,1,1,9,4,5,1,66,5,0,5,0,12,0516219111T,6
1626,05162,"Amrutvahini Sheti & Shikshan Vikas Sanstha's Amrutvahini College of Engineering, Sangamner",0516219110,Civil Engineering,120,102,0,18,0,1,120,OHU,7,3,2,1,1,1,0,1,0,1,1,0,0,0,3,2,1,1,25,5,0,5,0,12,0516219111T,6
1627,05162,"Amrutvahini Sheti & Shikshan Vikas Sanstha's Amrutvahini College of Engineering, Sangamner",0516224510,Computer Engineering,120,78,0,18,24,1,96,HU,13,6,4,2,2,1,1,1,1,1,2,0,1,0,6,3,4,2,50,4,0,4,0,12,0516224511T,6
1627,05162,"Amrutvahini Sheti & Shikshan Vikas Sanstha's Amrutvahini College of Engineering, Sangamner",0516224510,Computer Engineering,120,78,0,18,24,1,96,OHU,5,3,2,0,2,0,1,0,0,0,1,0,0,0,2,1,2,0,19,4,0,4,0,12,0516224511T,6
1628,05162,"Amrutvahini Sheti & Shikshan Vikas Sanstha's Amrutvahini College of Engineering, Sangamner",0516224610,Information Technology,120,78,0,18,24,1,96,HU,14,6,4,2,3,1,2,0,1,0,1,1,1,0,7,3,3,2,51,4,0,4,0,12,0516224611T,6
1628,05162,"Amrutvahini Sheti & Shikshan Vikas Sanstha's Amrutvahini College of Engineering, Sangamner",0516224610,Information Technology,120,78,0,18,24,1,96,OHU,5,2,1,1,0,1,0,0,1,0,0,1,1,0,2,1,1,1,18,4,0,4,0,12,0516224611T,6
1629,05162,"Amrutvahini Sheti & Shikshan Vikas Sanstha's Amrutvahini College of Engineering, Sangamner",0516229310,Electrical Engineering,120,98,0,18,4,1,116,HU,18,7,6,2,3,1,1,1,1,0,2,1,0,1,8,3,5,1,61,5,0,5,0,12,0516229311T,6
1629,05162,"Amrutvahini Sheti & Shikshan Vikas Sanstha's Amrutvahini College of Engineering, Sangamner",0516229310,Electrical Engineering,120,98,0,18,4,1,116,OHU,7,3,2,1,2,0,1,0,1,0,1,0,0,1,4,1,1,1,26,5,0,5,0,12,0516229311T,6
1630,05162,"Amrutvahini Sheti & Shikshan Vikas Sanstha's Amrutvahini College of Engineering, Sangamner",0516237210,Electronics and Telecommunication Engg,120,88,0,18,14,1,106,HU,16,7,5,2,3,2,1,0,1,1,2,0,2,0,7,3,3,2,57,4,0,4,0,12,0516237211T,6
1630,05162,"Amrutvahini Sheti & Shikshan Vikas Sanstha's Amrutvahini College of Engineering, Sangamner",0516237210,Electronics and Telecommunication Engg,120,88,0,18,14,1,106,OHU,6,2,2,0,1,1,1,0,0,1,1,0,0,0,3,1,3,0,22,4,0,4,0,12,0516237211T,6
1631,05162,"Amrutvahini Sheti & Shikshan Vikas Sanstha's Amrutvahini College of Engineering, Sangamner",0516261210,Mechanical Engineering,120,92,0,18,10,1,110,HU,16,7,5,2,3,1,1,1,2,0,1,1,0,1,8,4,4,2,59,5,0,5,0,12,0516261211T,6
1631,05162,"Amrutvahini Sheti & Shikshan Vikas Sanstha's Amrutvahini College of Engineering, Sangamner",0516261210,Mechanical Engineering,120,92,0,18,10,1,110,OHU,6,3,2,1,2,0,0,1,0,0,0,1,1,0,2,2,0,1,22,5,0,5,0,12,0516261211T,6
1632,05162,"Amrutvahini Sheti & Shikshan Vikas Sanstha's Amrutvahini College of Engineering, Sangamner",0516284410,Electronics and Computer Engineering,60,45,0,9,6,0,54,HU,8,4,3,2,1,1,1,0,0,1,1,0,1,0,4,2,2,1,32,1,1,1,1,6,0516284411T,3
1632,05162,"Amrutvahini Sheti & Shikshan Vikas Sanstha's Amrutvahini College of Engineering, Sangamner",0516284410,Electronics and Computer Engineering,60,45,0,9,6,0,54,OHU,3,1,0,1,0,1,0,0,0,0,0,0,0,0,2,1,2,0,11,1,1,1,1,6,0516284411T,3
1633,05162,"Amrutvahini Sheti & Shikshan Vikas Sanstha's Amrutvahini College of Engineering, Sangamner",0516291610,Automation and Robotics,60,49,0,9,2,0,58,HU,9,4,3,1,2,1,1,1,0,0,0,1,1,0,5,2,2,1,34,1,1,1,1,6,0516291611T,3
1633,05162,"Amrutvahini Sheti & Shikshan Vikas Sanstha's Amrutvahini College of Engineering, Sangamner",0516291610,Automation and Robotics,60,49,0,9,2,0,58,OHU,4,1,2,0,1,0,0,0,1,0,1,0,0,0,2,0,0,1,13,1,1,1,1,6,0516291611T,3
1634,05162,"Amrutvahini Sheti & Shikshan Vikas Sanstha's Amrutvahini College of Engineering, Sangamner",0516299510,Artificial Intelligence and Data Science,120,78,0,18,24,1,96,HU,14,5,4,2,3,0,1,0,2,0,2,0,1,0,7,2,5,1,49,4,0,4,0,12,0516299511T,6
1634,05162,"Amrutvahini Sheti & Shikshan Vikas Sanstha's Amrutvahini College of Engineering, Sangamner",0516299510,Artificial Intelligence and Data Science,120,78,0,18,24,1,96,OHU,4,3,1,1,1,1,1,0,0,0,1,0,1,0,3,1,2,0,20,4,0,4,0,12,0516299511T,6
1635,05179,"Vishwabharati Academy's College of Engineering, Ahmednagar",0517919110,Civil Engineering,60,51,0,9,0,1,60,HU,9,4,3,2,2,0,2,0,1,0,1,1,0,0,4,1,3,1,34,2,1,2,1,6,,
1635,05179,"Vishwabharati Academy's College of Engineering, Ahmednagar",0517919110,Civil Engineering,60,51,0,9,0,1,60,OHU,3,2,2,0,1,0,0,0,0,0,0,0,1,0,1,1,0,1,12,2,1,2,1,6,,
1636,05179,"Vishwabharati Academy's College of Engineering, Ahmednagar",0517924510,Computer Engineering,90,64,0,14,12,1,78,HU,12,4,4,2,3,1,1,0,1,0,1,0,0,1,5,2,3,1,41,2,1,2,1,9,0517924511T,5
1636,05179,"Vishwabharati Academy's College of Engineering, Ahmednagar",0517924510,Computer Engineering,90,64,0,14,12,1,78,OHU,5,2,1,1,0,1,1,0,1,0,1,0,0,0,3,0,2,0,18,2,1,2,1,9,0517924511T,5
1637,05179,"Vishwabharati Academy's College of Engineering, Ahmednagar",0517926310,Artificial Intelligence (AI) and Data Science,60,45,0,9,6,0,54,HU,8,4,3,1,1,1,0,1,1,0,1,0,1,0,4,3,2,1,32,1,1,1,1,6,0517926311T,3
1637,05179,"Vishwabharati Academy's College of Engineering, Ahmednagar",0517926310,Artificial Intelligence (AI) and Data Science,60,45,0,9,6,0,54,OHU,3,1,1,1,1,0,0,0,0,0,1,0,0,0,1,1,1,0,11,1,1,1,1,6,0517926311T,3
1638,05179,"Vishwabharati Academy's College of Engineering, Ahmednagar",0517961210,Mechanical Engineering,60,51,0,9,0,1,60,HU,9,4,3,1,1,1,1,0,0,1,1,1,1,0,4,1,2,1,32,2,1,2,1,6,,
1638,05179,"Vishwabharati Academy's College of Engineering, Ahmednagar",0517961210,Mechanical Engineering,60,51,0,9,0,1,60,OHU,4,1,2,0,1,1,0,1,0,0,0,0,0,0,1,1,1,1,14,2,1,2,1,6,,
1639,05179,"Vishwabharati Academy's College of Engineering, Ahmednagar",0517984410,Electronics and Computer Engineering,60,51,0,9,0,1,60,HU,9,4,3,2,3,0,1,0,0,0,1,0,0,0,4,2,3,1,33,2,1,2,1,6,,
1639,05179,"Vishwabharati Academy's College of Engineering, Ahmednagar",0517984410,Electronics and Computer Engineering,60,51,0,9,0,1,60,OHU,3,2,1,1,0,0,0,0,1,0,1,0,1,0,2,0,1,0,13,2,1,2,1,6,,
1640,05181,"Gokhale Education Society's, R.H. Sapat College of Engineering, Management Studies and Research, Nashik",0518119110,Civil Engineering,60,51,0,9,0,1,60,HU,9,4,3,1,1,1,0,1,1,0,1,1,0,1,4,1,2,1,32,2,1,2,1,6,,
1640,05181,"Gokhale Education Society's, R.H. Sapat College of Engineering, Management Studies and Research, Nashik",0518119110,Civil Engineering,60,51,0,9,0,1,60,OHU,4,1,2,0,2,0,1,0,0,0,0,0,0,0,1,1,1,1,14,2,1,2,1,6,,
1641,05181,"Gokhale Education Society's, R.H. Sapat College of Engineering, Management Studies and Research, Nashik",0518124510,Computer Engineering,120,78,0,18,24,1,96,HU,14,6,4,2,3,1,2,0,1,0,1,1,1,0,7,3,3,2,51,4,0,4,0,12,0518124511T,6
1641,05181,"Gokhale Education Society's, R.H. Sapat College of Engineering, Management Studies and Research, Nashik",0518124510,Computer Engineering,120,78,0,18,24,1,96,OHU,5,2,1,1,0,1,0,0,0,1,0,1,1,0,2,1,1,1,18,4,0,4,0,12,0518124511T,6
1642,05181,"Gokhale Education Society's, R.H. Sapat College of Engineering, Management Studies and Research, Nashik",0518129310,Electrical Engineering,120,94,0,18,8,1,112,HU,17,7,6,2,3,2,1,1,1,1,3,0,1,0,7,4,4,1,61,5,0,5,0,12,0518129311T,6
1642,05181,"Gokhale Education Society's, R.H. Sapat College of Engineering, Management Studies and Research, Nashik",0518129310,Electrical Engineering,120,94,0,18,8,1,112,OHU,6,3,1,1,2,0,1,0,1,0,1,0,0,0,3,1,2,0,22,5,0,5,0,12,0518129311T,6
1643,05181,"Gokhale Education Society's, R.H. Sapat College of Engineering, Management Studies and Research, Nashik",0518137210,Electronics and Telecommunication Engg,60,39,0,9,12,0,48,HU,7,3,2,1,2,0,0,0,1,0,0,0,0,1,4,1,2,1,25,1,1,1,1,6,0518137211T,3
1643,05181,"Gokhale Education Society's, R.H. Sapat College of Engineering, Management Studies and Research, Nashik",0518137210,Electronics and Telecommunication Engg,60,39,0,9,12,0,48,OHU,3,1,2,0,1,0,0,1,0,0,1,0,0,0,1,1,1,0,12,1,1,1,1,6,0518137211T,3
1644,05181,"Gokhale Education Society's, R.H. Sapat College of Engineering, Management Studies and Research, Nashik",0518161210,Mechanical Engineering,120,100,0,18,2,1,118,HU,18,8,6,2,3,2,2,0,1,1,1,1,1,0,8,4,4,2,64,5,0,5,0,12,0518161211T,6
1644,05181,"Gokhale Education Society's, R.H. Sapat College of Engineering, Management Studies and Research, Nashik",0518161210,Mechanical Engineering,120,100,0,18,2,1,118,OHU,7,3,2,1,1,1,1,0,0,0,0,1,0,1,4,1,1,1,25,5,0,5,0,12,0518161211T,6
1645,05181,"Gokhale Education Society's, R.H. Sapat College of Engineering, Management Studies and Research, Nashik",0518199510,Artificial Intelligence and Data Science,60,39,0,9,12,0,48,HU,7,3,2,2,2,0,0,1,0,0,1,0,1,0,4,1,2,1,27,1,1,1,1,6,0518199511T,3
1645,05181,"Gokhale Education Society's, R.H. Sapat College of Engineering, Management Studies and Research, Nashik",0518199510,Artificial Intelligence and Data Science,60,39,0,9,12,0,48,OHU,2,2,1,0,1,0,0,0,1,0,0,0,0,0,1,1,1,0,10,1,1,1,1,6,0518199511T,3
1646,05182,"Kalyani Charitable Trust, Late Gambhirrao Natuba Sapkal College of Engineering, Anjaneri, Trimbakeshwar Road, Nashik",0518219110,Civil Engineering,60,51,0,9,0,1,60,HU,9,4,4,1,1,1,2,0,1,0,0,1,1,0,3,2,3,1,34,2,1,2,1,6,,
1646,05182,"Kalyani Charitable Trust, Late Gambhirrao Natuba Sapkal College of Engineering, Anjaneri, Trimbakeshwar Road, Nashik",0518219110,Civil Engineering,60,51,0,9,0,1,60,OHU,4,1,1,1,0,1,0,0,0,0,1,0,0,0,2,0,0,1,12,2,1,2,1,6,,
1647,05182,"Kalyani Charitable Trust, Late Gambhirrao Natuba Sapkal College of Engineering, Anjaneri, Trimbakeshwar Road, Nashik",0518224510,Computer Engineering,120,78,0,18,24,1,96,HU,14,6,4,2,3,1,0,1,1,0,2,1,0,0,7,2,3,2,49,4,0,4,0,12,0518224511T,6
1647,05182,"Kalyani Charitable Trust, Late Gambhirrao Natuba Sapkal College of Engineering, Anjaneri, Trimbakeshwar Road, Nashik",0518224510,Computer Engineering,120,78,0,18,24,1,96,OHU,5,2,1,1,2,0,1,0,0,1,0,0,1,0,2,1,2,1,20,4,0,4,0,12,0518224511T,6
1648,05182,"Kalyani Charitable Trust, Late Gambhirrao Natuba Sapkal College of Engineering, Anjaneri, Trimbakeshwar Road, Nashik",0518226310,Artificial Intelligence (AI) and Data Science,60,39,0,9,12,0,48,HU,7,2,2,1,1,1,1,0,0,1,0,0,0,1,4,2,2,1,26,1,1,1,1,6,0518226311T,3
1648,05182,"Kalyani Charitable Trust, Late Gambhirrao Natuba Sapkal College of Engineering, Anjaneri, Trimbakeshwar Road, Nashik",0518226310,Artificial Intelligence (AI) and Data Science,60,39,0,9,12,0,48,OHU,3,1,2,0,0,1,0,0,0,0,1,0,0,0,1,1,1,0,11,1,1,1,1,6,0518226311T,3
1649,05182,"Kalyani Charitable Trust, Late Gambhirrao Natuba Sapkal College of Engineering, Anjaneri, Trimbakeshwar Road, Nashik",0518229310,Electrical Engineering,30,25,0,5,0,0,30,HU,4,2,2,1,1,0,0,0,1,0,1,0,1,0,1,1,1,0,16,1,0,1,0,3,,
1649,05182,"Kalyani Charitable Trust, Late Gambhirrao Natuba Sapkal College of Engineering, Anjaneri, Trimbakeshwar Road, Nashik",0518229310,Electrical Engineering,30,25,0,5,0,0,30,OHU,1,1,0,1,0,0,0,1,0,0,0,0,0,0,2,0,1,0,7,1,0,1,0,3,,
1650,05182,"Kalyani Charitable Trust, Late Gambhirrao Natuba Sapkal College of Engineering, Anjaneri, Trimbakeshwar Road, Nashik",0518237210,Electronics and Telecommunication Engg,60,51,0,9,0,1,60,HU,9,4,3,1,2,1,1,1,0,0,1,0,0,0,4,2,3,1,33,2,1,2,1,6,0518237211T,3
1650,05182,"Kalyani Charitable Trust, Late Gambhirrao Natuba Sapkal College of Engineering, Anjaneri, Trimbakeshwar Road, Nashik",0518237210,Electronics and Telecommunication Engg,60,51,0,9,0,1,60,OHU,3,2,2,0,1,0,0,0,1,0,0,1,1,0,0,1,1,0,13,2,1,2,1,6,0518237211T,3
1651,05182,"Kalyani Charitable Trust, Late Gambhirrao Natuba Sapkal College of Engineering, Anjaneri, Trimbakeshwar Road, Nashik",0518261210,Mechanical Engineering,60,51,0,9,0,1,60,HU,9,4,4,1,1,1,0,0,1,0,1,1,1,0,5,1,2,1,33,2,1,2,1,6,,
1651,05182,"Kalyani Charitable Trust, Late Gambhirrao Natuba Sapkal College of Engineering, Anjaneri, Trimbakeshwar Road, Nashik",0518261210,Mechanical Engineering,60,51,0,9,0,1,60,OHU,4,1,1,1,1,0,1,0,0,0,0,0,0,0,2,0,1,1,13,2,1,2,1,6,,
1652,05184,"Amruta Vaishnavi Education & Welfare Trust's Shatabdi Institute of Engineering & Research, Agaskhind Tal. Sinnar",0518419110,Civil Engineering,27,11,14,2,0,0,27,HU,6,2,0,0,0,0,0,0,0,0,0,0,0,0,0,0,0,0,8,0,0,0,0,0,,
1652,05184,"Amruta Vaishnavi Education & Welfare Trust's Shatabdi Institute of Engineering & Research, Agaskhind Tal. Sinnar",0518419110,Civil Engineering,27,11,14,2,0,0,27,OHU,2,1,0,0,0,0,0,0,0,0,0,0,0,0,0,0,0,0,3,0,0,0,0,0,,
1653,05184,"Amruta Vaishnavi Education & Welfare Trust's Shatabdi Institute of Engineering & Research, Agaskhind Tal. Sinnar",0518424510,Computer Engineering,27,11,14,2,0,0,27,HU,5,2,0,0,0,0,0,0,0,0,0,0,0,0,0,0,0,0,7,0,0,0,0,0,,
1653,05184,"Amruta Vaishnavi Education & Welfare Trust's Shatabdi Institute of Engineering & Research, Agaskhind Tal. Sinnar",0518424510,Computer Engineering,27,11,14,2,0,0,27,OHU,3,1,0,0,0,0,0,0,0,0,0,0,0,0,0,0,0,0,4,0,0,0,0,0,,
1654,05184,"Amruta Vaishnavi Education & Welfare Trust's Shatabdi Institute of Engineering & Research, Agaskhind Tal. Sinnar",0518429310,Electrical Engineering,30,13,15,2,0,0,30,HU,7,3,0,0,0,0,0,0,0,0,0,0,0,0,0,0,0,0,10,0,0,0,0,0,,
1654,05184,"Amruta Vaishnavi Education & Welfare Trust's Shatabdi Institute of Engineering & Research, Agaskhind Tal. Sinnar",0518429310,Electrical Engineering,30,13,15,2,0,0,30,OHU,2,1,0,0,0,0,0,0,0,0,0,0,0,0,0,0,0,0,3,0,0,0,0,0,,
1655,05184,"Amruta Vaishnavi Education & Welfare Trust's Shatabdi Institute of Engineering & Research, Agaskhind Tal. Sinnar",0518437210,Electronics and Telecommunication Engg,27,11,14,2,0,0,27,HU,4,3,0,0,0,0,0,0,0,0,0,0,0,0,0,0,0,0,7,0,0,0,0,0,,
1655,05184,"Amruta Vaishnavi Education & Welfare Trust's Shatabdi Institute of Engineering & Research, Agaskhind Tal. Sinnar",0518437210,Electronics and Telecommunication Engg,27,11,14,2,0,0,27,OHU,3,1,0,0,0,0,0,0,0,0,0,0,0,0,0,0,0,0,4,0,0,0,0,0,,
1656,05184,"Amruta Vaishnavi Education & Welfare Trust's Shatabdi Institute of Engineering & Research, Agaskhind Tal. Sinnar",0518461210,Mechanical Engineering,27,11,14,2,0,0,27,HU,6,2,0,0,0,0,0,0,0,0,0,0,0,0,0,0,0,0,8,0,0,0,0,0,,
1656,05184,"Amruta Vaishnavi Education & Welfare Trust's Shatabdi Institute of Engineering & Research, Agaskhind Tal. Sinnar",0518461210,Mechanical Engineering,27,11,14,2,0,0,27,OHU,2,1,0,0,0,0,0,0,0,0,0,0,0,0,0,0,0,0,3,0,0,0,0,0,,
1657,05303,"Hon. Shri. Babanrao Pachpute Vichardhara Trust, Group of Institutions (Integrated Campus)-Parikrama, Kashti Shrigondha,",0530319110,Civil Engineering,60,51,0,9,0,1,60,HU,9,4,3,1,2,1,1,1,0,0,2,0,1,0,4,1,2,1,33,2,1,2,1,6,,
1657,05303,"Hon. Shri. Babanrao Pachpute Vichardhara Trust, Group of Institutions (Integrated Campus)-Parikrama, Kashti Shrigondha,",0530319110,Civil Engineering,60,51,0,9,0,1,60,OHU,4,1,1,1,1,0,0,0,0,1,0,0,0,0,1,1,1,1,13,2,1,2,1,6,,
1658,05303,"Hon. Shri. Babanrao Pachpute Vichardhara Trust, Group of Institutions (Integrated Campus)-Parikrama, Kashti Shrigondha,",0530324510,Computer Engineering,120,97,0,18,5,1,115,HU,17,8,6,2,3,1,2,0,1,1,1,1,1,0,8,4,3,2,61,5,0,5,0,12,0530324511T,6
1658,05303,"Hon. Shri. Babanrao Pachpute Vichardhara Trust, Group of Institutions (Integrated Campus)-Parikrama, Kashti Shrigondha,",0530324510,Computer Engineering,120,97,0,18,5,1,115,OHU,6,3,2,1,2,1,1,0,0,0,1,1,1,0,3,1,1,1,25,5,0,5,0,12,0530324511T,6
1659,05303,"Hon. Shri. Babanrao Pachpute Vichardhara Trust, Group of Institutions (Integrated Campus)-Parikrama, Kashti Shrigondha,",0530329310,Electrical Engineering,60,51,0,9,0,1,60,HU,10,3,3,2,2,1,0,0,1,0,1,1,0,1,3,2,3,1,34,2,1,2,1,6,,
1659,05303,"Hon. Shri. Babanrao Pachpute Vichardhara Trust, Group of Institutions (Integrated Campus)-Parikrama, Kashti Shrigondha,",0530329310,Electrical Engineering,60,51,0,9,0,1,60,OHU,4,1,2,0,0,0,1,0,1,0,0,0,0,0,2,0,1,0,12,2,1,2,1,6,,
1660,05303,"Hon. Shri. Babanrao Pachpute Vichardhara Trust, Group of Institutions (Integrated Campus)-Parikrama, Kashti Shrigondha,",0530361210,Mechanical Engineering,60,51,0,9,0,1,60,HU,9,4,4,1,1,1,1,1,1,0,1,0,0,0,4,1,2,1,32,2,1,2,1,6,,
1660,05303,"Hon. Shri. Babanrao Pachpute Vichardhara Trust, Group of Institutions (Integrated Campus)-Parikrama, Kashti Shrigondha,",0530361210,Mechanical Engineering,60,51,0,9,0,1,60,OHU,3,2,0,1,2,0,0,0,0,0,1,0,0,1,1,1,2,0,14,2,1,2,1,6,,
1661,05303,"Hon. Shri. Babanrao Pachpute Vichardhara Trust, Group of Institutions (Integrated Campus)-Parikrama, Kashti Shrigondha,",0530384410,Electronics and Computer Engineering,60,49,0,9,2,0,58,HU,9,4,2,2,1,1,1,0,0,1,2,0,1,0,5,2,3,1,35,1,1,1,1,6,0530384411T,3
1661,05303,"Hon. Shri. Babanrao Pachpute Vichardhara Trust, Group of Institutions (Integrated Campus)-Parikrama, Kashti Shrigondha,",0530384410,Electronics and Computer Engineering,60,49,0,9,2,0,58,OHU,4,1,2,0,0,1,0,1,0,0,0,0,0,0,1,1,0,1,12,1,1,1,1,6,0530384411T,3
1662,05330,"PUNE VIDYARTHI GRIHA’S COLLEGE OF ENGINEERING & SHRIKRUSHNA S. DHAMANKAR INSTITUTE OF MANAGEMENT, NASHIK",0533024510,Computer Engineering,60,39,0,9,12,0,48,HU,6,3,2,1,3,0,1,0,0,0,0,0,1,0,3,2,2,1,25,1,1,1,1,6,0533024511T,3
1662,05330,"PUNE VIDYARTHI GRIHA’S COLLEGE OF ENGINEERING & SHRIKRUSHNA S. DHAMANKAR INSTITUTE OF MANAGEMENT, NASHIK",0533024510,Computer Engineering,60,39,0,9,12,0,48,OHU,2,2,1,1,0,0,0,0,1,0,1,0,0,0,2,1,1,0,12,1,1,1,1,6,0533024511T,3
1663,05330,"PUNE VIDYARTHI GRIHA’S COLLEGE OF ENGINEERING & SHRIKRUSHNA S. DHAMANKAR INSTITUTE OF MANAGEMENT, NASHIK",0533024610,Information Technology,60,39,0,9,12,0,48,HU,7,3,3,1,1,1,0,1,1,0,0,1,0,1,4,1,2,1,28,1,1,1,1,6,0533024611T,3
1663,05330,"PUNE VIDYARTHI GRIHA’S COLLEGE OF ENGINEERING & SHRIKRUSHNA S. DHAMANKAR INSTITUTE OF MANAGEMENT, NASHIK",0533024610,Information Technology,60,39,0,9,12,0,48,OHU,3,1,1,0,1,0,0,0,0,0,0,0,0,0,2,0,1,0,9,1,1,1,1,6,0533024611T,3
1664,05330,"PUNE VIDYARTHI GRIHA’S COLLEGE OF ENGINEERING & SHRIKRUSHNA S. DHAMANKAR INSTITUTE OF MANAGEMENT, NASHIK",0533037210,Electronics and Telecommunication Engg,60,39,0,9,12,0,48,HU,7,3,2,1,1,1,0,0,1,0,1,0,0,0,3,2,2,0,24,1,1,1,1,6,0533037211T,3
1664,05330,"PUNE VIDYARTHI GRIHA’S COLLEGE OF ENGINEERING & SHRIKRUSHNA S. DHAMANKAR INSTITUTE OF MANAGEMENT, NASHIK",0533037210,Electronics and Telecommunication Engg,60,39,0,9,12,0,48,OHU,3,1,1,1,1,0,1,0,0,0,0,0,1,0,1,1,1,1,13,1,1,1,1,6,0533037211T,3
1665,05330,"PUNE VIDYARTHI GRIHA’S COLLEGE OF ENGINEERING & SHRIKRUSHNA S. DHAMANKAR INSTITUTE OF MANAGEMENT, NASHIK",0533061210,Mechanical Engineering,60,51,0,9,0,1,60,HU,9,4,3,1,2,1,1,0,0,0,1,0,1,0,5,1,2,2,33,2,1,2,1,6,0533061211T,3
1665,05330,"PUNE VIDYARTHI GRIHA’S COLLEGE OF ENGINEERING & SHRIKRUSHNA S. DHAMANKAR INSTITUTE OF MANAGEMENT, NASHIK",0533061210,Mechanical Engineering,60,51,0,9,0,1,60,OHU,4,1,2,0,0,1,0,0,0,1,0,1,0,0,2,0,1,0,13,2,1,2,1,6,0533061211T,3
1666,05330,"PUNE VIDYARTHI GRIHA’S COLLEGE OF ENGINEERING & SHRIKRUSHNA S. DHAMANKAR INSTITUTE OF MANAGEMENT, NASHIK",0533099510,Artificial Intelligence and Data Science,60,39,0,9,12,0,48,HU,8,3,3,1,1,0,1,0,0,1,1,1,0,0,3,2,2,1,28,1,1,1,1,6,0533099511T,3
1666,05330,"PUNE VIDYARTHI GRIHA’S COLLEGE OF ENGINEERING & SHRIKRUSHNA S. DHAMANKAR INSTITUTE OF MANAGEMENT, NASHIK",0533099510,Artificial Intelligence and Data Science,60,39,0,9,12,0,48,OHU,2,1,0,1,1,0,1,0,0,0,0,0,0,0,1,1,0,1,9,1,1,1,1,6,0533099511T,3
1667,05331,"Sandip Foundation's, Sandip Institute of Engineering & Management, Nashik",0533119110,Civil Engineering,60,51,0,9,0,1,60,HU,9,4,3,1,2,1,0,1,1,0,1,0,1,0,4,2,3,0,33,2,1,2,1,6,,
1667,05331,"Sandip Foundation's, Sandip Institute of Engineering & Management, Nashik",0533119110,Civil Engineering,60,51,0,9,0,1,60,OHU,3,2,2,0,1,0,0,0,0,0,1,0,0,0,1,1,2,0,13,2,1,2,1,6,,
1668,05331,"Sandip Foundation's, Sandip Institute of Engineering & Management, Nashik",0533124510,Computer Engineering,120,90,0,18,12,1,108,HU,16,7,5,2,3,1,2,0,1,0,1,1,0,1,8,3,3,2,56,5,0,5,0,12,0533124511T,6
1668,05331,"Sandip Foundation's, Sandip Institute of Engineering & Management, Nashik",0533124510,Computer Engineering,120,90,0,18,12,1,108,OHU,6,3,1,1,1,1,0,1,1,0,1,0,1,0,3,1,1,1,23,5,0,5,0,12,0533124511T,6
1669,05331,"Sandip Foundation's, Sandip Institute of Engineering & Management, Nashik",0533129310,Electrical Engineering,60,51,0,9,0,1,60,HU,9,4,3,2,1,1,1,0,1,0,1,0,1,0,4,2,3,1,34,2,1,2,1,6,0533129311T,3
1669,05331,"Sandip Foundation's, Sandip Institute of Engineering & Management, Nashik",0533129310,Electrical Engineering,60,51,0,9,0,1,60,OHU,4,1,2,0,1,0,0,0,0,0,1,0,0,0,2,0,1,0,12,2,1,2,1,6,0533129311T,3
1670,05331,"Sandip Foundation's, Sandip Institute of Engineering & Management, Nashik",0533137210,Electronics and Telecommunication Engg,60,51,0,9,0,1,60,HU,9,4,3,1,3,0,0,1,0,1,1,1,0,0,4,1,2,1,32,2,1,2,1,6,0533137211T,3
1670,05331,"Sandip Foundation's, Sandip Institute of Engineering & Management, Nashik",0533137210,Electronics and Telecommunication Engg,60,51,0,9,0,1,60,OHU,3,2,1,1,1,0,1,0,0,0,0,0,1,0,1,1,1,1,14,2,1,2,1,6,0533137211T,3
1671,05331,"Sandip Foundation's, Sandip Institute of Engineering & Management, Nashik",0533161210,Mechanical Engineering,60,51,0,9,0,1,60,HU,9,4,3,2,1,1,1,0,1,0,1,0,1,0,3,2,3,1,33,2,1,2,1,6,0533161211T,3
1671,05331,"Sandip Foundation's, Sandip Institute of Engineering & Management, Nashik",0533161210,Mechanical Engineering,60,51,0,9,0,1,60,OHU,4,1,1,1,0,1,0,0,1,0,0,1,0,0,1,1,1,0,13,2,1,2,1,6,0533161211T,3
1672,05380,"Adsul's Technical Campus, Chas Dist. Ahmednagar",0538019110,Civil Engineering,60,51,0,9,0,1,60,HU,9,4,3,2,1,1,0,0,0,1,1,1,0,0,4,2,2,2,33,2,1,2,1,6,0538019111T,3
1672,05380,"Adsul's Technical Campus, Chas Dist. Ahmednagar",0538019110,Civil Engineering,60,51,0,9,0,1,60,OHU,4,1,2,0,1,0,0,1,0,0,0,0,1,0,1,1,0,1,13,2,1,2,1,6,0538019111T,3
1673,05380,"Adsul's Technical Campus, Chas Dist. Ahmednagar",0538024510,Computer Engineering,180,153,0,27,0,2,180,HU,27,12,9,4,5,2,2,1,3,0,3,1,1,1,12,5,7,2,97,7,1,7,1,18,0538024511T,9
1673,05380,"Adsul's Technical Campus, Chas Dist. Ahmednagar",0538024510,Computer Engineering,180,153,0,27,0,2,180,OHU,10,5,3,2,2,2,1,0,1,0,2,0,1,0,5,2,3,1,40,7,1,7,1,18,0538024511T,9
1674,05380,"Adsul's Technical Campus, Chas Dist. Ahmednagar",0538024610,Information Technology,60,51,0,9,0,1,60,HU,9,4,3,1,2,1,1,0,0,0,1,0,1,0,4,2,3,1,33,2,1,2,1,6,0538024611T,3
1674,05380,"Adsul's Technical Campus, Chas Dist. Ahmednagar",0538024610,Information Technology,60,51,0,9,0,1,60,OHU,4,1,2,0,1,0,0,0,1,0,0,1,0,0,2,0,1,0,13,2,1,2,1,6,0538024611T,3
1675,05380,"Adsul's Technical Campus, Chas Dist. Ahmednagar",0538029310,Electrical Engineering,60,51,0,9,0,1,60,HU,9,4,4,1,2,0,1,0,0,1,1,1,0,1,4,1,2,1,33,2,1,2,1,6,0538029311T,3
1675,05380,"Adsul's Technical Campus, Chas Dist. Ahmednagar",0538029310,Electrical Engineering,60,51,0,9,0,1,60,OHU,3,2,1,1,1,0,1,0,0,0,0,0,0,0,1,1,1,1,13,2,1,2,1,6,0538029311T,3
1676,05380,"Adsul's Technical Campus, Chas Dist. Ahmednagar",0538037210,Electronics and Telecommunication Engg,60,51,0,9,0,1,60,HU,10,3,3,1,2,1,0,1,2,0,1,0,1,0,4,2,2,2,35,2,1,2,1,6,0538037211T,3
1676,05380,"Adsul's Technical Campus, Chas Dist. Ahmednagar",0538037210,Electronics and Telecommunication Engg,60,51,0,9,0,1,60,OHU,4,1,1,1,0,1,0,0,0,0,1,0,0,0,1,0,1,0,11,2,1,2,1,6,0538037211T,3
1677,05380,"Adsul's Technical Campus, Chas Dist. Ahmednagar",0538061210,Mechanical Engineering,60,51,0,9,0,1,60,HU,9,4,3,2,1,1,1,0,0,0,1,0,0,0,3,2,3,0,30,2,1,2,1,6,0538061211T,3
1677,05380,"Adsul's Technical Campus, Chas Dist. Ahmednagar",0538061210,Mechanical Engineering,60,51,0,9,0,1,60,OHU,3,2,2,0,1,0,0,1,0,1,1,0,0,1,1,1,1,1,16,2,1,2,1,6,0538061211T,3
1678,05380,"Adsul's Technical Campus, Chas Dist. Ahmednagar",0538099510,Artificial Intelligence and Data Science,60,51,0,9,0,1,60,HU,9,4,4,1,2,1,1,0,0,1,1,1,1,0,4,2,2,2,36,2,1,2,1,6,0538099511T,3
1678,05380,"Adsul's Technical Campus, Chas Dist. Ahmednagar",0538099510,Artificial Intelligence and Data Science,60,51,0,9,0,1,60,OHU,4,1,1,0,1,0,0,0,0,0,0,0,0,0,2,0,1,0,10,2,1,2,1,6,0538099511T,3
1679,05382,"Ahmednagar Jilha Maratha Vidya Prasarak Samajache, Shri. Chhatrapati Shivaji Maharaj College of Engineering, Nepti",0538219110,Civil Engineering,60,51,0,9,0,1,60,HU,9,4,2,2,2,1,0,0,2,0,1,0,1,0,5,1,3,1,34,2,1,2,1,6,,
1679,05382,"Ahmednagar Jilha Maratha Vidya Prasarak Samajache, Shri. Chhatrapati Shivaji Maharaj College of Engineering, Nepti",0538219110,Civil Engineering,60,51,0,9,0,1,60,OHU,4,1,1,1,1,0,0,1,0,0,1,0,0,0,1,0,0,1,12,2,1,2,1,6,,
1680,05382,"Ahmednagar Jilha Maratha Vidya Prasarak Samajache, Shri. Chhatrapati Shivaji Maharaj College of Engineering, Nepti",0538224510,Computer Engineering,60,39,0,9,12,0,48,HU,7,3,3,0,1,0,1,0,0,0,0,1,0,1,3,2,2,1,25,1,1,1,1,6,0538224511T,3
1680,05382,"Ahmednagar Jilha Maratha Vidya Prasarak Samajache, Shri. Chhatrapati Shivaji Maharaj College of Engineering, Nepti",0538224510,Computer Engineering,60,39,0,9,12,0,48,OHU,3,1,1,1,1,0,0,0,0,1,0,0,0,0,2,1,1,0,12,1,1,1,1,6,0538224511T,3
1681,05382,"Ahmednagar Jilha Maratha Vidya Prasarak Samajache, Shri. Chhatrapati Shivaji Maharaj College of Engineering, Nepti",0538226310,Artificial Intelligence (AI) and Data Science,60,45,0,9,6,0,54,HU,9,3,3,2,1,1,0,1,0,1,1,0,1,0,4,2,2,1,32,1,1,1,1,6,0538226311T,3
1681,05382,"Ahmednagar Jilha Maratha Vidya Prasarak Samajache, Shri. Chhatrapati Shivaji Maharaj College of Engineering, Nepti",0538226310,Artificial Intelligence (AI) and Data Science,60,45,0,9,6,0,54,OHU,3,1,1,0,0,1,1,0,0,0,0,1,0,0,1,1,1,0,11,1,1,1,1,6,0538226311T,3
1682,05382,"Ahmednagar Jilha Maratha Vidya Prasarak Samajache, Shri. Chhatrapati Shivaji Maharaj College of Engineering, Nepti",0538237210,Electronics and Telecommunication Engg,60,51,0,9,0,1,60,HU,9,4,3,1,2,1,1,0,1,0,1,1,0,0,4,2,2,1,33,2,1,2,1,6,0538237211T,3
1682,05382,"Ahmednagar Jilha Maratha Vidya Prasarak Samajache, Shri. Chhatrapati Shivaji Maharaj College of Engineering, Nepti",0538237210,Electronics and Telecommunication Engg,60,51,0,9,0,1,60,OHU,3,2,1,1,1,0,0,0,0,0,0,0,0,1,2,0,1,1,13,2,1,2,1,6,0538237211T,3
1683,05382,"Ahmednagar Jilha Maratha Vidya Prasarak Samajache, Shri. Chhatrapati Shivaji Maharaj College of Engineering, Nepti",0538261210,Mechanical Engineering,60,51,0,9,0,1,60,HU,9,4,3,2,2,0,1,0,0,0,1,0,1,0,4,1,3,1,32,2,1,2,1,6,0538261211T,3
1683,05382,"Ahmednagar Jilha Maratha Vidya Prasarak Samajache, Shri. Chhatrapati Shivaji Maharaj College of Engineering, Nepti",0538261210,Mechanical Engineering,60,51,0,9,0,1,60,OHU,4,1,2,0,1,0,1,0,1,0,1,0,0,0,1,1,1,0,14,2,1,2,1,6,0538261211T,3
1684,05390,"K.V.N. Naik S. P. Sansth's Loknete Gopinathji Munde Institute of Engineering Education & Research, Nashik.",0539019110,Civil Engineering,60,51,0,9,0,1,60,HU,9,4,3,1,2,1,0,1,1,1,1,1,0,1,3,2,2,1,34,2,1,2,1,6,,
1684,05390,"K.V.N. Naik S. P. Sansth's Loknete Gopinathji Munde Institute of Engineering Education & Research, Nashik.",0539019110,Civil Engineering,60,51,0,9,0,1,60,OHU,3,2,1,1,1,0,0,0,0,0,0,0,0,0,1,1,1,1,12,2,1,2,1,6,,
1685,05390,"K.V.N. Naik S. P. Sansth's Loknete Gopinathji Munde Institute of Engineering Education & Research, Nashik.",0539024510,Computer Engineering,60,39,0,9,12,0,48,HU,6,3,2,1,1,1,1,0,0,0,0,0,0,0,5,1,2,1,24,1,1,1,1,6,0539024511T,3
1685,05390,"K.V.N. Naik S. P. Sansth's Loknete Gopinathji Munde Institute of Engineering Education & Research, Nashik.",0539024510,Computer Engineering,60,39,0,9,12,0,48,OHU,3,1,2,0,0,1,0,0,1,0,1,0,1,0,2,0,1,0,13,1,1,1,1,6,0539024511T,3
1686,05390,"K.V.N. Naik S. P. Sansth's Loknete Gopinathji Munde Institute of Engineering Education & Research, Nashik.",0539024610,Information Technology,30,19,0,5,6,0,24,HU,4,1,2,0,1,0,1,0,0,0,1,0,0,0,1,1,1,0,13,1,0,1,0,3,0539024611T,2
1686,05390,"K.V.N. Naik S. P. Sansth's Loknete Gopinathji Munde Institute of Engineering Education & Research, Nashik.",0539024610,Information Technology,30,19,0,5,6,0,24,OHU,0,1,0,1,0,0,0,0,0,0,0,0,0,0,0,1,1,0,4,1,0,1,0,3,0539024611T,2
1687,05390,"K.V.N. Naik S. P. Sansth's Loknete Gopinathji Munde Institute of Engineering Education & Research, Nashik.",0539029310,Electrical Engineering,60,51,0,9,0,1,60,HU,9,4,3,2,1,1,1,0,1,0,1,0,1,0,4,1,3,1,33,2,1,2,1,6,0539029311T,3
1687,05390,"K.V.N. Naik S. P. Sansth's Loknete Gopinathji Munde Institute of Engineering Education & Research, Nashik.",0539029310,Electrical Engineering,60,51,0,9,0,1,60,OHU,4,1,2,0,1,0,1,0,0,0,0,1,0,0,2,0,0,1,13,2,1,2,1,6,0539029311T,3
1688,05390,"K.V.N. Naik S. P. Sansth's Loknete Gopinathji Munde Institute of Engineering Education & Research, Nashik.",0539061210,Mechanical Engineering,60,51,0,9,0,1,60,HU,9,4,4,1,2,1,0,1,1,1,1,0,1,0,4,2,2,1,35,2,1,2,1,6,,
1688,05390,"K.V.N. Naik S. P. Sansth's Loknete Gopinathji Munde Institute of Engineering Education & Research, Nashik.",0539061210,Mechanical Engineering,60,51,0,9,0,1,60,OHU,3,2,0,1,1,0,0,0,0,0,0,0,0,0,1,1,2,0,11,2,1,2,1,6,,
1689,05390,"K.V.N. Naik S. P. Sansth's Loknete Gopinathji Munde Institute of Engineering Education & Research, Nashik.",0539092110,Artificial Intelligence and Machine Learning,60,39,0,9,12,0,48,HU,7,3,2,1,2,0,0,0,0,0,0,1,0,0,3,2,2,1,24,1,1,1,1,6,0539092111T,3
1689,05390,"K.V.N. Naik S. P. Sansth's Loknete Gopinathji Munde Institute of Engineering Education & Research, Nashik.",0539092110,Artificial Intelligence and Machine Learning,60,39,0,9,12,0,48,OHU,3,1,2,0,0,1,0,1,0,1,0,0,1,0,2,0,0,1,13,1,1,1,1,6,0539092111T,3
1690,05399,"Sanghavi College of Engineering, Varvandi, Nashik.",0539919110,Civil Engineering,60,51,0,9,0,1,60,HU,9,4,4,1,2,0,0,1,0,1,1,1,0,0,4,1,3,1,33,2,1,2,1,6,,
1690,05399,"Sanghavi College of Engineering, Varvandi, Nashik.",0539919110,Civil Engineering,60,51,0,9,0,1,60,OHU,4,1,1,1,0,1,1,0,0,0,0,0,1,0,2,0,0,1,13,2,1,2,1,6,,
1691,05399,"Sanghavi College of Engineering, Varvandi, Nashik.",0539924510,Computer Engineering,60,51,0,9,0,1,60,HU,10,3,2,2,1,1,1,0,1,0,1,0,1,0,3,2,2,1,31,2,1,2,1,6,0539924511T,3
1691,05399,"Sanghavi College of Engineering, Varvandi, Nashik.",0539924510,Computer Engineering,60,51,0,9,0,1,60,OHU,3,2,1,1,2,0,0,0,1,0,1,0,0,0,1,1,2,0,15,2,1,2,1,6,0539924511T,3
1692,05399,"Sanghavi College of Engineering, Varvandi, Nashik.",0539924610,Information Technology,60,51,0,9,0,1,60,HU,9,4,4,1,2,1,1,0,1,0,1,0,0,1,4,2,3,1,35,2,1,2,1,6,0539924611T,3
1692,05399,"Sanghavi College of Engineering, Varvandi, Nashik.",0539924610,Information Technology,60,51,0,9,0,1,60,OHU,4,1,2,0,0,0,0,0,0,0,1,0,0,0,1,1,0,1,11,2,1,2,1,6,0539924611T,3
1693,05399,"Sanghavi College of Engineering, Varvandi, Nashik.",0539929310,Electrical Engineering,60,51,0,9,0,1,60,HU,9,4,3,1,1,1,0,1,0,1,1,1,0,0,4,1,2,1,31,2,1,2,1,6,,
1693,05399,"Sanghavi College of Engineering, Varvandi, Nashik.",0539929310,Electrical Engineering,60,51,0,9,0,1,60,OHU,3,2,1,1,1,1,1,0,0,0,0,0,0,1,2,0,2,0,15,2,1,2,1,6,,
1694,05399,"Sanghavi College of Engineering, Varvandi, Nashik.",0539961210,Mechanical Engineering,60,51,0,9,0,1,60,HU,9,4,3,2,2,0,1,0,0,0,1,0,1,0,4,2,3,1,33,2,1,2,1,6,,
1694,05399,"Sanghavi College of Engineering, Varvandi, Nashik.",0539961210,Mechanical Engineering,60,51,0,9,0,1,60,OHU,4,1,2,0,1,0,0,1,1,0,0,1,0,0,0,1,0,1,13,2,1,2,1,6,,
1695,05399,"Sanghavi College of Engineering, Varvandi, Nashik.",0539992110,Artificial Intelligence and Machine Learning,60,51,0,9,0,1,60,HU,9,4,3,1,2,1,1,0,2,0,1,1,1,0,3,2,2,1,34,2,1,2,1,6,0539992111T,3
1695,05399,"Sanghavi College of Engineering, Varvandi, Nashik.",0539992110,Artificial Intelligence and Machine Learning,60,51,0,9,0,1,60,OHU,3,2,1,1,1,0,0,0,0,0,0,0,0,0,2,0,2,0,12,2,1,2,1,6,0539992111T,3
1696,05401,"Jawahar Education Society's Institute of Technology, Management & Research, Nashik.",0540119110,Civil Engineering,23,20,0,3,0,0,23,HU,3,2,2,1,1,0,1,0,0,0,0,0,0,0,3,0,0,1,14,1,0,1,0,2,,
1696,05401,"Jawahar Education Society's Institute of Technology, Management & Research, Nashik.",0540119110,Civil Engineering,23,20,0,3,0,0,23,OHU,1,0,0,0,0,0,0,0,0,0,1,0,0,0,1,0,1,0,4,1,0,1,0,2,,
1697,05401,"Jawahar Education Society's Institute of Technology, Management & Research, Nashik.",0540124510,Computer Engineering,120,78,0,18,24,1,96,HU,13,6,4,2,2,1,0,1,0,1,2,0,0,1,6,3,5,1,48,4,0,4,0,12,0540124511T,6
1697,05401,"Jawahar Education Society's Institute of Technology, Management & Research, Nashik.",0540124510,Computer Engineering,120,78,0,18,24,1,96,OHU,5,3,1,1,1,1,1,0,0,1,0,0,1,0,2,2,1,1,21,4,0,4,0,12,0540124511T,6
1698,05401,"Jawahar Education Society's Institute of Technology, Management & Research, Nashik.",0540124610,Information Technology,90,67,0,14,9,1,81,HU,13,5,4,1,3,1,2,0,1,0,1,1,1,0,5,3,2,2,45,2,1,2,1,9,0540124611T,5
1698,05401,"Jawahar Education Society's Institute of Technology, Management & Research, Nashik.",0540124610,Information Technology,90,67,0,14,9,1,81,OHU,5,2,3,0,1,0,0,0,1,0,1,0,0,0,2,0,1,1,17,2,1,2,1,9,0540124611T,5
1699,05401,"Jawahar Education Society's Institute of Technology, Management & Research, Nashik.",0540126310,Artificial Intelligence (AI) and Data Science,90,58,0,14,18,1,72,HU,11,4,4,2,2,1,0,1,1,0,1,0,1,0,5,1,3,1,38,2,1,2,1,9,0540126311T,5
1699,05401,"Jawahar Education Society's Institute of Technology, Management & Research, Nashik.",0540126310,Artificial Intelligence (AI) and Data Science,90,58,0,14,18,1,72,OHU,5,1,1,1,0,1,1,0,0,0,0,1,0,0,2,1,1,0,15,2,1,2,1,9,0540126311T,5
1700,05401,"Jawahar Education Society's Institute of Technology, Management & Research, Nashik.",0540129310,Electrical Engineering,60,51,0,9,0,1,60,HU,9,4,3,1,2,1,1,0,1,0,1,1,0,0,4,2,2,1,33,2,1,2,1,6,,
1700,05401,"Jawahar Education Society's Institute of Technology, Management & Research, Nashik.",0540129310,Electrical Engineering,60,51,0,9,0,1,60,OHU,3,2,1,1,1,0,0,0,0,0,0,0,1,0,1,1,1,1,13,2,1,2,1,6,,
1701,05401,"Jawahar Education Society's Institute of Technology, Management & Research, Nashik.",0540161210,Mechanical Engineering,23,20,0,3,0,0,23,HU,3,2,1,1,0,0,0,0,0,1,0,0,0,0,2,1,2,0,13,1,0,1,0,2,,
1701,05401,"Jawahar Education Society's Institute of Technology, Management & Research, Nashik.",0540161210,Mechanical Engineering,23,20,0,3,0,0,23,OHU,0,1,1,0,1,0,0,1,0,0,1,0,0,0,0,0,0,0,5,1,0,1,0,2,,
1702,05401,"Jawahar Education Society's Institute of Technology, Management & Research, Nashik.",0540184410,Electronics and Computer Engineering,60,51,0,9,0,1,60,HU,9,4,3,1,2,1,1,0,0,0,2,0,1,0,4,2,2,1,33,2,1,2,1,6,0540184411T,3
1702,05401,"Jawahar Education Society's Institute of Technology, Management & Research, Nashik.",0540184410,Electronics and Computer Engineering,60,51,0,9,0,1,60,OHU,4,1,1,1,1,0,0,0,1,0,0,0,0,0,2,0,2,0,13,2,1,2,1,6,0540184411T,3
1703,05408,"Vidya Niketan College of Engineering, Bota Sangamner",0540819110,Civil Engineering,60,51,0,9,0,1,60,HU,9,4,3,2,1,1,0,1,1,0,0,1,0,1,4,1,3,1,33,2,1,2,1,6,,
1703,05408,"Vidya Niketan College of Engineering, Bota Sangamner",0540819110,Civil Engineering,60,51,0,9,0,1,60,OHU,3,2,2,0,0,1,1,0,0,0,1,0,0,0,1,1,1,0,13,2,1,2,1,6,,
1704,05408,"Vidya Niketan College of Engineering, Bota Sangamner",0540824510,Computer Engineering,60,51,0,9,0,1,60,HU,9,4,3,1,2,1,1,0,1,0,1,0,0,0,4,2,2,1,32,2,1,2,1,6,,
1704,05408,"Vidya Niketan College of Engineering, Bota Sangamner",0540824510,Computer Engineering,60,51,0,9,0,1,60,OHU,4,1,1,1,1,0,0,0,0,0,0,1,0,1,1,1,1,1,14,2,1,2,1,6,,
1705,05408,"Vidya Niketan College of Engineering, Bota Sangamner",0540829310,Electrical Engineering,30,25,0,5,0,0,30,HU,4,2,2,1,1,0,1,0,0,0,1,0,0,0,2,1,1,1,17,1,0,1,0,3,,
1705,05408,"Vidya Niketan College of Engineering, Bota Sangamner",0540829310,Electrical Engineering,30,25,0,5,0,0,30,OHU,1,1,1,0,0,0,0,0,0,0,0,0,0,0,2,0,1,0,6,1,0,1,0,3,,
1706,05408,"Vidya Niketan College of Engineering, Bota Sangamner",0540837210,Electronics and Telecommunication Engg,60,51,0,9,0,1,60,HU,9,4,3,1,1,1,1,0,0,0,1,1,1,0,4,2,3,1,33,2,1,2,1,6,,
1706,05408,"Vidya Niketan College of Engineering, Bota Sangamner",0540837210,Electronics and Telecommunication Engg,60,51,0,9,0,1,60,OHU,4,1,1,1,1,1,1,0,0,1,0,0,0,0,1,0,0,1,13,2,1,2,1,6,,
1707,05408,"Vidya Niketan College of Engineering, Bota Sangamner",0540861210,Mechanical Engineering,60,51,0,9,0,1,60,HU,9,4,4,1,3,0,0,1,1,1,1,0,1,0,4,1,2,1,34,2,1,2,1,6,,
1707,05408,"Vidya Niketan College of Engineering, Bota Sangamner",0540861210,Mechanical Engineering,60,51,0,9,0,1,60,OHU,3,2,2,0,0,0,0,0,0,0,1,0,0,0,1,1,2,0,12,2,1,2,1,6,,
1708,05409,"Rajiv Gandhi College of Engineering, At Post Karjule Hariya Tal.Parner, Dist.Ahmednagar",0540924510,Computer Engineering,120,102,0,18,0,1,120,HU,18,8,5,3,2,2,2,0,1,0,2,1,0,1,9,4,4,2,64,5,0,5,0,12,0540924511T,6
1708,05409,"Rajiv Gandhi College of Engineering, At Post Karjule Hariya Tal.Parner, Dist.Ahmednagar",0540924510,Computer Engineering,120,102,0,18,0,1,120,OHU,7,3,2,1,2,1,1,0,1,0,1,0,1,0,3,2,1,1,27,5,0,5,0,12,0540924511T,6
1709,05409,"Rajiv Gandhi College of Engineering, At Post Karjule Hariya Tal.Parner, Dist.Ahmednagar",0540929310,Electrical Engineering,60,51,0,9,0,1,60,HU,10,3,4,1,2,1,0,1,0,1,1,0,1,0,3,2,3,1,34,2,1,2,1,6,,
1709,05409,"Rajiv Gandhi College of Engineering, At Post Karjule Hariya Tal.Parner, Dist.Ahmednagar",0540929310,Electrical Engineering,60,51,0,9,0,1,60,OHU,4,1,1,0,1,0,0,1,0,0,1,0,0,0,2,0,1,0,12,2,1,2,1,6,,
1710,05409,"Rajiv Gandhi College of Engineering, At Post Karjule Hariya Tal.Parner, Dist.Ahmednagar",0540937210,Electronics and Telecommunication Engg,60,51,0,9,0,1,60,HU,9,4,3,1,2,0,1,0,1,0,1,1,1,0,4,2,2,1,33,2,1,2,1,6,,
1710,05409,"Rajiv Gandhi College of Engineering, At Post Karjule Hariya Tal.Parner, Dist.Ahmednagar",0540937210,Electronics and Telecommunication Engg,60,51,0,9,0,1,60,OHU,3,2,2,1,1,0,0,0,0,0,0,0,0,0,1,1,1,1,13,2,1,2,1,6,,
1711,05409,"Rajiv Gandhi College of Engineering, At Post Karjule Hariya Tal.Parner, Dist.Ahmednagar",0540961210,Mechanical Engineering,120,102,0,18,0,1,120,HU,18,8,6,3,3,2,1,1,1,0,1,1,0,1,10,3,4,2,65,5,0,5,0,12,,
1711,05409,"Rajiv Gandhi College of Engineering, At Post Karjule Hariya Tal.Parner, Dist.Ahmednagar",0540961210,Mechanical Engineering,120,102,0,18,0,1,120,OHU,7,3,1,1,1,1,1,0,1,0,1,1,1,0,4,1,2,0,26,5,0,5,0,12,,
1712,05411,"Maulana Mukhtar Ahmad Nadvi Technical Campus, Malegaon.",0541119110,Civil Engineering,60,25,31,4,0,0,60,HU,13,5,0,0,0,0,0,0,0,0,0,0,0,0,0,0,0,0,18,0,0,0,0,0,,
1712,05411,"Maulana Mukhtar Ahmad Nadvi Technical Campus, Malegaon.",0541119110,Civil Engineering,60,25,31,4,0,0,60,OHU,5,2,0,0,0,0,0,0,0,0,0,0,0,0,0,0,0,0,7,0,0,0,0,0,,
1713,05411,"Maulana Mukhtar Ahmad Nadvi Technical Campus, Malegaon.",0541124510,Computer Engineering,120,42,61,7,10,0,110,HU,20,9,0,0,0,0,0,0,0,0,0,0,0,0,0,0,0,0,29,0,0,0,0,0,0541124511T,6
1713,05411,"Maulana Mukhtar Ahmad Nadvi Technical Campus, Malegaon.",0541124510,Computer Engineering,120,42,61,7,10,0,110,OHU,9,4,0,0,0,0,0,0,0,0,0,0,0,0,0,0,0,0,13,0,0,0,0,0,0541124511T,6
1714,05411,"Maulana Mukhtar Ahmad Nadvi Technical Campus, Malegaon.",0541129310,Electrical Engineering,30,13,15,2,0,0,30,HU,6,3,0,0,0,0,0,0,0,0,0,0,0,0,0,0,0,0,9,0,0,0,0,0,,
1714,05411,"Maulana Mukhtar Ahmad Nadvi Technical Campus, Malegaon.",0541129310,Electrical Engineering,30,13,15,2,0,0,30,OHU,3,1,0,0,0,0,0,0,0,0,0,0,0,0,0,0,0,0,4,0,0,0,0,0,,
1715,05411,"Maulana Mukhtar Ahmad Nadvi Technical Campus, Malegaon.",0541137210,Electronics and Telecommunication Engg,30,13,15,2,0,0,30,HU,7,3,0,0,0,0,0,0,0,0,0,0,0,0,0,0,0,0,10,0,0,0,0,0,,
1715,05411,"Maulana Mukhtar Ahmad Nadvi Technical Campus, Malegaon.",0541137210,Electronics and Telecommunication Engg,30,13,15,2,0,0,30,OHU,2,1,0,0,0,0,0,0,0,0,0,0,0,0,0,0,0,0,3,0,0,0,0,0,,
1716,05411,"Maulana Mukhtar Ahmad Nadvi Technical Campus, Malegaon.",0541161210,Mechanical Engineering,60,25,31,4,0,0,60,HU,12,5,0,0,0,0,0,0,0,0,0,0,0,0,0,0,0,0,17,0,0,0,0,0,,
1716,05411,"Maulana Mukhtar Ahmad Nadvi Technical Campus, Malegaon.",0541161210,Mechanical Engineering,60,25,31,4,0,0,60,OHU,6,2,0,0,0,0,0,0,0,0,0,0,0,0,0,0,0,0,8,0,0,0,0,0,,
1717,05418,"Guru Gobind Singh College of Engineering & Research Centre, Nashik.",0541819110,Civil Engineering,60,51,0,9,0,1,60,HU,9,4,3,1,2,1,2,0,1,0,2,0,1,0,4,2,3,1,36,2,1,2,1,6,0541819111T,3
1717,05418,"Guru Gobind Singh College of Engineering & Research Centre, Nashik.",0541819110,Civil Engineering,60,51,0,9,0,1,60,OHU,4,1,1,1,1,0,0,0,0,0,0,0,0,0,0,1,0,1,10,2,1,2,1,6,0541819111T,3
1718,05418,"Guru Gobind Singh College of Engineering & Research Centre, Nashik.",0541824510,Computer Engineering,120,78,0,18,24,1,96,HU,14,6,4,2,3,1,1,0,0,1,1,1,1,0,5,3,4,1,48,4,0,4,0,12,0541824511T,6
1718,05418,"Guru Gobind Singh College of Engineering & Research Centre, Nashik.",0541824510,Computer Engineering,120,78,0,18,24,1,96,OHU,4,3,2,0,1,0,1,0,0,1,1,0,0,1,3,1,2,1,21,4,0,4,0,12,0541824511T,6
1719,05418,"Guru Gobind Singh College of Engineering & Research Centre, Nashik.",0541826310,Artificial Intelligence (AI) and Data Science,60,39,0,9,12,0,48,HU,7,3,2,1,2,0,0,1,1,0,1,0,1,0,4,1,2,1,27,1,1,1,1,6,0541826311T,3
1719,05418,"Guru Gobind Singh College of Engineering & Research Centre, Nashik.",0541826310,Artificial Intelligence (AI) and Data Science,60,39,0,9,12,0,48,OHU,3,1,1,1,0,1,0,0,0,0,0,0,0,0,2,0,1,0,10,1,1,1,1,6,0541826311T,3
1720,05418,"Guru Gobind Singh College of Engineering & Research Centre, Nashik.",0541829310,Electrical Engineering,60,51,0,9,0,1,60,HU,9,4,3,2,1,1,1,0,0,0,1,0,0,0,4,2,2,2,32,2,1,2,1,6,0541829311T,3
1720,05418,"Guru Gobind Singh College of Engineering & Research Centre, Nashik.",0541829310,Electrical Engineering,60,51,0,9,0,1,60,OHU,4,1,2,0,1,0,0,1,1,0,0,1,1,0,0,1,1,0,14,2,1,2,1,6,0541829311T,3
1721,05418,"Guru Gobind Singh College of Engineering & Research Centre, Nashik.",0541861210,Mechanical Engineering,60,51,0,9,0,1,60,HU,9,4,3,1,2,1,1,0,1,0,0,1,0,1,4,2,3,0,33,2,1,2,1,6,0541861211T,3
1721,05418,"Guru Gobind Singh College of Engineering & Research Centre, Nashik.",0541861210,Mechanical Engineering,60,51,0,9,0,1,60,OHU,3,2,1,1,1,0,0,0,0,0,1,0,0,0,2,0,1,1,13,2,1,2,1,6,0541861211T,3
1722,05418,"Guru Gobind Singh College of Engineering & Research Centre, Nashik.",0541891610,Automation and Robotics,60,51,0,9,0,1,60,HU,9,4,4,1,2,0,0,1,0,1,2,0,1,0,4,1,2,2,34,2,1,2,1,6,0541891611T,3
1722,05418,"Guru Gobind Singh College of Engineering & Research Centre, Nashik.",0541891610,Automation and Robotics,60,51,0,9,0,1,60,OHU,4,1,1,1,0,1,1,0,0,0,0,0,0,0,1,1,1,0,12,2,1,2,1,6,0541891611T,3
1723,06004,"Government College of Engineering & Research, Avasari Khurd",0600419110,Civil Engineering,60,60,0,0,0,1,60,HU,12,4,3,1,2,1,1,0,1,1,1,0,1,0,5,2,3,1,39,2,1,2,1,6,0600419111T,3
1723,06004,"Government College of Engineering & Research, Avasari Khurd",0600419110,Civil Engineering,60,60,0,0,0,1,60,OHU,4,2,3,0,2,0,0,0,0,0,1,0,0,0,1,1,2,0,16,2,1,2,1,6,0600419111T,3
1724,06004,"Government College of Engineering & Research, Avasari Khurd",0600424510,Computer Engineering,60,60,0,0,0,1,60,HU,10,5,4,2,2,1,1,1,0,0,2,0,0,0,5,2,3,1,39,2,1,2,1,6,0600424511T,3
1724,06004,"Government College of Engineering & Research, Avasari Khurd",0600424510,Computer Engineering,60,60,0,0,0,1,60,OHU,4,2,1,1,0,1,0,0,1,0,0,0,1,0,2,1,1,1,16,2,1,2,1,6,0600424511T,3
1725,06004,"Government College of Engineering & Research, Avasari Khurd",0600437210,Electronics and Telecommunication Engg,60,60,0,0,0,1,60,HU,11,5,4,1,2,1,1,0,2,0,0,1,0,1,5,2,3,1,40,2,1,2,1,6,0600437211T,3
1725,06004,"Government College of Engineering & Research, Avasari Khurd",0600437210,Electronics and Telecommunication Engg,60,60,0,0,0,1,60,OHU,4,2,1,1,1,0,0,1,0,0,1,0,0,0,2,0,1,1,15,2,1,2,1,6,0600437211T,3
1726,06004,"Government College of Engineering & Research, Avasari Khurd",0600446410,Instrumentation and Control Engineering,60,60,0,0,0,1,60,HU,11,4,4,2,1,1,1,0,0,0,1,0,1,0,5,2,3,2,38,2,1,2,1,6,0600446411T,3
1726,06004,"Government College of Engineering & Research, Avasari Khurd",0600446410,Instrumentation and Control Engineering,60,60,0,0,0,1,60,OHU,5,1,2,0,1,1,1,0,0,1,0,1,0,0,2,1,1,0,17,2,1,2,1,6,0600446411T,3
1727,06004,"Government College of Engineering & Research, Avasari Khurd",0600460210,Automobile Engineering,60,60,0,0,0,1,60,HU,11,5,3,2,3,0,0,1,1,1,1,1,0,0,5,2,3,1,40,2,1,2,1,6,0600460211T,3
1727,06004,"Government College of Engineering & Research, Avasari Khurd",0600460210,Automobile Engineering,60,60,0,0,0,1,60,OHU,4,2,2,1,1,0,0,0,0,0,0,0,1,0,1,1,1,1,15,2,1,2,1,6,0600460211T,3
1728,06004,"Government College of Engineering & Research, Avasari Khurd",0600461210,Mechanical Engineering,60,60,0,0,0,1,60,HU,11,5,4,2,2,1,1,0,1,0,1,0,1,0,4,2,3,1,39,2,1,2,1,6,0600461211T,3
1728,06004,"Government College of Engineering & Research, Avasari Khurd",0600461210,Mechanical Engineering,60,60,0,0,0,1,60,OHU,4,2,1,1,1,0,1,0,0,0,1,0,0,0,2,1,2,0,16,2,1,2,1,6,0600461211T,3
1729,06122,"TSSMS's Pd. Vasantdada Patil Institute of Technology, Bavdhan, Pune",0612219110,Civil Engineering,60,51,0,9,0,1,60,HU,9,4,3,2,2,1,0,1,1,0,1,0,1,0,4,1,3,1,34,2,1,2,1,6,,
1729,06122,"TSSMS's Pd. Vasantdada Patil Institute of Technology, Bavdhan, Pune",0612219110,Civil Engineering,60,51,0,9,0,1,60,OHU,3,2,1,0,0,1,1,0,0,0,1,0,0,0,1,1,1,0,12,2,1,2,1,6,,
1730,06122,"TSSMS's Pd. Vasantdada Patil Institute of Technology, Bavdhan, Pune",0612224510,Computer Engineering,180,117,0,27,36,1,144,HU,22,9,7,2,4,1,2,0,1,1,2,1,1,0,10,5,5,2,75,5,1,5,1,18,0612224511T,9
1730,06122,"TSSMS's Pd. Vasantdada Patil Institute of Technology, Bavdhan, Pune",0612224510,Computer Engineering,180,117,0,27,36,1,144,OHU,8,3,3,1,2,1,1,0,1,0,0,1,0,1,4,2,2,1,31,5,1,5,1,18,0612224511T,9
1731,06122,"TSSMS's Pd. Vasantdada Patil Institute of Technology, Bavdhan, Pune",0612237210,Electronics and Telecommunication Engg,60,48,0,9,3,0,57,HU,9,4,2,2,1,1,1,1,1,0,1,1,0,1,5,1,2,1,34,1,1,1,1,6,0612237211T,3
1731,06122,"TSSMS's Pd. Vasantdada Patil Institute of Technology, Bavdhan, Pune",0612237210,Electronics and Telecommunication Engg,60,48,0,9,3,0,57,OHU,4,1,1,1,1,0,0,0,0,0,0,0,0,0,2,1,0,1,12,1,1,1,1,6,0612237211T,3
1732,06122,"TSSMS's Pd. Vasantdada Patil Institute of Technology, Bavdhan, Pune",0612261210,Mechanical Engineering,120,102,0,18,0,1,120,HU,18,8,6,2,4,1,2,0,1,1,2,0,1,0,9,4,4,2,65,5,0,5,0,12,,
1732,06122,"TSSMS's Pd. Vasantdada Patil Institute of Technology, Bavdhan, Pune",0612261210,Mechanical Engineering,120,102,0,18,0,1,120,OHU,7,3,2,1,1,1,0,1,0,1,2,0,1,0,3,1,2,0,26,5,0,5,0,12,,
1733,06122,"TSSMS's Pd. Vasantdada Patil Institute of Technology, Bavdhan, Pune",0612291210,Computer Science and Engineering(Data Science),60,39,0,9,12,0,48,HU,7,3,3,1,1,1,0,0,1,0,1,0,1,0,2,2,2,1,26,1,1,1,1,6,0612291211T,3
1733,06122,"TSSMS's Pd. Vasantdada Patil Institute of Technology, Bavdhan, Pune",0612291210,Computer Science and Engineering(Data Science),60,39,0,9,12,0,48,OHU,2,2,1,0,1,0,1,0,0,0,0,0,0,0,2,1,0,1,11,1,1,1,1,6,0612291211T,3
1734,06138,"Genba Sopanrao Moze Trust Parvatibai Genba Moze College of Engineering,Wagholi, Pune",0613819110,Civil Engineering,30,25,0,5,0,0,30,HU,4,2,1,1,1,1,0,1,0,0,0,0,0,1,3,1,1,1,18,1,0,1,0,3,,
1734,06138,"Genba Sopanrao Moze Trust Parvatibai Genba Moze College of Engineering,Wagholi, Pune",0613819110,Civil Engineering,30,25,0,5,0,0,30,OHU,2,0,1,0,0,0,0,0,0,0,0,0,0,0,1,0,1,0,5,1,0,1,0,3,,
1735,06138,"Genba Sopanrao Moze Trust Parvatibai Genba Moze College of Engineering,Wagholi, Pune",0613824510,Computer Engineering,120,78,0,18,24,1,96,HU,14,6,4,2,2,1,1,0,0,1,1,1,0,0,7,2,4,1,47,4,0,4,0,12,0613824511T,6
1735,06138,"Genba Sopanrao Moze Trust Parvatibai Genba Moze College of Engineering,Wagholi, Pune",0613824510,Computer Engineering,120,78,0,18,24,1,96,OHU,4,3,1,1,2,0,1,0,1,0,0,1,1,0,3,1,2,1,22,4,0,4,0,12,0613824511T,6
1736,06138,"Genba Sopanrao Moze Trust Parvatibai Genba Moze College of Engineering,Wagholi, Pune",0613824610,Information Technology,90,58,0,14,18,1,72,HU,10,5,4,1,3,0,1,1,2,0,1,1,1,0,4,3,3,1,41,2,1,2,1,9,0613824611T,5
1736,06138,"Genba Sopanrao Moze Trust Parvatibai Genba Moze College of Engineering,Wagholi, Pune",0613824610,Information Technology,90,58,0,14,18,1,72,OHU,5,1,2,0,0,1,0,0,0,0,0,0,0,0,1,1,1,0,12,2,1,2,1,9,0613824611T,5
1737,06138,"Genba Sopanrao Moze Trust Parvatibai Genba Moze College of Engineering,Wagholi, Pune",0613826310,Artificial Intelligence (AI) and Data Science,90,58,0,14,18,1,72,HU,11,4,3,2,2,1,1,0,0,0,1,0,1,0,5,2,3,1,37,2,1,2,1,9,0613826311T,5
1737,06138,"Genba Sopanrao Moze Trust Parvatibai Genba Moze College of Engineering,Wagholi, Pune",0613826310,Artificial Intelligence (AI) and Data Science,90,58,0,14,18,1,72,OHU,4,2,1,1,1,0,0,1,1,0,1,0,0,0,1,1,1,1,16,2,1,2,1,9,0613826311T,5
1738,06138,"Genba Sopanrao Moze Trust Parvatibai Genba Moze College of Engineering,Wagholi, Pune",0613837210,Electronics and Telecommunication Engg,60,45,0,9,6,0,54,HU,8,3,2,1,2,1,1,0,1,0,1,0,0,0,4,1,2,2,29,1,1,1,1,6,0613837211T,3
1738,06138,"Genba Sopanrao Moze Trust Parvatibai Genba Moze College of Engineering,Wagholi, Pune",0613837210,Electronics and Telecommunication Engg,60,45,0,9,6,0,54,OHU,3,2,1,1,1,0,0,0,0,0,1,0,1,0,3,0,1,0,14,1,1,1,1,6,0613837211T,3
1739,06138,"Genba Sopanrao Moze Trust Parvatibai Genba Moze College of Engineering,Wagholi, Pune",0613861210,Mechanical Engineering,30,25,0,5,0,0,30,HU,4,2,3,0,0,0,0,0,0,1,0,1,1,0,3,1,1,0,17,1,0,1,0,3,,
1739,06138,"Genba Sopanrao Moze Trust Parvatibai Genba Moze College of Engineering,Wagholi, Pune",0613861210,Mechanical Engineering,30,25,0,5,0,0,30,OHU,1,1,1,0,0,1,0,0,0,0,0,0,0,0,0,1,1,0,6,1,0,1,0,3,,
1740,06144,"Genba Sopanrao Moze College of Engineering, Baner-Balewadi, Pune",0614419110,Civil Engineering,30,25,0,5,0,0,30,HU,3,3,1,1,0,1,1,0,0,0,1,0,0,0,2,1,1,1,16,1,0,1,0,3,,
1740,06144,"Genba Sopanrao Moze College of Engineering, Baner-Balewadi, Pune",0614419110,Civil Engineering,30,25,0,5,0,0,30,OHU,2,0,1,0,1,0,0,0,0,0,0,0,0,0,2,0,0,1,7,1,0,1,0,3,,
1741,06144,"Genba Sopanrao Moze College of Engineering, Baner-Balewadi, Pune",0614424510,Computer Engineering,150,97,0,23,30,1,120,HU,17,7,5,2,4,1,1,1,2,0,2,1,0,1,8,4,4,1,61,5,0,5,0,15,0614424511T,8
1741,06144,"Genba Sopanrao Moze College of Engineering, Baner-Balewadi, Pune",0614424510,Computer Engineering,150,97,0,23,30,1,120,OHU,7,3,2,1,1,1,1,0,0,1,1,0,0,1,2,2,2,0,25,5,0,5,0,15,0614424511T,8
1742,06144,"Genba Sopanrao Moze College of Engineering, Baner-Balewadi, Pune",0614424610,Information Technology,90,58,0,14,18,1,72,HU,11,4,4,2,2,1,1,0,0,1,1,0,1,0,4,2,3,1,38,2,1,2,1,9,0614424611T,5
1742,06144,"Genba Sopanrao Moze College of Engineering, Baner-Balewadi, Pune",0614424610,Information Technology,90,58,0,14,18,1,72,OHU,4,2,1,1,1,0,1,0,0,0,0,1,0,0,2,0,1,1,15,2,1,2,1,9,0614424611T,5
1743,06144,"Genba Sopanrao Moze College of Engineering, Baner-Balewadi, Pune",0614437210,Electronics and Telecommunication Engg,30,19,0,5,6,0,24,HU,3,2,1,0,1,0,0,0,1,0,0,0,1,0,2,0,1,1,13,1,0,1,0,3,0614437211T,2
1743,06144,"Genba Sopanrao Moze College of Engineering, Baner-Balewadi, Pune",0614437210,Electronics and Telecommunication Engg,30,19,0,5,6,0,24,OHU,0,1,1,0,0,0,0,0,0,0,0,0,0,0,1,1,0,0,4,1,0,1,0,3,0614437211T,2
1744,06144,"Genba Sopanrao Moze College of Engineering, Baner-Balewadi, Pune",0614461210,Mechanical Engineering,30,25,0,5,0,0,30,HU,4,2,1,1,0,1,0,1,0,0,1,0,0,0,3,1,2,0,17,1,0,1,0,3,0614461211T,2
1744,06144,"Genba Sopanrao Moze College of Engineering, Baner-Balewadi, Pune",0614461210,Mechanical Engineering,30,25,0,5,0,0,30,OHU,1,1,1,0,1,0,0,0,0,0,0,0,0,0,1,0,1,0,6,1,0,1,0,3,0614461211T,2
1745,06144,"Genba Sopanrao Moze College of Engineering, Baner-Balewadi, Pune",0614492110,Artificial Intelligence and Machine Learning,60,39,0,9,12,0,48,HU,6,3,3,1,2,0,0,0,1,0,0,1,0,0,4,2,2,1,26,1,1,1,1,6,0614492111T,3
1745,06144,"Genba Sopanrao Moze College of Engineering, Baner-Balewadi, Pune",0614492110,Artificial Intelligence and Machine Learning,60,39,0,9,12,0,48,OHU,3,1,0,1,1,0,0,1,0,0,0,0,1,0,1,1,1,0,11,1,1,1,1,6,0614492111T,3
1746,06144,"Genba Sopanrao Moze College of Engineering, Baner-Balewadi, Pune",0614499510,Artificial Intelligence and Data Science,90,58,0,14,18,1,72,HU,11,5,4,2,2,1,2,0,0,1,1,0,0,1,4,2,2,1,39,2,1,2,1,9,0614499511T,5
1746,06144,"Genba Sopanrao Moze College of Engineering, Baner-Balewadi, Pune",0614499510,Artificial Intelligence and Data Science,90,58,0,14,18,1,72,OHU,4,1,2,0,0,1,0,0,1,0,1,0,0,0,2,0,1,1,14,2,1,2,1,9,0614499511T,5
1747,06145,"JSPM'S Jaywantrao Sawant College of Engineering,Pune",0614524510,Computer Engineering,120,78,0,18,24,1,96,HU,14,5,4,2,2,1,1,1,1,0,1,0,1,0,6,3,4,2,48,4,0,4,0,12,0614524511T,6
1747,06145,"JSPM'S Jaywantrao Sawant College of Engineering,Pune",0614524510,Computer Engineering,120,78,0,18,24,1,96,OHU,5,3,1,1,2,0,1,0,1,0,1,0,0,0,3,1,1,1,21,4,0,4,0,12,0614524511T,6
1748,06145,"JSPM'S Jaywantrao Sawant College of Engineering,Pune",0614524610,Information Technology,120,78,0,18,24,1,96,HU,14,6,5,1,3,1,1,0,2,0,1,1,1,0,7,2,3,2,50,4,0,4,0,12,0614524611T,6
1748,06145,"JSPM'S Jaywantrao Sawant College of Engineering,Pune",0614524610,Information Technology,120,78,0,18,24,1,96,OHU,5,2,2,0,0,1,1,0,0,0,0,1,1,0,2,1,3,0,19,4,0,4,0,12,0614524611T,6
1749,06145,"JSPM'S Jaywantrao Sawant College of Engineering,Pune",0614526310,Artificial Intelligence (AI) and Data Science,60,39,0,9,12,0,48,HU,6,3,2,1,1,1,1,0,0,0,1,0,0,1,3,2,3,0,25,1,1,1,1,6,0614526311T,3
1749,06145,"JSPM'S Jaywantrao Sawant College of Engineering,Pune",0614526310,Artificial Intelligence (AI) and Data Science,60,39,0,9,12,0,48,OHU,3,1,1,1,1,0,0,0,0,1,0,0,0,0,2,1,0,1,12,1,1,1,1,6,0614526311T,3
1750,06145,"JSPM'S Jaywantrao Sawant College of Engineering,Pune",0614529310,Electrical Engineering,60,51,0,9,0,1,60,HU,9,4,2,2,2,1,0,1,0,1,1,1,1,0,4,2,2,2,35,2,1,2,1,6,0614529311T,3
1750,06145,"JSPM'S Jaywantrao Sawant College of Engineering,Pune",0614529310,Electrical Engineering,60,51,0,9,0,1,60,OHU,3,2,1,1,1,0,1,0,0,0,0,0,0,0,0,1,1,0,11,2,1,2,1,6,0614529311T,3
1751,06145,"JSPM'S Jaywantrao Sawant College of Engineering,Pune",0614537210,Electronics and Telecommunication Engg,120,78,0,18,24,1,96,HU,14,6,5,1,2,1,2,0,2,0,2,0,1,0,7,2,4,1,50,4,0,4,0,12,0614537211T,6
1751,06145,"JSPM'S Jaywantrao Sawant College of Engineering,Pune",0614537210,Electronics and Telecommunication Engg,120,78,0,18,24,1,96,OHU,5,2,2,0,1,1,0,0,0,0,1,0,0,1,3,1,1,1,19,4,0,4,0,12,0614537211T,6
1752,06145,"JSPM'S Jaywantrao Sawant College of Engineering,Pune",0614561210,Mechanical Engineering,120,102,0,18,0,1,120,HU,19,8,5,3,4,1,1,1,1,1,1,1,1,0,9,4,4,2,66,5,0,5,0,12,0614561211T,6
1752,06145,"JSPM'S Jaywantrao Sawant College of Engineering,Pune",0614561210,Mechanical Engineering,120,102,0,18,0,1,120,OHU,7,3,2,1,2,0,0,1,1,0,1,0,1,0,3,1,2,0,25,5,0,5,0,12,0614561211T,6
1753,06149,"Siddhant College of Engineering, A/p Sudumbare, Tal.Maval, Dist-Pune",0614919110,Civil Engineering,60,25,31,4,0,0,60,HU,13,5,0,0,0,0,0,0,0,0,0,0,0,0,0,0,0,0,18,0,0,0,0,0,,
1753,06149,"Siddhant College of Engineering, A/p Sudumbare, Tal.Maval, Dist-Pune",0614919110,Civil Engineering,60,25,31,4,0,0,60,OHU,5,2,0,0,0,0,0,0,0,0,0,0,0,0,0,0,0,0,7,0,0,0,0,0,,
1754,06149,"Siddhant College of Engineering, A/p Sudumbare, Tal.Maval, Dist-Pune",0614924510,Computer Engineering,120,40,61,7,12,0,108,HU,19,9,0,0,0,0,0,0,0,0,0,0,0,0,0,0,0,0,28,0,0,0,0,0,0614924511T,6
1754,06149,"Siddhant College of Engineering, A/p Sudumbare, Tal.Maval, Dist-Pune",0614924510,Computer Engineering,120,40,61,7,12,0,108,OHU,8,4,0,0,0,0,0,0,0,0,0,0,0,0,0,0,0,0,12,0,0,0,0,0,0614924511T,6
1755,06149,"Siddhant College of Engineering, A/p Sudumbare, Tal.Maval, Dist-Pune",0614924610,Information Technology,60,20,31,3,6,0,54,HU,10,4,0,0,0,0,0,0,0,0,0,0,0,0,0,0,0,0,14,0,0,0,0,0,0614924611T,3
1755,06149,"Siddhant College of Engineering, A/p Sudumbare, Tal.Maval, Dist-Pune",0614924610,Information Technology,60,20,31,3,6,0,54,OHU,5,1,0,0,0,0,0,0,0,0,0,0,0,0,0,0,0,0,6,0,0,0,0,0,0614924611T,3
1756,06149,"Siddhant College of Engineering, A/p Sudumbare, Tal.Maval, Dist-Pune",0614925310,Internet of Things (IoT),60,25,31,4,0,0,60,HU,12,5,0,0,0,0,0,0,0,0,0,0,0,0,0,0,0,0,17,0,0,0,0,0,0614925311T,3
1756,06149,"Siddhant College of Engineering, A/p Sudumbare, Tal.Maval, Dist-Pune",0614925310,Internet of Things (IoT),60,25,31,4,0,0,60,OHU,5,3,0,0,0,0,0,0,0,0,0,0,0,0,0,0,0,0,8,0,0,0,0,0,0614925311T,3
1757,06149,"Siddhant College of Engineering, A/p Sudumbare, Tal.Maval, Dist-Pune",0614937210,Electronics and Telecommunication Engg,60,25,31,4,0,0,60,HU,13,5,0,0,0,0,0,0,0,0,0,0,0,0,0,0,0,0,18,0,0,0,0,0,0614937211T,3
1757,06149,"Siddhant College of Engineering, A/p Sudumbare, Tal.Maval, Dist-Pune",0614937210,Electronics and Telecommunication Engg,60,25,31,4,0,0,60,OHU,5,2,0,0,0,0,0,0,0,0,0,0,0,0,0,0,0,0,7,0,0,0,0,0,0614937211T,3
1758,06149,"Siddhant College of Engineering, A/p Sudumbare, Tal.Maval, Dist-Pune",0614961210,Mechanical Engineering,60,25,31,4,0,0,60,HU,11,6,0,0,0,0,0,0,0,0,0,0,0,0,0,0,0,0,17,0,0,0,0,0,,
1758,06149,"Siddhant College of Engineering, A/p Sudumbare, Tal.Maval, Dist-Pune",0614961210,Mechanical Engineering,60,25,31,4,0,0,60,OHU,6,2,0,0,0,0,0,0,0,0,0,0,0,0,0,0,0,0,8,0,0,0,0,0,,
1759,06149,"Siddhant College of Engineering, A/p Sudumbare, Tal.Maval, Dist-Pune",0614984410,Electronics and Computer Engineering,60,25,31,4,0,0,60,HU,13,5,0,0,0,0,0,0,0,0,0,0,0,0,0,0,0,0,18,0,0,0,0,0,0614984411T,3
1759,06149,"Siddhant College of Engineering, A/p Sudumbare, Tal.Maval, Dist-Pune",0614984410,Electronics and Computer Engineering,60,25,31,4,0,0,60,OHU,5,2,0,0,0,0,0,0,0,0,0,0,0,0,0,0,0,0,7,0,0,0,0,0,0614984411T,3
1760,06149,"Siddhant College of Engineering, A/p Sudumbare, Tal.Maval, Dist-Pune",0614992110,Artificial Intelligence and Machine Learning,60,20,31,3,6,0,54,HU,10,4,0,0,0,0,0,0,0,0,0,0,0,0,0,0,0,0,14,0,0,0,0,0,0614992111T,3
1760,06149,"Siddhant College of Engineering, A/p Sudumbare, Tal.Maval, Dist-Pune",0614992110,Artificial Intelligence and Machine Learning,60,20,31,3,6,0,54,OHU,4,2,0,0,0,0,0,0,0,0,0,0,0,0,0,0,0,0,6,0,0,0,0,0,0614992111T,3
1761,06149,"Siddhant College of Engineering, A/p Sudumbare, Tal.Maval, Dist-Pune",0614999510,Artificial Intelligence and Data Science,60,20,31,3,6,0,54,HU,10,4,0,0,0,0,0,0,0,0,0,0,0,0,0,0,0,0,14,0,0,0,0,0,0614999511T,3
1761,06149,"Siddhant College of Engineering, A/p Sudumbare, Tal.Maval, Dist-Pune",0614999510,Artificial Intelligence and Data Science,60,20,31,3,6,0,54,OHU,4,2,0,0,0,0,0,0,0,0,0,0,0,0,0,0,0,0,6,0,0,0,0,0,0614999511T,3
1762,06177,"Sinhgad College of Engineering, Vadgaon (BK), Pune",0617708210,Bio Technology,60,51,0,9,0,1,60,HU,9,4,3,1,1,1,0,0,1,0,1,0,0,1,3,2,2,1,30,2,1,2,1,6,0617708211T,3
1762,06177,"Sinhgad College of Engineering, Vadgaon (BK), Pune",0617708210,Bio Technology,60,51,0,9,0,1,60,OHU,4,1,1,1,1,1,1,0,1,0,0,1,0,0,1,1,1,1,16,2,1,2,1,6,0617708211T,3
1763,06177,"Sinhgad College of Engineering, Vadgaon (BK), Pune",0617719110,Civil Engineering,180,153,0,27,0,2,180,HU,27,12,9,4,6,2,3,1,1,1,3,1,2,0,13,6,7,3,101,7,1,7,1,18,0617719111T,9
1763,06177,"Sinhgad College of Engineering, Vadgaon (BK), Pune",0617719110,Civil Engineering,180,153,0,27,0,2,180,OHU,10,5,4,1,2,1,1,0,1,0,1,0,1,0,5,1,2,1,36,7,1,7,1,18,0617719111T,9
1764,06177,"Sinhgad College of Engineering, Vadgaon (BK), Pune",0617724510,Computer Engineering,180,117,0,27,36,1,144,HU,22,9,6,3,4,2,1,1,2,0,2,1,0,1,10,4,5,2,75,5,1,5,1,18,0617724511T,9
1764,06177,"Sinhgad College of Engineering, Vadgaon (BK), Pune",0617724510,Computer Engineering,180,117,0,27,36,1,144,OHU,9,3,3,1,1,1,0,1,0,1,1,0,0,1,4,2,2,1,31,5,1,5,1,18,0617724511T,9
1765,06177,"Sinhgad College of Engineering, Vadgaon (BK), Pune",0617724610,Information Technology,120,78,0,18,24,1,96,HU,13,6,5,1,2,1,2,0,1,1,1,1,1,0,7,3,4,1,50,4,0,4,0,12,0617724611T,6
1765,06177,"Sinhgad College of Engineering, Vadgaon (BK), Pune",0617724610,Information Technology,120,78,0,18,24,1,96,OHU,5,2,1,1,2,0,1,0,0,0,1,0,1,0,2,1,2,0,19,4,0,4,0,12,0617724611T,6
1766,06177,"Sinhgad College of Engineering, Vadgaon (BK), Pune",0617737210,Electronics and Telecommunication Engg,240,204,0,36,0,2,240,HU,37,16,12,6,7,3,2,2,2,1,4,1,2,1,17,7,9,4,133,8,2,8,2,24,0617737211T,12
1766,06177,"Sinhgad College of Engineering, Vadgaon (BK), Pune",0617737210,Electronics and Telecommunication Engg,240,204,0,36,0,2,240,OHU,14,6,5,2,3,1,1,1,2,0,1,1,1,0,7,3,3,2,53,8,2,8,2,24,0617737211T,12
1767,06177,"Sinhgad College of Engineering, Vadgaon (BK), Pune",0617750710,Chemical Engineering,60,51,0,9,0,1,60,HU,10,3,4,1,2,1,1,0,1,1,0,1,1,0,4,1,2,2,35,2,1,2,1,6,0617750711T,3
1767,06177,"Sinhgad College of Engineering, Vadgaon (BK), Pune",0617750710,Chemical Engineering,60,51,0,9,0,1,60,OHU,3,2,1,0,0,1,0,0,0,0,1,0,0,0,1,1,1,0,11,2,1,2,1,6,0617750711T,3
1768,06177,"Sinhgad College of Engineering, Vadgaon (BK), Pune",0617761210,Mechanical Engineering,300,255,0,45,0,3,300,HU,45,20,14,7,9,3,4,2,3,1,4,2,2,1,22,10,12,4,165,10,3,10,3,30,0617761211T,15
1768,06177,"Sinhgad College of Engineering, Vadgaon (BK), Pune",0617761210,Mechanical Engineering,300,255,0,45,0,3,300,OHU,18,8,5,3,4,1,2,0,1,1,2,1,1,1,9,3,5,2,67,10,3,10,3,30,0617761211T,15
1769,06178,"Sinhgad Technical Education Society's Smt. Kashibai Navale College of Engineering,Vadgaon,Pune",0617824510,Computer Engineering,300,195,0,45,60,2,240,HU,35,15,12,4,7,3,3,1,2,1,4,1,2,1,17,7,9,4,128,8,2,8,2,30,0617824511T,15
1769,06178,"Sinhgad Technical Education Society's Smt. Kashibai Navale College of Engineering,Vadgaon,Pune",0617824510,Computer Engineering,300,195,0,45,60,2,240,OHU,14,5,5,2,3,1,1,1,1,1,0,1,1,0,6,3,3,1,49,8,2,8,2,30,0617824511T,15
1770,06178,"Sinhgad Technical Education Society's Smt. Kashibai Navale College of Engineering,Vadgaon,Pune",0617824610,Information Technology,120,78,0,18,24,1,96,HU,14,6,4,2,2,1,2,0,1,0,1,1,1,0,6,3,3,2,49,4,0,4,0,12,0617824611T,6
1770,06178,"Sinhgad Technical Education Society's Smt. Kashibai Navale College of Engineering,Vadgaon,Pune",0617824610,Information Technology,120,78,0,18,24,1,96,OHU,4,3,2,0,1,1,1,0,0,0,1,0,0,0,3,1,2,1,20,4,0,4,0,12,0617824611T,6
1771,06178,"Sinhgad Technical Education Society's Smt. Kashibai Navale College of Engineering,Vadgaon,Pune",0617837210,Electronics and Telecommunication Engg,300,255,0,45,0,3,300,HU,46,20,15,6,9,4,3,2,4,1,5,1,2,1,22,9,12,5,167,10,3,10,3,30,0617837211T,15
1771,06178,"Sinhgad Technical Education Society's Smt. Kashibai Navale College of Engineering,Vadgaon,Pune",0617837210,Electronics and Telecommunication Engg,300,255,0,45,0,3,300,OHU,18,7,4,3,4,1,1,1,2,0,2,1,1,1,8,4,5,2,65,10,3,10,3,30,0617837211T,15
1772,06178,"Sinhgad Technical Education Society's Smt. Kashibai Navale College of Engineering,Vadgaon,Pune",0617861210,Mechanical Engineering,330,280,0,50,0,3,330,HU,50,21,16,7,9,4,4,1,3,2,4,3,3,2,24,10,13,5,181,12,2,12,2,33,0617861211T,17
1772,06178,"Sinhgad Technical Education Society's Smt. Kashibai Navale College of Engineering,Vadgaon,Pune",0617861210,Mechanical Engineering,330,280,0,50,0,3,330,OHU,20,8,7,2,4,2,2,1,1,1,2,1,1,0,9,4,5,2,72,12,2,12,2,33,0617861211T,17
1773,06182,"Sinhgad Technical Education Society, Sinhgad Institute of Technology and Science, Narhe (Ambegaon)",0618219110,Civil Engineering,60,51,0,9,0,1,60,HU,9,4,2,2,2,1,0,1,0,0,2,0,1,0,4,2,3,1,34,2,1,2,1,6,,
1773,06182,"Sinhgad Technical Education Society, Sinhgad Institute of Technology and Science, Narhe (Ambegaon)",0618219110,Civil Engineering,60,51,0,9,0,1,60,OHU,3,2,1,1,0,1,0,0,1,0,0,0,0,0,2,0,0,1,12,2,1,2,1,6,,
1774,06182,"Sinhgad Technical Education Society, Sinhgad Institute of Technology and Science, Narhe (Ambegaon)",0618224510,Computer Engineering,120,78,0,18,24,1,96,HU,13,6,5,1,2,1,1,0,1,1,1,1,1,1,5,3,3,2,48,4,0,4,0,12,0618224511T,6
1774,06182,"Sinhgad Technical Education Society, Sinhgad Institute of Technology and Science, Narhe (Ambegaon)",0618224510,Computer Engineering,120,78,0,18,24,1,96,OHU,6,2,2,0,2,0,1,0,0,0,1,0,0,0,3,1,2,1,21,4,0,4,0,12,0618224511T,6
1775,06182,"Sinhgad Technical Education Society, Sinhgad Institute of Technology and Science, Narhe (Ambegaon)",0618224610,Information Technology,60,39,0,9,12,0,48,HU,7,3,2,1,2,1,1,0,1,0,1,0,0,0,4,1,2,1,27,1,1,1,1,6,0618224611T,3
1775,06182,"Sinhgad Technical Education Society, Sinhgad Institute of Technology and Science, Narhe (Ambegaon)",0618224610,Information Technology,60,39,0,9,12,0,48,OHU,2,2,1,1,0,0,0,0,0,0,0,0,1,0,1,1,1,0,10,1,1,1,1,6,0618224611T,3
1776,06182,"Sinhgad Technical Education Society, Sinhgad Institute of Technology and Science, Narhe (Ambegaon)",0618237210,Electronics and Telecommunication Engg,120,102,0,18,0,1,120,HU,19,7,6,3,3,1,1,1,1,0,1,1,2,0,9,4,4,2,65,5,0,5,0,12,0618237211T,6
1776,06182,"Sinhgad Technical Education Society, Sinhgad Institute of Technology and Science, Narhe (Ambegaon)",0618237210,Electronics and Telecommunication Engg,120,102,0,18,0,1,120,OHU,7,3,2,1,2,1,1,0,1,0,1,1,0,0,3,1,1,1,26,5,0,5,0,12,0618237211T,6
1777,06182,"Sinhgad Technical Education Society, Sinhgad Institute of Technology and Science, Narhe (Ambegaon)",0618261210,Mechanical Engineering,90,76,0,14,0,1,90,HU,13,6,4,2,4,1,1,1,1,0,2,0,0,0,6,2,5,1,49,4,0,4,0,9,,
1777,06182,"Sinhgad Technical Education Society, Sinhgad Institute of Technology and Science, Narhe (Ambegaon)",0618261210,Mechanical Engineering,90,76,0,14,0,1,90,OHU,5,2,1,0,1,0,0,0,0,1,1,0,0,1,3,1,2,0,18,4,0,4,0,9,,
1778,06183,"Al-Ameen Educational and Medical Foundation, College of Engineering, Koregaon, Bhima",0618324510,Computer Engineering,54,13,28,2,11,0,43,HU,7,2,0,0,0,0,0,0,0,0,0,0,0,0,0,0,0,0,9,0,0,0,0,0,,
1778,06183,"Al-Ameen Educational and Medical Foundation, College of Engineering, Koregaon, Bhima",0618324510,Computer Engineering,54,13,28,2,11,0,43,OHU,3,1,0,0,0,0,0,0,0,0,0,0,0,0,0,0,0,0,4,0,0,0,0,0,,
1779,06183,"Al-Ameen Educational and Medical Foundation, College of Engineering, Koregaon, Bhima",0618337210,Electronics and Telecommunication Engg,30,8,15,1,6,0,24,HU,4,2,0,0,0,0,0,0,0,0,0,0,0,0,0,0,0,0,6,0,0,0,0,0,,
1779,06183,"Al-Ameen Educational and Medical Foundation, College of Engineering, Koregaon, Bhima",0618337210,Electronics and Telecommunication Engg,30,8,15,1,6,0,24,OHU,1,1,0,0,0,0,0,0,0,0,0,0,0,0,0,0,0,0,2,0,0,0,0,0,,
1780,06183,"Al-Ameen Educational and Medical Foundation, College of Engineering, Koregaon, Bhima",0618361210,Mechanical Engineering,54,13,28,2,11,0,43,HU,6,3,0,0,0,0,0,0,0,0,0,0,0,0,0,0,0,0,9,0,0,0,0,0,,
1780,06183,"Al-Ameen Educational and Medical Foundation, College of Engineering, Koregaon, Bhima",0618361210,Mechanical Engineering,54,13,28,2,11,0,43,OHU,3,1,0,0,0,0,0,0,0,0,0,0,0,0,0,0,0,0,4,0,0,0,0,0,,
1781,06184,"K. J.'s Educational Institut Trinity College of Engineering and Research, Pisoli, Haveli",0618419110,Civil Engineering,30,25,0,5,0,0,30,HU,4,2,2,0,0,0,0,0,0,1,0,0,1,0,2,2,1,1,16,1,0,1,0,3,,
1781,06184,"K. J.'s Educational Institut Trinity College of Engineering and Research, Pisoli, Haveli",0618419110,Civil Engineering,30,25,0,5,0,0,30,OHU,1,1,1,1,0,1,0,0,0,0,0,0,0,0,0,1,1,0,7,1,0,1,0,3,,
1782,06184,"K. J.'s Educational Institut Trinity College of Engineering and Research, Pisoli, Haveli",0618424510,Computer Engineering,150,112,0,23,15,1,135,HU,21,9,6,3,4,2,2,0,1,0,2,1,0,1,10,4,5,2,73,5,1,5,1,15,0618424511T,8
1782,06184,"K. J.'s Educational Institut Trinity College of Engineering and Research, Pisoli, Haveli",0618424510,Computer Engineering,150,112,0,23,15,1,135,OHU,8,3,2,1,2,0,1,1,1,0,1,0,1,0,4,1,1,1,28,5,1,5,1,15,0618424511T,8
1783,06184,"K. J.'s Educational Institut Trinity College of Engineering and Research, Pisoli, Haveli",0618424610,Information Technology,60,45,0,9,6,0,54,HU,8,4,3,1,1,1,1,0,1,1,1,1,1,0,4,1,1,1,31,1,1,1,1,6,0618424611T,3
1783,06184,"K. J.'s Educational Institut Trinity College of Engineering and Research, Pisoli, Haveli",0618424610,Information Technology,60,45,0,9,6,0,54,OHU,3,1,2,0,0,1,0,0,0,0,0,0,0,0,2,1,1,1,12,1,1,1,1,6,0618424611T,3
1784,06184,"K. J.'s Educational Institut Trinity College of Engineering and Research, Pisoli, Haveli",0618429310,Electrical Engineering,60,51,0,9,0,1,60,HU,9,4,3,2,2,1,0,1,1,0,1,0,1,0,3,2,3,1,34,2,1,2,1,6,0618429311T,3
1784,06184,"K. J.'s Educational Institut Trinity College of Engineering and Research, Pisoli, Haveli",0618429310,Electrical Engineering,60,51,0,9,0,1,60,OHU,3,2,0,1,1,0,1,0,0,0,1,0,0,0,1,1,1,0,12,2,1,2,1,6,0618429311T,3
1785,06184,"K. J.'s Educational Institut Trinity College of Engineering and Research, Pisoli, Haveli",0618437210,Electronics and Telecommunication Engg,60,51,0,9,0,1,60,HU,9,4,3,1,2,0,1,0,0,0,1,0,0,1,4,2,2,1,31,2,1,2,1,6,0618437211T,3
1785,06184,"K. J.'s Educational Institut Trinity College of Engineering and Research, Pisoli, Haveli",0618437210,Electronics and Telecommunication Engg,60,51,0,9,0,1,60,OHU,4,1,2,1,1,0,0,0,1,0,0,1,0,0,2,0,1,1,15,2,1,2,1,6,0618437211T,3
1786,06184,"K. J.'s Educational Institut Trinity College of Engineering and Research, Pisoli, Haveli",0618461210,Mechanical Engineering,60,51,0,9,0,1,60,HU,9,4,4,1,2,1,1,1,1,0,1,1,0,0,5,1,3,1,36,2,1,2,1,6,,
1786,06184,"K. J.'s Educational Institut Trinity College of Engineering and Research, Pisoli, Haveli",0618461210,Mechanical Engineering,60,51,0,9,0,1,60,OHU,3,2,1,0,1,0,0,0,0,0,0,0,1,0,0,1,1,0,10,2,1,2,1,6,,
1787,06185,Sinhgad Institute of Technology,0618524510,Computer Engineering,180,153,0,27,0,2,180,HU,28,11,9,4,5,2,2,0,2,1,2,1,2,0,12,6,7,3,97,7,1,7,1,18,0618524511T,9
1787,06185,Sinhgad Institute of Technology,0618524510,Computer Engineering,180,153,0,27,0,2,180,OHU,11,4,4,1,2,1,1,1,0,1,2,0,1,0,5,2,3,1,40,7,1,7,1,18,0618524511T,9
1788,06185,Sinhgad Institute of Technology,0618524610,Information Technology,60,51,0,9,0,1,60,HU,9,4,2,2,2,1,1,1,0,0,2,0,0,1,4,1,3,1,34,2,1,2,1,6,0618524611T,3
1788,06185,Sinhgad Institute of Technology,0618524610,Information Technology,60,51,0,9,0,1,60,OHU,3,2,1,1,0,1,0,0,1,0,0,0,0,0,2,0,1,0,12,2,1,2,1,6,0618524611T,3
1789,06185,Sinhgad Institute of Technology,0618529310,Electrical Engineering,60,51,0,9,0,1,60,HU,9,4,4,1,1,1,0,0,1,0,0,1,1,0,4,2,2,1,32,2,1,2,1,6,0618529311T,3
1789,06185,Sinhgad Institute of Technology,0618529310,Electrical Engineering,60,51,0,9,0,1,60,OHU,4,1,1,1,1,0,1,0,0,0,0,1,0,0,1,1,1,1,14,2,1,2,1,6,0618529311T,3
1790,06185,Sinhgad Institute of Technology,0618537210,Electronics and Telecommunication Engg,120,102,0,18,0,1,120,HU,18,8,6,2,4,1,2,1,1,1,2,1,1,0,9,4,4,2,67,5,0,5,0,12,0618537211T,6
1790,06185,Sinhgad Institute of Technology,0618537210,Electronics and Telecommunication Engg,120,102,0,18,0,1,120,OHU,7,3,3,0,1,1,1,0,0,0,1,0,0,1,3,1,1,1,24,5,0,5,0,12,0618537211T,6
1791,06185,Sinhgad Institute of Technology,0618561210,Mechanical Engineering,210,178,0,32,0,2,210,HU,32,13,10,5,5,3,3,1,1,1,4,1,1,1,15,6,8,4,114,8,1,8,1,21,,
1791,06185,Sinhgad Institute of Technology,0618561210,Mechanical Engineering,210,178,0,32,0,2,210,OHU,13,5,4,2,3,1,0,1,2,0,1,1,1,0,5,3,3,1,46,8,1,8,1,21,,
1792,06187,"Sinhgad Academy of Engineering, Kondhwa (BK) Kondhwa-Saswad Road, Pune",0618719110,Civil Engineering,90,76,0,14,0,1,90,HU,13,6,4,1,3,1,1,0,2,0,1,0,2,0,6,3,4,1,48,4,0,4,0,9,,
1792,06187,"Sinhgad Academy of Engineering, Kondhwa (BK) Kondhwa-Saswad Road, Pune",0618719110,Civil Engineering,90,76,0,14,0,1,90,OHU,4,3,1,1,2,0,1,0,0,0,1,0,0,0,3,1,2,0,19,4,0,4,0,9,,
1793,06187,"Sinhgad Academy of Engineering, Kondhwa (BK) Kondhwa-Saswad Road, Pune",0618724510,Computer Engineering,180,117,0,27,36,1,144,HU,21,9,7,3,4,2,2,1,1,1,2,1,0,1,10,5,4,2,76,5,1,5,1,18,0618724511T,9
1793,06187,"Sinhgad Academy of Engineering, Kondhwa (BK) Kondhwa-Saswad Road, Pune",0618724510,Computer Engineering,180,117,0,27,36,1,144,OHU,9,3,3,1,1,1,1,0,0,1,1,0,1,0,4,1,2,1,30,5,1,5,1,18,0618724511T,9
1794,06187,"Sinhgad Academy of Engineering, Kondhwa (BK) Kondhwa-Saswad Road, Pune",0618724610,Information Technology,60,39,0,9,12,0,48,HU,8,3,2,2,1,0,1,0,1,0,0,1,1,0,4,1,2,1,28,1,1,1,1,6,0618724611T,3
1794,06187,"Sinhgad Academy of Engineering, Kondhwa (BK) Kondhwa-Saswad Road, Pune",0618724610,Information Technology,60,39,0,9,12,0,48,OHU,2,1,1,0,1,0,0,0,0,0,0,0,0,0,2,1,0,1,9,1,1,1,1,6,0618724611T,3
1795,06187,"Sinhgad Academy of Engineering, Kondhwa (BK) Kondhwa-Saswad Road, Pune",0618737210,Electronics and Telecommunication Engg,120,90,0,18,12,1,108,HU,15,7,5,2,4,1,0,1,1,1,2,0,1,0,8,3,4,1,56,5,0,5,0,12,0618737211T,6
1795,06187,"Sinhgad Academy of Engineering, Kondhwa (BK) Kondhwa-Saswad Road, Pune",0618737210,Electronics and Telecommunication Engg,120,90,0,18,12,1,108,OHU,6,3,1,1,1,1,1,0,1,0,1,0,0,1,3,1,2,0,23,5,0,5,0,12,0618737211T,6
1796,06187,"Sinhgad Academy of Engineering, Kondhwa (BK) Kondhwa-Saswad Road, Pune",0618761210,Mechanical Engineering,150,127,0,23,0,1,150,HU,24,10,7,3,4,2,2,1,2,0,2,1,1,1,11,5,5,3,84,5,1,5,1,15,,
1796,06187,"Sinhgad Academy of Engineering, Kondhwa (BK) Kondhwa-Saswad Road, Pune",0618761210,Mechanical Engineering,150,127,0,23,0,1,150,OHU,9,4,3,1,2,1,0,1,1,0,1,1,0,0,4,2,1,1,32,5,1,5,1,15,,
1797,06203,"Marathwada Mitra Mandal's Institute of Technology, Lohgaon, Pune",0620319110,Civil Engineering,60,51,0,9,0,1,60,HU,9,4,4,1,1,1,1,0,0,0,1,1,0,0,4,2,2,1,32,2,1,2,1,6,,
1797,06203,"Marathwada Mitra Mandal's Institute of Technology, Lohgaon, Pune",0620319110,Civil Engineering,60,51,0,9,0,1,60,OHU,4,1,1,1,1,0,0,0,0,1,0,0,1,0,1,1,2,0,14,2,1,2,1,6,,
1798,06203,"Marathwada Mitra Mandal's Institute of Technology, Lohgaon, Pune",0620324510,Computer Engineering,120,78,0,18,24,1,96,HU,14,6,4,2,4,1,1,0,1,1,2,0,2,0,6,3,4,1,52,4,0,4,0,12,0620324511T,6
1798,06203,"Marathwada Mitra Mandal's Institute of Technology, Lohgaon, Pune",0620324510,Computer Engineering,120,78,0,18,24,1,96,OHU,5,2,2,0,1,0,1,0,0,0,1,0,0,0,2,1,1,1,17,4,0,4,0,12,0620324511T,6
1799,06203,"Marathwada Mitra Mandal's Institute of Technology, Lohgaon, Pune",0620326610,Robotics and Artificial Intelligence,60,51,0,9,0,1,60,HU,9,4,3,2,1,1,0,1,1,0,0,1,0,0,5,1,3,1,33,2,1,2,1,6,0620326611T,3
1799,06203,"Marathwada Mitra Mandal's Institute of Technology, Lohgaon, Pune",0620326610,Robotics and Artificial Intelligence,60,51,0,9,0,1,60,OHU,3,2,1,1,0,1,0,0,0,0,0,1,1,0,2,0,1,0,13,2,1,2,1,6,0620326611T,3
1800,06203,"Marathwada Mitra Mandal's Institute of Technology, Lohgaon, Pune",0620361210,Mechanical Engineering,60,51,0,9,0,1,60,HU,9,4,3,1,2,1,1,0,0,0,2,0,0,1,3,2,2,1,32,2,1,2,1,6,0620361211T,3
1800,06203,"Marathwada Mitra Mandal's Institute of Technology, Lohgaon, Pune",0620361210,Mechanical Engineering,60,51,0,9,0,1,60,OHU,4,1,1,1,1,0,1,0,1,0,0,0,0,0,1,1,1,1,14,2,1,2,1,6,0620361211T,3
1801,06203,"Marathwada Mitra Mandal's Institute of Technology, Lohgaon, Pune",0620362410,Mechatronics Engineering,60,51,0,9,0,1,60,HU,9,4,4,1,2,0,1,0,1,1,0,1,1,0,4,1,3,1,34,2,1,2,1,6,0620362411T,3
1801,06203,"Marathwada Mitra Mandal's Institute of Technology, Lohgaon, Pune",0620362410,Mechatronics Engineering,60,51,0,9,0,1,60,OHU,3,2,2,0,1,0,0,0,0,0,1,0,0,0,2,0,1,0,12,2,1,2,1,6,0620362411T,3
1802,06203,"Marathwada Mitra Mandal's Institute of Technology, Lohgaon, Pune",0620399510,Artificial Intelligence and Data Science,120,78,0,18,24,1,96,HU,14,5,4,2,2,1,1,1,0,0,2,0,0,0,7,3,3,2,47,4,0,4,0,12,0620399511T,6
1802,06203,"Marathwada Mitra Mandal's Institute of Technology, Lohgaon, Pune",0620399510,Artificial Intelligence and Data Science,120,78,0,18,24,1,96,OHU,6,2,1,1,1,1,0,1,1,0,1,0,0,1,2,1,2,1,22,4,0,4,0,12,0620399511T,6
1803,06206,"Pune District Education Association's College of Engineering, Manjari(Bk), Hadapsar, Pune",0620624510,Computer Engineering,180,117,0,27,36,1,144,HU,21,10,6,3,4,2,2,0,2,0,2,1,2,1,9,5,5,2,77,5,1,5,1,18,0620624511T,9
1803,06206,"Pune District Education Association's College of Engineering, Manjari(Bk), Hadapsar, Pune",0620624510,Computer Engineering,180,117,0,27,36,1,144,OHU,8,4,3,1,2,0,1,0,0,1,0,1,0,0,4,2,1,1,29,5,1,5,1,18,0620624511T,9
1804,06206,"Pune District Education Association's College of Engineering, Manjari(Bk), Hadapsar, Pune",0620624610,Information Technology,60,39,0,9,12,0,48,HU,7,3,3,1,1,1,0,1,0,1,1,0,0,0,5,1,2,1,28,1,1,1,1,6,0620624611T,3
1804,06206,"Pune District Education Association's College of Engineering, Manjari(Bk), Hadapsar, Pune",0620624610,Information Technology,60,39,0,9,12,0,48,OHU,2,1,1,0,0,1,0,0,0,0,0,0,1,0,1,1,1,0,9,1,1,1,1,6,0620624611T,3
1805,06206,"Pune District Education Association's College of Engineering, Manjari(Bk), Hadapsar, Pune",0620637210,Electronics and Telecommunication Engg,60,51,0,9,0,1,60,HU,9,4,3,1,2,1,1,0,1,0,0,1,1,0,3,2,2,1,32,2,1,2,1,6,0620637211T,3
1805,06206,"Pune District Education Association's College of Engineering, Manjari(Bk), Hadapsar, Pune",0620637210,Electronics and Telecommunication Engg,60,51,0,9,0,1,60,OHU,4,1,1,1,1,0,1,0,0,0,1,0,0,0,2,0,1,1,14,2,1,2,1,6,0620637211T,3
1806,06206,"Pune District Education Association's College of Engineering, Manjari(Bk), Hadapsar, Pune",0620661210,Mechanical Engineering,60,51,0,9,0,1,60,HU,9,4,3,2,2,0,1,0,1,0,1,0,0,1,4,2,3,1,34,2,1,2,1,6,,
1806,06206,"Pune District Education Association's College of Engineering, Manjari(Bk), Hadapsar, Pune",0620661210,Mechanical Engineering,60,51,0,9,0,1,60,OHU,3,2,2,0,1,0,0,0,0,0,1,0,0,0,1,1,1,0,12,2,1,2,1,6,,
1807,06206,"Pune District Education Association's College of Engineering, Manjari(Bk), Hadapsar, Pune",0620699510,Artificial Intelligence and Data Science,60,39,0,9,12,0,48,HU,7,3,2,1,1,1,0,0,0,0,1,0,0,0,4,1,2,1,24,1,1,1,1,6,0620699511T,3
1807,06206,"Pune District Education Association's College of Engineering, Manjari(Bk), Hadapsar, Pune",0620699510,Artificial Intelligence and Data Science,60,39,0,9,12,0,48,OHU,3,1,1,1,0,1,0,1,1,0,0,0,1,0,1,1,1,0,13,1,1,1,1,6,0620699511T,3
1808,06207,"Dr. D. Y. Patil Unitech Society's Dr. D. Y. Patil Institute of Technology, Pimpri, Pune",0620719110,Civil Engineering,120,96,0,18,6,1,114,HU,17,7,6,2,4,1,2,1,1,1,1,1,2,0,8,4,4,1,63,5,0,5,0,12,0620719111T,6
1808,06207,"Dr. D. Y. Patil Unitech Society's Dr. D. Y. Patil Institute of Technology, Pimpri, Pune",0620719110,Civil Engineering,120,96,0,18,6,1,114,OHU,7,3,1,1,2,0,0,0,1,0,1,0,0,0,3,1,1,1,22,5,0,5,0,12,0620719111T,6
1809,06207,"Dr. D. Y. Patil Unitech Society's Dr. D. Y. Patil Institute of Technology, Pimpri, Pune",0620724510,Computer Engineering,240,156,0,36,48,2,192,HU,29,12,9,4,5,2,1,1,2,1,3,1,1,1,13,5,6,3,99,7,1,7,1,24,0620724511T,12
1809,06207,"Dr. D. Y. Patil Unitech Society's Dr. D. Y. Patil Institute of Technology, Pimpri, Pune",0620724510,Computer Engineering,240,156,0,36,48,2,192,OHU,11,4,4,1,3,1,2,0,1,0,1,1,1,0,5,2,3,1,41,7,1,7,1,24,0620724511T,12
1810,06207,"Dr. D. Y. Patil Unitech Society's Dr. D. Y. Patil Institute of Technology, Pimpri, Pune",0620724610,Information Technology,60,39,0,9,12,0,48,HU,6,3,2,1,2,1,1,0,1,0,1,0,1,0,4,2,2,1,28,1,1,1,1,6,0620724611T,3
1810,06207,"Dr. D. Y. Patil Unitech Society's Dr. D. Y. Patil Institute of Technology, Pimpri, Pune",0620724610,Information Technology,60,39,0,9,12,0,48,OHU,2,2,1,1,0,0,0,0,0,0,0,0,0,0,2,0,1,0,9,1,1,1,1,6,0620724611T,3
1811,06207,"Dr. D. Y. Patil Unitech Society's Dr. D. Y. Patil Institute of Technology, Pimpri, Pune",0620729310,Electrical Engineering,60,39,0,9,12,0,48,HU,8,3,3,1,1,1,1,0,1,0,0,1,0,0,3,1,2,1,27,1,1,1,1,6,0620729311T,3
1811,06207,"Dr. D. Y. Patil Unitech Society's Dr. D. Y. Patil Institute of Technology, Pimpri, Pune",0620729310,Electrical Engineering,60,39,0,9,12,0,48,OHU,3,0,1,0,0,1,0,0,0,0,0,0,0,1,2,1,0,1,10,1,1,1,1,6,0620729311T,3
1812,06207,"Dr. D. Y. Patil Unitech Society's Dr. D. Y. Patil Institute of Technology, Pimpri, Pune",0620737210,Electronics and Telecommunication Engg,180,117,0,27,36,1,144,HU,21,9,6,3,4,1,2,1,1,1,2,1,1,1,10,5,5,2,76,5,1,5,1,18,0620737211T,9
1812,06207,"Dr. D. Y. Patil Unitech Society's Dr. D. Y. Patil Institute of Technology, Pimpri, Pune",0620737210,Electronics and Telecommunication Engg,180,117,0,27,36,1,144,OHU,8,4,3,1,2,1,1,0,0,1,1,1,0,0,3,2,2,0,30,5,1,5,1,18,0620737211T,9
1813,06207,"Dr. D. Y. Patil Unitech Society's Dr. D. Y. Patil Institute of Technology, Pimpri, Pune",0620746610,Instrumentation Engineering,30,19,0,5,6,0,24,HU,2,2,2,0,0,1,0,0,0,0,0,0,0,0,2,1,1,0,11,1,0,1,0,3,0620746611T,2
1813,06207,"Dr. D. Y. Patil Unitech Society's Dr. D. Y. Patil Institute of Technology, Pimpri, Pune",0620746610,Instrumentation Engineering,30,19,0,5,6,0,24,OHU,1,1,0,0,0,0,0,0,1,0,0,0,1,0,1,0,1,0,6,1,0,1,0,3,0620746611T,2
1814,06207,"Dr. D. Y. Patil Unitech Society's Dr. D. Y. Patil Institute of Technology, Pimpri, Pune",0620761210,Mechanical Engineering,180,117,0,27,36,1,144,HU,22,9,6,3,4,2,1,1,1,1,3,0,2,0,10,4,5,3,77,5,1,5,1,18,0620761211T,9
1814,06207,"Dr. D. Y. Patil Unitech Society's Dr. D. Y. Patil Institute of Technology, Pimpri, Pune",0620761210,Mechanical Engineering,180,117,0,27,36,1,144,OHU,8,3,3,1,2,1,1,1,0,0,1,0,0,0,4,2,1,1,29,5,1,5,1,18,0620761211T,9
1815,06207,"Dr. D. Y. Patil Unitech Society's Dr. D. Y. Patil Institute of Technology, Pimpri, Pune",0620791610,Automation and Robotics,60,39,0,9,12,0,48,HU,7,3,3,1,2,0,1,0,0,0,0,1,0,0,4,1,2,0,25,1,1,1,1,6,0620791611T,3
1815,06207,"Dr. D. Y. Patil Unitech Society's Dr. D. Y. Patil Institute of Technology, Pimpri, Pune",0620791610,Automation and Robotics,60,39,0,9,12,0,48,OHU,3,1,0,1,1,0,0,0,1,0,0,0,1,0,1,1,1,1,12,1,1,1,1,6,0620791611T,3
1816,06207,"Dr. D. Y. Patil Unitech Society's Dr. D. Y. Patil Institute of Technology, Pimpri, Pune",0620799510,Artificial Intelligence and Data Science,180,117,0,27,36,1,144,HU,21,9,7,3,4,2,2,1,2,1,2,1,1,1,9,5,5,2,78,5,1,5,1,18,0620799511T,9
1816,06207,"Dr. D. Y. Patil Unitech Society's Dr. D. Y. Patil Institute of Technology, Pimpri, Pune",0620799510,Artificial Intelligence and Data Science,180,117,0,27,36,1,144,OHU,8,4,3,1,2,0,1,0,0,0,1,0,0,0,5,1,2,0,28,5,1,5,1,18,0620799511T,9
1817,06274,"Pune Vidyarthi Griha's College of Engineering and Technology and G K Pate(Wani) Institute of Management, Pune",0627424510,Computer Engineering,60,39,0,9,12,0,48,HU,7,3,2,2,1,1,0,0,0,1,0,1,0,0,2,2,1,1,24,1,1,1,1,6,0627424511T,3
1817,06274,"Pune Vidyarthi Griha's College of Engineering and Technology and G K Pate(Wani) Institute of Management, Pune",0627424510,Computer Engineering,60,39,0,9,12,0,48,OHU,3,1,1,0,1,0,1,0,0,0,0,0,1,0,2,1,2,0,13,1,1,1,1,6,0627424511T,3
1818,06274,"Pune Vidyarthi Griha's College of Engineering and Technology and G K Pate(Wani) Institute of Management, Pune",0627424610,Information Technology,60,39,0,9,12,0,48,HU,7,3,2,1,2,0,0,1,1,0,0,0,0,1,4,1,3,0,26,1,1,1,1,6,0627424611T,3
1818,06274,"Pune Vidyarthi Griha's College of Engineering and Technology and G K Pate(Wani) Institute of Management, Pune",0627424610,Information Technology,60,39,0,9,12,0,48,OHU,3,1,1,1,0,1,0,0,0,0,1,0,0,0,1,1,0,1,11,1,1,1,1,6,0627424611T,3
1819,06274,"Pune Vidyarthi Griha's College of Engineering and Technology and G K Pate(Wani) Institute of Management, Pune",0627429310,Electrical Engineering,60,51,0,9,0,1,60,HU,9,4,4,1,2,1,1,0,0,0,2,0,1,0,4,2,2,2,35,2,1,2,1,6,0627429311T,3
1819,06274,"Pune Vidyarthi Griha's College of Engineering and Technology and G K Pate(Wani) Institute of Management, Pune",0627429310,Electrical Engineering,60,51,0,9,0,1,60,OHU,4,1,1,0,1,0,1,0,1,0,0,0,0,0,1,0,1,0,11,2,1,2,1,6,0627429311T,3
1820,06274,"Pune Vidyarthi Griha's College of Engineering and Technology and G K Pate(Wani) Institute of Management, Pune",0627437210,Electronics and Telecommunication Engg,120,78,0,18,24,1,96,HU,14,6,4,2,2,1,2,0,2,0,1,1,1,0,6,3,4,1,50,4,0,4,0,12,0627437211T,6
1820,06274,"Pune Vidyarthi Griha's College of Engineering and Technology and G K Pate(Wani) Institute of Management, Pune",0627437210,Electronics and Telecommunication Engg,120,78,0,18,24,1,96,OHU,4,3,1,1,2,0,0,0,0,0,1,0,0,0,3,1,2,1,19,4,0,4,0,12,0627437211T,6
1821,06274,"Pune Vidyarthi Griha's College of Engineering and Technology and G K Pate(Wani) Institute of Management, Pune",0627461210,Mechanical Engineering,120,78,0,18,24,1,96,HU,14,6,4,2,4,1,0,1,0,1,2,0,0,1,7,2,3,2,50,4,0,4,0,12,0627461211T,6
1821,06274,"Pune Vidyarthi Griha's College of Engineering and Technology and G K Pate(Wani) Institute of Management, Pune",0627461210,Mechanical Engineering,120,78,0,18,24,1,96,OHU,5,2,2,0,0,1,0,1,0,1,0,1,1,0,2,1,2,0,19,4,0,4,0,12,0627461211T,6
1822,06274,"Pune Vidyarthi Griha's College of Engineering and Technology and G K Pate(Wani) Institute of Management, Pune",0627484110,Printing and Packing Technology,60,51,0,9,0,1,60,HU,9,4,4,1,1,1,2,0,1,0,0,1,1,0,4,2,3,1,35,2,1,2,1,6,0627484111T,3
1822,06274,"Pune Vidyarthi Griha's College of Engineering and Technology and G K Pate(Wani) Institute of Management, Pune",0627484110,Printing and Packing Technology,60,51,0,9,0,1,60,OHU,4,1,1,1,1,0,0,0,0,0,0,0,0,0,1,1,0,1,11,2,1,2,1,6,0627484111T,3
1823,06274,"Pune Vidyarthi Griha's College of Engineering and Technology and G K Pate(Wani) Institute of Management, Pune",0627499510,Artificial Intelligence and Data Science,60,39,0,9,12,0,48,HU,7,3,2,1,1,1,0,0,1,0,0,0,0,0,3,2,2,1,24,1,1,1,1,6,0627499511T,3
1823,06274,"Pune Vidyarthi Griha's College of Engineering and Technology and G K Pate(Wani) Institute of Management, Pune",0627499510,Artificial Intelligence and Data Science,60,39,0,9,12,0,48,OHU,3,1,1,1,1,0,1,0,0,0,1,0,0,1,2,0,1,0,13,1,1,1,1,6,0627499511T,3
1824,06275,"Shivnagar Vidya Prasarak Mandal's College of Engineering, Malegaon-Baramati",0627519110,Civil Engineering,60,51,0,9,0,1,60,HU,9,4,3,2,2,0,1,1,0,0,2,0,1,0,4,1,2,1,33,2,1,2,1,6,0627519111T,3
1824,06275,"Shivnagar Vidya Prasarak Mandal's College of Engineering, Malegaon-Baramati",0627519110,Civil Engineering,60,51,0,9,0,1,60,OHU,3,2,2,0,0,1,0,0,1,0,0,0,0,0,1,1,1,1,13,2,1,2,1,6,0627519111T,3
1825,06275,"Shivnagar Vidya Prasarak Mandal's College of Engineering, Malegaon-Baramati",0627524510,Computer Engineering,90,58,0,14,18,1,72,HU,11,4,5,1,2,1,0,0,1,1,0,1,0,1,4,2,3,1,38,2,1,2,1,9,0627524511T,5
1825,06275,"Shivnagar Vidya Prasarak Mandal's College of Engineering, Malegaon-Baramati",0627524510,Computer Engineering,90,58,0,14,18,1,72,OHU,4,2,1,1,1,0,1,0,0,0,1,0,0,0,1,1,2,0,15,2,1,2,1,9,0627524511T,5
1826,06275,"Shivnagar Vidya Prasarak Mandal's College of Engineering, Malegaon-Baramati",0627524610,Information Technology,60,39,0,9,12,0,48,HU,7,3,2,1,1,1,1,0,0,0,1,0,0,0,4,2,2,1,26,1,1,1,1,6,0627524611T,3
1826,06275,"Shivnagar Vidya Prasarak Mandal's College of Engineering, Malegaon-Baramati",0627524610,Information Technology,60,39,0,9,12,0,48,OHU,2,1,2,0,1,0,0,0,1,0,0,0,1,0,2,0,0,1,11,1,1,1,1,6,0627524611T,3
1827,06275,"Shivnagar Vidya Prasarak Mandal's College of Engineering, Malegaon-Baramati",0627529310,Electrical Engineering,60,45,0,9,6,0,54,HU,8,3,3,1,2,0,0,1,1,0,1,0,1,0,4,1,2,1,29,1,1,1,1,6,0627529311T,3
1827,06275,"Shivnagar Vidya Prasarak Mandal's College of Engineering, Malegaon-Baramati",0627529310,Electrical Engineering,60,45,0,9,6,0,54,OHU,4,1,1,1,0,1,0,1,0,0,1,0,0,0,2,1,1,0,14,1,1,1,1,6,0627529311T,3
1828,06275,"Shivnagar Vidya Prasarak Mandal's College of Engineering, Malegaon-Baramati",0627537210,Electronics and Telecommunication Engg,60,39,0,9,12,0,48,HU,7,3,2,2,1,1,1,0,0,1,1,1,0,0,3,2,2,1,28,1,1,1,1,6,0627537211T,3
1828,06275,"Shivnagar Vidya Prasarak Mandal's College of Engineering, Malegaon-Baramati",0627537210,Electronics and Telecommunication Engg,60,39,0,9,12,0,48,OHU,3,1,1,0,1,0,0,0,0,0,0,0,0,0,1,1,1,0,9,1,1,1,1,6,0627537211T,3
1829,06275,"Shivnagar Vidya Prasarak Mandal's College of Engineering, Malegaon-Baramati",0627561210,Mechanical Engineering,60,51,0,9,0,1,60,HU,9,4,4,1,1,1,2,0,1,0,1,0,1,0,5,1,3,0,34,2,1,2,1,6,0627561211T,3
1829,06275,"Shivnagar Vidya Prasarak Mandal's College of Engineering, Malegaon-Baramati",0627561210,Mechanical Engineering,60,51,0,9,0,1,60,OHU,3,2,1,1,1,0,0,0,0,0,0,1,0,0,1,0,1,1,12,2,1,2,1,6,0627561211T,3
1830,06275,"Shivnagar Vidya Prasarak Mandal's College of Engineering, Malegaon-Baramati",0627562410,Mechatronics Engineering,60,51,0,9,0,1,60,HU,9,4,3,1,3,0,0,0,0,0,1,0,1,0,4,2,2,2,32,2,1,2,1,6,0627562411T,3
1830,06275,"Shivnagar Vidya Prasarak Mandal's College of Engineering, Malegaon-Baramati",0627562410,Mechatronics Engineering,60,51,0,9,0,1,60,OHU,4,1,1,1,1,0,1,0,1,0,1,0,0,0,1,1,1,0,14,2,1,2,1,6,0627562411T,3
1831,06278,"All India Shri Shivaji Memorial Society's College of Engineering, Pune",0627819110,Civil Engineering,120,90,0,18,12,1,108,HU,16,7,5,2,2,2,1,1,2,0,2,1,0,1,7,4,4,1,58,5,0,5,0,12,0627819111T,6
1831,06278,"All India Shri Shivaji Memorial Society's College of Engineering, Pune",0627819110,Civil Engineering,120,90,0,18,12,1,108,OHU,5,3,3,0,1,1,1,0,0,0,0,0,1,0,3,1,1,1,21,5,0,5,0,12,0627819111T,6
1832,06278,"All India Shri Shivaji Memorial Society's College of Engineering, Pune",0627821910,Robotics and Automation,60,39,0,9,12,0,48,HU,7,3,2,2,2,0,1,0,0,0,0,1,0,0,4,1,2,1,26,1,1,1,1,6,0627821911T,3
1832,06278,"All India Shri Shivaji Memorial Society's College of Engineering, Pune",0627821910,Robotics and Automation,60,39,0,9,12,0,48,OHU,3,1,0,1,1,0,0,0,0,1,1,0,0,0,2,0,1,0,11,1,1,1,1,6,0627821911T,3
1833,06278,"All India Shri Shivaji Memorial Society's College of Engineering, Pune",0627824510,Computer Engineering,120,78,0,18,24,1,96,HU,14,6,5,1,2,1,0,1,1,1,2,0,1,0,6,2,4,2,49,4,0,4,0,12,0627824511T,6
1833,06278,"All India Shri Shivaji Memorial Society's College of Engineering, Pune",0627824510,Computer Engineering,120,78,0,18,24,1,96,OHU,5,2,2,0,1,1,0,1,0,0,0,1,1,0,2,2,1,1,20,4,0,4,0,12,0627824511T,6
1834,06278,"All India Shri Shivaji Memorial Society's College of Engineering, Pune",0627829310,Electrical Engineering,60,43,0,9,8,0,52,HU,8,3,2,1,1,1,1,0,0,0,1,0,1,0,4,3,2,0,28,1,1,1,1,6,0627829311T,3
1834,06278,"All India Shri Shivaji Memorial Society's College of Engineering, Pune",0627829310,Electrical Engineering,60,43,0,9,8,0,52,OHU,3,1,1,1,1,0,0,0,1,0,1,0,0,0,2,0,2,0,13,1,1,1,1,6,0627829311T,3
1835,06278,"All India Shri Shivaji Memorial Society's College of Engineering, Pune",0627837210,Electronics and Telecommunication Engg,60,39,0,9,12,0,48,HU,7,3,2,2,2,1,1,0,1,0,0,1,0,1,4,1,2,1,29,1,1,1,1,6,0627837211T,3
1835,06278,"All India Shri Shivaji Memorial Society's College of Engineering, Pune",0627837210,Electronics and Telecommunication Engg,60,39,0,9,12,0,48,OHU,3,1,1,0,0,0,0,0,0,0,0,0,0,0,1,1,1,0,8,1,1,1,1,6,0627837211T,3
1836,06278,"All India Shri Shivaji Memorial Society's College of Engineering, Pune",0627837810,Electronics Engineering ( VLSI Design and,60,39,0,9,12,0,48,HU,7,3,3,0,2,0,0,1,0,1,2,0,0,0,3,1,2,1,26,1,1,1,1,6,0627837811T,3
1836,06278,"All India Shri Shivaji Memorial Society's College of Engineering, Pune",0627837810,Electronics Engineering ( VLSI Design and,60,39,0,9,12,0,48,OHU,2,2,1,1,0,1,0,0,0,0,0,0,0,0,2,1,0,1,11,1,1,1,1,6,0627837811T,3
1837,06278,"All India Shri Shivaji Memorial Society's College of Engineering, Pune",0627850710,Chemical Engineering,60,47,0,9,4,0,56,HU,8,4,2,2,1,1,1,0,0,0,0,1,1,0,5,2,2,1,31,1,1,1,1,6,0627850711T,3
1837,06278,"All India Shri Shivaji Memorial Society's College of Engineering, Pune",0627850710,Chemical Engineering,60,47,0,9,4,0,56,OHU,4,1,2,0,1,0,1,0,1,0,1,0,0,0,2,0,1,0,14,1,1,1,1,6,0627850711T,3
1838,06278,"All India Shri Shivaji Memorial Society's College of Engineering, Pune",0627861210,Mechanical Engineering,120,90,0,18,12,1,108,HU,16,7,6,2,3,1,1,0,2,1,2,0,1,0,7,4,3,2,58,5,0,5,0,12,0627861211T,6
1838,06278,"All India Shri Shivaji Memorial Society's College of Engineering, Pune",0627861210,Mechanical Engineering,120,90,0,18,12,1,108,OHU,6,2,1,1,2,0,1,0,0,0,0,1,0,1,3,1,1,1,21,5,0,5,0,12,0627861211T,6
1839,06278,"All India Shri Shivaji Memorial Society's College of Engineering, Pune",0627862510,Mechanical Engineering[Sandwich],60,45,0,9,6,0,54,HU,8,3,3,1,1,1,1,0,0,0,0,1,0,1,5,1,3,1,30,1,1,1,1,6,0627862511T,3
1839,06278,"All India Shri Shivaji Memorial Society's College of Engineering, Pune",0627862510,Mechanical Engineering[Sandwich],60,45,0,9,6,0,54,OHU,3,2,1,1,0,1,0,0,0,1,0,0,0,0,2,1,1,0,13,1,1,1,1,6,0627862511T,3
1840,06278,"All India Shri Shivaji Memorial Society's College of Engineering, Pune",0627892110,Artificial Intelligence and Machine Learning,120,78,0,18,24,1,96,HU,14,6,4,2,3,1,1,1,1,0,2,0,0,0,6,3,4,1,49,4,0,4,0,12,0627892111T,6
1840,06278,"All India Shri Shivaji Memorial Society's College of Engineering, Pune",0627892110,Artificial Intelligence and Machine Learning,120,78,0,18,24,1,96,OHU,5,2,2,0,2,0,1,0,0,0,1,0,1,0,2,1,2,1,20,4,0,4,0,12,0627892111T,6
1841,06281,"Modern Education Society's Wadia College of Engineering, Pune",0628124510,Computer Engineering,240,204,0,36,0,2,240,HU,37,16,12,5,7,3,3,1,2,1,3,2,3,0,17,8,9,4,133,8,2,8,2,24,0628124511T,12
1841,06281,"Modern Education Society's Wadia College of Engineering, Pune",0628124510,Computer Engineering,240,204,0,36,0,2,240,OHU,14,6,5,2,2,2,1,1,2,0,2,0,1,0,7,3,4,1,53,8,2,8,2,24,0628124511T,12
1842,06281,"Modern Education Society's Wadia College of Engineering, Pune",0628137210,Electronics and Telecommunication Engg,120,102,0,18,0,1,120,HU,18,8,5,3,4,1,1,1,2,1,2,1,1,1,9,3,4,2,67,5,0,5,0,12,0628137211T,6
1842,06281,"Modern Education Society's Wadia College of Engineering, Pune",0628137210,Electronics and Telecommunication Engg,120,102,0,18,0,1,120,OHU,7,3,2,1,2,0,1,0,0,0,0,1,0,0,3,2,1,1,24,5,0,5,0,12,0628137211T,6
1843,06281,"Modern Education Society's Wadia College of Engineering, Pune",0628161210,Mechanical Engineering,120,102,0,18,0,1,120,HU,19,8,6,2,3,2,2,1,2,0,2,0,1,0,9,4,4,2,67,5,0,5,0,12,0628161211T,6
1843,06281,"Modern Education Society's Wadia College of Engineering, Pune",0628161210,Mechanical Engineering,120,102,0,18,0,1,120,OHU,7,3,2,1,1,1,0,0,0,1,1,0,0,1,3,1,1,1,24,5,0,5,0,12,0628161211T,6
1844,06281,"Modern Education Society's Wadia College of Engineering, Pune",0628191610,Automation and Robotics,60,51,0,9,0,1,60,HU,9,4,4,1,2,0,0,0,0,0,1,0,0,1,4,2,3,1,32,2,1,2,1,6,0628191611T,3
1844,06281,"Modern Education Society's Wadia College of Engineering, Pune",0628191610,Automation and Robotics,60,51,0,9,0,1,60,OHU,3,2,1,1,1,0,0,1,1,0,1,0,0,0,1,1,1,0,14,2,1,2,1,6,0628191611T,3
1845,06285,"Bharati Vidyapeeth's College of Engineering for Women, Katraj, Dhankawadi, Pune",0628524550F,Computer Engineering,120,78,0,18,24,1,96,HU,0,19,0,6,0,4,0,2,0,1,0,2,0,1,0,10,0,6,51,4,0,4,0,12,0628524551FT,6
1845,06285,"Bharati Vidyapeeth's College of Engineering for Women, Katraj, Dhankawadi, Pune",0628524550F,Computer Engineering,120,78,0,18,24,1,96,OHU,0,7,0,2,0,1,0,1,0,1,0,1,0,0,0,3,0,2,18,4,0,4,0,12,0628524551FT,6
1846,06285,"Bharati Vidyapeeth's College of Engineering for Women, Katraj, Dhankawadi, Pune",0628524650F,Information Technology,60,39,0,9,12,0,48,HU,0,11,0,3,0,2,0,0,0,1,0,1,0,1,0,5,0,3,27,1,1,1,1,6,0628524651FT,3
1846,06285,"Bharati Vidyapeeth's College of Engineering for Women, Katraj, Dhankawadi, Pune",0628524650F,Information Technology,60,39,0,9,12,0,48,OHU,0,3,0,2,0,1,0,1,0,0,0,0,0,0,0,2,0,1,10,1,1,1,1,6,0628524651FT,3
1847,06285,"Bharati Vidyapeeth's College of Engineering for Women, Katraj, Dhankawadi, Pune",0628537250F,Electronics and Telecommunication Engg,120,96,0,18,6,1,114,HU,0,24,0,8,0,5,0,2,0,2,0,3,0,1,0,11,0,5,61,5,0,5,0,12,0628537251FT,6
1847,06285,"Bharati Vidyapeeth's College of Engineering for Women, Katraj, Dhankawadi, Pune",0628537250F,Electronics and Telecommunication Engg,120,96,0,18,6,1,114,OHU,0,10,0,2,0,2,0,1,0,0,0,1,0,1,0,5,0,2,24,5,0,5,0,12,0628537251FT,6
1848,06307,"Dhole Patil Education Society, Dhole Patil College of Engineering, Wagholi, Tal. Haveli",0630724510,Computer Engineering,90,58,0,14,18,1,72,HU,11,5,3,1,3,0,1,1,1,0,1,0,0,1,5,2,4,1,40,2,1,2,1,9,0630724511T,5
1848,06307,"Dhole Patil Education Society, Dhole Patil College of Engineering, Wagholi, Tal. Haveli",0630724510,Computer Engineering,90,58,0,14,18,1,72,OHU,4,1,2,1,0,1,0,0,0,0,1,0,0,0,1,1,0,1,13,2,1,2,1,9,0630724511T,5
1849,06307,"Dhole Patil Education Society, Dhole Patil College of Engineering, Wagholi, Tal. Haveli",0630724610,Information Technology,45,29,0,7,9,0,36,HU,5,2,2,1,0,1,0,0,0,1,1,0,0,0,2,1,1,1,18,1,0,1,0,5,0630724611T,2
1849,06307,"Dhole Patil Education Society, Dhole Patil College of Engineering, Wagholi, Tal. Haveli",0630724610,Information Technology,45,29,0,7,9,0,36,OHU,2,1,1,0,1,0,1,0,0,0,0,0,0,0,1,1,1,0,9,1,0,1,0,5,0630724611T,2
1850,06307,"Dhole Patil Education Society, Dhole Patil College of Engineering, Wagholi, Tal. Haveli",0630737210,Electronics and Telecommunication Engg,60,39,0,9,12,0,48,HU,6,3,3,1,2,0,1,0,0,0,0,1,1,0,4,2,2,1,27,1,1,1,1,6,0630737211T,3
1850,06307,"Dhole Patil Education Society, Dhole Patil College of Engineering, Wagholi, Tal. Haveli",0630737210,Electronics and Telecommunication Engg,60,39,0,9,12,0,48,OHU,2,2,1,0,1,0,0,0,1,0,0,0,0,0,2,0,1,0,10,1,1,1,1,6,0630737211T,3
1851,06307,"Dhole Patil Education Society, Dhole Patil College of Engineering, Wagholi, Tal. Haveli",0630760210,Automobile Engineering,60,39,0,9,12,0,48,HU,8,3,2,1,1,1,1,0,1,0,0,0,0,0,4,1,2,0,25,1,1,1,1,6,,
1851,06307,"Dhole Patil Education Society, Dhole Patil College of Engineering, Wagholi, Tal. Haveli",0630760210,Automobile Engineering,60,39,0,9,12,0,48,OHU,3,0,1,1,0,1,0,0,0,0,1,0,1,0,1,1,1,1,12,1,1,1,1,6,,
1852,06310,"Nutan Maharashtra Vidya Prasarak Mandal, Nutan Maharashtra Institute of Engineering &Technology, Talegaon station, Pune",0631024210,Computer Science and Engineering,180,117,0,27,36,1,144,HU,21,9,7,3,4,2,3,0,1,1,2,1,1,0,10,5,5,3,78,5,1,5,1,18,0631024211T,9
1852,06310,"Nutan Maharashtra Vidya Prasarak Mandal, Nutan Maharashtra Institute of Engineering &Technology, Talegaon station, Pune",0631024210,Computer Science and Engineering,180,117,0,27,36,1,144,OHU,8,4,2,1,2,0,0,1,0,0,1,1,1,0,4,1,2,0,28,5,1,5,1,18,0631024211T,9
1853,06310,"Nutan Maharashtra Vidya Prasarak Mandal, Nutan Maharashtra Institute of Engineering &Technology, Talegaon station, Pune",0631024510,Computer Engineering,240,156,0,36,48,2,192,HU,28,12,9,4,5,2,2,1,3,0,3,1,2,1,13,5,6,3,100,7,1,7,1,24,0631024511T,12
1853,06310,"Nutan Maharashtra Vidya Prasarak Mandal, Nutan Maharashtra Institute of Engineering &Technology, Talegaon station, Pune",0631024510,Computer Engineering,240,156,0,36,48,2,192,OHU,11,5,4,1,2,2,1,0,1,0,1,0,1,0,5,2,3,1,40,7,1,7,1,24,0631024511T,12
1854,06310,"Nutan Maharashtra Vidya Prasarak Mandal, Nutan Maharashtra Institute of Engineering &Technology, Talegaon station, Pune",0631024610,Information Technology,120,78,0,18,24,1,96,HU,14,6,4,2,3,1,1,1,0,1,1,0,1,0,7,3,5,1,51,4,0,4,0,12,0631024611T,6
1854,06310,"Nutan Maharashtra Vidya Prasarak Mandal, Nutan Maharashtra Institute of Engineering &Technology, Talegaon station, Pune",0631024610,Information Technology,120,78,0,18,24,1,96,OHU,5,2,1,1,1,0,1,0,1,0,0,1,0,0,2,1,1,1,18,4,0,4,0,12,0631024611T,6
1855,06310,"Nutan Maharashtra Vidya Prasarak Mandal, Nutan Maharashtra Institute of Engineering &Technology, Talegaon station, Pune",0631037210,Electronics and Telecommunication Engg,120,78,0,18,24,1,96,HU,14,6,4,2,3,1,1,0,1,0,1,1,0,1,5,3,3,2,48,4,0,4,0,12,0631037211T,6
1855,06310,"Nutan Maharashtra Vidya Prasarak Mandal, Nutan Maharashtra Institute of Engineering &Technology, Talegaon station, Pune",0631037210,Electronics and Telecommunication Engg,120,78,0,18,24,1,96,OHU,5,2,1,1,1,1,0,1,0,1,1,0,0,1,2,2,1,1,21,4,0,4,0,12,0631037211T,6
1856,06310,"Nutan Maharashtra Vidya Prasarak Mandal, Nutan Maharashtra Institute of Engineering &Technology, Talegaon station, Pune",0631061210,Mechanical Engineering,120,78,0,18,24,1,96,HU,13,6,4,2,3,1,0,1,1,1,1,1,1,0,7,3,4,1,50,4,0,4,0,12,0631061211T,6
1856,06310,"Nutan Maharashtra Vidya Prasarak Mandal, Nutan Maharashtra Institute of Engineering &Technology, Talegaon station, Pune",0631061210,Mechanical Engineering,120,78,0,18,24,1,96,OHU,6,2,2,0,1,0,1,0,0,0,1,0,0,0,3,0,3,0,19,4,0,4,0,12,0631061211T,6
1857,06310,"Nutan Maharashtra Vidya Prasarak Mandal, Nutan Maharashtra Institute of Engineering &Technology, Talegaon station, Pune",0631091310,Computer Science and Engineering (Artificial,60,39,0,9,12,0,48,HU,7,3,2,1,1,1,1,0,1,0,1,0,1,0,4,1,2,1,27,1,1,1,1,6,0631091311T,3
1857,06310,"Nutan Maharashtra Vidya Prasarak Mandal, Nutan Maharashtra Institute of Engineering &Technology, Talegaon station, Pune",0631091310,Computer Science and Engineering (Artificial,60,39,0,9,12,0,48,OHU,3,1,1,1,1,0,0,0,0,0,0,0,0,0,1,1,0,1,10,1,1,1,1,6,0631091311T,3
1858,06310,"Nutan Maharashtra Vidya Prasarak Mandal, Nutan Maharashtra Institute of Engineering &Technology, Talegaon station, Pune",0631099510,Artificial Intelligence and Data Science,120,78,0,18,24,1,96,HU,14,6,5,1,2,1,2,0,1,0,1,1,0,0,6,3,4,2,49,4,0,4,0,12,0631099511T,6
1858,06310,"Nutan Maharashtra Vidya Prasarak Mandal, Nutan Maharashtra Institute of Engineering &Technology, Talegaon station, Pune",0631099510,Artificial Intelligence and Data Science,120,78,0,18,24,1,96,OHU,5,2,2,0,1,1,0,0,1,0,0,1,1,0,3,1,2,0,20,4,0,4,0,12,0631099511T,6
1859,06311,"Jayawant Shikshan Prasarak Mandal, Bhivarabai Sawant Institute of Technology & Research, Wagholi",0631124510,Computer Engineering,180,117,0,27,36,1,144,HU,21,9,7,3,4,2,1,1,1,1,3,0,1,1,11,4,4,2,76,5,1,5,1,18,0631124511T,9
1859,06311,"Jayawant Shikshan Prasarak Mandal, Bhivarabai Sawant Institute of Technology & Research, Wagholi",0631124510,Computer Engineering,180,117,0,27,36,1,144,OHU,8,4,2,2,2,0,1,1,1,0,1,0,0,0,3,2,2,1,30,5,1,5,1,18,0631124511T,9
1860,06311,"Jayawant Shikshan Prasarak Mandal, Bhivarabai Sawant Institute of Technology & Research, Wagholi",0631124610,Information Technology,120,78,0,18,24,1,96,HU,14,6,4,2,2,1,1,1,1,0,1,1,1,0,6,3,4,2,50,4,0,4,0,12,0631124611T,6
1860,06311,"Jayawant Shikshan Prasarak Mandal, Bhivarabai Sawant Institute of Technology & Research, Wagholi",0631124610,Information Technology,120,78,0,18,24,1,96,OHU,5,2,2,0,1,1,0,0,0,1,1,0,0,0,3,1,1,1,19,4,0,4,0,12,0631124611T,6
1861,06311,"Jayawant Shikshan Prasarak Mandal, Bhivarabai Sawant Institute of Technology & Research, Wagholi",0631129310,Electrical Engineering,60,51,0,9,0,1,60,HU,9,4,3,2,2,0,1,0,1,0,1,0,0,0,4,2,3,1,33,2,1,2,1,6,0631129311T,3
1861,06311,"Jayawant Shikshan Prasarak Mandal, Bhivarabai Sawant Institute of Technology & Research, Wagholi",0631129310,Electrical Engineering,60,51,0,9,0,1,60,OHU,3,2,1,1,1,0,1,0,0,0,1,0,1,0,1,0,1,0,13,2,1,2,1,6,0631129311T,3
1862,06311,"Jayawant Shikshan Prasarak Mandal, Bhivarabai Sawant Institute of Technology & Research, Wagholi",0631137210,Electronics and Telecommunication Engg,60,48,0,9,3,0,57,HU,8,4,3,1,2,1,1,0,0,1,0,1,1,0,5,2,2,1,33,1,1,1,1,6,0631137211T,3
1862,06311,"Jayawant Shikshan Prasarak Mandal, Bhivarabai Sawant Institute of Technology & Research, Wagholi",0631137210,Electronics and Telecommunication Engg,60,48,0,9,3,0,57,OHU,4,1,2,0,0,1,0,0,0,0,0,0,0,0,2,1,1,1,13,1,1,1,1,6,0631137211T,3
1863,06311,"Jayawant Shikshan Prasarak Mandal, Bhivarabai Sawant Institute of Technology & Research, Wagholi",0631161210,Mechanical Engineering,120,102,0,18,0,1,120,HU,19,8,6,2,3,2,1,1,1,0,2,1,0,1,9,3,4,2,65,5,0,5,0,12,,
1863,06311,"Jayawant Shikshan Prasarak Mandal, Bhivarabai Sawant Institute of Technology & Research, Wagholi",0631161210,Mechanical Engineering,120,102,0,18,0,1,120,OHU,7,3,2,1,2,0,1,0,1,0,0,1,1,0,3,2,2,0,26,5,0,5,0,12,,
1864,06319,"Shahajirao Patil Vikas Pratishthan, S.B.Patil College of Engineering, Vangali, Tal. Indapur",0631919110,Civil Engineering,60,51,0,9,0,1,60,HU,9,4,3,1,2,0,0,1,0,0,1,1,1,0,4,2,3,1,33,2,1,2,1,6,0631919111T,3
1864,06319,"Shahajirao Patil Vikas Pratishthan, S.B.Patil College of Engineering, Vangali, Tal. Indapur",0631919110,Civil Engineering,60,51,0,9,0,1,60,OHU,4,1,1,1,1,1,0,0,1,0,0,0,0,0,1,1,0,1,13,2,1,2,1,6,0631919111T,3
1865,06319,"Shahajirao Patil Vikas Pratishthan, S.B.Patil College of Engineering, Vangali, Tal. Indapur",0631924510,Computer Engineering,120,90,0,18,12,1,108,HU,16,6,5,2,3,2,2,0,2,0,2,0,0,0,8,3,3,2,56,5,0,5,0,12,0631924511T,6
1865,06319,"Shahajirao Patil Vikas Pratishthan, S.B.Patil College of Engineering, Vangali, Tal. Indapur",0631924510,Computer Engineering,120,90,0,18,12,1,108,OHU,6,3,2,1,1,0,0,1,0,0,1,1,1,0,3,1,2,0,23,5,0,5,0,12,0631924511T,6
1866,06319,"Shahajirao Patil Vikas Pratishthan, S.B.Patil College of Engineering, Vangali, Tal. Indapur",0631924610,Information Technology,30,25,0,5,0,0,30,HU,4,2,2,0,1,0,0,0,0,0,0,0,1,0,3,1,2,0,16,1,0,1,0,3,0631924611T,2
1866,06319,"Shahajirao Patil Vikas Pratishthan, S.B.Patil College of Engineering, Vangali, Tal. Indapur",0631924610,Information Technology,30,25,0,5,0,0,30,OHU,1,1,1,0,0,1,1,0,0,0,0,0,0,0,1,0,0,1,7,1,0,1,0,3,0631924611T,2
1867,06319,"Shahajirao Patil Vikas Pratishthan, S.B.Patil College of Engineering, Vangali, Tal. Indapur",0631926310,Artificial Intelligence (AI) and Data Science,30,22,0,5,3,0,27,HU,4,2,2,1,0,1,0,1,0,0,1,0,0,0,1,1,0,1,15,1,0,1,0,3,0631926311T,2
1867,06319,"Shahajirao Patil Vikas Pratishthan, S.B.Patil College of Engineering, Vangali, Tal. Indapur",0631926310,Artificial Intelligence (AI) and Data Science,30,22,0,5,3,0,27,OHU,1,0,0,0,0,0,0,0,0,1,0,0,0,0,1,1,1,0,5,1,0,1,0,3,0631926311T,2
1868,06319,"Shahajirao Patil Vikas Pratishthan, S.B.Patil College of Engineering, Vangali, Tal. Indapur",0631929310,Electrical Engineering,60,51,0,9,0,1,60,HU,9,4,2,2,2,0,1,0,0,1,1,1,0,1,4,2,3,1,34,2,1,2,1,6,0631929311T,3
1868,06319,"Shahajirao Patil Vikas Pratishthan, S.B.Patil College of Engineering, Vangali, Tal. Indapur",0631929310,Electrical Engineering,60,51,0,9,0,1,60,OHU,3,2,1,1,2,0,1,0,0,0,0,0,0,0,1,0,1,0,12,2,1,2,1,6,0631929311T,3
1869,06319,"Shahajirao Patil Vikas Pratishthan, S.B.Patil College of Engineering, Vangali, Tal. Indapur",0631937210,Electronics and Telecommunication Engg,60,51,0,9,0,1,60,HU,9,4,4,1,2,1,2,0,1,0,1,0,0,0,4,1,2,1,33,2,1,2,1,6,0631937211T,3
1869,06319,"Shahajirao Patil Vikas Pratishthan, S.B.Patil College of Engineering, Vangali, Tal. Indapur",0631937210,Electronics and Telecommunication Engg,60,51,0,9,0,1,60,OHU,4,1,2,0,0,0,0,0,0,0,1,0,1,0,1,1,1,1,13,2,1,2,1,6,0631937211T,3
1870,06319,"Shahajirao Patil Vikas Pratishthan, S.B.Patil College of Engineering, Vangali, Tal. Indapur",0631961210,Mechanical Engineering,30,25,0,5,0,0,30,HU,4,2,1,1,1,0,0,0,0,0,0,0,1,0,3,1,2,0,16,1,0,1,0,3,0631961211T,2
1870,06319,"Shahajirao Patil Vikas Pratishthan, S.B.Patil College of Engineering, Vangali, Tal. Indapur",0631961210,Mechanical Engineering,30,25,0,5,0,0,30,OHU,1,1,1,0,1,0,0,0,1,0,0,0,0,0,1,0,1,0,7,1,0,1,0,3,0631961211T,2
1871,06320,"K.J.'s Educational Institute's K.J.College of Engineering & Management Research, Pisoli",0632019110,Civil Engineering,60,51,0,9,0,1,60,HU,9,4,3,1,2,1,0,1,1,0,0,1,1,0,3,2,3,1,33,2,1,2,1,6,,
1871,06320,"K.J.'s Educational Institute's K.J.College of Engineering & Management Research, Pisoli",0632019110,Civil Engineering,60,51,0,9,0,1,60,OHU,3,2,1,1,0,1,1,0,0,0,0,1,0,0,1,1,1,0,13,2,1,2,1,6,,
1872,06320,"K.J.'s Educational Institute's K.J.College of Engineering & Management Research, Pisoli",0632024510,Computer Engineering,180,135,0,27,18,1,162,HU,24,10,8,3,4,2,2,1,2,1,3,1,0,1,11,5,6,3,87,6,1,6,1,18,0632024511T,9
1872,06320,"K.J.'s Educational Institute's K.J.College of Engineering & Management Research, Pisoli",0632024510,Computer Engineering,180,135,0,27,18,1,162,OHU,10,4,3,1,2,1,0,1,1,0,1,0,0,1,5,2,2,1,35,6,1,6,1,18,0632024511T,9
1873,06320,"K.J.'s Educational Institute's K.J.College of Engineering & Management Research, Pisoli",0632029310,Electrical Engineering,60,51,0,9,0,1,60,HU,9,4,3,2,1,1,1,0,1,0,1,0,1,0,5,1,2,1,33,2,1,2,1,6,,
1873,06320,"K.J.'s Educational Institute's K.J.College of Engineering & Management Research, Pisoli",0632029310,Electrical Engineering,60,51,0,9,0,1,60,OHU,3,2,1,1,1,0,0,0,0,0,1,0,0,0,2,0,1,1,13,2,1,2,1,6,,
1874,06320,"K.J.'s Educational Institute's K.J.College of Engineering & Management Research, Pisoli",0632037210,Electronics and Telecommunication Engg,60,51,0,9,0,1,60,HU,9,4,3,1,2,1,1,0,0,0,1,1,1,0,4,2,3,1,34,2,1,2,1,6,0632037211T,3
1874,06320,"K.J.'s Educational Institute's K.J.College of Engineering & Management Research, Pisoli",0632037210,Electronics and Telecommunication Engg,60,51,0,9,0,1,60,OHU,4,1,2,0,1,0,1,0,0,1,0,0,0,0,0,1,1,0,12,2,1,2,1,6,0632037211T,3
1875,06320,"K.J.'s Educational Institute's K.J.College of Engineering & Management Research, Pisoli",0632037810,Electronics Engineering ( VLSI Design and,60,51,0,9,0,1,60,HU,9,4,4,1,2,0,0,1,0,1,1,0,0,0,4,2,2,1,32,2,1,2,1,6,,
1875,06320,"K.J.'s Educational Institute's K.J.College of Engineering & Management Research, Pisoli",0632037810,Electronics Engineering ( VLSI Design and,60,51,0,9,0,1,60,OHU,3,2,1,1,0,1,0,0,0,0,0,1,1,0,2,0,1,1,14,2,1,2,1,6,,
1876,06320,"K.J.'s Educational Institute's K.J.College of Engineering & Management Research, Pisoli",0632061210,Mechanical Engineering,90,76,0,14,0,1,90,HU,13,6,4,2,3,1,2,0,1,0,1,1,1,0,6,2,4,2,49,4,0,4,0,9,,
1876,06320,"K.J.'s Educational Institute's K.J.College of Engineering & Management Research, Pisoli",0632061210,Mechanical Engineering,90,76,0,14,0,1,90,OHU,5,2,1,1,1,0,1,0,0,0,1,0,0,0,2,2,2,0,18,4,0,4,0,9,,
1877,06320,"K.J.'s Educational Institute's K.J.College of Engineering & Management Research, Pisoli",0632092810,Electronics and Communication(Advanced,60,51,0,9,0,1,60,HU,9,4,3,1,1,1,1,0,1,0,2,0,0,1,4,2,2,1,33,2,1,2,1,6,0632092811T,3
1877,06320,"K.J.'s Educational Institute's K.J.College of Engineering & Management Research, Pisoli",0632092810,Electronics and Communication(Advanced,60,51,0,9,0,1,60,OHU,4,1,2,0,2,0,0,0,1,0,0,0,0,0,1,0,1,1,13,2,1,2,1,6,0632092811T,3
1878,06322,"Shree Gajanan Maharaj Shikshan Prasarak Manda'l Sharadchandra Pawar College of Engineering, Dumbarwadi",0632224510,Computer Engineering,30,25,0,5,0,0,30,HU,4,2,2,1,2,0,0,0,0,0,1,0,0,0,3,1,1,1,18,1,0,1,0,3,0632224511T,2
1878,06322,"Shree Gajanan Maharaj Shikshan Prasarak Manda'l Sharadchandra Pawar College of Engineering, Dumbarwadi",0632224510,Computer Engineering,30,25,0,5,0,0,30,OHU,1,1,0,0,0,0,1,0,0,0,0,0,0,0,1,0,1,0,5,1,0,1,0,3,0632224511T,2
1879,06322,"Shree Gajanan Maharaj Shikshan Prasarak Manda'l Sharadchandra Pawar College of Engineering, Dumbarwadi",0632237210,Electronics and Telecommunication Engg,30,25,0,5,0,0,30,HU,4,2,2,0,1,0,1,0,0,1,0,0,1,0,2,1,2,0,17,1,0,1,0,3,,
1879,06322,"Shree Gajanan Maharaj Shikshan Prasarak Manda'l Sharadchandra Pawar College of Engineering, Dumbarwadi",0632237210,Electronics and Telecommunication Engg,30,25,0,5,0,0,30,OHU,2,0,0,1,1,0,0,0,0,0,1,0,0,0,0,1,0,0,6,1,0,1,0,3,,
1880,06322,"Shree Gajanan Maharaj Shikshan Prasarak Manda'l Sharadchandra Pawar College of Engineering, Dumbarwadi",0632261210,Mechanical Engineering,30,25,0,5,0,0,30,HU,3,3,1,1,0,1,0,1,0,0,0,1,0,0,2,1,1,1,16,1,0,1,0,3,,
1880,06322,"Shree Gajanan Maharaj Shikshan Prasarak Manda'l Sharadchandra Pawar College of Engineering, Dumbarwadi",0632261210,Mechanical Engineering,30,25,0,5,0,0,30,OHU,1,1,2,0,0,0,0,0,0,0,0,0,0,0,2,0,0,1,7,1,0,1,0,3,,
1881,06322,"Shree Gajanan Maharaj Shikshan Prasarak Manda'l Sharadchandra Pawar College of Engineering, Dumbarwadi",0632292110,Artificial Intelligence and Machine Learning,60,51,0,9,0,1,60,HU,10,3,3,2,2,1,0,0,1,0,1,0,1,0,5,1,2,1,33,2,1,2,1,6,0632292111T,3
1881,06322,"Shree Gajanan Maharaj Shikshan Prasarak Manda'l Sharadchandra Pawar College of Engineering, Dumbarwadi",0632292110,Artificial Intelligence and Machine Learning,60,51,0,9,0,1,60,OHU,3,2,1,0,0,1,0,1,0,0,1,0,0,0,1,1,2,0,13,2,1,2,1,6,0632292111T,3
1882,06324,"Rajgad Dnyanpeeth's Shri Chhatrapati Shivajiraje College of Engineering, Bhor",0632419110,Civil Engineering,60,51,0,9,0,1,60,HU,9,4,4,1,2,0,1,0,0,0,1,1,0,0,4,2,3,1,33,2,1,2,1,6,,
1882,06324,"Rajgad Dnyanpeeth's Shri Chhatrapati Shivajiraje College of Engineering, Bhor",0632419110,Civil Engineering,60,51,0,9,0,1,60,OHU,4,1,1,1,1,0,0,0,0,1,0,0,0,1,1,1,0,1,13,2,1,2,1,6,,
1883,06324,"Rajgad Dnyanpeeth's Shri Chhatrapati Shivajiraje College of Engineering, Bhor",0632424510,Computer Engineering,90,69,0,14,7,1,83,HU,12,5,3,2,2,1,1,0,1,1,1,0,1,1,5,3,4,1,44,2,1,2,1,9,0632424511T,5
1883,06324,"Rajgad Dnyanpeeth's Shri Chhatrapati Shivajiraje College of Engineering, Bhor",0632424510,Computer Engineering,90,69,0,14,7,1,83,OHU,5,3,2,1,2,0,1,0,0,0,0,1,0,0,3,0,2,0,20,2,1,2,1,9,0632424511T,5
1884,06324,"Rajgad Dnyanpeeth's Shri Chhatrapati Shivajiraje College of Engineering, Bhor",0632426310,Artificial Intelligence (AI) and Data Science,90,69,0,14,7,1,83,HU,13,6,5,1,3,1,2,1,1,0,2,0,0,0,6,2,2,2,47,2,1,2,1,9,0632426311T,5
1884,06324,"Rajgad Dnyanpeeth's Shri Chhatrapati Shivajiraje College of Engineering, Bhor",0632426310,Artificial Intelligence (AI) and Data Science,90,69,0,14,7,1,83,OHU,5,2,2,1,0,1,0,0,0,0,0,0,1,0,2,1,1,1,17,2,1,2,1,9,0632426311T,5
1885,06324,"Rajgad Dnyanpeeth's Shri Chhatrapati Shivajiraje College of Engineering, Bhor",0632437210,Electronics and Telecommunication Engg,60,51,0,9,0,1,60,HU,9,4,3,2,1,1,0,0,1,0,0,1,1,0,4,2,3,0,32,2,1,2,1,6,0632437211T,3
1885,06324,"Rajgad Dnyanpeeth's Shri Chhatrapati Shivajiraje College of Engineering, Bhor",0632437210,Electronics and Telecommunication Engg,60,51,0,9,0,1,60,OHU,4,1,2,0,1,0,1,0,1,0,1,0,0,0,0,1,2,0,14,2,1,2,1,6,0632437211T,3
1886,06324,"Rajgad Dnyanpeeth's Shri Chhatrapati Shivajiraje College of Engineering, Bhor",0632461210,Mechanical Engineering,60,51,0,9,0,1,60,HU,9,4,4,1,2,1,1,0,0,1,1,0,1,0,4,2,2,2,35,2,1,2,1,6,,
1886,06324,"Rajgad Dnyanpeeth's Shri Chhatrapati Shivajiraje College of Engineering, Bhor",0632461210,Mechanical Engineering,60,51,0,9,0,1,60,OHU,3,2,0,1,1,0,0,0,0,0,1,0,0,0,2,0,0,1,11,2,1,2,1,6,,
1887,06325,"Alard Charitable Trust's Alard College of Engineering and Management, Pune",0632519110,Civil Engineering,30,13,15,2,0,0,30,HU,7,3,0,0,0,0,0,0,0,0,0,0,0,0,0,0,0,0,10,0,0,0,0,0,,
1887,06325,"Alard Charitable Trust's Alard College of Engineering and Management, Pune",0632519110,Civil Engineering,30,13,15,2,0,0,30,OHU,2,1,0,0,0,0,0,0,0,0,0,0,0,0,0,0,0,0,3,0,0,0,0,0,,
1888,06325,"Alard Charitable Trust's Alard College of Engineering and Management, Pune",0632524510,Computer Engineering,60,20,31,3,6,0,54,HU,10,4,0,0,0,0,0,0,0,0,0,0,0,0,0,0,0,0,14,0,0,0,0,0,0632524511T,3
1888,06325,"Alard Charitable Trust's Alard College of Engineering and Management, Pune",0632524510,Computer Engineering,60,20,31,3,6,0,54,OHU,4,2,0,0,0,0,0,0,0,0,0,0,0,0,0,0,0,0,6,0,0,0,0,0,0632524511T,3
1889,06325,"Alard Charitable Trust's Alard College of Engineering and Management, Pune",0632525710,Computer Science and Design,60,25,31,4,0,0,60,HU,12,5,0,0,0,0,0,0,0,0,0,0,0,0,0,0,0,0,17,0,0,0,0,0,0632525711T,3
1889,06325,"Alard Charitable Trust's Alard College of Engineering and Management, Pune",0632525710,Computer Science and Design,60,25,31,4,0,0,60,OHU,6,2,0,0,0,0,0,0,0,0,0,0,0,0,0,0,0,0,8,0,0,0,0,0,0632525711T,3
1890,06325,"Alard Charitable Trust's Alard College of Engineering and Management, Pune",0632529310,Electrical Engineering,30,13,15,2,0,0,30,HU,6,3,0,0,0,0,0,0,0,0,0,0,0,0,0,0,0,0,9,0,0,0,0,0,0632529311T,2
1890,06325,"Alard Charitable Trust's Alard College of Engineering and Management, Pune",0632529310,Electrical Engineering,30,13,15,2,0,0,30,OHU,3,1,0,0,0,0,0,0,0,0,0,0,0,0,0,0,0,0,4,0,0,0,0,0,0632529311T,2
1891,06325,"Alard Charitable Trust's Alard College of Engineering and Management, Pune",0632537210,Electronics and Telecommunication Engg,60,25,31,4,0,0,60,HU,13,5,0,0,0,0,0,0,0,0,0,0,0,0,0,0,0,0,18,0,0,0,0,0,0632537211T,3
1891,06325,"Alard Charitable Trust's Alard College of Engineering and Management, Pune",0632537210,Electronics and Telecommunication Engg,60,25,31,4,0,0,60,OHU,5,2,0,0,0,0,0,0,0,0,0,0,0,0,0,0,0,0,7,0,0,0,0,0,0632537211T,3
1892,06325,"Alard Charitable Trust's Alard College of Engineering and Management, Pune",0632537810,Electronics Engineering ( VLSI Design and,60,25,31,4,0,0,60,HU,12,5,0,0,0,0,0,0,0,0,0,0,0,0,0,0,0,0,17,0,0,0,0,0,,
1892,06325,"Alard Charitable Trust's Alard College of Engineering and Management, Pune",0632537810,Electronics Engineering ( VLSI Design and,60,25,31,4,0,0,60,OHU,5,3,0,0,0,0,0,0,0,0,0,0,0,0,0,0,0,0,8,0,0,0,0,0,,
1893,06325,"Alard Charitable Trust's Alard College of Engineering and Management, Pune",0632561210,Mechanical Engineering,60,25,31,4,0,0,60,HU,12,6,0,0,0,0,0,0,0,0,0,0,0,0,0,0,0,0,18,0,0,0,0,0,,
1893,06325,"Alard Charitable Trust's Alard College of Engineering and Management, Pune",0632561210,Mechanical Engineering,60,25,31,4,0,0,60,OHU,5,2,0,0,0,0,0,0,0,0,0,0,0,0,0,0,0,0,7,0,0,0,0,0,,
1894,06325,"Alard Charitable Trust's Alard College of Engineering and Management, Pune",0632592110,Artificial Intelligence and Machine Learning,60,20,31,3,6,0,54,HU,10,4,0,0,0,0,0,0,0,0,0,0,0,0,0,0,0,0,14,0,0,0,0,0,0632592111T,3
1894,06325,"Alard Charitable Trust's Alard College of Engineering and Management, Pune",0632592110,Artificial Intelligence and Machine Learning,60,20,31,3,6,0,54,OHU,4,2,0,0,0,0,0,0,0,0,0,0,0,0,0,0,0,0,6,0,0,0,0,0,0632592111T,3
1895,06325,"Alard Charitable Trust's Alard College of Engineering and Management, Pune",0632593310,Electronics and Communication (Advanced,60,25,31,4,0,0,60,HU,12,5,0,0,0,0,0,0,0,0,0,0,0,0,0,0,0,0,17,0,0,0,0,0,0632593311T,3
1895,06325,"Alard Charitable Trust's Alard College of Engineering and Management, Pune",0632593310,Electronics and Communication (Advanced,60,25,31,4,0,0,60,OHU,6,2,0,0,0,0,0,0,0,0,0,0,0,0,0,0,0,0,8,0,0,0,0,0,0632593311T,3
1896,06609,"Jaihind College Of Engineering,Kuran",0660919110,Civil Engineering,30,25,0,5,0,0,30,HU,4,2,1,1,1,1,0,1,0,0,0,0,0,0,2,1,1,1,16,1,0,1,0,3,,
1896,06609,"Jaihind College Of Engineering,Kuran",0660919110,Civil Engineering,30,25,0,5,0,0,30,OHU,2,0,1,0,0,0,0,0,1,0,0,0,0,1,1,1,0,0,7,1,0,1,0,3,,
1897,06609,"Jaihind College Of Engineering,Kuran",0660924510,Computer Engineering,120,78,0,18,24,1,96,HU,14,6,5,1,3,1,1,0,2,0,1,1,1,1,6,3,3,2,51,4,0,4,0,12,0660924511T,6
1897,06609,"Jaihind College Of Engineering,Kuran",0660924510,Computer Engineering,120,78,0,18,24,1,96,OHU,4,3,1,1,1,1,1,0,0,0,1,0,0,0,3,0,1,1,18,4,0,4,0,12,0660924511T,6
1898,06609,"Jaihind College Of Engineering,Kuran",0660926310,Artificial Intelligence (AI) and Data Science,90,67,0,14,9,1,81,HU,12,6,4,2,2,1,1,0,0,1,1,1,0,0,6,2,4,1,44,2,1,2,1,9,0660926311T,5
1898,06609,"Jaihind College Of Engineering,Kuran",0660926310,Artificial Intelligence (AI) and Data Science,90,67,0,14,9,1,81,OHU,5,2,2,1,1,0,0,0,1,0,0,0,1,0,2,1,1,1,18,2,1,2,1,9,0660926311T,5
1899,06609,"Jaihind College Of Engineering,Kuran",0660937210,Electronics and Telecommunication Engg,60,48,0,9,3,0,57,HU,9,3,3,2,2,0,0,1,1,0,1,0,1,0,4,2,2,1,32,1,1,1,1,6,0660937211T,3
1899,06609,"Jaihind College Of Engineering,Kuran",0660937210,Electronics and Telecommunication Engg,60,48,0,9,3,0,57,OHU,4,1,1,0,0,1,1,0,0,0,0,1,0,0,2,1,2,0,14,1,1,1,1,6,0660937211T,3
1900,06609,"Jaihind College Of Engineering,Kuran",0660961210,Mechanical Engineering,60,51,0,9,0,1,60,HU,9,4,3,1,1,1,2,0,1,0,1,0,1,0,4,2,3,1,34,2,1,2,1,6,0660961211T,3
1900,06609,"Jaihind College Of Engineering,Kuran",0660961210,Mechanical Engineering,60,51,0,9,0,1,60,OHU,3,2,1,1,2,0,0,0,0,0,1,0,0,0,0,1,0,1,12,2,1,2,1,6,0660961211T,3
1901,06622,ISBM College Of Engineering Pune,0662224510,Computer Engineering,180,75,92,13,0,0,180,HU,37,16,0,0,0,0,0,0,0,0,0,0,0,0,0,0,0,0,53,0,0,0,0,0,0662224511T,9
1901,06622,ISBM College Of Engineering Pune,0662224510,Computer Engineering,180,75,92,13,0,0,180,OHU,15,7,0,0,0,0,0,0,0,0,0,0,0,0,0,0,0,0,22,0,0,0,0,0,0662224511T,9
1902,06622,ISBM College Of Engineering Pune,0662237210,Electronics and Telecommunication Engg,30,13,15,2,0,0,30,HU,6,3,0,0,0,0,0,0,0,0,0,0,0,0,0,0,0,0,9,0,0,0,0,0,0662237211T,2
1902,06622,ISBM College Of Engineering Pune,0662237210,Electronics and Telecommunication Engg,30,13,15,2,0,0,30,OHU,3,1,0,0,0,0,0,0,0,0,0,0,0,0,0,0,0,0,4,0,0,0,0,0,0662237211T,2
1903,06622,ISBM College Of Engineering Pune,0662237810,Electronics Engineering ( VLSI Design and,60,25,31,4,0,0,60,HU,12,5,0,0,0,0,0,0,0,0,0,0,0,0,0,0,0,0,17,0,0,0,0,0,0662237811T,3
1903,06622,ISBM College Of Engineering Pune,0662237810,Electronics Engineering ( VLSI Design and,60,25,31,4,0,0,60,OHU,6,2,0,0,0,0,0,0,0,0,0,0,0,0,0,0,0,0,8,0,0,0,0,0,0662237811T,3
1904,06622,ISBM College Of Engineering Pune,0662256610,Computer Science,60,25,31,4,0,0,60,HU,13,5,0,0,0,0,0,0,0,0,0,0,0,0,0,0,0,0,18,0,0,0,0,0,0662256611T,3
1904,06622,ISBM College Of Engineering Pune,0662256610,Computer Science,60,25,31,4,0,0,60,OHU,5,2,0,0,0,0,0,0,0,0,0,0,0,0,0,0,0,0,7,0,0,0,0,0,0662256611T,3
1905,06622,ISBM College Of Engineering Pune,0662261210,Mechanical Engineering,60,25,31,4,0,0,60,HU,12,5,0,0,0,0,0,0,0,0,0,0,0,0,0,0,0,0,17,0,0,0,0,0,,
1905,06622,ISBM College Of Engineering Pune,0662261210,Mechanical Engineering,60,25,31,4,0,0,60,OHU,5,3,0,0,0,0,0,0,0,0,0,0,0,0,0,0,0,0,8,0,0,0,0,0,,
1906,06622,ISBM College Of Engineering Pune,0662292110,Artificial Intelligence and Machine Learning,120,50,61,9,0,0,120,HU,24,11,0,0,0,0,0,0,0,0,0,0,0,0,0,0,0,0,35,0,0,0,0,0,0662292111T,6
1906,06622,ISBM College Of Engineering Pune,0662292110,Artificial Intelligence and Machine Learning,120,50,61,9,0,0,120,OHU,11,4,0,0,0,0,0,0,0,0,0,0,0,0,0,0,0,0,15,0,0,0,0,0,0662292111T,6
1907,06622,ISBM College Of Engineering Pune,0662299510,Artificial Intelligence and Data Science,120,50,61,9,0,0,120,HU,25,10,0,0,0,0,0,0,0,0,0,0,0,0,0,0,0,0,35,0,0,0,0,0,0662299511T,6
1907,06622,ISBM College Of Engineering Pune,0662299510,Artificial Intelligence and Data Science,120,50,61,9,0,0,120,OHU,10,5,0,0,0,0,0,0,0,0,0,0,0,0,0,0,0,0,15,0,0,0,0,0,0662299511T,6
1908,06628,"Dattakala Group Of Institutions, Swami - Chincholi Tal. Daund Dist. Pune",0662819110,Civil Engineering,30,25,0,5,0,0,30,HU,4,2,2,0,1,1,0,0,0,0,1,0,0,0,2,1,1,1,16,1,0,1,0,3,,
1908,06628,"Dattakala Group Of Institutions, Swami - Chincholi Tal. Daund Dist. Pune",0662819110,Civil Engineering,30,25,0,5,0,0,30,OHU,1,1,1,0,0,0,0,0,0,1,0,0,0,0,2,0,1,0,7,1,0,1,0,3,,
1909,06628,"Dattakala Group Of Institutions, Swami - Chincholi Tal. Daund Dist. Pune",0662824510,Computer Engineering,120,102,0,18,0,1,120,HU,18,8,6,3,4,1,1,1,1,1,2,1,0,1,9,3,4,2,66,5,0,5,0,12,0662824511T,6
1909,06628,"Dattakala Group Of Institutions, Swami - Chincholi Tal. Daund Dist. Pune",0662824510,Computer Engineering,120,102,0,18,0,1,120,OHU,7,3,2,1,1,1,0,1,0,0,1,0,1,0,3,2,2,0,25,5,0,5,0,12,0662824511T,6
1910,06628,"Dattakala Group Of Institutions, Swami - Chincholi Tal. Daund Dist. Pune",0662824610,Information Technology,60,51,0,9,0,1,60,HU,9,4,3,1,2,1,1,0,0,0,0,1,1,0,4,2,3,0,32,2,1,2,1,6,0662824611T,3
1910,06628,"Dattakala Group Of Institutions, Swami - Chincholi Tal. Daund Dist. Pune",0662824610,Information Technology,60,51,0,9,0,1,60,OHU,4,1,2,0,1,0,0,0,1,0,0,1,0,0,2,0,1,1,14,2,1,2,1,6,0662824611T,3
1911,06628,"Dattakala Group Of Institutions, Swami - Chincholi Tal. Daund Dist. Pune",0662829310,Electrical Engineering,60,51,0,9,0,1,60,HU,9,4,3,2,1,1,0,0,1,1,2,0,1,0,4,2,2,2,35,2,1,2,1,6,,
1911,06628,"Dattakala Group Of Institutions, Swami - Chincholi Tal. Daund Dist. Pune",0662829310,Electrical Engineering,60,51,0,9,0,1,60,OHU,3,2,1,1,1,0,1,0,0,0,0,0,0,0,0,1,1,0,11,2,1,2,1,6,,
1912,06628,"Dattakala Group Of Institutions, Swami - Chincholi Tal. Daund Dist. Pune",0662861210,Mechanical Engineering,30,25,0,5,0,0,30,HU,4,2,2,0,1,0,1,0,0,0,0,0,0,0,2,1,1,0,14,1,0,1,0,3,,
1912,06628,"Dattakala Group Of Institutions, Swami - Chincholi Tal. Daund Dist. Pune",0662861210,Mechanical Engineering,30,25,0,5,0,0,30,OHU,2,0,1,0,0,1,0,0,1,0,0,0,0,1,2,0,0,1,9,1,0,1,0,3,,
1913,06628,"Dattakala Group Of Institutions, Swami - Chincholi Tal. Daund Dist. Pune",0662884410,Electronics and Computer Engineering,60,51,0,9,0,1,60,HU,9,4,3,2,1,1,0,1,1,0,0,1,0,1,4,2,3,1,34,2,1,2,1,6,,
1913,06628,"Dattakala Group Of Institutions, Swami - Chincholi Tal. Daund Dist. Pune",0662884410,Electronics and Computer Engineering,60,51,0,9,0,1,60,OHU,3,2,1,1,1,0,0,0,0,0,1,0,0,0,1,1,1,0,12,2,1,2,1,6,,
1914,06632,Navsahyadri Education Society's Group of Institutions,0663219110,Civil Engineering,30,25,0,5,0,0,30,HU,4,2,1,1,2,0,0,0,1,0,1,0,1,0,3,0,1,0,17,1,0,1,0,3,,
1914,06632,Navsahyadri Education Society's Group of Institutions,0663219110,Civil Engineering,30,25,0,5,0,0,30,OHU,1,1,1,0,0,0,1,0,0,0,0,0,0,0,1,0,1,0,6,1,0,1,0,3,,
1915,06632,Navsahyadri Education Society's Group of Institutions,0663224510,Computer Engineering,180,126,0,27,27,1,153,HU,23,10,7,3,4,2,2,1,2,1,2,1,1,0,11,5,5,3,83,5,1,5,1,18,0663224511T,9
1915,06632,Navsahyadri Education Society's Group of Institutions,0663224510,Computer Engineering,180,126,0,27,27,1,153,OHU,9,4,3,1,2,1,0,0,0,1,1,0,1,0,4,2,2,1,32,5,1,5,1,18,0663224511T,9
1916,06632,Navsahyadri Education Society's Group of Institutions,0663229310,Electrical Engineering,60,51,0,9,0,1,60,HU,9,4,4,1,1,1,0,0,0,0,1,0,1,0,4,2,3,1,32,2,1,2,1,6,0663229311T,3
1916,06632,Navsahyadri Education Society's Group of Institutions,0663229310,Electrical Engineering,60,51,0,9,0,1,60,OHU,4,1,1,1,1,0,0,1,1,0,0,1,0,0,2,0,1,0,14,2,1,2,1,6,0663229311T,3
1917,06632,Navsahyadri Education Society's Group of Institutions,0663237210,Electronics and Telecommunication Engg,60,51,0,9,0,1,60,HU,9,4,3,1,3,0,2,0,1,0,1,0,0,1,3,2,2,1,33,2,1,2,1,6,0663237211T,3
1917,06632,Navsahyadri Education Society's Group of Institutions,0663237210,Electronics and Telecommunication Engg,60,51,0,9,0,1,60,OHU,3,2,1,1,0,1,0,0,0,0,1,0,0,0,1,1,1,1,13,2,1,2,1,6,0663237211T,3
1918,06632,Navsahyadri Education Society's Group of Institutions,0663261210,Mechanical Engineering,30,25,0,5,0,0,30,HU,4,2,1,1,0,1,0,0,0,1,0,1,0,0,3,1,1,1,17,1,0,1,0,3,0663261211T,2
1918,06632,Navsahyadri Education Society's Group of Institutions,0663261210,Mechanical Engineering,30,25,0,5,0,0,30,OHU,1,1,1,0,1,0,1,0,0,0,0,0,0,0,1,0,0,0,6,1,0,1,0,3,0663261211T,2
1919,06632,Navsahyadri Education Society's Group of Institutions,0663292110,Artificial Intelligence and Machine Learning,120,102,0,18,0,1,120,HU,19,8,6,2,4,1,1,1,2,0,2,0,1,0,9,3,5,1,65,5,0,5,0,12,0663292111T,6
1919,06632,Navsahyadri Education Society's Group of Institutions,0663292110,Artificial Intelligence and Machine Learning,120,102,0,18,0,1,120,OHU,7,3,2,1,2,0,1,0,1,0,1,0,1,0,3,2,1,1,26,5,0,5,0,12,0663292111T,6
1920,06634,"KJEI's Trinity Academy of Engineering, Yewalewadi, Pune",0663419110,Civil Engineering,30,25,0,5,0,0,30,HU,4,2,2,1,0,1,0,0,0,1,0,0,1,0,2,1,1,1,17,1,0,1,0,3,,
1920,06634,"KJEI's Trinity Academy of Engineering, Yewalewadi, Pune",0663419110,Civil Engineering,30,25,0,5,0,0,30,OHU,1,1,1,0,0,0,0,0,0,0,0,0,0,0,2,0,1,0,6,1,0,1,0,3,,
1921,06634,"KJEI's Trinity Academy of Engineering, Yewalewadi, Pune",0663424510,Computer Engineering,90,58,0,14,18,1,72,HU,10,5,3,2,3,0,2,0,0,0,1,1,0,0,5,2,3,1,38,2,1,2,1,9,0663424511T,5
1921,06634,"KJEI's Trinity Academy of Engineering, Yewalewadi, Pune",0663424510,Computer Engineering,90,58,0,14,18,1,72,OHU,5,1,1,1,0,1,0,0,1,0,0,0,0,1,1,1,1,1,15,2,1,2,1,9,0663424511T,5
1922,06634,"KJEI's Trinity Academy of Engineering, Yewalewadi, Pune",0663424610,Information Technology,90,67,0,14,9,1,81,HU,13,5,5,1,2,1,0,1,2,0,2,0,0,1,5,2,3,2,45,2,1,2,1,9,0663424611T,5
1922,06634,"KJEI's Trinity Academy of Engineering, Yewalewadi, Pune",0663424610,Information Technology,90,67,0,14,9,1,81,OHU,5,2,2,0,2,0,0,0,0,0,1,0,0,0,2,1,2,0,17,2,1,2,1,9,0663424611T,5
1923,06634,"KJEI's Trinity Academy of Engineering, Yewalewadi, Pune",0663437210,Electronics and Telecommunication Engg,120,102,0,18,0,1,120,HU,18,8,6,3,3,2,2,0,1,0,2,1,1,0,9,4,5,1,66,5,0,5,0,12,0663437211T,6
1923,06634,"KJEI's Trinity Academy of Engineering, Yewalewadi, Pune",0663437210,Electronics and Telecommunication Engg,120,102,0,18,0,1,120,OHU,7,3,2,1,1,1,1,0,0,1,0,1,1,0,3,1,1,1,25,5,0,5,0,12,0663437211T,6
1924,06634,"KJEI's Trinity Academy of Engineering, Yewalewadi, Pune",0663461210,Mechanical Engineering,30,25,0,5,0,0,30,HU,4,2,1,1,1,0,0,0,0,1,0,0,1,0,2,1,1,1,16,1,0,1,0,3,,
1924,06634,"KJEI's Trinity Academy of Engineering, Yewalewadi, Pune",0663461210,Mechanical Engineering,30,25,0,5,0,0,30,OHU,1,1,1,0,1,0,0,0,0,0,0,0,0,0,1,1,1,0,7,1,0,1,0,3,,
1925,06635,Samarth College of Engineering and Management,0663519110,Civil Engineering,30,25,0,5,0,0,30,HU,4,2,2,0,1,1,0,0,0,0,0,0,0,0,3,1,1,0,15,1,0,1,0,3,,
1925,06635,Samarth College of Engineering and Management,0663519110,Civil Engineering,30,25,0,5,0,0,30,OHU,1,1,0,1,0,0,0,1,1,0,1,0,0,0,1,0,1,0,8,1,0,1,0,3,,
1926,06635,Samarth College of Engineering and Management,0663524510,Computer Engineering,120,78,0,18,24,1,96,HU,14,6,4,2,2,1,1,1,2,0,1,1,1,1,6,3,4,2,52,4,0,4,0,12,0663524511T,6
1926,06635,Samarth College of Engineering and Management,0663524510,Computer Engineering,120,78,0,18,24,1,96,OHU,5,2,2,0,1,1,1,0,0,0,0,0,0,0,2,1,1,1,17,4,0,4,0,12,0663524511T,6
1927,06635,Samarth College of Engineering and Management,0663529310,Electrical Engineering,30,25,0,5,0,0,30,HU,4,2,1,1,2,0,1,0,0,0,0,0,0,0,2,1,1,1,16,1,0,1,0,3,,
1927,06635,Samarth College of Engineering and Management,0663529310,Electrical Engineering,30,25,0,5,0,0,30,OHU,1,1,0,1,0,0,0,0,0,0,1,0,0,0,1,1,1,0,7,1,0,1,0,3,,
1928,06635,Samarth College of Engineering and Management,0663537210,Electronics and Telecommunication Engg,60,51,0,9,0,1,60,HU,9,4,4,1,1,1,1,1,0,1,1,1,0,0,3,2,2,1,33,2,1,2,1,6,0663537211T,3
1928,06635,Samarth College of Engineering and Management,0663537210,Electronics and Telecommunication Engg,60,51,0,9,0,1,60,OHU,3,2,2,0,1,0,0,0,0,0,0,0,1,0,2,0,1,1,13,2,1,2,1,6,0663537211T,3
1929,06635,Samarth College of Engineering and Management,0663561210,Mechanical Engineering,60,51,0,9,0,1,60,HU,9,4,3,1,2,1,0,0,1,0,1,0,1,0,5,1,3,1,33,2,1,2,1,6,,
1929,06635,Samarth College of Engineering and Management,0663561210,Mechanical Engineering,60,51,0,9,0,1,60,OHU,4,1,1,1,1,0,1,0,1,0,0,1,0,0,1,0,1,0,13,2,1,2,1,6,,
1930,06635,Samarth College of Engineering and Management,0663591210,Computer Science and Engineering(Data Science),30,22,0,5,3,0,27,HU,3,2,1,1,0,0,1,0,0,0,0,0,1,0,2,1,1,0,13,1,0,1,0,3,0663591211T,2
1930,06635,Samarth College of Engineering and Management,0663591210,Computer Science and Engineering(Data Science),30,22,0,5,3,0,27,OHU,1,1,1,0,0,1,0,0,0,0,0,0,0,0,1,1,1,0,7,1,0,1,0,3,0663591211T,2
1931,06635,Samarth College of Engineering and Management,0663592110,Artificial Intelligence and Machine Learning,60,45,0,9,6,0,54,HU,8,3,3,1,2,0,1,0,1,0,2,0,0,0,4,2,3,1,31,1,1,1,1,6,0663592111T,3
1931,06635,Samarth College of Engineering and Management,0663592110,Artificial Intelligence and Machine Learning,60,45,0,9,6,0,54,OHU,3,2,1,1,1,0,0,0,0,0,0,0,1,0,1,1,0,1,12,1,1,1,1,6,0663592111T,3
1932,06649,"TSSM's Bhivarabai Sawant College of Engineering and Research, Narhe, Pune",0664919110,Civil Engineering,60,51,0,9,0,1,60,HU,9,4,3,2,2,1,0,0,0,0,1,0,1,0,4,2,3,1,33,2,1,2,1,6,,
1932,06649,"TSSM's Bhivarabai Sawant College of Engineering and Research, Narhe, Pune",0664919110,Civil Engineering,60,51,0,9,0,1,60,OHU,4,1,0,1,1,0,0,1,1,0,0,1,0,0,1,1,0,1,13,2,1,2,1,6,,
1933,06649,"TSSM's Bhivarabai Sawant College of Engineering and Research, Narhe, Pune",0664924510,Computer Engineering,180,117,0,27,36,1,144,HU,22,9,7,2,4,1,2,1,1,1,2,1,0,1,10,4,4,3,75,5,1,5,1,18,0664924511T,9
1933,06649,"TSSM's Bhivarabai Sawant College of Engineering and Research, Narhe, Pune",0664924510,Computer Engineering,180,117,0,27,36,1,144,OHU,8,4,3,1,2,1,1,0,0,0,1,0,1,0,4,2,2,1,31,5,1,5,1,18,0664924511T,9
1934,06649,"TSSM's Bhivarabai Sawant College of Engineering and Research, Narhe, Pune",0664929310,Electrical Engineering,60,51,0,9,0,1,60,HU,9,4,3,2,1,1,1,0,1,0,1,0,1,0,4,2,3,1,34,2,1,2,1,6,0664929311T,3
1934,06649,"TSSM's Bhivarabai Sawant College of Engineering and Research, Narhe, Pune",0664929310,Electrical Engineering,60,51,0,9,0,1,60,OHU,3,2,1,1,1,0,0,0,0,1,1,0,0,0,1,0,1,0,12,2,1,2,1,6,0664929311T,3
1935,06649,"TSSM's Bhivarabai Sawant College of Engineering and Research, Narhe, Pune",0664937210,Electronics and Telecommunication Engg,60,45,0,9,6,0,54,HU,8,4,2,1,2,1,0,1,0,1,1,1,1,0,4,1,2,0,30,1,1,1,1,6,0664937211T,3
1935,06649,"TSSM's Bhivarabai Sawant College of Engineering and Research, Narhe, Pune",0664937210,Electronics and Telecommunication Engg,60,45,0,9,6,0,54,OHU,3,1,2,0,0,1,1,0,0,0,0,0,0,0,2,1,2,0,13,1,1,1,1,6,0664937211T,3
1936,06649,"TSSM's Bhivarabai Sawant College of Engineering and Research, Narhe, Pune",0664961210,Mechanical Engineering,60,51,0,9,0,1,60,HU,9,4,4,1,1,1,1,0,1,0,1,0,0,0,4,2,2,2,33,2,1,2,1,6,,
1936,06649,"TSSM's Bhivarabai Sawant College of Engineering and Research, Narhe, Pune",0664961210,Mechanical Engineering,60,51,0,9,0,1,60,OHU,4,1,1,1,1,0,0,0,0,0,0,1,0,1,2,0,0,1,13,2,1,2,1,6,,
1937,06732,"Ajeenkya DY Patil School of Engineering, Lohegaon, Pune",0673219110,Civil Engineering,120,102,0,18,0,1,120,HU,19,7,6,2,4,1,1,1,2,0,2,0,1,1,8,4,4,2,65,5,0,5,0,12,,
1937,06732,"Ajeenkya DY Patil School of Engineering, Lohegaon, Pune",0673219110,Civil Engineering,120,102,0,18,0,1,120,OHU,8,3,2,1,1,1,1,0,0,1,1,0,0,0,3,2,2,0,26,5,0,5,0,12,,
1938,06732,"Ajeenkya DY Patil School of Engineering, Lohegaon, Pune",0673224510,Computer Engineering,180,117,0,27,36,1,144,HU,21,9,6,3,4,2,2,1,1,1,2,1,1,0,11,4,5,3,77,5,1,5,1,18,0673224511T,9
1938,06732,"Ajeenkya DY Patil School of Engineering, Lohegaon, Pune",0673224510,Computer Engineering,180,117,0,27,36,1,144,OHU,8,4,3,1,2,0,0,1,0,0,1,1,1,0,4,1,1,1,29,5,1,5,1,18,0673224511T,9
1939,06732,"Ajeenkya DY Patil School of Engineering, Lohegaon, Pune",0673237210,Electronics and Telecommunication Engg,180,117,0,27,36,1,144,HU,21,10,7,3,4,1,2,0,1,1,2,1,1,1,10,5,5,1,76,5,1,5,1,18,0673237211T,9
1939,06732,"Ajeenkya DY Patil School of Engineering, Lohegaon, Pune",0673237210,Electronics and Telecommunication Engg,180,117,0,27,36,1,144,OHU,8,3,2,1,2,1,1,0,1,0,1,0,1,0,4,2,2,1,30,5,1,5,1,18,0673237211T,9
1940,06732,"Ajeenkya DY Patil School of Engineering, Lohegaon, Pune",0673261210,Mechanical Engineering,180,153,0,27,0,2,180,HU,28,11,9,4,5,2,2,2,2,0,3,1,2,0,12,5,7,3,98,7,1,7,1,18,0673261211T,9
1940,06732,"Ajeenkya DY Patil School of Engineering, Lohegaon, Pune",0673261210,Mechanical Engineering,180,153,0,27,0,2,180,OHU,11,5,4,1,2,1,1,0,1,1,0,1,0,1,5,2,2,1,39,7,1,7,1,18,0673261211T,9
1941,06732,"Ajeenkya DY Patil School of Engineering, Lohegaon, Pune",0673299510,Artificial Intelligence and Data Science,180,117,0,27,36,1,144,HU,21,10,7,2,4,2,2,0,2,1,2,1,1,1,11,4,4,3,78,5,1,5,1,18,0673299511T,9
1941,06732,"Ajeenkya DY Patil School of Engineering, Lohegaon, Pune",0673299510,Artificial Intelligence and Data Science,180,117,0,27,36,1,144,OHU,8,3,2,2,2,1,1,0,0,0,1,0,0,0,3,2,3,0,28,5,1,5,1,18,0673299511T,9
1942,06754,"International Institute of Information Technology (I²IT), Pune.",0675424510,Computer Engineering,180,117,0,27,36,1,144,HU,21,9,7,3,4,2,1,1,1,1,2,1,1,0,9,5,5,2,75,5,1,5,1,18,0675424511T,9
1942,06754,"International Institute of Information Technology (I²IT), Pune.",0675424510,Computer Engineering,180,117,0,27,36,1,144,OHU,9,4,3,0,1,1,0,1,1,0,1,1,1,0,5,1,1,1,31,5,1,5,1,18,0675424511T,9
1943,06754,"International Institute of Information Technology (I²IT), Pune.",0675424610,Information Technology,120,78,0,18,24,1,96,HU,14,5,4,2,3,1,2,0,1,0,1,0,1,0,7,3,4,1,49,4,0,4,0,12,0675424611T,6
1943,06754,"International Institute of Information Technology (I²IT), Pune.",0675424610,Information Technology,120,78,0,18,24,1,96,OHU,5,2,1,1,1,0,1,0,1,0,1,0,1,0,2,1,2,1,20,4,0,4,0,12,0675424611T,6
1944,06754,"International Institute of Information Technology (I²IT), Pune.",0675437210,Electronics and Telecommunication Engg,60,39,0,9,12,0,48,HU,7,4,2,1,1,1,0,1,1,0,1,1,0,0,4,1,2,1,28,1,1,1,1,6,0675437211T,3
1944,06754,"International Institute of Information Technology (I²IT), Pune.",0675437210,Electronics and Telecommunication Engg,60,39,0,9,12,0,48,OHU,2,1,1,1,1,0,0,0,0,0,0,0,0,0,1,1,1,0,9,1,1,1,1,6,0675437211T,3
1945,06755,"JSPM Narhe Technical Campus, Pune.",0675519110,Civil Engineering,120,102,0,18,0,1,120,HU,19,7,6,3,4,1,2,0,1,1,1,1,1,1,9,4,4,2,67,5,0,5,0,12,,
1945,06755,"JSPM Narhe Technical Campus, Pune.",0675519110,Civil Engineering,120,102,0,18,0,1,120,OHU,7,3,2,0,1,1,1,0,1,0,1,0,0,0,4,1,1,1,24,5,0,5,0,12,,
1946,06755,"JSPM Narhe Technical Campus, Pune.",0675524510,Computer Engineering,120,78,0,18,24,1,96,HU,13,6,4,2,2,1,1,1,1,0,2,0,1,0,6,2,4,2,48,4,0,4,0,12,0675524511T,6
1946,06755,"JSPM Narhe Technical Campus, Pune.",0675524510,Computer Engineering,120,78,0,18,24,1,96,OHU,5,3,1,1,2,0,0,1,0,1,1,0,0,0,2,2,2,0,21,4,0,4,0,12,0675524511T,6
1947,06755,"JSPM Narhe Technical Campus, Pune.",0675526310,Artificial Intelligence (AI) and Data Science,60,39,0,9,12,0,48,HU,8,3,2,1,1,1,1,0,0,1,1,0,0,0,3,2,2,1,27,1,1,1,1,6,0675526311T,3
1947,06755,"JSPM Narhe Technical Campus, Pune.",0675526310,Artificial Intelligence (AI) and Data Science,60,39,0,9,12,0,48,OHU,3,0,2,0,0,1,0,0,0,0,0,0,0,1,2,0,0,1,10,1,1,1,1,6,0675526311T,3
1948,06755,"JSPM Narhe Technical Campus, Pune.",0675537210,Electronics and Telecommunication Engg,60,39,0,9,12,0,48,HU,7,3,3,1,2,0,0,0,1,0,0,0,0,1,4,1,2,0,25,1,1,1,1,6,0675537211T,3
1948,06755,"JSPM Narhe Technical Campus, Pune.",0675537210,Electronics and Telecommunication Engg,60,39,0,9,12,0,48,OHU,2,2,0,1,1,0,1,0,0,0,0,1,0,0,1,1,2,0,12,1,1,1,1,6,0675537211T,3
1949,06755,"JSPM Narhe Technical Campus, Pune.",0675561210,Mechanical Engineering,120,102,0,18,0,1,120,HU,18,8,6,2,3,2,1,1,2,0,2,1,1,0,9,4,4,2,66,5,0,5,0,12,,
1949,06755,"JSPM Narhe Technical Campus, Pune.",0675561210,Mechanical Engineering,120,102,0,18,0,1,120,OHU,8,3,2,1,1,1,1,0,1,0,0,0,1,0,3,1,1,1,25,5,0,5,0,12,,
1950,06758,"Sahyadri Valley College of Engineering & Technology, Rajuri, Pune.",0675819110,Civil Engineering,30,25,0,5,0,0,30,HU,4,2,1,1,2,0,1,0,0,0,1,0,0,0,2,2,2,0,18,1,0,1,0,3,,
1950,06758,"Sahyadri Valley College of Engineering & Technology, Rajuri, Pune.",0675819110,Civil Engineering,30,25,0,5,0,0,30,OHU,1,1,1,0,0,0,0,0,1,0,0,0,0,0,1,0,0,0,5,1,0,1,0,3,,
1951,06758,"Sahyadri Valley College of Engineering & Technology, Rajuri, Pune.",0675824510,Computer Engineering,60,51,0,9,0,1,60,HU,9,4,3,2,1,1,1,0,1,0,0,1,1,0,5,1,2,1,33,2,1,2,1,6,0675824511T,3
1951,06758,"Sahyadri Valley College of Engineering & Technology, Rajuri, Pune.",0675824510,Computer Engineering,60,51,0,9,0,1,60,OHU,3,2,1,1,1,0,0,0,0,0,1,0,0,0,1,1,1,1,13,2,1,2,1,6,0675824511T,3
1952,06758,"Sahyadri Valley College of Engineering & Technology, Rajuri, Pune.",0675837210,Electronics and Telecommunication Engg,30,25,0,5,0,0,30,HU,4,2,2,0,1,0,0,0,1,0,1,0,1,0,2,1,1,1,17,1,0,1,0,3,,
1952,06758,"Sahyadri Valley College of Engineering & Technology, Rajuri, Pune.",0675837210,Electronics and Telecommunication Engg,30,25,0,5,0,0,30,OHU,2,0,1,0,1,0,0,1,0,0,0,0,0,0,1,0,0,0,6,1,0,1,0,3,,
1953,06758,"Sahyadri Valley College of Engineering & Technology, Rajuri, Pune.",0675861210,Mechanical Engineering,30,25,0,5,0,0,30,HU,4,2,1,1,1,1,0,1,0,0,0,0,0,0,2,1,2,0,16,1,0,1,0,3,,
1953,06758,"Sahyadri Valley College of Engineering & Technology, Rajuri, Pune.",0675861210,Mechanical Engineering,30,25,0,5,0,0,30,OHU,1,1,0,1,0,0,0,0,0,0,1,0,0,0,1,1,1,0,7,1,0,1,0,3,,
1954,06758,"Sahyadri Valley College of Engineering & Technology, Rajuri, Pune.",0675892110,Artificial Intelligence and Machine Learning,30,25,0,5,0,0,30,HU,4,2,2,0,1,0,1,0,0,1,1,0,0,0,2,1,0,1,16,1,0,1,0,3,,
1954,06758,"Sahyadri Valley College of Engineering & Technology, Rajuri, Pune.",0675892110,Artificial Intelligence and Machine Learning,30,25,0,5,0,0,30,OHU,1,1,1,0,0,1,0,0,0,0,0,0,0,1,1,0,1,0,7,1,0,1,0,3,,
1955,06758,"Sahyadri Valley College of Engineering & Technology, Rajuri, Pune.",0675899510,Artificial Intelligence and Data Science,60,51,0,9,0,1,60,HU,9,4,3,2,1,1,0,0,0,0,1,1,1,0,4,2,3,1,33,2,1,2,1,6,0675899511T,3
1955,06758,"Sahyadri Valley College of Engineering & Technology, Rajuri, Pune.",0675899510,Artificial Intelligence and Data Science,60,51,0,9,0,1,60,OHU,3,2,2,0,1,0,1,0,1,0,0,0,0,0,1,1,1,0,13,2,1,2,1,6,0675899511T,3
1956,06759,"Shree Ramchandra College of Engineering, Lonikand,Pune",0675919110,Civil Engineering,30,25,0,5,0,0,30,HU,4,2,2,0,2,0,1,0,1,0,0,0,0,0,2,1,1,0,16,1,0,1,0,3,,
1956,06759,"Shree Ramchandra College of Engineering, Lonikand,Pune",0675919110,Civil Engineering,30,25,0,5,0,0,30,OHU,1,1,0,1,0,0,0,0,0,0,0,1,0,0,2,0,0,1,7,1,0,1,0,3,,
1957,06759,"Shree Ramchandra College of Engineering, Lonikand,Pune",0675924510,Computer Engineering,60,39,0,9,12,0,48,HU,8,3,2,1,1,1,0,1,1,0,1,0,0,1,4,1,2,1,28,1,1,1,1,6,0675924511T,3
1957,06759,"Shree Ramchandra College of Engineering, Lonikand,Pune",0675924510,Computer Engineering,60,39,0,9,12,0,48,OHU,2,1,2,0,1,0,0,0,0,0,0,0,0,0,1,1,1,0,9,1,1,1,1,6,0675924511T,3
1958,06759,"Shree Ramchandra College of Engineering, Lonikand,Pune",0675929310,Electrical Engineering,30,25,0,5,0,0,30,HU,4,2,2,1,0,0,1,0,0,0,0,0,0,0,2,2,1,1,16,1,0,1,0,3,,
1958,06759,"Shree Ramchandra College of Engineering, Lonikand,Pune",0675929310,Electrical Engineering,30,25,0,5,0,0,30,OHU,2,0,0,1,0,1,0,0,0,0,0,0,1,0,1,0,1,0,7,1,0,1,0,3,,
1959,06759,"Shree Ramchandra College of Engineering, Lonikand,Pune",0675961210,Mechanical Engineering,30,25,0,5,0,0,30,HU,3,3,1,1,2,0,0,0,0,0,1,0,0,0,3,0,1,0,15,1,0,1,0,3,,
1959,06759,"Shree Ramchandra College of Engineering, Lonikand,Pune",0675961210,Mechanical Engineering,30,25,0,5,0,0,30,OHU,1,1,1,0,0,0,1,0,0,1,0,0,0,0,1,1,0,1,8,1,0,1,0,3,,
1960,06759,"Shree Ramchandra College of Engineering, Lonikand,Pune",0675999510,Artificial Intelligence and Data Science,60,39,0,9,12,0,48,HU,7,3,3,1,1,1,1,0,1,0,0,0,1,0,3,2,2,1,27,1,1,1,1,6,0675999511T,3
1960,06759,"Shree Ramchandra College of Engineering, Lonikand,Pune",0675999510,Artificial Intelligence and Data Science,60,39,0,9,12,0,48,OHU,2,2,1,0,1,0,0,0,0,0,1,0,0,0,2,0,1,0,10,1,1,1,1,6,0675999511T,3
1961,06767,"Suman Ramesh Tulsiani Technical Campus: Faculty of Engineering, Kamshet,Pune.",0676719110,Civil Engineering,30,19,0,5,6,0,24,HU,2,2,0,1,1,0,0,1,0,0,0,0,1,0,3,0,0,1,12,1,0,1,0,3,,
1961,06767,"Suman Ramesh Tulsiani Technical Campus: Faculty of Engineering, Kamshet,Pune.",0676719110,Civil Engineering,30,19,0,5,6,0,24,OHU,1,1,1,0,1,0,0,0,0,0,0,0,0,0,0,1,0,0,5,1,0,1,0,3,,
1962,06767,"Suman Ramesh Tulsiani Technical Campus: Faculty of Engineering, Kamshet,Pune.",0676724510,Computer Engineering,180,117,0,27,36,1,144,HU,22,9,7,3,4,2,2,0,1,1,2,1,0,1,9,5,5,2,76,5,1,5,1,18,0676724511T,9
1962,06767,"Suman Ramesh Tulsiani Technical Campus: Faculty of Engineering, Kamshet,Pune.",0676724510,Computer Engineering,180,117,0,27,36,1,144,OHU,9,3,2,1,1,1,1,0,1,0,0,1,1,0,5,1,2,1,30,5,1,5,1,18,0676724511T,9
1963,06767,"Suman Ramesh Tulsiani Technical Campus: Faculty of Engineering, Kamshet,Pune.",0676761210,Mechanical Engineering,30,19,0,5,6,0,24,HU,3,2,2,0,1,0,1,0,0,0,0,0,0,0,2,1,1,0,13,1,0,1,0,3,,
1963,06767,"Suman Ramesh Tulsiani Technical Campus: Faculty of Engineering, Kamshet,Pune.",0676761210,Mechanical Engineering,30,19,0,5,6,0,24,OHU,0,1,1,0,0,0,0,0,0,0,1,0,0,0,0,1,0,0,4,1,0,1,0,3,,
1964,06767,"Suman Ramesh Tulsiani Technical Campus: Faculty of Engineering, Kamshet,Pune.",0676791210,Computer Science and Engineering(Data Science),60,39,0,9,12,0,48,HU,7,3,2,1,1,1,0,1,1,0,1,0,1,0,4,1,2,1,27,1,1,1,1,6,0676791211T,3
1964,06767,"Suman Ramesh Tulsiani Technical Campus: Faculty of Engineering, Kamshet,Pune.",0676791210,Computer Science and Engineering(Data Science),60,39,0,9,12,0,48,OHU,3,1,1,1,1,0,0,0,0,0,0,0,0,0,2,0,1,0,10,1,1,1,1,6,0676791211T,3
1965,06767,"Suman Ramesh Tulsiani Technical Campus: Faculty of Engineering, Kamshet,Pune.",0676799510,Artificial Intelligence and Data Science,60,39,0,9,12,0,48,HU,7,3,3,1,2,0,0,0,1,0,0,1,1,0,3,2,2,0,26,1,1,1,1,6,0676799511T,3
1965,06767,"Suman Ramesh Tulsiani Technical Campus: Faculty of Engineering, Kamshet,Pune.",0676799510,Artificial Intelligence and Data Science,60,39,0,9,12,0,48,OHU,3,1,1,0,0,1,1,0,0,0,0,0,0,0,1,1,1,1,11,1,1,1,1,6,0676799511T,3
1966,06768,"P.K. Technical Campus, Pune.",0676824510,Computer Engineering,60,39,0,9,12,0,48,HU,8,3,2,1,1,0,1,0,0,0,1,0,0,0,5,1,2,1,26,1,1,1,1,6,0676824511T,3
1966,06768,"P.K. Technical Campus, Pune.",0676824510,Computer Engineering,60,39,0,9,12,0,48,OHU,2,1,1,1,1,0,0,0,0,1,0,0,0,1,1,1,1,0,11,1,1,1,1,6,0676824511T,3
1967,06768,"P.K. Technical Campus, Pune.",0676861210,Mechanical Engineering,60,51,0,9,0,1,60,HU,9,4,3,2,2,1,1,0,0,1,1,0,0,1,3,2,2,2,34,2,1,2,1,6,,
1967,06768,"P.K. Technical Campus, Pune.",0676861210,Mechanical Engineering,60,51,0,9,0,1,60,OHU,3,2,1,0,1,0,0,1,0,0,1,0,0,0,2,0,0,1,12,2,1,2,1,6,,
1968,06769,"Rasiklal M. Dhariwal Sinhgad Technical Institutes Campus, Warje, Pune.",0676919110,Civil Engineering,90,76,0,14,0,1,90,HU,13,6,5,1,2,2,1,1,1,0,1,1,1,0,6,3,4,1,49,4,0,4,0,9,,
1968,06769,"Rasiklal M. Dhariwal Sinhgad Technical Institutes Campus, Warje, Pune.",0676919110,Civil Engineering,90,76,0,14,0,1,90,OHU,5,2,1,1,0,1,0,0,1,0,0,1,1,0,2,1,2,0,18,4,0,4,0,9,,
1969,06769,"Rasiklal M. Dhariwal Sinhgad Technical Institutes Campus, Warje, Pune.",0676924510,Computer Engineering,120,78,0,18,24,1,96,HU,14,5,4,2,3,1,1,0,1,1,1,0,1,1,7,2,3,1,48,4,0,4,0,12,0676924511T,6
1969,06769,"Rasiklal M. Dhariwal Sinhgad Technical Institutes Campus, Warje, Pune.",0676924510,Computer Engineering,120,78,0,18,24,1,96,OHU,6,2,2,0,2,0,1,0,0,0,1,0,0,0,3,1,2,1,21,4,0,4,0,12,0676924511T,6
1970,06769,"Rasiklal M. Dhariwal Sinhgad Technical Institutes Campus, Warje, Pune.",0676924610,Information Technology,60,39,0,9,12,0,48,HU,7,3,2,1,1,0,1,1,1,0,1,1,0,0,3,2,2,1,27,1,1,1,1,6,0676924611T,3
1970,06769,"Rasiklal M. Dhariwal Sinhgad Technical Institutes Campus, Warje, Pune.",0676924610,Information Technology,60,39,0,9,12,0,48,OHU,3,1,1,1,1,0,0,0,0,0,0,0,0,0,1,1,1,0,10,1,1,1,1,6,0676924611T,3
1971,06769,"Rasiklal M. Dhariwal Sinhgad Technical Institutes Campus, Warje, Pune.",0676937210,Electronics and Telecommunication Engg,60,51,0,9,0,1,60,HU,9,4,3,1,2,1,0,0,0,0,1,0,1,0,4,2,3,1,32,2,1,2,1,6,0676937211T,3
1971,06769,"Rasiklal M. Dhariwal Sinhgad Technical Institutes Campus, Warje, Pune.",0676937210,Electronics and Telecommunication Engg,60,51,0,9,0,1,60,OHU,3,2,2,0,0,1,1,0,1,0,1,0,0,0,2,0,0,1,14,2,1,2,1,6,0676937211T,3
1972,06769,"Rasiklal M. Dhariwal Sinhgad Technical Institutes Campus, Warje, Pune.",0676961210,Mechanical Engineering,150,127,0,23,0,1,150,HU,23,10,7,4,4,2,2,1,2,0,2,1,2,0,12,4,5,3,84,5,1,5,1,15,,
1972,06769,"Rasiklal M. Dhariwal Sinhgad Technical Institutes Campus, Warje, Pune.",0676961210,Mechanical Engineering,150,127,0,23,0,1,150,OHU,9,4,2,1,2,1,0,1,1,0,0,1,1,0,4,2,2,1,32,5,1,5,1,15,,
1973,06770,"SKN Sinhgad Institute of Technology & Science, Kusgaon(BK),Pune.",0677024510,Computer Engineering,120,102,0,18,0,1,120,HU,18,8,6,2,4,1,2,0,1,1,2,1,0,1,9,4,4,2,66,5,0,5,0,12,0677024511T,6
1973,06770,"SKN Sinhgad Institute of Technology & Science, Kusgaon(BK),Pune.",0677024510,Computer Engineering,120,102,0,18,0,1,120,OHU,7,3,2,1,2,0,1,0,0,0,1,0,1,0,3,2,2,0,25,5,0,5,0,12,0677024511T,6
1974,06770,"SKN Sinhgad Institute of Technology & Science, Kusgaon(BK),Pune.",0677024610,Information Technology,60,51,0,9,0,1,60,HU,9,4,3,2,1,1,0,1,0,0,1,0,1,0,4,2,3,0,32,2,1,2,1,6,0677024611T,3
1974,06770,"SKN Sinhgad Institute of Technology & Science, Kusgaon(BK),Pune.",0677024610,Information Technology,60,51,0,9,0,1,60,OHU,4,1,1,1,0,1,0,0,0,1,1,0,0,0,2,0,1,1,14,2,1,2,1,6,0677024611T,3
1975,06770,"SKN Sinhgad Institute of Technology & Science, Kusgaon(BK),Pune.",0677061210,Mechanical Engineering,30,25,0,5,0,0,30,HU,4,2,2,0,2,0,1,0,0,0,0,1,0,0,2,1,1,1,17,1,0,1,0,3,,
1975,06770,"SKN Sinhgad Institute of Technology & Science, Kusgaon(BK),Pune.",0677061210,Mechanical Engineering,30,25,0,5,0,0,30,OHU,1,1,1,0,0,0,0,0,0,0,0,0,0,1,0,1,1,0,6,1,0,1,0,3,,
1976,06771,"Flora Institute of Technology, Khopi, Near Khed Shivapur Toll Plaza, Pune",0677119110,Civil Engineering,30,19,0,5,6,0,24,HU,3,1,1,1,1,0,0,0,0,0,0,0,0,0,2,1,1,0,11,1,0,1,0,3,0677119111T,2
1976,06771,"Flora Institute of Technology, Khopi, Near Khed Shivapur Toll Plaza, Pune",0677119110,Civil Engineering,30,19,0,5,6,0,24,OHU,0,1,1,0,0,0,0,0,1,0,1,0,0,0,1,0,1,0,6,1,0,1,0,3,0677119111T,2
1977,06771,"Flora Institute of Technology, Khopi, Near Khed Shivapur Toll Plaza, Pune",0677124510,Computer Engineering,60,39,0,9,12,0,48,HU,7,3,3,1,1,1,1,0,1,0,1,0,1,0,4,1,2,1,28,1,1,1,1,6,0677124511T,3
1977,06771,"Flora Institute of Technology, Khopi, Near Khed Shivapur Toll Plaza, Pune",0677124510,Computer Engineering,60,39,0,9,12,0,48,OHU,3,1,0,1,1,0,0,0,0,0,0,0,0,0,1,1,0,1,9,1,1,1,1,6,0677124511T,3
1978,06771,"Flora Institute of Technology, Khopi, Near Khed Shivapur Toll Plaza, Pune",0677161210,Mechanical Engineering,60,39,0,9,12,0,48,HU,7,3,2,1,2,0,0,1,0,1,0,1,0,1,3,2,2,1,27,1,1,1,1,6,0677161211T,3
1978,06771,"Flora Institute of Technology, Khopi, Near Khed Shivapur Toll Plaza, Pune",0677161210,Mechanical Engineering,60,39,0,9,12,0,48,OHU,3,1,2,0,0,1,0,0,0,0,0,0,0,0,2,0,1,0,10,1,1,1,1,6,0677161211T,3
1979,06772,"NBN Sinhgad Technical Institutes Campus, Pune",0677224510,Computer Engineering,120,78,0,18,24,1,96,HU,14,6,4,2,2,1,1,1,1,1,1,0,1,0,6,3,4,2,50,4,0,4,0,12,0677224511T,6
1979,06772,"NBN Sinhgad Technical Institutes Campus, Pune",0677224510,Computer Engineering,120,78,0,18,24,1,96,OHU,5,2,1,1,2,0,1,0,0,0,1,0,0,0,3,1,1,1,19,4,0,4,0,12,0677224511T,6
1980,06772,"NBN Sinhgad Technical Institutes Campus, Pune",0677224610,Information Technology,60,39,0,9,12,0,48,HU,7,3,2,1,1,1,0,0,1,0,1,0,0,1,5,1,2,1,27,1,1,1,1,6,0677224611T,3
1980,06772,"NBN Sinhgad Technical Institutes Campus, Pune",0677224610,Information Technology,60,39,0,9,12,0,48,OHU,2,1,2,0,1,0,1,0,0,0,0,0,0,0,2,0,1,0,10,1,1,1,1,6,0677224611T,3
1981,06772,"NBN Sinhgad Technical Institutes Campus, Pune",0677229310,Electrical Engineering,60,51,0,9,0,1,60,HU,9,4,4,1,1,1,1,0,1,0,1,0,1,0,3,2,2,1,32,2,1,2,1,6,0677229311T,3
1981,06772,"NBN Sinhgad Technical Institutes Campus, Pune",0677229310,Electrical Engineering,60,51,0,9,0,1,60,OHU,3,2,1,1,0,1,0,0,1,0,0,1,0,0,1,1,1,1,14,2,1,2,1,6,0677229311T,3
1982,06772,"NBN Sinhgad Technical Institutes Campus, Pune",0677237210,Electronics and Telecommunication Engg,60,51,0,9,0,1,60,HU,9,4,2,2,3,0,1,0,0,1,1,1,0,0,4,2,3,1,34,2,1,2,1,6,0677237211T,3
1982,06772,"NBN Sinhgad Technical Institutes Campus, Pune",0677237210,Electronics and Telecommunication Engg,60,51,0,9,0,1,60,OHU,4,1,2,0,1,0,0,0,0,0,0,0,1,0,1,1,1,0,12,2,1,2,1,6,0677237211T,3
1983,06772,"NBN Sinhgad Technical Institutes Campus, Pune",0677261210,Mechanical Engineering,150,127,0,23,0,1,150,HU,23,10,7,3,4,3,2,1,2,0,2,1,1,1,11,5,6,2,84,5,1,5,1,15,,
1983,06772,"NBN Sinhgad Technical Institutes Campus, Pune",0677261210,Mechanical Engineering,150,127,0,23,0,1,150,OHU,9,4,2,2,1,1,0,1,1,0,2,0,0,0,5,1,2,1,32,5,1,5,1,15,,
1984,06794,"Anantrao Pawar College of Engineering & Research, Pune",0679419110,Civil Engineering,60,51,0,9,0,1,60,HU,9,4,3,2,1,1,0,0,1,0,1,0,0,0,3,2,3,1,31,2,1,2,1,6,,
1984,06794,"Anantrao Pawar College of Engineering & Research, Pune",0679419110,Civil Engineering,60,51,0,9,0,1,60,OHU,3,2,1,1,1,0,0,1,0,1,1,0,1,0,1,1,0,1,15,2,1,2,1,6,,
1985,06794,"Anantrao Pawar College of Engineering & Research, Pune",0679424510,Computer Engineering,60,39,0,9,12,0,48,HU,7,3,2,1,1,1,0,1,1,0,1,0,1,0,5,1,2,1,28,1,1,1,1,6,0679424511T,3
1985,06794,"Anantrao Pawar College of Engineering & Research, Pune",0679424510,Computer Engineering,60,39,0,9,12,0,48,OHU,3,0,1,1,0,1,0,0,0,0,0,0,0,0,2,0,1,0,9,1,1,1,1,6,0679424511T,3
1986,06794,"Anantrao Pawar College of Engineering & Research, Pune",0679424610,Information Technology,60,39,0,9,12,0,48,HU,7,3,3,1,2,0,1,0,0,0,0,1,0,0,3,2,1,1,25,1,1,1,1,6,0679424611T,3
1986,06794,"Anantrao Pawar College of Engineering & Research, Pune",0679424610,Information Technology,60,39,0,9,12,0,48,OHU,2,2,1,0,1,0,0,0,1,0,0,1,0,0,1,1,2,0,12,1,1,1,1,6,0679424611T,3
1987,06794,"Anantrao Pawar College of Engineering & Research, Pune",0679437210,Electronics and Telecommunication Engg,60,45,0,9,6,0,54,HU,9,3,3,1,1,1,1,0,1,1,2,0,0,1,4,1,2,1,32,1,1,1,1,6,0679437211T,3
1987,06794,"Anantrao Pawar College of Engineering & Research, Pune",0679437210,Electronics and Telecommunication Engg,60,45,0,9,6,0,54,OHU,3,1,2,0,1,0,0,0,0,0,0,0,0,0,2,1,0,1,11,1,1,1,1,6,0679437211T,3
1988,06794,"Anantrao Pawar College of Engineering & Research, Pune",0679437810,Electronics Engineering ( VLSI Design and,60,51,0,9,0,1,60,HU,9,4,3,2,2,1,0,1,1,0,0,1,0,0,4,2,3,1,34,2,1,2,1,6,0679437811T,3
1988,06794,"Anantrao Pawar College of Engineering & Research, Pune",0679437810,Electronics Engineering ( VLSI Design and,60,51,0,9,0,1,60,OHU,4,1,1,1,0,0,1,0,0,0,0,0,0,1,2,0,1,0,12,2,1,2,1,6,0679437811T,3
1989,06794,"Anantrao Pawar College of Engineering & Research, Pune",0679461210,Mechanical Engineering,60,51,0,9,0,1,60,HU,9,4,3,1,2,0,1,0,0,0,1,0,1,0,4,2,2,1,31,2,1,2,1,6,,
1989,06794,"Anantrao Pawar College of Engineering & Research, Pune",0679461210,Mechanical Engineering,60,51,0,9,0,1,60,OHU,3,2,1,1,1,1,1,0,1,0,1,0,0,0,0,1,1,1,15,2,1,2,1,6,,
1990,06794,"Anantrao Pawar College of Engineering & Research, Pune",0679492810,Electronics and Communication(Advanced,60,51,0,9,0,1,60,HU,9,4,3,1,1,1,2,0,1,0,1,0,1,0,4,2,3,1,34,2,1,2,1,6,0679492811T,3
1990,06794,"Anantrao Pawar College of Engineering & Research, Pune",0679492810,Electronics and Communication(Advanced,60,51,0,9,0,1,60,OHU,4,1,2,0,1,0,0,0,0,0,1,0,0,0,2,0,1,0,12,2,1,2,1,6,0679492811T,3
1991,06794,"Anantrao Pawar College of Engineering & Research, Pune",0679499510,Artificial Intelligence and Data Science,60,39,0,9,12,0,48,HU,7,3,3,1,2,1,0,0,0,1,0,1,0,0,3,1,1,1,25,1,1,1,1,6,0679499511T,3
1991,06794,"Anantrao Pawar College of Engineering & Research, Pune",0679499510,Artificial Intelligence and Data Science,60,39,0,9,12,0,48,OHU,2,2,0,1,0,0,1,0,0,0,0,0,1,0,2,1,1,1,12,1,1,1,1,6,0679499511T,3
1992,06795,"Shri.Someshwar Shikshan Prasarak Mandal, Sharadchandra Pawar College of Engineering & Technology, Someshwar Nagar",0679519110,Civil Engineering,30,25,0,5,0,0,30,HU,4,2,1,1,1,0,0,1,0,0,1,0,1,0,2,1,2,0,17,1,0,1,0,3,,
1992,06795,"Shri.Someshwar Shikshan Prasarak Mandal, Sharadchandra Pawar College of Engineering & Technology, Someshwar Nagar",0679519110,Civil Engineering,30,25,0,5,0,0,30,OHU,2,0,1,0,1,0,0,0,1,0,0,0,0,0,1,0,0,0,6,1,0,1,0,3,,
1993,06795,"Shri.Someshwar Shikshan Prasarak Mandal, Sharadchandra Pawar College of Engineering & Technology, Someshwar Nagar",0679524510,Computer Engineering,120,78,0,18,24,1,96,HU,14,6,4,2,2,1,2,0,2,0,2,0,0,1,7,3,3,2,51,4,0,4,0,12,0679524511T,6
1993,06795,"Shri.Someshwar Shikshan Prasarak Mandal, Sharadchandra Pawar College of Engineering & Technology, Someshwar Nagar",0679524510,Computer Engineering,120,78,0,18,24,1,96,OHU,4,3,2,0,1,1,0,0,0,0,0,1,0,0,2,1,3,0,18,4,0,4,0,12,0679524511T,6
1994,06795,"Shri.Someshwar Shikshan Prasarak Mandal, Sharadchandra Pawar College of Engineering & Technology, Someshwar Nagar",0679529310,Electrical Engineering,30,25,0,5,0,0,30,HU,4,2,2,0,1,1,0,0,0,0,0,0,1,0,2,1,2,1,17,1,0,1,0,3,0679529311T,2
1994,06795,"Shri.Someshwar Shikshan Prasarak Mandal, Sharadchandra Pawar College of Engineering & Technology, Someshwar Nagar",0679529310,Electrical Engineering,30,25,0,5,0,0,30,OHU,2,0,0,1,0,0,0,0,0,1,0,0,0,0,1,1,0,0,6,1,0,1,0,3,0679529311T,2
1995,06795,"Shri.Someshwar Shikshan Prasarak Mandal, Sharadchandra Pawar College of Engineering & Technology, Someshwar Nagar",0679561210,Mechanical Engineering,30,25,0,5,0,0,30,HU,4,2,1,1,1,0,0,0,0,1,0,1,0,0,2,1,1,0,15,1,0,1,0,3,,
1995,06795,"Shri.Someshwar Shikshan Prasarak Mandal, Sharadchandra Pawar College of Engineering & Technology, Someshwar Nagar",0679561210,Mechanical Engineering,30,25,0,5,0,0,30,OHU,1,1,1,0,1,0,0,1,0,0,0,0,1,0,1,0,0,1,8,1,0,1,0,3,,
1996,06796,"Bharati Vidyapeeth's College of Engineering,Lavale, Pune",0679619110,Civil Engineering,60,51,0,9,0,1,60,HU,9,4,4,1,2,0,0,1,1,0,1,0,1,0,4,2,2,1,33,2,1,2,1,6,,
1996,06796,"Bharati Vidyapeeth's College of Engineering,Lavale, Pune",0679619110,Civil Engineering,60,51,0,9,0,1,60,OHU,3,2,1,1,0,1,0,0,0,0,1,0,0,0,1,1,2,0,13,2,1,2,1,6,,
1997,06796,"Bharati Vidyapeeth's College of Engineering,Lavale, Pune",0679624510,Computer Engineering,120,78,0,18,24,1,96,HU,13,6,4,2,2,2,1,0,1,0,1,1,0,1,7,2,4,2,49,4,0,4,0,12,0679624511T,6
1997,06796,"Bharati Vidyapeeth's College of Engineering,Lavale, Pune",0679624510,Computer Engineering,120,78,0,18,24,1,96,OHU,6,2,2,0,1,0,1,0,1,0,1,0,1,0,2,1,1,1,20,4,0,4,0,12,0679624511T,6
1998,06796,"Bharati Vidyapeeth's College of Engineering,Lavale, Pune",0679637210,Electronics and Telecommunication Engg,60,51,0,9,0,1,60,HU,9,4,3,2,2,0,1,0,1,0,1,0,1,0,4,2,3,1,34,2,1,2,1,6,0679637211T,3
1998,06796,"Bharati Vidyapeeth's College of Engineering,Lavale, Pune",0679637210,Electronics and Telecommunication Engg,60,51,0,9,0,1,60,OHU,3,2,1,1,1,0,0,0,0,0,0,1,0,0,2,0,1,0,12,2,1,2,1,6,0679637211T,3
1999,06796,"Bharati Vidyapeeth's College of Engineering,Lavale, Pune",0679661210,Mechanical Engineering,60,51,0,9,0,1,60,HU,9,4,3,1,2,1,0,1,0,1,1,1,1,0,3,2,2,1,33,2,1,2,1,6,,
1999,06796,"Bharati Vidyapeeth's College of Engineering,Lavale, Pune",0679661210,Mechanical Engineering,60,51,0,9,0,1,60,OHU,4,1,2,0,1,0,1,0,0,0,0,0,0,0,1,1,1,1,13,2,1,2,1,6,,
2000,06808,"Keystone School of Engineering, Pune",0680824510,Computer Engineering,180,117,0,27,36,1,144,HU,22,9,7,3,4,1,1,1,1,1,2,1,2,0,9,5,5,2,76,5,1,5,1,18,0680824511T,9
2000,06808,"Keystone School of Engineering, Pune",0680824510,Computer Engineering,180,117,0,27,36,1,144,OHU,9,3,2,1,2,1,2,0,0,0,0,1,0,0,4,2,2,1,30,5,1,5,1,18,0680824511T,9
2001,06808,"Keystone School of Engineering, Pune",0680826310,Artificial Intelligence (AI) and Data Science,60,39,0,9,12,0,48,HU,7,3,2,1,1,1,1,0,1,0,1,0,0,0,4,1,2,1,26,1,1,1,1,6,0680826311T,3
2001,06808,"Keystone School of Engineering, Pune",0680826310,Artificial Intelligence (AI) and Data Science,60,39,0,9,12,0,48,OHU,2,2,1,1,1,0,0,0,0,0,0,0,1,0,1,1,1,0,11,1,1,1,1,6,0680826311T,3
2002,06808,"Keystone School of Engineering, Pune",0680837210,Electronics and Telecommunication Engg,54,35,0,8,11,0,43,HU,6,3,3,1,2,0,1,0,0,0,0,1,0,1,3,2,1,1,25,1,1,1,1,5,0680837211T,3
2002,06808,"Keystone School of Engineering, Pune",0680837210,Electronics and Telecommunication Engg,54,35,0,8,11,0,43,OHU,3,0,1,0,0,0,0,0,0,0,1,0,0,0,2,0,1,0,8,1,1,1,1,5,0680837211T,3
2003,06808,"Keystone School of Engineering, Pune",0680861210,Mechanical Engineering,60,39,0,9,12,0,48,HU,7,3,2,1,1,1,0,1,0,0,1,0,1,0,4,1,2,1,26,1,1,1,1,6,,
2003,06808,"Keystone School of Engineering, Pune",0680861210,Mechanical Engineering,60,39,0,9,12,0,48,OHU,2,2,1,1,0,1,0,0,1,0,0,0,0,0,1,1,1,0,11,1,1,1,1,6,,
2004,06815,"Vidya Prasarini Sabha's College of Engineering & Technology, Lonavala",0681519110,Civil Engineering,30,25,0,5,0,0,30,HU,4,2,2,0,1,1,1,0,0,0,0,1,1,0,2,1,2,0,18,1,0,1,0,3,,
2004,06815,"Vidya Prasarini Sabha's College of Engineering & Technology, Lonavala",0681519110,Civil Engineering,30,25,0,5,0,0,30,OHU,2,0,1,0,0,0,0,0,1,0,0,0,0,0,1,0,0,0,5,1,0,1,0,3,,
2005,06815,"Vidya Prasarini Sabha's College of Engineering & Technology, Lonavala",0681524510,Computer Engineering,30,25,0,5,0,0,30,HU,4,2,1,1,1,0,0,0,0,0,0,0,1,0,2,1,1,1,15,1,0,1,0,3,0681524511T,2
2005,06815,"Vidya Prasarini Sabha's College of Engineering & Technology, Lonavala",0681524510,Computer Engineering,30,25,0,5,0,0,30,OHU,1,1,1,0,1,0,1,0,0,0,0,0,0,0,1,1,1,0,8,1,0,1,0,3,0681524511T,2
2006,06815,"Vidya Prasarini Sabha's College of Engineering & Technology, Lonavala",0681561210,Mechanical Engineering,60,51,0,9,0,1,60,HU,9,4,3,2,1,1,1,0,1,0,1,0,0,0,4,2,2,1,32,2,1,2,1,6,,
2006,06815,"Vidya Prasarini Sabha's College of Engineering & Technology, Lonavala",0681561210,Mechanical Engineering,60,51,0,9,0,1,60,OHU,3,2,1,1,0,1,0,0,0,0,1,0,1,0,2,0,1,1,14,2,1,2,1,6,,
2007,06822,"Pimpri Chinchwad Education Trust's Pimpri Chinchwad College Of Engineering And Research, Ravet",0682219110,Civil Engineering,60,51,0,9,0,1,60,HU,9,4,3,1,2,1,1,1,1,0,1,0,0,1,5,1,3,1,35,2,1,2,1,6,0682219111T,3
2007,06822,"Pimpri Chinchwad Education Trust's Pimpri Chinchwad College Of Engineering And Research, Ravet",0682219110,Civil Engineering,60,51,0,9,0,1,60,OHU,4,1,2,0,1,0,0,0,0,0,1,0,0,0,1,0,1,0,11,2,1,2,1,6,0682219111T,3
2008,06822,"Pimpri Chinchwad Education Trust's Pimpri Chinchwad College Of Engineering And Research, Ravet",0682224510,Computer Engineering,360,234,0,54,72,2,288,HU,42,18,14,5,8,3,3,1,3,1,4,2,2,1,20,9,11,5,152,10,2,10,2,36,0682224511T,18
2008,06822,"Pimpri Chinchwad Education Trust's Pimpri Chinchwad College Of Engineering And Research, Ravet",0682224510,Computer Engineering,360,234,0,54,72,2,288,OHU,16,7,5,2,4,1,2,1,1,1,1,1,1,0,7,4,4,2,60,10,2,10,2,36,0682224511T,18
2009,06822,"Pimpri Chinchwad Education Trust's Pimpri Chinchwad College Of Engineering And Research, Ravet",0682224610,Information Technology,60,39,0,9,12,0,48,HU,6,3,2,2,2,0,1,0,0,1,1,0,0,0,3,2,2,1,26,1,1,1,1,6,0682224611T,3
2009,06822,"Pimpri Chinchwad Education Trust's Pimpri Chinchwad College Of Engineering And Research, Ravet",0682224610,Information Technology,60,39,0,9,12,0,48,OHU,3,1,0,1,0,1,0,0,0,0,0,0,1,0,2,1,1,0,11,1,1,1,1,6,0682224611T,3
2010,06822,"Pimpri Chinchwad Education Trust's Pimpri Chinchwad College Of Engineering And Research, Ravet",0682237210,Electronics and Telecommunication Engg,60,39,0,9,12,0,48,HU,7,3,2,1,1,1,0,1,0,0,0,0,1,0,4,1,2,0,24,1,1,1,1,6,0682237211T,3
2010,06822,"Pimpri Chinchwad Education Trust's Pimpri Chinchwad College Of Engineering And Research, Ravet",0682237210,Electronics and Telecommunication Engg,60,39,0,9,12,0,48,OHU,2,2,2,0,1,0,0,0,1,0,1,0,0,0,2,0,1,1,13,1,1,1,1,6,0682237211T,3
2011,06822,"Pimpri Chinchwad Education Trust's Pimpri Chinchwad College Of Engineering And Research, Ravet",0682261210,Mechanical Engineering,60,42,0,9,9,0,51,HU,8,3,3,1,1,1,1,0,1,0,0,1,1,0,4,2,3,1,31,1,1,1,1,6,0682261211T,3
2011,06822,"Pimpri Chinchwad Education Trust's Pimpri Chinchwad College Of Engineering And Research, Ravet",0682261210,Mechanical Engineering,60,42,0,9,9,0,51,OHU,3,1,0,1,1,0,0,0,0,0,0,0,0,0,1,1,1,0,9,1,1,1,1,6,0682261211T,3
2012,06834,"Dr.D.Y.Patil College Of Engineering & Innovation,Talegaon",0683424510,Computer Engineering,180,153,0,27,0,2,180,HU,27,12,9,4,6,2,2,1,1,1,3,1,1,1,13,5,6,3,98,7,1,7,1,18,0683424511T,9
2012,06834,"Dr.D.Y.Patil College Of Engineering & Innovation,Talegaon",0683424510,Computer Engineering,180,153,0,27,0,2,180,OHU,11,4,4,1,2,1,1,1,0,1,1,0,0,1,5,2,3,1,39,7,1,7,1,18,0683424511T,9
2013,06834,"Dr.D.Y.Patil College Of Engineering & Innovation,Talegaon",0683426310,Artificial Intelligence (AI) and Data Science,60,39,0,9,12,0,48,HU,7,3,2,1,1,1,1,0,1,0,0,0,1,0,3,2,2,1,26,1,1,1,1,6,0683426311T,3
2013,06834,"Dr.D.Y.Patil College Of Engineering & Innovation,Talegaon",0683426310,Artificial Intelligence (AI) and Data Science,60,39,0,9,12,0,48,OHU,2,2,1,1,0,1,0,0,0,0,0,1,0,0,1,1,0,1,11,1,1,1,1,6,0683426311T,3
2014,06991,"Dr. D.Y. Patil Technical Campus, Varale, Talegaon, Pune",0699124510,Computer Engineering,180,153,0,27,0,2,180,HU,27,12,9,4,6,2,2,1,2,0,2,1,2,0,13,6,7,3,99,7,1,7,1,18,0699124511T,9
2014,06991,"Dr. D.Y. Patil Technical Campus, Varale, Talegaon, Pune",0699124510,Computer Engineering,180,153,0,27,0,2,180,OHU,11,4,3,2,2,1,1,0,1,1,1,1,1,0,4,2,3,0,38,7,1,7,1,18,0699124511T,9
2015,06991,"Dr. D.Y. Patil Technical Campus, Varale, Talegaon, Pune",0699156610,Computer Science,180,153,0,27,0,2,180,HU,28,12,9,4,5,2,3,0,2,1,3,1,1,1,12,5,6,3,98,7,1,7,1,18,0699156611T,9
2015,06991,"Dr. D.Y. Patil Technical Campus, Varale, Talegaon, Pune",0699156610,Computer Science,180,153,0,27,0,2,180,OHU,10,5,4,1,2,1,2,0,1,0,1,0,1,0,5,2,2,2,39,7,1,7,1,18,0699156611T,9
2016,06991,"Dr. D.Y. Patil Technical Campus, Varale, Talegaon, Pune",0699184410,Electronics and Computer Engineering,120,102,0,18,0,1,120,HU,19,7,6,3,3,2,2,1,1,1,1,1,2,0,9,4,5,1,68,5,0,5,0,12,0699184411T,6
2016,06991,"Dr. D.Y. Patil Technical Campus, Varale, Talegaon, Pune",0699184410,Electronics and Computer Engineering,120,102,0,18,0,1,120,OHU,7,3,1,1,1,1,0,0,1,0,2,0,0,0,3,1,2,0,23,5,0,5,0,12,0699184411T,6
2017,06991,"Dr. D.Y. Patil Technical Campus, Varale, Talegaon, Pune",0699199510,Artificial Intelligence and Data Science,120,102,0,18,0,1,120,HU,18,8,6,2,4,1,1,1,1,1,2,1,0,1,9,3,4,2,65,5,0,5,0,12,0699199511T,6
2017,06991,"Dr. D.Y. Patil Technical Campus, Varale, Talegaon, Pune",0699199510,Artificial Intelligence and Data Science,120,102,0,18,0,1,120,OHU,7,3,2,1,2,0,0,1,0,1,0,1,0,1,3,2,1,1,26,5,0,5,0,12,0699199511T,6
2018,06028,"Department of Technology, Shivaji University, Kolhapur",0602819110,Civil Engineering,60,60,0,0,0,1,60,HU,11,5,5,1,1,1,1,1,1,0,1,0,0,1,4,2,3,1,39,2,1,2,1,6,,
2018,06028,"Department of Technology, Shivaji University, Kolhapur",0602819110,Civil Engineering,60,60,0,0,0,1,60,OHU,4,2,2,0,1,1,0,0,0,0,1,0,0,0,2,1,1,1,16,2,1,2,1,6,,
2019,06028,"Department of Technology, Shivaji University, Kolhapur",0602825410,Computer Science and Technology,60,60,0,0,0,1,60,HU,12,4,3,2,2,1,1,0,0,0,1,1,1,0,5,2,2,2,39,2,1,2,1,6,0602825411T,3
2019,06028,"Department of Technology, Shivaji University, Kolhapur",0602825410,Computer Science and Technology,60,60,0,0,0,1,60,OHU,4,2,2,1,1,0,0,1,1,0,0,0,0,0,2,0,2,0,16,2,1,2,1,6,0602825411T,3
2020,06028,"Department of Technology, Shivaji University, Kolhapur",0602837210,Electronics and Telecommunication Engg,60,60,0,0,0,1,60,HU,10,5,4,1,3,1,1,0,1,1,1,0,0,0,6,2,4,1,41,2,1,2,1,6,0602837211T,3
2020,06028,"Department of Technology, Shivaji University, Kolhapur",0602837210,Electronics and Telecommunication Engg,60,60,0,0,0,1,60,OHU,5,1,1,1,1,0,0,0,0,0,0,1,0,1,1,1,0,1,14,2,1,2,1,6,0602837211T,3
2021,06028,"Department of Technology, Shivaji University, Kolhapur",0602850310,Food Technology,60,60,0,0,0,1,60,HU,11,5,4,2,1,1,0,1,0,0,1,1,1,0,4,2,3,1,38,2,1,2,1,6,0602850311T,3
2021,06028,"Department of Technology, Shivaji University, Kolhapur",0602850310,Food Technology,60,60,0,0,0,1,60,OHU,4,2,2,0,1,1,1,0,1,0,0,0,0,0,2,1,2,0,17,2,1,2,1,6,0602850311T,3
2022,06028,"Department of Technology, Shivaji University, Kolhapur",0602850710,Chemical Engineering,60,60,0,0,0,1,60,HU,11,4,3,2,3,1,2,0,1,0,2,0,0,1,5,2,2,2,41,2,1,2,1,6,0602850711T,3
2022,06028,"Department of Technology, Shivaji University, Kolhapur",0602850710,Chemical Engineering,60,60,0,0,0,1,60,OHU,4,2,1,1,1,0,0,0,0,0,1,0,0,0,2,0,1,1,14,2,1,2,1,6,0602850711T,3
2023,06028,"Department of Technology, Shivaji University, Kolhapur",0602861210,Mechanical Engineering,60,60,0,0,0,1,60,HU,11,5,4,1,2,1,1,0,0,1,0,1,0,0,5,2,3,1,38,2,1,2,1,6,,
2023,06028,"Department of Technology, Shivaji University, Kolhapur",0602861210,Mechanical Engineering,60,60,0,0,0,1,60,OHU,4,2,2,1,0,1,1,0,0,0,1,0,1,0,1,1,2,0,17,2,1,2,1,6,,
2024,06288,"Bharati Vidyapeeth's College of Engineering, Kolhapur",0628819110,Civil Engineering,60,51,0,9,0,1,60,HU,9,4,4,1,2,0,1,0,0,0,0,1,1,0,4,2,2,1,32,2,1,2,1,6,,
2024,06288,"Bharati Vidyapeeth's College of Engineering, Kolhapur",0628819110,Civil Engineering,60,51,0,9,0,1,60,OHU,4,1,2,0,0,1,0,0,1,0,1,0,0,0,2,0,1,1,14,2,1,2,1,6,,
2025,06288,"Bharati Vidyapeeth's College of Engineering, Kolhapur",0628824210,Computer Science and Engineering,120,90,0,18,12,1,108,HU,16,7,5,2,2,2,1,1,1,1,2,0,1,0,7,3,4,2,57,5,0,5,0,12,0628824211T,6
2025,06288,"Bharati Vidyapeeth's College of Engineering, Kolhapur",0628824210,Computer Science and Engineering,120,90,0,18,12,1,108,OHU,6,3,2,1,2,0,1,0,0,0,0,1,1,0,3,1,1,0,22,5,0,5,0,12,0628824211T,6
2026,06288,"Bharati Vidyapeeth's College of Engineering, Kolhapur",0628837210,Electronics and Telecommunication Engg,60,51,0,9,0,1,60,HU,9,4,3,1,3,0,1,0,0,0,1,1,1,0,5,1,2,1,33,2,1,2,1,6,0628837211T,3
2026,06288,"Bharati Vidyapeeth's College of Engineering, Kolhapur",0628837210,Electronics and Telecommunication Engg,60,51,0,9,0,1,60,OHU,4,1,1,1,1,0,0,0,0,1,0,0,0,0,1,1,1,1,13,2,1,2,1,6,0628837211T,3
2027,06288,"Bharati Vidyapeeth's College of Engineering, Kolhapur",0628861210,Mechanical Engineering,60,51,0,9,0,1,60,HU,9,4,3,2,1,1,1,0,1,0,1,0,0,1,4,2,3,1,34,2,1,2,1,6,,
2027,06288,"Bharati Vidyapeeth's College of Engineering, Kolhapur",0628861210,Mechanical Engineering,60,51,0,9,0,1,60,OHU,3,2,2,0,0,1,1,0,0,0,1,0,0,0,1,0,1,0,12,2,1,2,1,6,,
2028,06288,"Bharati Vidyapeeth's College of Engineering, Kolhapur",0628891110,Computer Science and Engineering(Artificial,60,39,0,9,12,0,48,HU,7,3,3,1,1,1,0,1,0,1,1,1,0,0,3,2,2,1,28,1,1,1,1,6,0628891111T,3
2028,06288,"Bharati Vidyapeeth's College of Engineering, Kolhapur",0628891110,Computer Science and Engineering(Artificial,60,39,0,9,12,0,48,OHU,2,1,0,1,1,0,0,0,0,0,0,0,0,0,2,1,1,0,9,1,1,1,1,6,0628891111T,3
2029,06303,"Dr. Ashok Gujar Technical Institute's Dr. Daulatrao Aher College of Engineering, Karad",0630399510,Artificial Intelligence and Data Science,60,45,0,9,6,0,54,HU,7,4,2,1,2,1,0,0,1,0,1,1,0,0,5,2,2,2,31,1,1,1,1,6,0630399511T,3
2029,06303,"Dr. Ashok Gujar Technical Institute's Dr. Daulatrao Aher College of Engineering, Karad",0630399510,Artificial Intelligence and Data Science,60,45,0,9,6,0,54,OHU,3,2,1,1,1,0,1,0,0,0,0,0,0,0,1,1,1,0,12,1,1,1,1,6,0630399511T,3
2030,06303,"Dr. Ashok Gujar Technical Institute's Dr. Daulatrao Aher College of Engineering, Karad",0630319110,Civil Engineering,60,51,0,9,0,1,60,HU,10,3,3,2,1,1,2,0,0,0,1,0,0,0,4,1,2,1,31,2,1,2,1,6,,
2030,06303,"Dr. Ashok Gujar Technical Institute's Dr. Daulatrao Aher College of Engineering, Karad",0630319110,Civil Engineering,60,51,0,9,0,1,60,OHU,4,1,2,0,1,0,0,0,0,1,1,0,1,0,1,1,2,0,15,2,1,2,1,6,,
2031,06303,"Dr. Ashok Gujar Technical Institute's Dr. Daulatrao Aher College of Engineering, Karad",0630324210,Computer Science and Engineering,60,39,0,9,12,0,48,HU,7,3,3,1,2,0,0,0,1,0,1,0,1,0,3,2,3,0,27,1,1,1,1,6,0630324211T,3
2031,06303,"Dr. Ashok Gujar Technical Institute's Dr. Daulatrao Aher College of Engineering, Karad",0630324210,Computer Science and Engineering,60,39,0,9,12,0,48,OHU,2,1,1,0,1,0,1,0,0,0,0,0,0,0,2,1,0,1,10,1,1,1,1,6,0630324211T,3
2032,06303,"Dr. Ashok Gujar Technical Institute's Dr. Daulatrao Aher College of Engineering, Karad",0630337210,Electronics and Telecommunication Engg,60,51,0,9,0,1,60,HU,9,4,4,1,1,1,1,0,0,1,0,1,0,1,4,2,2,2,34,2,1,2,1,6,0630337211T,3
2032,06303,"Dr. Ashok Gujar Technical Institute's Dr. Daulatrao Aher College of Engineering, Karad",0630337210,Electronics and Telecommunication Engg,60,51,0,9,0,1,60,OHU,3,2,1,1,0,1,0,0,1,0,1,0,0,0,1,0,1,0,12,2,1,2,1,6,0630337211T,3
2033,06303,"Dr. Ashok Gujar Technical Institute's Dr. Daulatrao Aher College of Engineering, Karad",0630361210,Mechanical Engineering,60,51,0,9,0,1,60,HU,9,4,2,2,2,1,1,1,1,0,1,0,1,0,4,1,2,1,33,2,1,2,1,6,,
2033,06303,"Dr. Ashok Gujar Technical Institute's Dr. Daulatrao Aher College of Engineering, Karad",0630361210,Mechanical Engineering,60,51,0,9,0,1,60,OHU,4,1,1,1,1,0,0,0,0,0,0,1,0,0,2,0,1,1,13,2,1,2,1,6,,
2034,06803,"Sant Gajanan Maharaj College of Engineering, Gadhinglaj",0680319110,Civil Engineering,60,51,0,9,0,1,60,HU,9,4,4,1,1,1,1,0,1,0,1,0,0,0,4,2,3,1,33,2,1,2,1,6,,
2034,06803,"Sant Gajanan Maharaj College of Engineering, Gadhinglaj",0680319110,Civil Engineering,60,51,0,9,0,1,60,OHU,3,2,2,0,1,0,0,0,0,0,0,1,1,0,1,1,1,0,13,2,1,2,1,6,,
2035,06803,"Sant Gajanan Maharaj College of Engineering, Gadhinglaj",0680324210,Computer Science and Engineering,60,39,0,9,12,0,48,HU,7,3,2,1,2,0,1,0,0,0,1,0,1,0,4,1,2,1,26,1,1,1,1,6,0680324211T,3
2035,06803,"Sant Gajanan Maharaj College of Engineering, Gadhinglaj",0680324210,Computer Science and Engineering,60,39,0,9,12,0,48,OHU,3,1,1,1,1,0,0,0,1,0,0,0,0,0,1,1,1,0,11,1,1,1,1,6,0680324211T,3
2036,06803,"Sant Gajanan Maharaj College of Engineering, Gadhinglaj",0680329310,Electrical Engineering,60,51,0,9,0,1,60,HU,9,4,3,2,2,1,0,1,1,0,0,1,1,0,4,2,2,1,34,2,1,2,1,6,0680329311T,3
2036,06803,"Sant Gajanan Maharaj College of Engineering, Gadhinglaj",0680329310,Electrical Engineering,60,51,0,9,0,1,60,OHU,4,1,1,0,1,0,0,1,0,0,1,0,0,0,1,0,1,1,12,2,1,2,1,6,0680329311T,3
2037,06803,"Sant Gajanan Maharaj College of Engineering, Gadhinglaj",0680337210,Electronics and Telecommunication Engg,60,39,0,9,12,0,48,HU,8,3,2,1,1,1,1,0,1,0,1,0,0,0,3,2,2,1,27,1,1,1,1,6,0680337211T,3
2037,06803,"Sant Gajanan Maharaj College of Engineering, Gadhinglaj",0680337210,Electronics and Telecommunication Engg,60,39,0,9,12,0,48,OHU,2,1,1,1,0,1,0,0,0,0,0,0,0,1,1,1,1,0,10,1,1,1,1,6,0680337211T,3
2038,06803,"Sant Gajanan Maharaj College of Engineering, Gadhinglaj",0680361210,Mechanical Engineering,60,51,0,9,0,1,60,HU,9,4,3,1,2,1,1,0,0,0,1,0,0,1,5,1,3,1,33,2,1,2,1,6,,
2038,06803,"Sant Gajanan Maharaj College of Engineering, Gadhinglaj",0680361210,Mechanical Engineering,60,51,0,9,0,1,60,OHU,3,2,2,0,1,0,0,0,0,1,1,0,0,0,2,0,0,1,13,2,1,2,1,6,,
2039,06839,"Dr. D Y Patil Pratishthan's College of Engineering, Kolhapur",0683919110,Civil Engineering,60,51,0,9,0,1,60,HU,9,4,3,1,2,1,0,0,1,0,1,1,0,0,4,2,3,1,33,2,1,2,1,6,,
2039,06839,"Dr. D Y Patil Pratishthan's College of Engineering, Kolhapur",0683919110,Civil Engineering,60,51,0,9,0,1,60,OHU,4,1,2,0,1,0,1,0,0,0,0,0,1,0,2,0,1,0,13,2,1,2,1,6,,
2040,06839,"Dr. D Y Patil Pratishthan's College of Engineering, Kolhapur",0683924210,Computer Science and Engineering,180,117,0,27,36,1,144,HU,22,9,7,3,5,1,2,1,1,1,3,0,1,1,10,4,4,2,77,5,1,5,1,18,0683924211T,9
2040,06839,"Dr. D Y Patil Pratishthan's College of Engineering, Kolhapur",0683924210,Computer Science and Engineering,180,117,0,27,36,1,144,OHU,8,3,2,2,2,0,1,0,1,0,1,0,0,0,4,2,2,1,29,5,1,5,1,18,0683924211T,9
2041,06839,"Dr. D Y Patil Pratishthan's College of Engineering, Kolhapur",0683929310,Electrical Engineering,60,51,0,9,0,1,60,HU,9,4,4,1,1,1,1,0,0,0,0,1,0,0,4,2,3,1,32,2,1,2,1,6,0683929311T,3
2041,06839,"Dr. D Y Patil Pratishthan's College of Engineering, Kolhapur",0683929310,Electrical Engineering,60,51,0,9,0,1,60,OHU,3,2,1,0,1,1,0,0,1,0,1,0,1,0,1,1,1,0,14,2,1,2,1,6,0683929311T,3
2042,06839,"Dr. D Y Patil Pratishthan's College of Engineering, Kolhapur",0683991210,Computer Science and Engineering(Data Science),60,39,0,9,12,0,48,HU,7,3,2,1,1,1,0,1,1,0,1,0,1,0,4,1,2,1,27,1,1,1,1,6,0683991211T,3
2042,06839,"Dr. D Y Patil Pratishthan's College of Engineering, Kolhapur",0683991210,Computer Science and Engineering(Data Science),60,39,0,9,12,0,48,OHU,3,1,2,0,0,0,1,0,0,0,0,0,0,0,2,0,1,0,10,1,1,1,1,6,0683991211T,3
2043,06878,"Dr. A. D. Shinde College Of Engineering, Tal.Gadhinglaj, Kolhapur",0687819110,Civil Engineering,30,25,0,5,0,0,30,HU,4,2,1,1,1,0,1,0,0,0,0,0,0,0,3,1,1,1,16,1,0,1,0,3,,
2043,06878,"Dr. A. D. Shinde College Of Engineering, Tal.Gadhinglaj, Kolhapur",0687819110,Civil Engineering,30,25,0,5,0,0,30,OHU,1,1,0,1,1,0,0,0,0,0,0,1,0,0,1,0,0,1,7,1,0,1,0,3,,
2044,06878,"Dr. A. D. Shinde College Of Engineering, Tal.Gadhinglaj, Kolhapur",0687819190L,Civil Engineering,30,25,0,5,0,0,30,HU,4,2,2,0,2,0,0,0,1,0,0,0,1,0,2,1,2,0,17,1,0,1,0,3,0687819191LT,2
2044,06878,"Dr. A. D. Shinde College Of Engineering, Tal.Gadhinglaj, Kolhapur",0687819190L,Civil Engineering,30,25,0,5,0,0,30,OHU,1,1,1,0,0,0,0,0,0,0,0,0,0,0,1,1,1,0,6,1,0,1,0,3,0687819191LT,2
2045,06878,"Dr. A. D. Shinde College Of Engineering, Tal.Gadhinglaj, Kolhapur",0687824210,Computer Science and Engineering,60,45,0,9,6,0,54,HU,8,3,3,2,1,1,1,0,0,1,1,1,0,1,4,2,2,1,32,1,1,1,1,6,,
2045,06878,"Dr. A. D. Shinde College Of Engineering, Tal.Gadhinglaj, Kolhapur",0687824210,Computer Science and Engineering,60,45,0,9,6,0,54,OHU,4,1,1,0,0,1,0,0,0,0,0,0,0,0,2,1,1,0,11,1,1,1,1,6,,
2046,06878,"Dr. A. D. Shinde College Of Engineering, Tal.Gadhinglaj, Kolhapur",0687825910,Mechanical and Mechatronics Engineering (Additive,60,51,0,9,0,1,60,HU,9,4,3,1,1,1,0,0,1,0,1,0,0,0,4,2,2,1,30,2,1,2,1,6,0687825911T,3
2046,06878,"Dr. A. D. Shinde College Of Engineering, Tal.Gadhinglaj, Kolhapur",0687825910,Mechanical and Mechatronics Engineering (Additive,60,51,0,9,0,1,60,OHU,3,2,2,1,1,0,0,1,0,1,1,0,0,1,1,0,1,1,16,2,1,2,1,6,0687825911T,3
2047,06878,"Dr. A. D. Shinde College Of Engineering, Tal.Gadhinglaj, Kolhapur",0687890010,Electronics and Computer Science,120,102,0,18,0,1,120,HU,18,8,6,3,4,1,2,1,1,0,2,1,2,0,9,3,4,2,67,5,0,5,0,12,,
2047,06878,"Dr. A. D. Shinde College Of Engineering, Tal.Gadhinglaj, Kolhapur",0687890010,Electronics and Computer Science,120,102,0,18,0,1,120,OHU,7,3,1,1,2,1,0,0,1,0,1,0,0,0,3,2,2,0,24,5,0,5,0,12,,
2048,06878,"Dr. A. D. Shinde College Of Engineering, Tal.Gadhinglaj, Kolhapur",0687891110,Computer Science and Engineering(Artificial,30,22,0,5,3,0,27,HU,4,2,2,0,1,0,0,0,0,0,1,0,0,0,2,2,1,1,16,1,0,1,0,3,0687891111T,2
2048,06878,"Dr. A. D. Shinde College Of Engineering, Tal.Gadhinglaj, Kolhapur",0687891110,Computer Science and Engineering(Artificial,30,22,0,5,3,0,27,OHU,1,0,1,0,0,0,1,0,0,0,0,0,0,0,1,0,0,0,4,1,0,1,0,3,0687891111T,2
2049,06878,"Dr. A. D. Shinde College Of Engineering, Tal.Gadhinglaj, Kolhapur",0687892610,Electrical and Computer Engineering,60,51,0,9,0,1,60,HU,9,4,2,2,2,1,1,0,1,1,1,0,0,0,4,1,3,0,32,2,1,2,1,6,0687892611T,3
2049,06878,"Dr. A. D. Shinde College Of Engineering, Tal.Gadhinglaj, Kolhapur",0687892610,Electrical and Computer Engineering,60,51,0,9,0,1,60,OHU,3,2,1,1,1,0,0,0,0,0,1,0,1,0,1,1,1,1,14,2,1,2,1,6,0687892611T,3
2050,03035,"Usha Mittal Institute of Technology SNDT Women's University, Mumbai",0303524550F,Computer Engineering,60,60,0,0,0,1,60,State_Level,0,21,0,8,0,4,0,2,0,2,0,2,0,1,0,9,0,6,55,2,1,2,1,6,0303524551FT,3
2051,03035,"Usha Mittal Institute of Technology SNDT Women's University, Mumbai",0303524650F,Information Technology,60,60,0,0,0,1,60,State_Level,0,22,0,7,0,4,0,2,0,1,0,3,0,1,0,9,0,6,55,2,1,2,1,6,0303524651FT,3
2052,03035,"Usha Mittal Institute of Technology SNDT Women's University, Mumbai",0303525450F,Computer Science and Technology,60,60,0,0,0,1,60,State_Level,0,21,0,8,0,4,0,2,0,1,0,2,0,1,0,10,0,6,55,2,1,2,1,6,0303525451FT,3
2053,03035,"Usha Mittal Institute of Technology SNDT Women's University, Mumbai",0303537050F,Electronics and Communication Engineering,60,60,0,0,0,1,60,State_Level,0,22,0,8,0,4,0,1,0,2,0,2,0,1,0,9,0,6,55,2,1,2,1,6,0303537051FT,3
2054,03035,"Usha Mittal Institute of Technology SNDT Women's University, Mumbai",0303591750F,Data Science,60,60,0,0,0,1,60,State_Level,0,22,0,8,0,4,0,2,0,1,0,2,0,1,0,9,0,6,55,2,1,2,1,6,0303591751FT,3
2055,03035,"Usha Mittal Institute of Technology SNDT Women's University, Mumbai",0303599750F,Artificial Intelligence,60,60,0,0,0,1,60,State_Level,0,21,0,8,0,4,0,2,0,2,0,2,0,1,0,9,0,6,55,2,1,2,1,6,0303599751FT,3
