sr_no,rank,percentile,choice_code,institute_code,college_code,course_code,course_name,college_name,mapping_status
1.0,12401.0,87.3309399,110124610.0,1101.0,1101,0110124610,Information Technology,Shri Sant Gajanan Maharaj College Of Engineering Shegaon,Fully Mapped
2.0,30398.0,71.3769198,110135610.0,1101.0,1101,0110135610,Electrical Engg[Electronics and Power],Shri Sant Gajanan Maharaj College Of Engineering Shegaon,Fully Mapped
3.0,14768.0,85.278952,110137210.0,1101.0,1101,0110137210,Electronics and Telecommunication Engg,Shri Sant Gajanan Maharaj College Of Engineering Shegaon,Fully Mapped
4.0,31207.0,70.7178978,110161210.0,1101.0,1101,0110161210,Mechanical Engineering,Shri Sant Gajanan Maharaj College Of Engineering Shegaon,Fully Mapped
5.0,51315.0,53.7750944,110519110.0,1105.0,1105,0110519110,Civil Engineering,Prof. Ram Meghe Institute Of Technology Research Amravati,Fully Mapped
6.0,18549.0,81.7927537,110524210.0,1105.0,1105,0110524210,Computer Science and Engineering,Prof. Ram Meghe Institute Of Technology Research Amravati,Fully Mapped
7.0,21723.0,78.9227248,110524610.0,1105.0,1105,0110524610,Information Technology,Prof. Ram Meghe Institute Of Technology Research Amravati,Fully Mapped
8.0,30647.0,71.1861396,110537210.0,1105.0,1105,0110537210,Electronics and Telecommunication Engg,Prof. Ram Meghe Institute Of Technology Research Amravati,Fully Mapped
9.0,53904.0,51.6406469,110561210.0,1105.0,1105,0110561210,Mechanical Engineering,Prof. Ram Meghe Institute Of Technology Research Amravati,Fully Mapped
10.0,45683.0,58.6258093,110719110.0,1107.0,1107,0110719110,Civil Engineering,P. R. Pote Patil College Of Engineering Management Amravati,Fully Mapped
11.0,20068.0,80.4005535,110724210.0,1107.0,1107,0110724210,Computer Science and Engineering,P. R. Pote Patil College Of Engineering Management Amravati,Fully Mapped
12.0,42735.0,61.0236779,110729310.0,1107.0,1107,0110729310,Electrical Engineering,P. R. Pote Patil College Of Engineering Management Amravati,Fully Mapped
13.0,35854.0,66.6655105,110737210.0,1107.0,1107,0110737210,Electronics and Telecommunication Engg,P. R. Pote Patil College Of Engineering Management Amravati,Fully Mapped
14.0,31498.0,70.5477463,110799510.0,1107.0,1107,0110799510,Artificial Intelligence and Data Science,P. R. Pote Patil College Of Engineering Management Amravati,Fully Mapped
15.0,51965.0,53.0366088,111419110.0,1114.0,1114,0111419110,Civil Engineering,Sipna Shikshan Prasarak Mandal College Of Engineering Technology Amravati,Fully Mapped
16.0,29439.0,72.1885748,111426310.0,1114.0,1114,0111426310,Artificial Intelligence (AI) and Data Science,Sipna Shikshan Prasarak Mandal College Of Engineering Technology Amravati,Fully Mapped
17.0,29102.0,72.4780171,111437210.0,1114.0,1114,0111437210,Electronics and Telecommunication Engg,Sipna Shikshan Prasarak Mandal College Of Engineering Technology Amravati,Fully Mapped
18.0,54035.0,51.4671199,111461210.0,1114.0,1114,0111461210,Mechanical Engineering,Sipna Shikshan Prasarak Mandal College Of Engineering Technology Amravati,Fully Mapped
19.0,64662.0,42.0665339,111619110.0,1116.0,1116,0111619110,Civil Engineering,Shri Shivaji Education Society S College Of Engineering And Technology Akola,Fully Mapped
20.0,60297.0,45.8887471,111624210.0,1116.0,1116,0111624210,Computer Science and Engineering,Shri Shivaji Education Society S College Of Engineering And Technology Akola,Fully Mapped
21.0,62971.0,43.5428977,111624610.0,1116.0,1116,0111624610,Information Technology,Shri Shivaji Education Society S College Of Engineering And Technology Akola,Fully Mapped
22.0,72927.0,33.2232604,111719110.0,1117.0,1117,0111719110,Civil Engineering,Janata Shikshan Prasarak Mandal S Babasaheb Naik College Of Engineering Pusad,Fully Mapped
23.0,57472.0,48.5158173,111724210.0,1117.0,1117,0111724210,Computer Science and Engineering,Janata Shikshan Prasarak Mandal S Babasaheb Naik College Of Engineering Pusad,Fully Mapped
24.0,86409.0,13.5512762,111735610.0,1117.0,1117,0111735610,Electrical Engg[Electronics and Power],Janata Shikshan Prasarak Mandal S Babasaheb Naik College Of Engineering Pusad,Fully Mapped
25.0,89100.0,7.044307,111761210.0,1117.0,1117,0111761210,Mechanical Engineering,Janata Shikshan Prasarak Mandal S Babasaheb Naik College Of Engineering Pusad,Fully Mapped
26.0,42451.0,61.2790648,111924210.0,1119.0,1119,0111924210,Computer Science and Engineering,Paramhansa Ramkrishna Maunibaba Shikshan Santha S Anuradha Engineering College Chikhali,Fully Mapped
27.0,44044.0,60.0480266,111924610.0,1119.0,1119,0111924610,Information Technology,Paramhansa Ramkrishna Maunibaba Shikshan Santha S Anuradha Engineering College Chikhali,Fully Mapped
28.0,69775.0,36.6180714,111937210.0,1119.0,1119,0111937210,Electronics and Telecommunication Engg,Paramhansa Ramkrishna Maunibaba Shikshan Santha S Anuradha Engineering College Chikhali,Fully Mapped
29.0,173466.0,25.5936912,111950710.0,1119.0,1119,0111950710,Chemical Engineering,Paramhansa Ramkrishna Maunibaba Shikshan Santha S Anuradha Engineering College Chikhali,Fully Mapped
30.0,181737.0,14.0490445,111961210.0,1119.0,1119,0111961210,Mechanical Engineering,Paramhansa Ramkrishna Maunibaba Shikshan Santha S Anuradha Engineering College Chikhali,Fully Mapped
31.0,70497.0,36.0493995,112019110.0,1120.0,1120,0112019110,Civil Engineering,Jawaharlal Darda Institute Of Engineering And Technology Yavatmal,Fully Mapped
32.0,42702.0,61.0236779,112124610.0,1121.0,1121,0112124610,Information Technology,Shri Hanuman Vyayam Prasarak Mandals College Of Engineering Technology Amravati,Fully Mapped
33.0,53633.0,51.7541555,112137210.0,1121.0,1121,0112137210,Electronics and Telecommunication Engg,Shri Hanuman Vyayam Prasarak Mandals College Of Engineering Technology Amravati,Fully Mapped
34.0,56587.0,49.2613509,112161210.0,1121.0,1121,0112161210,Mechanical Engineering,Shri Hanuman Vyayam Prasarak Mandals College Of Engineering Technology Amravati,Fully Mapped
35.0,62449.0,43.928898,112319110.0,1123.0,1123,0112319110,Civil Engineering,Dr.Rajendra Gode Institute Of Technology Research Amravati,Fully Mapped
36.0,50569.0,54.4646573,112324210.0,1123.0,1123,0112324210,Computer Science and Engineering,Dr.Rajendra Gode Institute Of Technology Research Amravati,Fully Mapped
37.0,57689.0,48.2828053,112337210.0,1123.0,1123,0112337210,Electronics and Telecommunication Engg,Dr.Rajendra Gode Institute Of Technology Research Amravati,Fully Mapped
38.0,71130.0,35.2437565,112361210.0,1123.0,1123,0112361210,Mechanical Engineering,Dr.Rajendra Gode Institute Of Technology Research Amravati,Fully Mapped
39.0,76409.0,29.2883952,112524210.0,1125.0,1125,0112524210,Computer Science and Engineering,Dwarka Bahu Uddeshiya Gramin Vikas Foundation Rajarshi Shahu College Of Engineering Buldhana,Fully Mapped
40.0,69653.0,36.6705729,112526310.0,1125.0,1125,0112526310,Artificial Intelligence (AI) and Data Science,Dwarka Bahu Uddeshiya Gramin Vikas Foundation Rajarshi Shahu College Of Engineering Buldhana,Fully Mapped
41.0,110411.0,79.4895283,112619110.0,1126.0,1126,0112619110,Civil Engineering,Takshashila Institute Of Engineering Technology Darapur Amravati,Fully Mapped
42.0,67342.0,39.4204787,112624210.0,1126.0,1126,0112624210,Computer Science and Engineering,Takshashila Institute Of Engineering Technology Darapur Amravati,Fully Mapped
43.0,78826.0,25.7633394,112629310.0,1126.0,1126,0112629310,Electrical Engineering,Takshashila Institute Of Engineering Technology Darapur Amravati,Fully Mapped
44.0,76195.0,29.3959598,112719110.0,1127.0,1127,0112719110,Civil Engineering,Jagadambha Bahuuddeshiya Gramin Vikas Sanstha S Jagdambha College Of Engineering And Technology Yavatmal,Fully Mapped
45.0,58120.0,48.0088741,112724510.0,1127.0,1127,0112724510,Computer Engineering,Jagadambha Bahuuddeshiya Gramin Vikas Sanstha S Jagdambha College Of Engineering And Technology Yavatmal,Fully Mapped
46.0,66798.0,39.9405287,112729310.0,1127.0,1127,0112729310,Electrical Engineering,Jagadambha Bahuuddeshiya Gramin Vikas Sanstha S Jagdambha College Of Engineering And Technology Yavatmal,Fully Mapped
47.0,60457.0,45.7000902,112737210.0,1127.0,1127,0112737210,Electronics and Telecommunication Engg,Jagadambha Bahuuddeshiya Gramin Vikas Sanstha S Jagdambha College Of Engineering And Technology Yavatmal,Fully Mapped
48.0,64071.0,42.4544698,112761210.0,1127.0,1127,0112761210,Mechanical Engineering,Jagadambha Bahuuddeshiya Gramin Vikas Sanstha S Jagdambha College Of Engineering And Technology Yavatmal,Fully Mapped
49.0,20086.0,80.3927437,112824210.0,1128.0,1128,0112824210,Computer Science and Engineering,Prof Ram Meghe College Of Engineering And Management Badnera,Fully Mapped
50.0,26043.0,75.1570798,112824610.0,1128.0,1128,0112824610,Information Technology,Prof Ram Meghe College Of Engineering And Management Badnera,Fully Mapped
51.0,49991.0,55.0466064,112829310.0,1128.0,1128,0112829310,Electrical Engineering,Prof Ram Meghe College Of Engineering And Management Badnera,Fully Mapped
52.0,38661.0,64.3372475,112837210.0,1128.0,1128,0112837210,Electronics and Telecommunication Engg,Prof Ram Meghe College Of Engineering And Management Badnera,Fully Mapped
53.0,40577.0,62.8148079,112891210.0,1128.0,1128,0112891210,Computer Science and Engineering(Data Science),Prof Ram Meghe College Of Engineering And Management Badnera,Fully Mapped
54.0,76872.0,28.5249776,113019110.0,1130.0,1130,0113019110,Civil Engineering,Vision Buldhana Educational Welfare Society S Pankaj Laddhad Institute Of Technology Management Studies Yelgaon,Fully Mapped
55.0,58118.0,48.0088741,113024210.0,1130.0,1130,0113024210,Computer Science and Engineering,Vision Buldhana Educational Welfare Society S Pankaj Laddhad Institute Of Technology Management Studies Yelgaon,Fully Mapped
56.0,68644.0,38.0581172,118024210.0,1180.0,1180,0118024210,Computer Science and Engineering,Sanmati Engineering College Sawargaon Barde Washim,Fully Mapped
57.0,149675.0,50.0957604,118026310.0,1180.0,1180,0118026310,Artificial Intelligence (AI) and Data Science,Sanmati Engineering College Sawargaon Barde Washim,Fully Mapped
58.0,88403.0,8.9255354,118026310.0,1180.0,1180,0118026310,Artificial Intelligence (AI) and Data Science,Sanmati Engineering College Sawargaon Barde Washim,Fully Mapped
59.0,89225.0,6.6246734,118219110.0,1182.0,1182,0118219110,Civil Engineering,Padmashri Dr. V.B. Kolte College Of Engineering Malkapur Buldhana,Fully Mapped
60.0,180905.0,15.5975889,118261210.0,1182.0,1182,0118261210,Mechanical Engineering,Padmashri Dr. V.B. Kolte College Of Engineering Malkapur Buldhana,Fully Mapped
61.0,57556.0,48.292859,126519110.0,1265.0,1265,0126519110,Civil Engineering,Mauli Group Of Institutions College Of Engineering And Technology Shegaon.,Fully Mapped
62.0,14696.0,85.3175964,126524210.0,1265.0,1265,0126524210,Computer Science and Engineering,Mauli Group Of Institutions College Of Engineering And Technology Shegaon.,Fully Mapped
63.0,24140.0,76.7504908,126524610.0,1265.0,1265,0126524610,Information Technology,Mauli Group Of Institutions College Of Engineering And Technology Shegaon.,Fully Mapped
64.0,50574.0,54.4646573,126535610.0,1265.0,1265,0126535610,Electrical Engg[Electronics and Power],Mauli Group Of Institutions College Of Engineering And Technology Shegaon.,Fully Mapped
65.0,71216.0,34.9375047,126824210.0,1268.0,1268,0126824210,Computer Science and Engineering,Siddhivinayak Technical Campus School Of Engineering Research Technology Shirasgon Nile,Fully Mapped
66.0,80887.0,23.1926472,126837210.0,1268.0,1268,0126837210,Electronics and Telecommunication Engg,Siddhivinayak Technical Campus School Of Engineering Research Technology Shirasgon Nile,Fully Mapped
67.0,88531.0,8.6286825,126861210.0,1268.0,1268,0126861210,Mechanical Engineering,Siddhivinayak Technical Campus School Of Engineering Research Technology Shirasgon Nile,Fully Mapped
68.0,77851.0,27.1374929,126899510.0,1268.0,1268,0126899510,Artificial Intelligence and Data Science,Siddhivinayak Technical Campus School Of Engineering Research Technology Shirasgon Nile,Fully Mapped
69.0,79236.0,25.4639506,127624510.0,1276.0,1276,0127624510,Computer Engineering,Manav School Of Engineering Technology Gut No. 1035 Nagpur Surat Highway Nh No. 6 Tal.Vyala Balapur Akola 444302,Fully Mapped
70.0,173867.0,25.0606208,127629310.0,1276.0,1276,0127629310,Electrical Engineering,Manav School Of Engineering Technology Gut No. 1035 Nagpur Surat Highway Nh No. 6 Tal.Vyala Balapur Akola 444302,Fully Mapped
71.0,19280.0,81.1433935,203290410.0,2032.0,2032,0203290410,Chemical Engineering,Institute Of Chemical Technology Mumbai Marathwada Off Campus Jalna,Fully Mapped
72.0,151891.0,47.9842799,211119110.0,2111.0,2111,0211119110,Civil Engineering,Everest Education Society Group Of Institutions (Integrated Campus) Ohar,Fully Mapped
73.0,83551.0,18.8896018,211124210.0,2111.0,2111,0211124210,Computer Science and Engineering,Everest Education Society Group Of Institutions (Integrated Campus) Ohar,Fully Mapped
74.0,188826.0,1.8070756,211192110.0,2111.0,2111,0211192110,Artificial Intelligence and Machine Learning,Everest Education Society Group Of Institutions (Integrated Campus) Ohar,Fully Mapped
75.0,73623.0,32.6240189,211199510.0,2111.0,2111,0211199510,Artificial Intelligence and Data Science,Everest Education Society Group Of Institutions (Integrated Campus) Ohar,Fully Mapped
76.0,73356.0,32.8713018,211219110.0,2112.0,2112,0211219110,Civil Engineering,Shree Yash Pratishthan Shreeyash College Of Engineering And Technology Aurangabad,Fully Mapped
77.0,54770.0,50.8994387,211224210.0,2112.0,2112,0211224210,Computer Science and Engineering,Shree Yash Pratishthan Shreeyash College Of Engineering And Technology Aurangabad,Fully Mapped
78.0,76175.0,29.5595094,211229310.0,2112.0,2112,0211229310,Electrical Engineering,Shree Yash Pratishthan Shreeyash College Of Engineering And Technology Aurangabad,Fully Mapped
79.0,75984.0,29.7188447,211261210.0,2112.0,2112,0211261210,Mechanical Engineering,Shree Yash Pratishthan Shreeyash College Of Engineering And Technology Aurangabad,Fully Mapped
80.0,67459.0,39.3011281,211284410.0,2112.0,2112,0211284410,Electronics and Computer Engineering,Shree Yash Pratishthan Shreeyash College Of Engineering And Technology Aurangabad,Fully Mapped
81.0,57557.0,48.292859,211291110.0,2112.0,2112,0211291110,Computer Science and Engineering(Artificial Intelligence and Machine Learning),Shree Yash Pratishthan Shreeyash College Of Engineering And Technology Aurangabad,Fully Mapped
82.0,55556.0,50.1308778,211291210.0,2112.0,2112,0211291210,Computer Science and Engineering(Data Science),Shree Yash Pratishthan Shreeyash College Of Engineering And Technology Aurangabad,Fully Mapped
83.0,109877.0,79.7465759,211292910.0,2112.0,2112,0211292910,VLSI,Shree Yash Pratishthan Shreeyash College Of Engineering And Technology Aurangabad,Fully Mapped
84.0,182985.0,12.6044134,211293210.0,2112.0,2112,0211293210,5G,Shree Yash Pratishthan Shreeyash College Of Engineering And Technology Aurangabad,Fully Mapped
85.0,56740.0,51.4671199,211301110.0,2113.0,2113,0211301110,Agricultural Engineering,G. S. Mandal S Maharashtra Institute Of Technology Aurangabad,Fully Mapped
86.0,74638.0,35.0585888,211301110.0,2113.0,2113,0211301110,Agricultural Engineering,G. S. Mandal S Maharashtra Institute Of Technology Aurangabad,Fully Mapped
87.0,38915.0,64.2467682,211319110.0,2113.0,2113,0211319110,Civil Engineering,G. S. Mandal S Maharashtra Institute Of Technology Aurangabad,Fully Mapped
88.0,26479.0,74.5994626,211324210.0,2113.0,2113,0211324210,Computer Science and Engineering,G. S. Mandal S Maharashtra Institute Of Technology Aurangabad,Fully Mapped
89.0,31995.0,70.0821202,211325710.0,2113.0,2113,0211325710,Computer Science and Design,G. S. Mandal S Maharashtra Institute Of Technology Aurangabad,Fully Mapped
90.0,23093.0,77.7245028,211326310.0,2113.0,2113,0211326310,Artificial Intelligence (AI) and Data Science,G. S. Mandal S Maharashtra Institute Of Technology Aurangabad,Fully Mapped
91.0,43072.0,60.8949481,211329310.0,2113.0,2113,0211329310,Electrical Engineering,G. S. Mandal S Maharashtra Institute Of Technology Aurangabad,Fully Mapped
92.0,31352.0,70.5810506,211337210.0,2113.0,2113,0211337210,Electronics and Telecommunication Engg,G. S. Mandal S Maharashtra Institute Of Technology Aurangabad,Fully Mapped
93.0,64102.0,42.4493618,211350110.0,2113.0,2113,0211350110,Plastic and Polymer Engineering,G. S. Mandal S Maharashtra Institute Of Technology Aurangabad,Fully Mapped
94.0,90171.0,3.4711992,211350110.0,2113.0,2113,0211350110,Plastic and Polymer Engineering,G. S. Mandal S Maharashtra Institute Of Technology Aurangabad,Fully Mapped
95.0,58057.0,48.0088741,211361210.0,2113.0,2113,0211361210,Mechanical Engineering,G. S. Mandal S Maharashtra Institute Of Technology Aurangabad,Fully Mapped
96.0,45941.0,58.5234498,211362410.0,2113.0,2113,0211362410,Mechatronics Engineering,G. S. Mandal S Maharashtra Institute Of Technology Aurangabad,Fully Mapped
97.0,70469.0,36.0493995,211419110.0,2114.0,2114,0211419110,Civil Engineering,Deogiri Institute Of Engineering And Management Studies Aurangabad,Fully Mapped
98.0,11045.0,88.6913832,211424210.0,2114.0,2114,0211424210,Computer Science and Engineering,Deogiri Institute Of Engineering And Management Studies Aurangabad,Fully Mapped
99.0,38813.0,64.3362689,211437210.0,2114.0,2114,0211437210,Electronics and Telecommunication Engg,Deogiri Institute Of Engineering And Management Studies Aurangabad,Fully Mapped
100.0,61026.0,45.3902963,211461210.0,2114.0,2114,0211461210,Mechanical Engineering,Deogiri Institute Of Engineering And Management Studies Aurangabad,Fully Mapped
101.0,15708.0,84.3965965,211491110.0,2114.0,2114,0211491110,Computer Science and Engineering(Artificial Intelligence and Machine Learning),Deogiri Institute Of Engineering And Management Studies Aurangabad,Fully Mapped
102.0,64120.0,42.4493618,211624210.0,2116.0,2116,0211624210,Computer Science and Engineering,Matoshri Pratishan S Group Of Institutions (Integrated Campus) Kupsarwadi Nanded,Fully Mapped
103.0,154031.0,46.3188381,211626310.0,2116.0,2116,0211626310,Artificial Intelligence (AI) and Data Science,Matoshri Pratishan S Group Of Institutions (Integrated Campus) Kupsarwadi Nanded,Fully Mapped
104.0,75324.0,30.6086486,211637210.0,2116.0,2116,0211637210,Electronics and Telecommunication Engg,Matoshri Pratishan S Group Of Institutions (Integrated Campus) Kupsarwadi Nanded,Fully Mapped
105.0,78931.0,25.6893382,211691110.0,2116.0,2116,0211691110,Computer Science and Engineering(Artificial Intelligence and Machine Learning),Matoshri Pratishan S Group Of Institutions (Integrated Campus) Kupsarwadi Nanded,Fully Mapped
106.0,47023.0,57.5186655,212719110.0,2127.0,2127,0212719110,Civil Engineering,Mahatma Gandhi Missions College Of Engineering Hingoli Rd Nanded.,Fully Mapped
107.0,29294.0,72.3375571,212724210.0,2127.0,2127,0212724210,Computer Science and Engineering,Mahatma Gandhi Missions College Of Engineering Hingoli Rd Nanded.,Fully Mapped
108.0,36840.0,65.8983654,212724610.0,2127.0,2127,0212724610,Information Technology,Mahatma Gandhi Missions College Of Engineering Hingoli Rd Nanded.,Fully Mapped
109.0,44102.0,60.0334464,212737210.0,2127.0,2127,0212737210,Electronics and Telecommunication Engg,Mahatma Gandhi Missions College Of Engineering Hingoli Rd Nanded.,Fully Mapped
110.0,66712.0,39.944715,212761210.0,2127.0,2127,0212761210,Mechanical Engineering,Mahatma Gandhi Missions College Of Engineering Hingoli Rd Nanded.,Fully Mapped
111.0,58910.0,47.3497393,212791610.0,2127.0,2127,0212791610,Automation and Robotics,Mahatma Gandhi Missions College Of Engineering Hingoli Rd Nanded.,Fully Mapped
112.0,41025.0,62.3601588,212792110.0,2127.0,2127,0212792110,Artificial Intelligence and Machine Learning,Mahatma Gandhi Missions College Of Engineering Hingoli Rd Nanded.,Fully Mapped
113.0,20911.0,79.6499068,212924210.0,2129.0,2129,0212924210,Computer Science and Engineering,M.S. Bidve Engineering College Latur,Fully Mapped
114.0,32877.0,69.1638592,212924610.0,2129.0,2129,0212924610,Information Technology,M.S. Bidve Engineering College Latur,Fully Mapped
115.0,70699.0,35.8864488,212929310.0,2129.0,2129,0212929310,Electrical Engineering,M.S. Bidve Engineering College Latur,Fully Mapped
116.0,62275.0,44.1712256,212937210.0,2129.0,2129,0212937210,Electronics and Telecommunication Engg,M.S. Bidve Engineering College Latur,Fully Mapped
117.0,77362.0,27.9984424,212961210.0,2129.0,2129,0212961210,Mechanical Engineering,M.S. Bidve Engineering College Latur,Fully Mapped
118.0,60527.0,45.6439853,213024210.0,2130.0,2130,0213024210,Computer Science and Engineering,Terna Public Charitable Trust S College Of Engineering Osmanabad,Fully Mapped
119.0,85510.0,15.3834749,213037210.0,2130.0,2130,0213037210,Electronics and Telecommunication Engg,Terna Public Charitable Trust S College Of Engineering Osmanabad,Fully Mapped
120.0,76976.0,28.4607938,213099510.0,2130.0,2130,0213099510,Artificial Intelligence and Data Science,Terna Public Charitable Trust S College Of Engineering Osmanabad,Fully Mapped
121.0,73436.0,32.7650665,213324210.0,2133.0,2133,0213324210,Computer Science and Engineering,Mahatma Basaweshwar Education Society S College Of Engineering Ambejogai,Fully Mapped
122.0,181664.0,14.1948203,213419110.0,2134.0,2134,0213419110,Civil Engineering,Peoples Education Society S College Of Engineering Aurangabad,Fully Mapped
123.0,74603.0,31.191673,213429310.0,2134.0,2134,0213429310,Electrical Engineering,Peoples Education Society S College Of Engineering Aurangabad,Fully Mapped
124.0,183051.0,12.5620266,213437810.0,2134.0,2134,0213437810,Electronics Engineering ( VLSI Design and Technology),Peoples Education Society S College Of Engineering Aurangabad,Fully Mapped
125.0,70186.0,36.3198089,213461510.0,2134.0,2134,0213461510,Mechanical & Automation Engineering,Peoples Education Society S College Of Engineering Aurangabad,Fully Mapped
126.0,90783.0,0.9311022,213461510.0,2134.0,2134,0213461510,Mechanical & Automation Engineering,Peoples Education Society S College Of Engineering Aurangabad,Fully Mapped
127.0,57485.0,48.5158173,213484410.0,2134.0,2134,0213484410,Electronics and Computer Engineering,Peoples Education Society S College Of Engineering Aurangabad,Fully Mapped
128.0,36817.0,65.8983654,213491210.0,2134.0,2134,0213491210,Computer Science and Engineering(Data Science),Peoples Education Society S College Of Engineering Aurangabad,Fully Mapped
129.0,70746.0,35.7200246,213524210.0,2135.0,2135,0213524210,Computer Science and Engineering,Hi-Tech Institute Of Technology Aurangabad,Fully Mapped
130.0,86157.0,14.0892338,213561210.0,2135.0,2135,0213561210,Mechanical Engineering,Hi-Tech Institute Of Technology Aurangabad,Fully Mapped
131.0,42554.0,61.1312926,213591110.0,2135.0,2135,0213591110,Computer Science and Engineering(Artificial Intelligence and Machine Learning),Hi-Tech Institute Of Technology Aurangabad,Fully Mapped
132.0,36763.0,65.8994288,213624210.0,2136.0,2136,0213624210,Computer Science and Engineering,Aditya Engineering College Beed,Fully Mapped
133.0,174205.0,24.5948927,213624610.0,2136.0,2136,0213624610,Information Technology,Aditya Engineering College Beed,Fully Mapped
134.0,72656.0,33.4714446,213691210.0,2136.0,2136,0213691210,Computer Science and Engineering(Data Science),Aditya Engineering College Beed,Fully Mapped
135.0,65744.0,40.8865248,213729710.0,2137.0,2137,0213729710,Electrical and Electronics Engineering,Nagnathappa Halge Engineering College Parli Beed,Fully Mapped
136.0,130667.0,65.3627105,214624210.0,2146.0,2146,0214624210,Computer Science and Engineering,Adarsh Shikshan Prasarak Mandal S K. T. Patil College Of Engineering And Technology Osmanabad,Fully Mapped
137.0,42408.0,61.2790648,225024210.0,2250.0,2250,0225024210,Computer Science and Engineering,Aurangabad College Of Engineering Naygaon Savangi Aurangabad,Fully Mapped
138.0,68782.0,37.9717565,225037210.0,2250.0,2250,0225037210,Electronics and Telecommunication Engg,Aurangabad College Of Engineering Naygaon Savangi Aurangabad,Fully Mapped
139.0,165392.0,34.805294,225229710.0,2252.0,2252,0225229710,Electrical and Electronics Engineering,Marathwada Shikshan Prasarak Mandal S Shri Shivaji Institute Of Engineering And Management Studies Parbhani,Fully Mapped
140.0,48053.0,56.6674265,225424510.0,2254.0,2254,0225424510,Computer Engineering,Vilasrao Deshmukh Foundation Group Of Institutions Latur,Fully Mapped
141.0,52729.0,52.9420567,225424610.0,2254.0,2254,0225424610,Information Technology,Vilasrao Deshmukh Foundation Group Of Institutions Latur,Fully Mapped
142.0,188097.0,3.245658,228224610.0,2282.0,2282,0228224610,Information Technology,Aditya Education Trust S Mitthulalji Sarada Polytechnic Nalwandi Road Beed,Fully Mapped
143.0,84094.0,17.9423292,250824510.0,2508.0,2508,0250824510,Computer Engineering,Gramin Technical And Management Campus Nanded.,Fully Mapped
144.0,79458.0,25.1465099,250837210.0,2508.0,2508,0250837210,Electronics and Telecommunication Engg,Gramin Technical And Management Campus Nanded.,Fully Mapped
145.0,148558.0,55.5169499,250850310.0,2508.0,2508,0250850310,Food Technology,Gramin Technical And Management Campus Nanded.,Fully Mapped
146.0,93355.0,7.5416889,250850310.0,2508.0,2508,0250850310,Food Technology,Gramin Technical And Management Campus Nanded.,Fully Mapped
147.0,74067.0,31.994017,250891410.0,2508.0,2508,0250891410,Safety and Fire Engineering,Gramin Technical And Management Campus Nanded.,Fully Mapped
148.0,64664.0,42.0665339,251624210.0,2516.0,2516,0251624210,Computer Science and Engineering,International Centre Of Excellence In Engineering And Management (Iceem),Fully Mapped
149.0,78635.0,26.165375,251692110.0,2516.0,2516,0251692110,Artificial Intelligence and Machine Learning,International Centre Of Excellence In Engineering And Management (Iceem),Fully Mapped
150.0,63662.0,42.7279999,252224510.0,2522.0,2522,0252224510,Computer Engineering,Stmei S Sandipani Technical Campus-Faculty Of Engineering Latur.,Fully Mapped
151.0,60190.0,46.0832398,253319110.0,2533.0,2533,0253319110,Civil Engineering,Csmss Chh. Shahu College Of Engineering Aurangabad,Fully Mapped
152.0,31223.0,70.5982353,253324210.0,2533.0,2533,0253324210,Computer Science and Engineering,Csmss Chh. Shahu College Of Engineering Aurangabad,Fully Mapped
153.0,41071.0,62.3601588,253329310.0,2533.0,2533,0253329310,Electrical Engineering,Csmss Chh. Shahu College Of Engineering Aurangabad,Fully Mapped
154.0,54446.0,51.1269778,253337810.0,2533.0,2533,0253337810,Electronics Engineering ( VLSI Design and Technology),Csmss Chh. Shahu College Of Engineering Aurangabad,Fully Mapped
155.0,55800.0,49.8308643,253361210.0,2533.0,2533,0253361210,Mechanical Engineering,Csmss Chh. Shahu College Of Engineering Aurangabad,Fully Mapped
156.0,38836.0,64.3278996,253384410.0,2533.0,2533,0253384410,Electronics and Computer Engineering,Csmss Chh. Shahu College Of Engineering Aurangabad,Fully Mapped
157.0,49460.0,55.5447815,253392810.0,2533.0,2533,0253392810,Electronics and Communication(Advanced Communication Technology),Csmss Chh. Shahu College Of Engineering Aurangabad,Fully Mapped
158.0,34529.0,67.8308824,253399510.0,2533.0,2533,0253399510,Artificial Intelligence and Data Science,Csmss Chh. Shahu College Of Engineering Aurangabad,Fully Mapped
159.0,106217.0,82.4585869,263724510.0,2637.0,2637,0263724510,Computer Engineering,Jijau Institute Of Engineering Technology And Management Khandgaon (Bendri) Taluka Naigaon District Nanded,Fully Mapped
160.0,75917.0,29.8015715,264124210.0,2641.0,2641,0264124210,Computer Science and Engineering,Dr. V.K. Patil College Of Engineering Technology,Fully Mapped
161.0,82847.0,20.1593041,264124210.0,2641.0,2641,0264124210,Computer Science and Engineering,Dr. V.K. Patil College Of Engineering Technology,Fully Mapped
162.0,90998.0,99.8781231,264124210.0,2641.0,2641,0264124210,Computer Science and Engineering,Dr. V.K. Patil College Of Engineering Technology,Fully Mapped
163.0,64378.0,42.2955322,264199710.0,2641.0,2641,0264199710,Artificial Intelligence,Dr. V.K. Patil College Of Engineering Technology,Fully Mapped
164.0,77760.0,27.2136862,266624210.0,2666.0,2666,0266624210,Computer Science and Engineering,Mangaldeep College Of Engineering,Fully Mapped
165.0,138728.0,59.8892661,266624210.0,2666.0,2666,0266624210,Computer Science and Engineering,Mangaldeep College Of Engineering,Fully Mapped
166.0,155420.0,44.8929536,266624610.0,2666.0,2666,0266624610,Information Technology,Mangaldeep College Of Engineering,Fully Mapped
167.0,75862.0,29.8015715,266656610.0,2666.0,2666,0266656610,Computer Science,Mangaldeep College Of Engineering,Fully Mapped
168.0,87150.0,11.8523703,266656610.0,2666.0,2666,0266656610,Computer Science,Mangaldeep College Of Engineering,Fully Mapped
169.0,154751.0,45.521922,275824210.0,2758.0,2758,0275824210,Computer Science and Engineering,Sant Eknath College of Engineering,Fully Mapped
170.0,130967.0,65.2298851,275824210.0,2758.0,2758,0275824210,Computer Science and Engineering,Sant Eknath College of Engineering,Fully Mapped
171.0,54093.0,51.4671199,275899710.0,2758.0,2758,0275899710,Artificial Intelligence,Sant Eknath College of Engineering,Fully Mapped
173.0,1110.0,98.1336755,303650710.0,3036.0,3036,0303650710,Chemical Engineering,Institute Of Chemical Technology Matunga Mumbai,Fully Mapped
174.0,5898.0,93.4384933,303651110.0,3036.0,3036,0303651110,Dyestuff Technology,Institute Of Chemical Technology Matunga Mumbai,Fully Mapped
175.0,1113.0,98.1837717,303651310.0,3036.0,3036,0303651310,Pharmaceuticals Chemistry and Technology,Institute Of Chemical Technology Matunga Mumbai,Fully Mapped
176.0,3272.0,96.0232665,303651310.0,3036.0,3036,0303651310,Pharmaceuticals Chemistry and Technology,Institute Of Chemical Technology Matunga Mumbai,Fully Mapped
177.0,6180.0,93.1806654,303651410.0,3036.0,3036,0303651410,Fibres and Textile Processing Technology,Institute Of Chemical Technology Matunga Mumbai,Fully Mapped
178.0,2862.0,96.2707298,303651910.0,3036.0,3036,0303651910,Polymer Engineering and Technology,Institute Of Chemical Technology Matunga Mumbai,Fully Mapped
179.0,10748.0,88.9744788,304262410.0,3042.0,3042,0304262410,Mechatronics Engineering,Loknete Shamrao Peje Government College Of Engineering Ratnagiri,Fully Mapped
180.0,36575.0,66.1194727,304262410.0,3042.0,3042,0304262410,Mechatronics Engineering,Loknete Shamrao Peje Government College Of Engineering Ratnagiri,Fully Mapped
181.0,11176.0,88.5659516,313524510.0,3135.0,3135,0313524510,Computer Engineering,Manjara Charitable Trust S Rajiv Gandhi Institute Of Technology Mumbai,Fully Mapped
182.0,13694.0,86.2093093,313524610.0,3135.0,3135,0313524610,Information Technology,Manjara Charitable Trust S Rajiv Gandhi Institute Of Technology Mumbai,Fully Mapped
183.0,22492.0,78.2081147,313537210.0,3135.0,3135,0313537210,Electronics and Telecommunication Engg,Manjara Charitable Trust S Rajiv Gandhi Institute Of Technology Mumbai,Fully Mapped
184.0,23914.0,76.9870398,313561210.0,3135.0,3135,0313561210,Mechanical Engineering,Manjara Charitable Trust S Rajiv Gandhi Institute Of Technology Mumbai,Fully Mapped
185.0,12670.0,87.1431618,313599510.0,3135.0,3135,0313599510,Artificial Intelligence and Data Science,Manjara Charitable Trust S Rajiv Gandhi Institute Of Technology Mumbai,Fully Mapped
186.0,4012.0,95.152445,313924510.0,3139.0,3139,0313924510,Computer Engineering,Vidyalankar Institute Of Technology Wadala Mumbai,Fully Mapped
187.0,8112.0,91.3127135,313924610.0,3139.0,3139,0313924610,Information Technology,Vidyalankar Institute Of Technology Wadala Mumbai,Fully Mapped
188.0,12213.0,87.5393903,313937210.0,3139.0,3139,0313937210,Electronics and Telecommunication Engg,Vidyalankar Institute Of Technology Wadala Mumbai,Fully Mapped
189.0,27660.0,73.7173337,313946110.0,3139.0,3139,0313946110,Bio Medical Engineering,Vidyalankar Institute Of Technology Wadala Mumbai,Fully Mapped
190.0,10294.0,89.310014,313990010.0,3139.0,3139,0313990010,Electronics and Computer Science,Vidyalankar Institute Of Technology Wadala Mumbai,Fully Mapped
191.0,9863.0,89.6937431,314324510.0,3143.0,3143,0314324510,Computer Engineering,Thakur Shyamnarayan Engineering College Mumbai,Fully Mapped
192.0,13199.0,86.6644854,314324610.0,3143.0,3143,0314324610,Information Technology,Thakur Shyamnarayan Engineering College Mumbai,Fully Mapped
193.0,27704.0,73.7173337,314361210.0,3143.0,3143,0314361210,Mechanical Engineering,Thakur Shyamnarayan Engineering College Mumbai,Fully Mapped
194.0,18954.0,81.4533784,314384410.0,3143.0,3143,0314384410,Electronics and Computer Engineering,Thakur Shyamnarayan Engineering College Mumbai,Fully Mapped
195.0,26913.0,74.3635038,314624510.0,3146.0,3146,0314624510,Computer Engineering,Jawahar Education Society S Annasaheb Chudaman Patil College Of Engineering Kharghar Navi Mumbai,Fully Mapped
196.0,29233.0,72.36187,314624610.0,3146.0,3146,0314624610,Information Technology,Jawahar Education Society S Annasaheb Chudaman Patil College Of Engineering Kharghar Navi Mumbai,Fully Mapped
197.0,54919.0,50.8208297,314629310.0,3146.0,3146,0314629310,Electrical Engineering,Jawahar Education Society S Annasaheb Chudaman Patil College Of Engineering Kharghar Navi Mumbai,Fully Mapped
198.0,35937.0,66.6376422,314637210.0,3146.0,3146,0314637210,Electronics and Telecommunication Engg,Jawahar Education Society S Annasaheb Chudaman Patil College Of Engineering Kharghar Navi Mumbai,Fully Mapped
199.0,56502.0,49.3223255,314661210.0,3146.0,3146,0314661210,Mechanical Engineering,Jawahar Education Society S Annasaheb Chudaman Patil College Of Engineering Kharghar Navi Mumbai,Fully Mapped
200.0,24213.0,76.695496,314692010.0,3146.0,3146,0314692010,Computer Science and Engineering (Internet of Things and Cyber Security Including Block Chain Technology),Jawahar Education Society S Annasaheb Chudaman Patil College Of Engineering Kharghar Navi Mumbai,Fully Mapped
201.0,29453.0,72.1862872,314699510.0,3146.0,3146,0314699510,Artificial Intelligence and Data Science,Jawahar Education Society S Annasaheb Chudaman Patil College Of Engineering Kharghar Navi Mumbai,Fully Mapped
202.0,189385.0,0.4831549,314719110.0,3147.0,3147,0314719110,Civil Engineering,Saraswati Education Society Yadavrao Tasgaonkar Institute Of Engineering Technology Karjat,Fully Mapped
203.0,27452.0,73.7627293,314724510.0,3147.0,3147,0314724510,Computer Engineering,Saraswati Education Society Yadavrao Tasgaonkar Institute Of Engineering Technology Karjat,Fully Mapped
204.0,43484.0,60.3847628,314724610.0,3147.0,3147,0314724610,Information Technology,Saraswati Education Society Yadavrao Tasgaonkar Institute Of Engineering Technology Karjat,Fully Mapped
205.0,76242.0,29.3959598,314729310.0,3147.0,3147,0314729310,Electrical Engineering,Saraswati Education Society Yadavrao Tasgaonkar Institute Of Engineering Technology Karjat,Fully Mapped
206.0,71124.0,35.2437565,314791710.0,3147.0,3147,0314791710,Data Science,Saraswati Education Society Yadavrao Tasgaonkar Institute Of Engineering Technology Karjat,Fully Mapped
207.0,44786.0,59.3903304,314792110.0,3147.0,3147,0314792110,Artificial Intelligence and Machine Learning,Saraswati Education Society Yadavrao Tasgaonkar Institute Of Engineering Technology Karjat,Fully Mapped
208.0,9085.0,90.4651529,314824510.0,3148.0,3148,0314824510,Computer Engineering,Mahavir Education Trust S Shah Anchor Kutchhi Engineering College Mumbai,Fully Mapped
209.0,14255.0,85.7192029,314824610.0,3148.0,3148,0314824610,Information Technology,Mahavir Education Trust S Shah Anchor Kutchhi Engineering College Mumbai,Fully Mapped
210.0,15522.0,84.6131613,314825210.0,3148.0,3148,0314825210,Cyber Security,Mahavir Education Trust S Shah Anchor Kutchhi Engineering College Mumbai,Fully Mapped
211.0,17962.0,82.3421749,314837210.0,3148.0,3148,0314837210,Electronics and Telecommunication Engg,Mahavir Education Trust S Shah Anchor Kutchhi Engineering College Mumbai,Fully Mapped
212.0,26083.0,75.0963684,314837810.0,3148.0,3148,0314837810,Electronics Engineering ( VLSI Design and Technology),Mahavir Education Trust S Shah Anchor Kutchhi Engineering College Mumbai,Fully Mapped
213.0,14847.0,85.1949578,314890010.0,3148.0,3148,0314890010,Electronics and Computer Science,Mahavir Education Trust S Shah Anchor Kutchhi Engineering College Mumbai,Fully Mapped
214.0,17991.0,82.3229774,314893310.0,3148.0,3148,0314893310,Electronics and Communication (Advanced Communication Technology),Mahavir Education Trust S Shah Anchor Kutchhi Engineering College Mumbai,Fully Mapped
215.0,47737.0,56.9178738,315419110.0,3154.0,3154,0315419110,Civil Engineering,Saraswati Education Society S Saraswati College Of Engineering Kharghar Navi Mumbai,Fully Mapped
216.0,82001.0,21.2221884,315419110.0,3154.0,3154,0315419110,Civil Engineering,Saraswati Education Society S Saraswati College Of Engineering Kharghar Navi Mumbai,Fully Mapped
217.0,22208.0,78.4959203,315424510.0,3154.0,3154,0315424510,Computer Engineering,Saraswati Education Society S Saraswati College Of Engineering Kharghar Navi Mumbai,Fully Mapped
218.0,28680.0,72.7936103,315424610.0,3154.0,3154,0315424610,Information Technology,Saraswati Education Society S Saraswati College Of Engineering Kharghar Navi Mumbai,Fully Mapped
219.0,66319.0,40.1985227,315460210.0,3154.0,3154,0315460210,Automobile Engineering,Saraswati Education Society S Saraswati College Of Engineering Kharghar Navi Mumbai,Fully Mapped
220.0,53336.0,52.1076408,315461210.0,3154.0,3154,0315461210,Mechanical Engineering,Saraswati Education Society S Saraswati College Of Engineering Kharghar Navi Mumbai,Fully Mapped
221.0,21517.0,79.0831401,315491110.0,3154.0,3154,0315491110,Computer Science and Engineering(Artificial Intelligence and Machine Learning),Saraswati Education Society S Saraswati College Of Engineering Kharghar Navi Mumbai,Fully Mapped
222.0,28684.0,72.7843348,315491210.0,3154.0,3154,0315491210,Computer Science and Engineering(Data Science),Saraswati Education Society S Saraswati College Of Engineering Kharghar Navi Mumbai,Fully Mapped
223.0,172899.0,25.7846411,317519110.0,3175.0,3175,0317519110,Civil Engineering,M.G.M. S College Of Engineering And Technology Kamothe Navi Mumbai,Fully Mapped
224.0,28787.0,72.7256174,317524510.0,3175.0,3175,0317524510,Computer Engineering,M.G.M. S College Of Engineering And Technology Kamothe Navi Mumbai,Fully Mapped
225.0,30725.0,71.1409851,317524610.0,3175.0,3175,0317524610,Information Technology,M.G.M. S College Of Engineering And Technology Kamothe Navi Mumbai,Fully Mapped
226.0,37746.0,65.0561876,317529310.0,3175.0,3175,0317529310,Electrical Engineering,M.G.M. S College Of Engineering And Technology Kamothe Navi Mumbai,Fully Mapped
227.0,36504.0,66.1787006,317537210.0,3175.0,3175,0317537210,Electronics and Telecommunication Engg,M.G.M. S College Of Engineering And Technology Kamothe Navi Mumbai,Fully Mapped
228.0,40434.0,62.8786263,317546110.0,3175.0,3175,0317546110,Bio Medical Engineering,M.G.M. S College Of Engineering And Technology Kamothe Navi Mumbai,Fully Mapped
229.0,32908.0,69.1455816,317550710.0,3175.0,3175,0317550710,Chemical Engineering,M.G.M. S College Of Engineering And Technology Kamothe Navi Mumbai,Fully Mapped
230.0,38351.0,64.7153175,317561210.0,3175.0,3175,0317561210,Mechanical Engineering,M.G.M. S College Of Engineering And Technology Kamothe Navi Mumbai,Fully Mapped
231.0,31204.0,70.7178978,317591210.0,3175.0,3175,0317591210,Computer Science and Engineering(Data Science),M.G.M. S College Of Engineering And Technology Kamothe Navi Mumbai,Fully Mapped
232.0,41314.0,62.2176714,317591610.0,3175.0,3175,0317591610,Automation and Robotics,M.G.M. S College Of Engineering And Technology Kamothe Navi Mumbai,Fully Mapped
233.0,4186.0,94.9769353,317624610.0,3176.0,3176,0317624610,Information Technology,Thakur College Of Engineering And Technology Kandivali Mumbai,Fully Mapped
234.0,17527.0,82.6773862,317625910.0,3176.0,3176,0317625910,Mechanical and Mechatronics Engineering (Additive Manufacturing),Thakur College Of Engineering And Technology Kandivali Mumbai,Fully Mapped
235.0,9886.0,89.6905874,317637210.0,3176.0,3176,0317637210,Electronics and Telecommunication Engg,Thakur College Of Engineering And Technology Kandivali Mumbai,Fully Mapped
236.0,11689.0,88.027192,317661210.0,3176.0,3176,0317661210,Mechanical Engineering,Thakur College Of Engineering And Technology Kandivali Mumbai,Fully Mapped
237.0,7095.0,92.2811716,317690010.0,3176.0,3176,0317690010,Electronics and Computer Science,Thakur College Of Engineering And Technology Kandivali Mumbai,Fully Mapped
238.0,6910.0,92.4559855,317692110.0,3176.0,3176,0317692110,Artificial Intelligence and Machine Learning,Thakur College Of Engineering And Technology Kandivali Mumbai,Fully Mapped
239.0,6085.0,93.2524661,317699510.0,3176.0,3176,0317699510,Artificial Intelligence and Data Science,Thakur College Of Engineering And Technology Kandivali Mumbai,Fully Mapped
240.0,2421.0,96.7045445,318224610.0,3182.0,3182,0318224610,Information Technology,Thadomal Shahani Engineering College Bandra Mumbai,Fully Mapped
241.0,3536.0,95.6168493,318237210.0,3182.0,3182,0318237210,Electronics and Telecommunication Engg,Thadomal Shahani Engineering College Bandra Mumbai,Fully Mapped
242.0,8399.0,91.0582307,318250710.0,3182.0,3182,0318250710,Chemical Engineering,Thadomal Shahani Engineering College Bandra Mumbai,Fully Mapped
243.0,2596.0,96.5165605,318299510.0,3182.0,3182,0318299510,Artificial Intelligence and Data Science,Thadomal Shahani Engineering College Bandra Mumbai,Fully Mapped
244.0,121337.0,71.716606,318319110.0,3183.0,3183,0318319110,Civil Engineering,Anjuman-I-Islam S M.H. Saboo Siddik College Of Engineering Byculla Mumbai,Fully Mapped
245.0,76449.0,29.2883952,318319110.0,3183.0,3183,0318319110,Civil Engineering,Anjuman-I-Islam S M.H. Saboo Siddik College Of Engineering Byculla Mumbai,Fully Mapped
246.0,7242.0,92.2005792,318324510.0,3183.0,3183,0318324510,Computer Engineering,Anjuman-I-Islam S M.H. Saboo Siddik College Of Engineering Byculla Mumbai,Fully Mapped
247.0,30280.0,71.4359166,318337210.0,3183.0,3183,0318337210,Electronics and Telecommunication Engg,Anjuman-I-Islam S M.H. Saboo Siddik College Of Engineering Byculla Mumbai,Fully Mapped
248.0,37009.0,65.7022258,318361210.0,3183.0,3183,0318361210,Mechanical Engineering,Anjuman-I-Islam S M.H. Saboo Siddik College Of Engineering Byculla Mumbai,Fully Mapped
249.0,68376.0,38.1372939,318361610.0,3183.0,3183,0318361610,Mechanical Engineering Automobile,Anjuman-I-Islam S M.H. Saboo Siddik College Of Engineering Byculla Mumbai,Fully Mapped
250.0,14479.0,85.5369034,318391110.0,3183.0,3183,0318391110,Computer Science and Engineering(Artificial Intelligence and Machine Learning),Anjuman-I-Islam S M.H. Saboo Siddik College Of Engineering Byculla Mumbai,Fully Mapped
251.0,3975.0,95.2020137,318424210.0,3184.0,3184,0318424210,Computer Science and Engineering,Fr. Conceicao Rodrigues College Of Engineering Bandra Mumbai,Fully Mapped
252.0,4988.0,94.2388582,318424510.0,3184.0,3184,0318424510,Computer Engineering,Fr. Conceicao Rodrigues College Of Engineering Bandra Mumbai,Fully Mapped
253.0,9724.0,89.8587824,318461210.0,3184.0,3184,0318461210,Mechanical Engineering,Fr. Conceicao Rodrigues College Of Engineering Bandra Mumbai,Fully Mapped
254.0,5731.0,93.6024336,318490010.0,3184.0,3184,0318490010,Electronics and Computer Science,Fr. Conceicao Rodrigues College Of Engineering Bandra Mumbai,Fully Mapped
255.0,3150.0,96.0006826,318524610.0,3185.0,3185,0318524610,Information Technology,Vivekanand Education Society S Institute Of Technology Chembur Mumbai,Fully Mapped
256.0,4586.0,94.6048806,318537210.0,3185.0,3185,0318537210,Electronics and Telecommunication Engg,Vivekanand Education Society S Institute Of Technology Chembur Mumbai,Fully Mapped
257.0,5372.0,93.9366177,318590010.0,3185.0,3185,0318590010,Electronics and Computer Science,Vivekanand Education Society S Institute Of Technology Chembur Mumbai,Fully Mapped
258.0,6141.0,93.2041331,318591610.0,3185.0,3185,0318591610,Automation and Robotics,Vivekanand Education Society S Institute Of Technology Chembur Mumbai,Fully Mapped
259.0,17176.0,82.9941429,318724510.0,3187.0,3187,0318724510,Computer Engineering,N.Y.S.S. S Datta Meghe College Of Engineering Airoli Navi Mumbai,Fully Mapped
260.0,20383.0,80.2340136,318724610.0,3187.0,3187,0318724610,Information Technology,N.Y.S.S. S Datta Meghe College Of Engineering Airoli Navi Mumbai,Fully Mapped
261.0,29076.0,72.5289287,318737210.0,3187.0,3187,0318737210,Electronics and Telecommunication Engg,N.Y.S.S. S Datta Meghe College Of Engineering Airoli Navi Mumbai,Fully Mapped
262.0,33783.0,68.5592613,318750710.0,3187.0,3187,0318750710,Chemical Engineering,N.Y.S.S. S Datta Meghe College Of Engineering Airoli Navi Mumbai,Fully Mapped
263.0,31939.0,70.1399487,318761210.0,3187.0,3187,0318761210,Mechanical Engineering,N.Y.S.S. S Datta Meghe College Of Engineering Airoli Navi Mumbai,Fully Mapped
264.0,163992.0,36.2134011,318791810.0,3187.0,3187,0318791810,Civil and infrastructure Engineering,N.Y.S.S. S Datta Meghe College Of Engineering Airoli Navi Mumbai,Fully Mapped
265.0,18668.0,81.6857523,318799510.0,3187.0,3187,0318799510,Artificial Intelligence and Data Science,N.Y.S.S. S Datta Meghe College Of Engineering Airoli Navi Mumbai,Fully Mapped
266.0,19260.0,81.1580882,318824510.0,3188.0,3188,0318824510,Computer Engineering,Vasantdada Patil Pratishthan S College Of Engineering And Visual Arts Sion Mumbai,Fully Mapped
267.0,19720.0,80.7624113,318824610.0,3188.0,3188,0318824610,Information Technology,Vasantdada Patil Pratishthan S College Of Engineering And Visual Arts Sion Mumbai,Fully Mapped
268.0,38950.0,64.2435857,318862410.0,3188.0,3188,0318862410,Mechatronics Engineering,Vasantdada Patil Pratishthan S College Of Engineering And Visual Arts Sion Mumbai,Fully Mapped
269.0,27866.0,73.6143868,318890010.0,3188.0,3188,0318890010,Electronics and Computer Science,Vasantdada Patil Pratishthan S College Of Engineering And Visual Arts Sion Mumbai,Fully Mapped
270.0,11970.0,87.7580323,318924510.0,3189.0,3189,0318924510,Computer Engineering,Bharati Vidyapeeth College Of Engineering Navi Mumbai,Fully Mapped
271.0,12710.0,87.0555049,318924610.0,3189.0,3189,0318924610,Information Technology,Bharati Vidyapeeth College Of Engineering Navi Mumbai,Fully Mapped
272.0,26791.0,74.484865,318937210.0,3189.0,3189,0318937210,Electronics and Telecommunication Engg,Bharati Vidyapeeth College Of Engineering Navi Mumbai,Fully Mapped
273.0,53953.0,51.5704901,318946610.0,3189.0,3189,0318946610,Instrumentation Engineering,Bharati Vidyapeeth College Of Engineering Navi Mumbai,Fully Mapped
274.0,14133.0,85.8215078,318950710.0,3189.0,3189,0318950710,Chemical Engineering,Bharati Vidyapeeth College Of Engineering Navi Mumbai,Fully Mapped
275.0,43350.0,60.57336,318961210.0,3189.0,3189,0318961210,Mechanical Engineering,Bharati Vidyapeeth College Of Engineering Navi Mumbai,Fully Mapped
276.0,39820.0,63.4720353,319019110.0,3190.0,3190,0319019110,Civil Engineering,Terna Engineering College Nerul Navi Mumbai,Fully Mapped
277.0,17010.0,83.1852895,319024510.0,3190.0,3190,0319024510,Computer Engineering,Terna Engineering College Nerul Navi Mumbai,Fully Mapped
278.0,17863.0,82.3624792,319024610.0,3190.0,3190,0319024610,Information Technology,Terna Engineering College Nerul Navi Mumbai,Fully Mapped
279.0,18154.0,82.1852798,319026310.0,3190.0,3190,0319026310,Artificial Intelligence (AI) and Data Science,Terna Engineering College Nerul Navi Mumbai,Fully Mapped
280.0,28412.0,72.9912171,319037210.0,3190.0,3190,0319037210,Electronics and Telecommunication Engg,Terna Engineering College Nerul Navi Mumbai,Fully Mapped
281.0,31382.0,70.5787934,319037610.0,3190.0,3190,0319037610,Electronics Engineering,Terna Engineering College Nerul Navi Mumbai,Fully Mapped
282.0,43131.0,60.8307163,319061210.0,3190.0,3190,0319061210,Mechanical Engineering,Terna Engineering College Nerul Navi Mumbai,Fully Mapped
283.0,23930.0,76.9870398,319224510.0,3192.0,3192,0319224510,Computer Engineering,Smt. Indira Gandhi College Of Engineering Navi Mumbai,Fully Mapped
284.0,35012.0,67.3330092,319229310.0,3192.0,3192,0319229310,Electrical Engineering,Smt. Indira Gandhi College Of Engineering Navi Mumbai,Fully Mapped
285.0,49186.0,55.7332577,319261210.0,3192.0,3192,0319261210,Mechanical Engineering,Smt. Indira Gandhi College Of Engineering Navi Mumbai,Fully Mapped
286.0,26095.0,75.0963684,319291110.0,3192.0,3192,0319291110,Computer Science and Engineering(Artificial Intelligence and Machine Learning),Smt. Indira Gandhi College Of Engineering Navi Mumbai,Fully Mapped
287.0,29387.0,72.2079704,319292010.0,3192.0,3192,0319292010,Computer Science and Engineering (Internet of Things and Cyber Security Including Block Chain Technology),Smt. Indira Gandhi College Of Engineering Navi Mumbai,Fully Mapped
288.0,30588.0,71.3291163,319324510.0,3193.0,3193,0319324510,Computer Engineering,Shivajirao S. Jondhale College Of Engineering Dombivali Mumbai,Fully Mapped
289.0,39711.0,63.5337786,319337210.0,3193.0,3193,0319337210,Electronics and Telecommunication Engg,Shivajirao S. Jondhale College Of Engineering Dombivali Mumbai,Fully Mapped
290.0,64517.0,42.2324016,319350710.0,3193.0,3193,0319350710,Chemical Engineering,Shivajirao S. Jondhale College Of Engineering Dombivali Mumbai,Fully Mapped
291.0,64025.0,42.5307753,319361210.0,3193.0,3193,0319361210,Mechanical Engineering,Shivajirao S. Jondhale College Of Engineering Dombivali Mumbai,Fully Mapped
292.0,26369.0,74.7405584,319392110.0,3193.0,3193,0319392110,Artificial Intelligence and Machine Learning,Shivajirao S. Jondhale College Of Engineering Dombivali Mumbai,Fully Mapped
293.0,17462.0,82.7686005,319424510.0,3194.0,3194,0319424510,Computer Engineering,Vidyavardhini S College Of Engineering And Technology Vasai,Fully Mapped
294.0,10332.0,89.2609183,319424610.0,3194.0,3194,0319424610,Information Technology,Vidyavardhini S College Of Engineering And Technology Vasai,Fully Mapped
295.0,22821.0,77.9357969,319437210.0,3194.0,3194,0319437210,Electronics and Telecommunication Engg,Vidyavardhini S College Of Engineering And Technology Vasai,Fully Mapped
296.0,44109.0,60.0334464,319461210.0,3194.0,3194,0319461210,Mechanical Engineering,Vidyavardhini S College Of Engineering And Technology Vasai,Fully Mapped
297.0,21029.0,79.6181326,319491210.0,3194.0,3194,0319491210,Computer Science and Engineering(Data Science),Vidyavardhini S College Of Engineering And Technology Vasai,Fully Mapped
298.0,19620.0,80.8703375,319499510.0,3194.0,3194,0319499510,Artificial Intelligence and Data Science,Vidyavardhini S College Of Engineering And Technology Vasai,Fully Mapped
299.0,15861.0,84.2555539,319624510.0,3196.0,3196,0319624510,Computer Engineering,Lokmanya Tilak College Of Engineering Kopar Khairane Navi Mumbai,Fully Mapped
300.0,32363.0,69.7145887,319629310.0,3196.0,3196,0319629310,Electrical Engineering,Lokmanya Tilak College Of Engineering Kopar Khairane Navi Mumbai,Fully Mapped
301.0,29351.0,72.2841344,319637210.0,3196.0,3196,0319637210,Electronics and Telecommunication Engg,Lokmanya Tilak College Of Engineering Kopar Khairane Navi Mumbai,Fully Mapped
302.0,11047.0,88.6859453,319691110.0,3196.0,3196,0319691110,Computer Science and Engineering(Artificial Intelligence and Machine Learning),Lokmanya Tilak College Of Engineering Kopar Khairane Navi Mumbai,Fully Mapped
303.0,19639.0,80.8283156,319691210.0,3196.0,3196,0319691210,Computer Science and Engineering(Data Science),Lokmanya Tilak College Of Engineering Kopar Khairane Navi Mumbai,Fully Mapped
304.0,25468.0,75.5306604,319692010.0,3196.0,3196,0319692010,Computer Science and Engineering (Internet of Things and Cyber Security Including Block Chain Technology),Lokmanya Tilak College Of Engineering Kopar Khairane Navi Mumbai,Fully Mapped
305.0,5959.0,93.370527,319724510.0,3197.0,3197,0319724510,Computer Engineering,Agnel Charities Fr. C. Rodrigues Institute Of Technology Vashi Navi Mumbai,Fully Mapped
306.0,6816.0,92.5689123,319724610.0,3197.0,3197,0319724610,Information Technology,Agnel Charities Fr. C. Rodrigues Institute Of Technology Vashi Navi Mumbai,Fully Mapped
307.0,15686.0,84.427529,319729310.0,3197.0,3197,0319729310,Electrical Engineering,Agnel Charities Fr. C. Rodrigues Institute Of Technology Vashi Navi Mumbai,Fully Mapped
308.0,9436.0,90.1182045,319737210.0,3197.0,3197,0319737210,Electronics and Telecommunication Engg,Agnel Charities Fr. C. Rodrigues Institute Of Technology Vashi Navi Mumbai,Fully Mapped
309.0,48222.0,56.4752823,319824210.0,3198.0,3198,0319824210,Computer Science and Engineering,Konkan Gyanpeeth College Of Engineering Karjat,Fully Mapped
310.0,42956.0,60.9834559,319824510.0,3198.0,3198,0319824510,Computer Engineering,Konkan Gyanpeeth College Of Engineering Karjat,Fully Mapped
311.0,43145.0,60.8307163,319824610.0,3198.0,3198,0319824610,Information Technology,Konkan Gyanpeeth College Of Engineering Karjat,Fully Mapped
312.0,56850.0,49.2343759,319899510.0,3198.0,3198,0319899510,Artificial Intelligence and Data Science,Konkan Gyanpeeth College Of Engineering Karjat,Fully Mapped
313.0,1357.0,97.8343236,319924510.0,3199.0,3199,0319924510,Computer Engineering,Shri Vile Parle Kelvani Mandal S Dwarkadas J. Sanghvi College Of Engineering Vile Parle Mumbai,Fully Mapped
314.0,1849.0,97.325162,319924610.0,3199.0,3199,0319924610,Information Technology,Shri Vile Parle Kelvani Mandal S Dwarkadas J. Sanghvi College Of Engineering Vile Parle Mumbai,Fully Mapped
315.0,1905.0,97.2664115,319926310.0,3199.0,3199,0319926310,Artificial Intelligence (AI) and Data Science,Shri Vile Parle Kelvani Mandal S Dwarkadas J. Sanghvi College Of Engineering Vile Parle Mumbai,Fully Mapped
316.0,2843.0,96.2932401,319937210.0,3199.0,3199,0319937210,Electronics and Telecommunication Engg,Shri Vile Parle Kelvani Mandal S Dwarkadas J. Sanghvi College Of Engineering Vile Parle Mumbai,Fully Mapped
317.0,4340.0,94.8542767,319961210.0,3199.0,3199,0319961210,Mechanical Engineering,Shri Vile Parle Kelvani Mandal S Dwarkadas J. Sanghvi College Of Engineering Vile Parle Mumbai,Fully Mapped
318.0,2061.0,97.0962925,319991210.0,3199.0,3199,0319991210,Computer Science and Engineering(Data Science),Shri Vile Parle Kelvani Mandal S Dwarkadas J. Sanghvi College Of Engineering Vile Parle Mumbai,Fully Mapped
319.0,2347.0,96.7784981,319992010.0,3199.0,3199,0319992010,Computer Science and Engineering (Internet of Things and Cyber Security Including Block Chain Technology),Shri Vile Parle Kelvani Mandal S Dwarkadas J. Sanghvi College Of Engineering Vile Parle Mumbai,Fully Mapped
320.0,2260.0,96.8646431,319992110.0,3199.0,3199,0319992110,Artificial Intelligence and Machine Learning,Shri Vile Parle Kelvani Mandal S Dwarkadas J. Sanghvi College Of Engineering Vile Parle Mumbai,Fully Mapped
321.0,22257.0,78.388962,320091010.0,3200.0,3200,0320091010,Computer Science and Engineering(Cyber Security),Hope Foundation And Research Center S Finolex Academy Of Management And Technology Ratnagiri,Fully Mapped
322.0,12975.0,86.8609531,320124510.0,3201.0,3201,0320124510,Computer Engineering,Rizvi Education Society S Rizvi College Of Engineering Bandra Mumbai,Fully Mapped
323.0,17745.0,82.5427557,320190010.0,3201.0,3201,0320190010,Electronics and Computer Science,Rizvi Education Society S Rizvi College Of Engineering Bandra Mumbai,Fully Mapped
324.0,14042.0,85.9209011,320199510.0,3201.0,3201,0320199510,Artificial Intelligence and Data Science,Rizvi Education Society S Rizvi College Of Engineering Bandra Mumbai,Fully Mapped
325.0,87880.0,10.4224473,320224510.0,3202.0,3202,0320224510,Computer Engineering,Rajendra Mane College Of Engineering Technology Ambav Deorukh,Fully Mapped
326.0,67661.0,39.1527671,320290010.0,3202.0,3202,0320290010,Electronics and Computer Science,Rajendra Mane College Of Engineering Technology Ambav Deorukh,Fully Mapped
327.0,11912.0,87.8105616,320324510.0,3203.0,3203,0320324510,Computer Engineering,Atharva College Of Engineering Malad(West) Mumbai,Fully Mapped
328.0,16320.0,83.7973436,320324610.0,3203.0,3203,0320324610,Information Technology,Atharva College Of Engineering Malad(West) Mumbai,Fully Mapped
329.0,39507.0,63.6133463,320329310.0,3203.0,3203,0320329310,Electrical Engineering,Atharva College Of Engineering Malad(West) Mumbai,Fully Mapped
330.0,21785.0,78.9149832,320337210.0,3203.0,3203,0320337210,Electronics and Telecommunication Engg,Atharva College Of Engineering Malad(West) Mumbai,Fully Mapped
331.0,15990.0,84.1257194,320390010.0,3203.0,3203,0320390010,Electronics and Computer Science,Atharva College Of Engineering Malad(West) Mumbai,Fully Mapped
332.0,32166.0,69.7929881,320429310.0,3204.0,3204,0320429310,Electrical Engineering,St. Francis Institute Of Technology Borivali Mumbai,Fully Mapped
333.0,10421.0,89.2273561,320437210.0,3204.0,3204,0320437210,Electronics and Telecommunication Engg,St. Francis Institute Of Technology Borivali Mumbai,Fully Mapped
334.0,8748.0,90.730866,320490010.0,3204.0,3204,0320490010,Electronics and Computer Science,St. Francis Institute Of Technology Borivali Mumbai,Fully Mapped
335.0,59441.0,46.6555544,320624510.0,3206.0,3206,0320624510,Computer Engineering,S.S.P.M. S College Of Engineering Kankavli,Fully Mapped
336.0,90546.0,2.0549308,320629310.0,3206.0,3206,0320629310,Electrical Engineering,S.S.P.M. S College Of Engineering Kankavli,Fully Mapped
337.0,48497.0,56.2358426,320656610.0,3206.0,3206,0320656610,Computer Science,S.S.P.M. S College Of Engineering Kankavli,Fully Mapped
338.0,171722.0,27.6622718,320690010.0,3206.0,3206,0320690010,Electronics and Computer Science,S.S.P.M. S College Of Engineering Kankavli,Fully Mapped
339.0,59690.0,46.5149107,320691110.0,3206.0,3206,0320691110,Computer Science and Engineering(Artificial Intelligence and Machine Learning),S.S.P.M. S College Of Engineering Kankavli,Fully Mapped
340.0,11325.0,88.4059449,320724510.0,3207.0,3207,0320724510,Computer Engineering,Mahatma Education Society S Pillai College Of Engineering New Panvel,Fully Mapped
341.0,19951.0,80.5394011,320737210.0,3207.0,3207,0320737210,Electronics and Telecommunication Engg,Mahatma Education Society S Pillai College Of Engineering New Panvel,Fully Mapped
342.0,55810.0,49.8308643,320760210.0,3207.0,3207,0320760210,Automobile Engineering,Mahatma Education Society S Pillai College Of Engineering New Panvel,Fully Mapped
343.0,34816.0,67.5334522,320761210.0,3207.0,3207,0320761210,Mechanical Engineering,Mahatma Education Society S Pillai College Of Engineering New Panvel,Fully Mapped
344.0,15318.0,84.6941653,320837210.0,3208.0,3208,0320837210,Electronics and Telecommunication Engg,Don Bosco Institute Of Technology Mumbai,Fully Mapped
345.0,31013.0,70.8363852,320861210.0,3208.0,3208,0320861210,Mechanical Engineering,Don Bosco Institute Of Technology Mumbai,Fully Mapped
346.0,3541.0,95.6168493,320924510.0,3209.0,3209,0320924510,Computer Engineering,K J Somaiya Institute Of Technology,Fully Mapped
347.0,4928.0,94.2795819,320924610.0,3209.0,3209,0320924610,Information Technology,K J Somaiya Institute Of Technology,Fully Mapped
348.0,6347.0,92.9903064,320937210.0,3209.0,3209,0320937210,Electronics and Telecommunication Engg,K J Somaiya Institute Of Technology,Fully Mapped
349.0,4684.0,94.5168674,320999510.0,3209.0,3209,0320999510,Artificial Intelligence and Data Science,K J Somaiya Institute Of Technology,Fully Mapped
350.0,20382.0,80.2340136,321024510.0,3210.0,3210,0321024510,Computer Engineering,Excelsior Education Society S K.C. College Of Engineering And Management Studies And Research Kopri Thane (E),Fully Mapped
351.0,19664.0,80.8264647,321024610.0,3210.0,3210,0321024610,Information Technology,Excelsior Education Society S K.C. College Of Engineering And Management Studies And Research Kopri Thane (E),Fully Mapped
352.0,35889.0,66.6655105,321037210.0,3210.0,3210,0321037210,Electronics and Telecommunication Engg,Excelsior Education Society S K.C. College Of Engineering And Management Studies And Research Kopri Thane (E),Fully Mapped
353.0,7179.0,92.2320293,321124510.0,3211.0,3211,0321124510,Computer Engineering,S.I.E.S. Graduate School Of Technology Nerul Navi Mumbai,Fully Mapped
354.0,9154.0,90.3955436,321124610.0,3211.0,3211,0321124610,Information Technology,S.I.E.S. Graduate School Of Technology Nerul Navi Mumbai,Fully Mapped
355.0,15770.0,84.3167371,321137210.0,3211.0,3211,0321137210,Electronics and Telecommunication Engg,S.I.E.S. Graduate School Of Technology Nerul Navi Mumbai,Fully Mapped
356.0,15223.0,84.7970367,321190010.0,3211.0,3211,0321190010,Electronics and Computer Science,S.I.E.S. Graduate School Of Technology Nerul Navi Mumbai,Fully Mapped
357.0,11504.0,88.2054957,321192110.0,3211.0,3211,0321192110,Artificial Intelligence and Machine Learning,S.I.E.S. Graduate School Of Technology Nerul Navi Mumbai,Fully Mapped
358.0,10504.0,89.0826801,321199510.0,3211.0,3211,0321199510,Artificial Intelligence and Data Science,S.I.E.S. Graduate School Of Technology Nerul Navi Mumbai,Fully Mapped
359.0,122651.0,70.8722936,321219110.0,3212.0,3212,0321219110,Civil Engineering,Watumull Institute Of Engineering Technology Ulhasnagar,Fully Mapped
360.0,38472.0,64.4498458,321224510.0,3212.0,3212,0321224510,Computer Engineering,Watumull Institute Of Engineering Technology Ulhasnagar,Fully Mapped
361.0,7918.0,91.5215733,321424510.0,3214.0,3214,0321424510,Computer Engineering,Xavier Institute Of Engineering C O Xavier Technical Institute Mahim Mumbai,Fully Mapped
362.0,9672.0,89.908274,321424610.0,3214.0,3214,0321424610,Information Technology,Xavier Institute Of Engineering C O Xavier Technical Institute Mahim Mumbai,Fully Mapped
363.0,10512.0,89.0826801,321492010.0,3214.0,3214,0321492010,Computer Science and Engineering (Internet of Things and Cyber Security Including Block Chain Technology),Xavier Institute Of Engineering C O Xavier Technical Institute Mahim Mumbai,Fully Mapped
364.0,633.0,98.770209,321524210.0,3215.0,3215,0321524210,Computer Science and Engineering,Bhartiya Vidya Bhavan S Sardar Patel Institute Of Technology Andheri Mumbai,Fully Mapped
365.0,933.0,98.3501306,321524510.0,3215.0,3215,0321524510,Computer Engineering,Bhartiya Vidya Bhavan S Sardar Patel Institute Of Technology Andheri Mumbai,Fully Mapped
366.0,1572.0,97.602075,321537210.0,3215.0,3215,0321537210,Electronics and Telecommunication Engg,Bhartiya Vidya Bhavan S Sardar Patel Institute Of Technology Andheri Mumbai,Fully Mapped
367.0,50634.0,54.4646573,321624510.0,3216.0,3216,0321624510,Computer Engineering,Gharda Foundation S Gharda Institute Of Technology Khed Ratnagiri,Fully Mapped
368.0,88003.0,10.270646,321637210.0,3216.0,3216,0321637210,Electronics and Telecommunication Engg,Gharda Foundation S Gharda Institute Of Technology Khed Ratnagiri,Fully Mapped
369.0,123731.0,70.2544031,321650710.0,3216.0,3216,0321650710,Chemical Engineering,Gharda Foundation S Gharda Institute Of Technology Khed Ratnagiri,Fully Mapped
370.0,177306.0,20.9410678,321661210.0,3216.0,3216,0321661210,Mechanical Engineering,Gharda Foundation S Gharda Institute Of Technology Khed Ratnagiri,Fully Mapped
371.0,66850.0,39.8637551,321691110.0,3216.0,3216,0321691110,Computer Science and Engineering(Artificial Intelligence and Machine Learning),Gharda Foundation S Gharda Institute Of Technology Khed Ratnagiri,Fully Mapped
372.0,35337.0,67.1114593,321724510.0,3217.0,3217,0321724510,Computer Engineering,Vighnaharata Trust S Shivajirao S. Jondhale College Of Engineering Technology Shahapur Asangaon Dist Thane,Fully Mapped
373.0,49841.0,55.0951723,321737210.0,3217.0,3217,0321737210,Electronics and Telecommunication Engg,Vighnaharata Trust S Shivajirao S. Jondhale College Of Engineering Technology Shahapur Asangaon Dist Thane,Fully Mapped
374.0,70385.0,36.1142708,321761210.0,3217.0,3217,0321761210,Mechanical Engineering,Vighnaharata Trust S Shivajirao S. Jondhale College Of Engineering Technology Shahapur Asangaon Dist Thane,Fully Mapped
375.0,75233.0,30.6675338,321791610.0,3217.0,3217,0321791610,Automation and Robotics,Vighnaharata Trust S Shivajirao S. Jondhale College Of Engineering Technology Shahapur Asangaon Dist Thane,Fully Mapped
376.0,84116.0,17.7683839,321791610.0,3217.0,3217,0321791610,Automation and Robotics,Vighnaharata Trust S Shivajirao S. Jondhale College Of Engineering Technology Shahapur Asangaon Dist Thane,Fully Mapped
377.0,38955.0,64.2435857,321791610.0,3217.0,3217,0321791610,Automation and Robotics,Vighnaharata Trust S Shivajirao S. Jondhale College Of Engineering Technology Shahapur Asangaon Dist Thane,Fully Mapped
378.0,87185.0,11.8297923,321791610.0,3217.0,3217,0321791610,Automation and Robotics,Vighnaharata Trust S Shivajirao S. Jondhale College Of Engineering Technology Shahapur Asangaon Dist Thane,Fully Mapped
379.0,83675.0,18.5486338,321791610.0,3217.0,3217,0321791610,Automation and Robotics,Vighnaharata Trust S Shivajirao S. Jondhale College Of Engineering Technology Shahapur Asangaon Dist Thane,Fully Mapped
380.0,95231.0,92.1092219,321791610.0,3217.0,3217,0321791610,Automation and Robotics,Vighnaharata Trust S Shivajirao S. Jondhale College Of Engineering Technology Shahapur Asangaon Dist Thane,Fully Mapped
381.0,24928.0,76.0808449,321791610.0,3217.0,3217,0321791610,Automation and Robotics,Vighnaharata Trust S Shivajirao S. Jondhale College Of Engineering Technology Shahapur Asangaon Dist Thane,Fully Mapped
382.0,80034.0,24.2340612,321819110.0,3218.0,3218,0321819110,Civil Engineering,Aldel Education Trust S St. John College Of Engineering Management Vevoor Palghar,Fully Mapped
383.0,54470.0,51.1269778,321861210.0,3218.0,3218,0321861210,Mechanical Engineering,Aldel Education Trust S St. John College Of Engineering Management Vevoor Palghar,Fully Mapped
384.0,60852.0,45.4194405,321924510.0,3219.0,3219,0321924510,Computer Engineering,Koti Vidya Charitable Trust S Smt. Alamuri Ratnamala Institute Of Engineering And Technology Sapgaon Tal. Shahapur,Fully Mapped
385.0,61947.0,44.4375985,321924610.0,3219.0,3219,0321924610,Information Technology,Koti Vidya Charitable Trust S Smt. Alamuri Ratnamala Institute Of Engineering And Technology Sapgaon Tal. Shahapur,Fully Mapped
387.0,73412.0,32.8713018,322024510.0,3220.0,3220,0322024510,Computer Engineering,Yadavrao Tasgaonkar College Of Engineering Management,Fully Mapped
388.0,72476.0,33.5699354,322024610.0,3220.0,3220,0322024610,Information Technology,Yadavrao Tasgaonkar College Of Engineering Management,Fully Mapped
389.0,67002.0,39.7199436,322025210.0,3220.0,3220,0322025210,Cyber Security,Yadavrao Tasgaonkar College Of Engineering Management,Fully Mapped
390.0,50268.0,54.8390756,322037210.0,3220.0,3220,0322037210,Electronics and Telecommunication Engg,Yadavrao Tasgaonkar College Of Engineering Management,Fully Mapped
391.0,67568.0,39.1527671,322092110.0,3220.0,3220,0322092110,Artificial Intelligence and Machine Learning,Yadavrao Tasgaonkar College Of Engineering Management,Fully Mapped
392.0,25676.0,75.3962913,322124510.0,3221.0,3221,0322124510,Computer Engineering,Vishnu Waman Thakur Charitable Trust S Viva Institute Of Technology Virar,Fully Mapped
393.0,43466.0,60.3847628,322137210.0,3221.0,3221,0322137210,Electronics and Telecommunication Engg,Vishnu Waman Thakur Charitable Trust S Viva Institute Of Technology Virar,Fully Mapped
394.0,142070.0,56.846611,322161210.0,3221.0,3221,0322161210,Mechanical Engineering,Vishnu Waman Thakur Charitable Trust S Viva Institute Of Technology Virar,Fully Mapped
395.0,113195.0,77.6411427,322161210.0,3221.0,3221,0322161210,Mechanical Engineering,Vishnu Waman Thakur Charitable Trust S Viva Institute Of Technology Virar,Fully Mapped
396.0,77049.0,28.4426659,322161210.0,3221.0,3221,0322161210,Mechanical Engineering,Vishnu Waman Thakur Charitable Trust S Viva Institute Of Technology Virar,Fully Mapped
397.0,153769.0,46.3657898,322161210.0,3221.0,3221,0322161210,Mechanical Engineering,Vishnu Waman Thakur Charitable Trust S Viva Institute Of Technology Virar,Fully Mapped
398.0,71161.0,35.0085818,322161210.0,3221.0,3221,0322161210,Mechanical Engineering,Vishnu Waman Thakur Charitable Trust S Viva Institute Of Technology Virar,Fully Mapped
399.0,129825.0,65.5509182,322161210.0,3221.0,3221,0322161210,Mechanical Engineering,Vishnu Waman Thakur Charitable Trust S Viva Institute Of Technology Virar,Fully Mapped
400.0,168097.0,31.6884901,322161210.0,3221.0,3221,0322161210,Mechanical Engineering,Vishnu Waman Thakur Charitable Trust S Viva Institute Of Technology Virar,Fully Mapped
401.0,34601.0,67.8308824,322191110.0,3221.0,3221,0322191110,Computer Science and Engineering(Artificial Intelligence and Machine Learning),Vishnu Waman Thakur Charitable Trust S Viva Institute Of Technology Virar,Fully Mapped
402.0,43119.0,60.8307163,322192610.0,3221.0,3221,0322192610,Electrical and Computer Engineering,Vishnu Waman Thakur Charitable Trust S Viva Institute Of Technology Virar,Fully Mapped
403.0,31421.0,70.5673759,322224510.0,3222.0,3222,0322224510,Computer Engineering,Haji Jamaluddin Thim Trust S Theem College Of Engineering At. Villege Betegaon Boisar,Fully Mapped
404.0,48668.0,56.0687777,322224610.0,3222.0,3222,0322224610,Information Technology,Haji Jamaluddin Thim Trust S Theem College Of Engineering At. Villege Betegaon Boisar,Fully Mapped
405.0,68463.0,38.1364456,322229310.0,3222.0,3222,0322229310,Electrical Engineering,Haji Jamaluddin Thim Trust S Theem College Of Engineering At. Villege Betegaon Boisar,Fully Mapped
406.0,174039.0,24.7657909,322261210.0,3222.0,3222,0322261210,Mechanical Engineering,Haji Jamaluddin Thim Trust S Theem College Of Engineering At. Villege Betegaon Boisar,Fully Mapped
407.0,17577.0,82.6520308,322324510.0,3223.0,3223,0322324510,Computer Engineering,Mahatma Education Society S Pillai Hoc College Of Engineering Technology Tal. Khalapur. Dist. Raigad,Fully Mapped
408.0,21767.0,78.9149832,322324610.0,3223.0,3223,0322324610,Information Technology,Mahatma Education Society S Pillai Hoc College Of Engineering Technology Tal. Khalapur. Dist. Raigad,Fully Mapped
409.0,33134.0,69.0384236,322361210.0,3223.0,3223,0322361210,Mechanical Engineering,Mahatma Education Society S Pillai Hoc College Of Engineering Technology Tal. Khalapur. Dist. Raigad,Fully Mapped
410.0,50471.0,54.5009878,322392610.0,3223.0,3223,0322392610,Electrical and Computer Engineering,Mahatma Education Society S Pillai Hoc College Of Engineering Technology Tal. Khalapur. Dist. Raigad,Fully Mapped
411.0,45110.0,59.1819949,322424510.0,3224.0,3224,0322424510,Computer Engineering,Leela Education Society G.V. Acharya Institute Of Engineering And Technology Shelu Karjat,Fully Mapped
412.0,48269.0,56.4384989,322491110.0,3224.0,3224,0322491110,Computer Science and Engineering(Artificial Intelligence and Machine Learning),Leela Education Society G.V. Acharya Institute Of Engineering And Technology Shelu Karjat,Fully Mapped
413.0,161729.0,38.8659877,322492010.0,3224.0,3224,0322492010,Computer Science and Engineering (Internet of Things and Cyber Security Including Block Chain Technology),Leela Education Society G.V. Acharya Institute Of Engineering And Technology Shelu Karjat,Fully Mapped
414.0,27283.0,73.8924406,325724510.0,3257.0,3257,0325724510,Computer Engineering,Vidya Prasarak Mandal S College Of Engineering Thane,Fully Mapped
415.0,32329.0,69.7521771,325724610.0,3257.0,3257,0325724610,Information Technology,Vidya Prasarak Mandal S College Of Engineering Thane,Fully Mapped
416.0,51638.0,53.4623008,325729310.0,3257.0,3257,0325729310,Electrical Engineering,Vidya Prasarak Mandal S College Of Engineering Thane,Fully Mapped
417.0,16727.0,83.4883807,327724510.0,3277.0,3277,0327724510,Computer Engineering,Pravin Rohidas Patil College Of Engineering Technology,Fully Mapped
418.0,73067.0,33.1628052,327735610.0,3277.0,3277,0327735610,Electrical Engg[Electronics and Power],Pravin Rohidas Patil College Of Engineering Technology,Fully Mapped
419.0,78918.0,25.6893382,327761510.0,3277.0,3277,0327761510,Mechanical & Automation Engineering,Pravin Rohidas Patil College Of Engineering Technology,Fully Mapped
420.0,29421.0,72.1885748,327793510.0,3277.0,3277,0327793510,Electronics and Biomedical Engineering,Pravin Rohidas Patil College Of Engineering Technology,Fully Mapped
421.0,81638.0,21.9356964,327793510.0,3277.0,3277,0327793510,Electronics and Biomedical Engineering,Pravin Rohidas Patil College Of Engineering Technology,Fully Mapped
422.0,180271.0,16.2979967,327793510.0,3277.0,3277,0327793510,Electronics and Biomedical Engineering,Pravin Rohidas Patil College Of Engineering Technology,Fully Mapped
423.0,189039.0,1.3269101,327793510.0,3277.0,3277,0327793510,Electronics and Biomedical Engineering,Pravin Rohidas Patil College Of Engineering Technology,Fully Mapped
424.0,74317.0,31.6871967,327793510.0,3277.0,3277,0327793510,Electronics and Biomedical Engineering,Pravin Rohidas Patil College Of Engineering Technology,Fully Mapped
425.0,46669.0,57.761302,335124510.0,3351.0,3351,0335124510,Computer Engineering,Bharat College Of Engineering Kanhor Badlapur(W),Fully Mapped
426.0,69663.0,36.6705729,335156810.0,3351.0,3351,0335156810,Computer Science and Information Technology,Bharat College Of Engineering Kanhor Badlapur(W),Fully Mapped
427.0,50345.0,54.6671622,335191110.0,3351.0,3351,0335191110,Computer Science and Engineering(Artificial Intelligence and Machine Learning),Bharat College Of Engineering Kanhor Badlapur(W),Fully Mapped
428.0,81560.0,21.9432977,335191210.0,3351.0,3351,0335191210,Computer Science and Engineering(Data Science),Bharat College Of Engineering Kanhor Badlapur(W),Fully Mapped
429.0,44614.0,59.6793493,335324510.0,3353.0,3353,0335324510,Computer Engineering,Dilkap Research Institute Of Engineering And Management Studies At.Mamdapur Post- Neral Tal- Karjat Mumbai,Fully Mapped
430.0,63935.0,42.551712,335324610.0,3353.0,3353,0335324610,Information Technology,Dilkap Research Institute Of Engineering And Management Studies At.Mamdapur Post- Neral Tal- Karjat Mumbai,Fully Mapped
431.0,136636.0,60.546705,335392010.0,3353.0,3353,0335392010,Computer Science and Engineering (Internet of Things and Cyber Security Including Block Chain Technology),Dilkap Research Institute Of Engineering And Management Studies At.Mamdapur Post- Neral Tal- Karjat Mumbai,Fully Mapped
432.0,45570.0,58.6689322,335392110.0,3353.0,3353,0335392110,Artificial Intelligence and Machine Learning,Dilkap Research Institute Of Engineering And Management Studies At.Mamdapur Post- Neral Tal- Karjat Mumbai,Fully Mapped
433.0,74053.0,32.0057037,342319110.0,3423.0,3423,0342319110,Civil Engineering,Shree L.R. Tiwari College Of Engineering Mira Road Mumbai,Fully Mapped
434.0,38630.0,64.3372475,342361210.0,3423.0,3423,0342361210,Mechanical Engineering,Shree L.R. Tiwari College Of Engineering Mira Road Mumbai,Fully Mapped
435.0,25002.0,75.9911294,342390010.0,3423.0,3423,0342390010,Electronics and Computer Science,Shree L.R. Tiwari College Of Engineering Mira Road Mumbai,Fully Mapped
436.0,61389.0,45.1076168,343624510.0,3436.0,3436,0343624510,Computer Engineering,B.R. Harne College Of Engineering Technology Karav Tal-Ambernath.,Fully Mapped
437.0,66702.0,39.9760656,343624610.0,3436.0,3436,0343624610,Information Technology,B.R. Harne College Of Engineering Technology Karav Tal-Ambernath.,Fully Mapped
438.0,101316.0,86.1969983,343690010.0,3436.0,3436,0343690010,Electronics and Computer Science,B.R. Harne College Of Engineering Technology Karav Tal-Ambernath.,Fully Mapped
439.0,75339.0,30.6086486,343691110.0,3436.0,3436,0343691110,Computer Science and Engineering(Artificial Intelligence and Machine Learning),B.R. Harne College Of Engineering Technology Karav Tal-Ambernath.,Fully Mapped
440.0,169617.0,30.4575002,344024510.0,3440.0,3440,0344024510,Computer Engineering,Metropolitan Institute Of Technology Management Sukhalwad Sindhudurg.,Fully Mapped
441.0,112164.0,78.1496564,344524510.0,3445.0,3445,0344524510,Computer Engineering,Vishwatmak Jangli Maharaj Ashram Trust (Kokamthan) Atma Malik Institute Of Technology Research,Fully Mapped
442.0,134436.0,62.795808,344537210.0,3445.0,3445,0344537210,Electronics and Telecommunication Engg,Vishwatmak Jangli Maharaj Ashram Trust (Kokamthan) Atma Malik Institute Of Technology Research,Fully Mapped
443.0,119823.0,72.8176141,344592010.0,3445.0,3445,0344592010,Computer Science and Engineering (Internet of Things and Cyber Security Including Block Chain Technology),Vishwatmak Jangli Maharaj Ashram Trust (Kokamthan) Atma Malik Institute Of Technology Research,Fully Mapped
444.0,71581.0,34.7241777,344592110.0,3445.0,3445,0344592110,Artificial Intelligence and Machine Learning,Vishwatmak Jangli Maharaj Ashram Trust (Kokamthan) Atma Malik Institute Of Technology Research,Fully Mapped
445.0,170000.0,29.6395567,344724510.0,3447.0,3447,0344724510,Computer Engineering,G.M.Vedak Institute Of Technology Tala Raigad.,Fully Mapped
446.0,24510.0,76.4471767,346024510.0,3460.0,3460,0346024510,Computer Engineering,Universal College Of Engineering Kaman Dist. Palghar,Fully Mapped
447.0,24559.0,76.3872179,346024610.0,3460.0,3460,0346024610,Information Technology,Universal College Of Engineering Kaman Dist. Palghar,Fully Mapped
448.0,34478.0,67.8377823,346092110.0,3460.0,3460,0346092110,Artificial Intelligence and Machine Learning,Universal College Of Engineering Kaman Dist. Palghar,Fully Mapped
449.0,88367.0,8.9507403,346224510.0,3462.0,3462,0346224510,Computer Engineering,Vpm S Maharshi Parshuram College Of Engineering Velneshwar Ratnagiri.,Fully Mapped
450.0,51789.0,53.4068257,346524210.0,3465.0,3465,0346524210,Computer Science and Engineering,Ideal Institute Of Technology Wada Dist.Thane,Fully Mapped
451.0,57203.0,48.6301306,346537210.0,3465.0,3465,0346537210,Electronics and Telecommunication Engg,Ideal Institute Of Technology Wada Dist.Thane,Fully Mapped
452.0,76931.0,28.4639143,346561210.0,3465.0,3465,0346561210,Mechanical Engineering,Ideal Institute Of Technology Wada Dist.Thane,Fully Mapped
453.0,42953.0,60.9834559,346724510.0,3467.0,3467,0346724510,Computer Engineering,Vishwaniketan S Institute Of Management Entrepreneurship And Engineering Technology(I Meet) Khalapur Dist Raigad,Fully Mapped
454.0,71477.0,34.7387002,346737210.0,3467.0,3467,0346737210,Electronics and Telecommunication Engg,Vishwaniketan S Institute Of Management Entrepreneurship And Engineering Technology(I Meet) Khalapur Dist Raigad,Fully Mapped
455.0,58517.0,47.4914012,346791110.0,3467.0,3467,0346791110,Computer Science and Engineering(Artificial Intelligence and Machine Learning),Vishwaniketan S Institute Of Management Entrepreneurship And Engineering Technology(I Meet) Khalapur Dist Raigad,Fully Mapped
456.0,56237.0,49.4522425,347024210.0,3470.0,3470,0347024210,Computer Science and Engineering,Yashwantrao Bhonsale Institute Of Technology,Fully Mapped
457.0,155646.0,44.5064233,347024510.0,3470.0,3470,0347024510,Computer Engineering,Yashwantrao Bhonsale Institute Of Technology,Fully Mapped
458.0,89246.0,6.6067546,347119110.0,3471.0,3471,0347119110,Civil Engineering,New Horizon Institute Of Technology Management Thane,Fully Mapped
459.0,30237.0,71.5054,347124510.0,3471.0,3471,0347124510,Computer Engineering,New Horizon Institute Of Technology Management Thane,Fully Mapped
460.0,35058.0,67.3151585,347125710.0,3471.0,3471,0347125710,Computer Science and Design,New Horizon Institute Of Technology Management Thane,Fully Mapped
461.0,43414.0,60.57336,347161210.0,3471.0,3471,0347161210,Mechanical Engineering,New Horizon Institute Of Technology Management Thane,Fully Mapped
462.0,49062.0,55.8091831,347162410.0,3471.0,3471,0347162410,Mechatronics Engineering,New Horizon Institute Of Technology Management Thane,Fully Mapped
463.0,18907.0,81.5080014,347199510.0,3471.0,3471,0347199510,Artificial Intelligence and Data Science,New Horizon Institute Of Technology Management Thane,Fully Mapped
464.0,31025.0,70.8363852,347519110.0,3475.0,3475,0347519110,Civil Engineering,A. P. Shah Institute Of Technology Thane,Fully Mapped
465.0,17243.0,82.9600037,347524510.0,3475.0,3475,0347524510,Computer Engineering,A. P. Shah Institute Of Technology Thane,Fully Mapped
466.0,19316.0,81.1206661,347524610.0,3475.0,3475,0347524610,Information Technology,A. P. Shah Institute Of Technology Thane,Fully Mapped
467.0,18831.0,81.5751525,347591210.0,3475.0,3475,0347591210,Computer Science and Engineering(Data Science),A. P. Shah Institute Of Technology Thane,Fully Mapped
468.0,31668.0,70.4103342,347724510.0,3477.0,3477,0347724510,Computer Engineering,Chhartrapati Shivaji Maharaj Institute Of Technology Shedung Panvel,Fully Mapped
469.0,56643.0,49.2613509,347761210.0,3477.0,3477,0347761210,Mechanical Engineering,Chhartrapati Shivaji Maharaj Institute Of Technology Shedung Panvel,Fully Mapped
470.0,131083.0,65.2298851,347761210.0,3477.0,3477,0347761210,Mechanical Engineering,Chhartrapati Shivaji Maharaj Institute Of Technology Shedung Panvel,Fully Mapped
471.0,76683.0,28.9105855,347761210.0,3477.0,3477,0347761210,Mechanical Engineering,Chhartrapati Shivaji Maharaj Institute Of Technology Shedung Panvel,Fully Mapped
472.0,128043.0,67.0458361,347761210.0,3477.0,3477,0347761210,Mechanical Engineering,Chhartrapati Shivaji Maharaj Institute Of Technology Shedung Panvel,Fully Mapped
473.0,31265.0,70.5982353,350324510.0,3503.0,3503,0350324510,Computer Engineering,Indala College Of Engineering Bapsai Tal.Kalyan,Fully Mapped
474.0,60102.0,46.1308076,350324610.0,3503.0,3503,0350324610,Information Technology,Indala College Of Engineering Bapsai Tal.Kalyan,Fully Mapped
475.0,59532.0,46.6555544,350326310.0,3503.0,3503,0350326310,Artificial Intelligence (AI) and Data Science,Indala College Of Engineering Bapsai Tal.Kalyan,Fully Mapped
476.0,94300.0,93.1821856,354624510.0,3546.0,3546,0354624510,Computer Engineering,Devi Mahalaxmi College Of Engineering And Technology,Fully Mapped
477.0,74750.0,31.0581786,354691110.0,3546.0,3546,0354691110,Computer Science and Engineering(Artificial Intelligence and Machine Learning),Devi Mahalaxmi College Of Engineering And Technology,Fully Mapped
478.0,85148.0,16.0657401,354691110.0,3546.0,3546,0354691110,Computer Science and Engineering(Artificial Intelligence and Machine Learning),Devi Mahalaxmi College Of Engineering And Technology,Fully Mapped
479.0,153986.0,46.3188381,410419110.0,4104.0,4104,0410419110,Civil Engineering,Kavi Kulguru Institute Of Technology Science Ramtek,Fully Mapped
480.0,33674.0,68.6174754,410424610.0,4104.0,4104,0410424610,Information Technology,Kavi Kulguru Institute Of Technology Science Ramtek,Fully Mapped
481.0,50765.0,54.3171452,410425110.0,4104.0,4104,0410425110,Computer Technology,Kavi Kulguru Institute Of Technology Science Ramtek,Fully Mapped
482.0,47001.0,57.5186655,410437010.0,4104.0,4104,0410437010,Electronics and Communication Engineering,Kavi Kulguru Institute Of Technology Science Ramtek,Fully Mapped
483.0,88139.0,9.6202035,410461210.0,4104.0,4104,0410461210,Mechanical Engineering,Kavi Kulguru Institute Of Technology Science Ramtek,Fully Mapped
484.0,43690.0,60.227841,411619110.0,4116.0,4116,0411619110,Civil Engineering,Ankush Shikshan Sanstha S G.H.Raisoni College Of Engineering Nagpur,Fully Mapped
485.0,12848.0,86.9932576,411624210.0,4116.0,4116,0411624210,Computer Science and Engineering,Ankush Shikshan Sanstha S G.H.Raisoni College Of Engineering Nagpur,Fully Mapped
486.0,19330.0,81.1206661,411624610.0,4116.0,4116,0411624610,Information Technology,Ankush Shikshan Sanstha S G.H.Raisoni College Of Engineering Nagpur,Fully Mapped
487.0,21996.0,78.6760812,411626710.0,4116.0,4116,0411626710,Computer Science and Engineering (IoT),Ankush Shikshan Sanstha S G.H.Raisoni College Of Engineering Nagpur,Fully Mapped
488.0,23554.0,77.3255329,411637210.0,4116.0,4116,0411637210,Electronics and Telecommunication Engg,Ankush Shikshan Sanstha S G.H.Raisoni College Of Engineering Nagpur,Fully Mapped
489.0,26561.0,74.5733907,411637610.0,4116.0,4116,0411637610,Electronics Engineering,Ankush Shikshan Sanstha S G.H.Raisoni College Of Engineering Nagpur,Fully Mapped
490.0,12239.0,87.5195969,411691310.0,4116.0,4116,0411691310,Computer Science and Engineering (Artificial Intelligence),Ankush Shikshan Sanstha S G.H.Raisoni College Of Engineering Nagpur,Fully Mapped
491.0,20180.0,80.3777053,411691710.0,4116.0,4116,0411691710,Data Science,Ankush Shikshan Sanstha S G.H.Raisoni College Of Engineering Nagpur,Fully Mapped
492.0,74882.0,30.9483531,411824510.0,4118.0,4118,0411824510,Computer Engineering,Bapurao Deshmukh College Of Engineering Sevagram,Fully Mapped
493.0,176327.0,22.0578726,411829310.0,4118.0,4118,0411829310,Electrical Engineering,Bapurao Deshmukh College Of Engineering Sevagram,Fully Mapped
494.0,90308.0,3.0599185,411861210.0,4118.0,4118,0411861210,Mechanical Engineering,Bapurao Deshmukh College Of Engineering Sevagram,Fully Mapped
495.0,37753.0,65.0561876,412300210.0,4123.0,4123,0412300210,Aeronautical Engineering,Lokmanya Tilak Jankalyan Shikshan Sanstha Priyadarshani College Of Engineering Nagpur,Fully Mapped
496.0,33152.0,70.4364682,412308210.0,4123.0,4123,0412308210,Bio Technology,Lokmanya Tilak Jankalyan Shikshan Sanstha Priyadarshani College Of Engineering Nagpur,Fully Mapped
497.0,44904.0,59.3047779,412319110.0,4123.0,4123,0412319110,Civil Engineering,Lokmanya Tilak Jankalyan Shikshan Sanstha Priyadarshani College Of Engineering Nagpur,Fully Mapped
498.0,21470.0,79.1146984,412324610.0,4123.0,4123,0412324610,Information Technology,Lokmanya Tilak Jankalyan Shikshan Sanstha Priyadarshani College Of Engineering Nagpur,Fully Mapped
499.0,23495.0,77.3846775,412325110.0,4123.0,4123,0412325110,Computer Technology,Lokmanya Tilak Jankalyan Shikshan Sanstha Priyadarshani College Of Engineering Nagpur,Fully Mapped
500.0,30383.0,71.3769198,412326510.0,4123.0,4123,0412326510,Industrial IoT,Lokmanya Tilak Jankalyan Shikshan Sanstha Priyadarshani College Of Engineering Nagpur,Fully Mapped
501.0,43894.0,60.1000986,412329310.0,4123.0,4123,0412329310,Electrical Engineering,Lokmanya Tilak Jankalyan Shikshan Sanstha Priyadarshani College Of Engineering Nagpur,Fully Mapped
502.0,27939.0,73.4266517,412337210.0,4123.0,4123,0412337210,Electronics and Telecommunication Engg,Lokmanya Tilak Jankalyan Shikshan Sanstha Priyadarshani College Of Engineering Nagpur,Fully Mapped
503.0,39071.0,64.0474503,412350710.0,4123.0,4123,0412350710,Chemical Engineering,Lokmanya Tilak Jankalyan Shikshan Sanstha Priyadarshani College Of Engineering Nagpur,Fully Mapped
504.0,42934.0,60.9834559,412361210.0,4123.0,4123,0412361210,Mechanical Engineering,Lokmanya Tilak Jankalyan Shikshan Sanstha Priyadarshani College Of Engineering Nagpur,Fully Mapped
505.0,181827.0,14.0490445,413319110.0,4133.0,4133,0413319110,Civil Engineering,Sanmarg Shikshan Sanstha S Smt. Radhikatai Pandav College Of Engineering Nagpur,Fully Mapped
506.0,52511.0,52.9581934,413324210.0,4133.0,4133,0413324210,Computer Science and Engineering,Sanmarg Shikshan Sanstha S Smt. Radhikatai Pandav College Of Engineering Nagpur,Fully Mapped
507.0,64066.0,42.4544698,413324510.0,4133.0,4133,0413324510,Computer Engineering,Sanmarg Shikshan Sanstha S Smt. Radhikatai Pandav College Of Engineering Nagpur,Fully Mapped
508.0,68845.0,37.9717565,413329310.0,4133.0,4133,0413329310,Electrical Engineering,Sanmarg Shikshan Sanstha S Smt. Radhikatai Pandav College Of Engineering Nagpur,Fully Mapped
509.0,74385.0,31.6655269,413337210.0,4133.0,4133,0413337210,Electronics and Telecommunication Engg,Sanmarg Shikshan Sanstha S Smt. Radhikatai Pandav College Of Engineering Nagpur,Fully Mapped
510.0,87867.0,10.4224473,413361210.0,4133.0,4133,0413361210,Mechanical Engineering,Sanmarg Shikshan Sanstha S Smt. Radhikatai Pandav College Of Engineering Nagpur,Fully Mapped
511.0,49162.0,55.7332577,413424210.0,4134.0,4134,0413424210,Computer Science and Engineering,Guru Nanak Institute Of Engineering Technology Kalmeshwar Nagpur,Fully Mapped
512.0,59684.0,46.5149107,413424610.0,4134.0,4134,0413424610,Information Technology,Guru Nanak Institute Of Engineering Technology Kalmeshwar Nagpur,Fully Mapped
513.0,83293.0,19.379384,413429310.0,4134.0,4134,0413429310,Electrical Engineering,Guru Nanak Institute Of Engineering Technology Kalmeshwar Nagpur,Fully Mapped
514.0,68919.0,37.8563695,413437210.0,4134.0,4134,0413437210,Electronics and Telecommunication Engg,Guru Nanak Institute Of Engineering Technology Kalmeshwar Nagpur,Fully Mapped
515.0,38778.0,64.3362689,413491210.0,4134.0,4134,0413491210,Computer Science and Engineering(Data Science),Guru Nanak Institute Of Engineering Technology Kalmeshwar Nagpur,Fully Mapped
516.0,64805.0,41.7934672,413499710.0,4134.0,4134,0413499710,Artificial Intelligence,Guru Nanak Institute Of Engineering Technology Kalmeshwar Nagpur,Fully Mapped
517.0,64399.0,42.2955322,413524210.0,4135.0,4135,0413524210,Computer Science and Engineering,Amar Seva Mandal S Shree Govindrao Vanjari College Of Engineering Technology Nagpur,Fully Mapped
518.0,77239.0,28.051538,413524610.0,4135.0,4135,0413524610,Information Technology,Amar Seva Mandal S Shree Govindrao Vanjari College Of Engineering Technology Nagpur,Fully Mapped
519.0,62389.0,43.9711053,413537210.0,4135.0,4135,0413537210,Electronics and Telecommunication Engg,Amar Seva Mandal S Shree Govindrao Vanjari College Of Engineering Technology Nagpur,Fully Mapped
520.0,80447.0,23.7873742,413561210.0,4135.0,4135,0413561210,Mechanical Engineering,Amar Seva Mandal S Shree Govindrao Vanjari College Of Engineering Technology Nagpur,Fully Mapped
521.0,52290.0,53.0111146,413619110.0,4136.0,4136,0413619110,Civil Engineering,Lokmanya Tilak Jankalyan Shikshan Sastha Priyadarshini J. L. College Of Engineering Nagpur,Fully Mapped
522.0,25670.0,75.3962913,413624210.0,4136.0,4136,0413624210,Computer Science and Engineering,Lokmanya Tilak Jankalyan Shikshan Sastha Priyadarshini J. L. College Of Engineering Nagpur,Fully Mapped
523.0,41085.0,62.3601588,413629310.0,4136.0,4136,0413629310,Electrical Engineering,Lokmanya Tilak Jankalyan Shikshan Sastha Priyadarshini J. L. College Of Engineering Nagpur,Fully Mapped
524.0,27839.0,73.6143868,413699710.0,4136.0,4136,0413699710,Artificial Intelligence,Lokmanya Tilak Jankalyan Shikshan Sastha Priyadarshini J. L. College Of Engineering Nagpur,Fully Mapped
525.0,25772.0,75.2964062,413724210.0,4137.0,4137,0413724210,Computer Science and Engineering,Sir Shantilal Badjate Charitable Trust S S. B. Jain Institute Of Technology Management Research Nagpur,Fully Mapped
526.0,35947.0,66.6376422,413737210.0,4137.0,4137,0413737210,Electronics and Telecommunication Engg,Sir Shantilal Badjate Charitable Trust S S. B. Jain Institute Of Technology Management Research Nagpur,Fully Mapped
527.0,22613.0,78.1648862,413791110.0,4137.0,4137,0413791110,Computer Science and Engineering(Artificial Intelligence and Machine Learning),Sir Shantilal Badjate Charitable Trust S S. B. Jain Institute Of Technology Management Research Nagpur,Fully Mapped
528.0,4983.0,94.2388582,413791210.0,4137.0,4137,0413791210,Computer Science and Engineering(Data Science),Sir Shantilal Badjate Charitable Trust S S. B. Jain Institute Of Technology Management Research Nagpur,Fully Mapped
529.0,50601.0,54.4646573,413819110.0,4138.0,4138,0413819110,Civil Engineering,Jaidev Education Society J D College Of Engineering And Management Nagpur,Fully Mapped
530.0,31880.0,70.1399487,413824210.0,4138.0,4138,0413824210,Computer Science and Engineering,Jaidev Education Society J D College Of Engineering And Management Nagpur,Fully Mapped
531.0,43539.0,60.301262,413824610.0,4138.0,4138,0413824610,Information Technology,Jaidev Education Society J D College Of Engineering And Management Nagpur,Fully Mapped
532.0,42760.0,61.021199,413837210.0,4138.0,4138,0413837210,Electronics and Telecommunication Engg,Jaidev Education Society J D College Of Engineering And Management Nagpur,Fully Mapped
533.0,28126.0,73.2261373,413891210.0,4138.0,4138,0413891210,Computer Science and Engineering(Data Science),Jaidev Education Society J D College Of Engineering And Management Nagpur,Fully Mapped
534.0,39023.0,64.1774008,413899710.0,4138.0,4138,0413899710,Artificial Intelligence,Jaidev Education Society J D College Of Engineering And Management Nagpur,Fully Mapped
535.0,30188.0,71.5054,413991110.0,4139.0,4139,0413991110,Computer Science and Engineering(Artificial Intelligence and Machine Learning),Samridhi Sarwajanik Charitable Trust Jhulelal Institute Of Technology Nagpur,Fully Mapped
536.0,41946.0,61.6843972,414124510.0,4141.0,4141,0414124510,Computer Engineering,Shriram Gram Vikas Shikshan Sanstha Vilasrao Deshmukh College Of Engineering And Technology Nagpur,Fully Mapped
537.0,67082.0,39.7104189,414124510.0,4141.0,4141,0414124510,Computer Engineering,Shriram Gram Vikas Shikshan Sanstha Vilasrao Deshmukh College Of Engineering And Technology Nagpur,Fully Mapped
538.0,48913.0,55.9222212,414219110.0,4142.0,4142,0414219110,Civil Engineering,G H Raisoni College Of Engineering Management Nagpur,Fully Mapped
539.0,18317.0,82.0169298,414224210.0,4142.0,4142,0414224210,Computer Science and Engineering,G H Raisoni College Of Engineering Management Nagpur,Fully Mapped
540.0,28564.0,72.8491059,414229310.0,4142.0,4142,0414229310,Electrical Engineering,G H Raisoni College Of Engineering Management Nagpur,Fully Mapped
541.0,24917.0,76.0877028,414237210.0,4142.0,4142,0414237210,Electronics and Telecommunication Engg,G H Raisoni College Of Engineering Management Nagpur,Fully Mapped
542.0,47430.0,57.3147779,414261210.0,4142.0,4142,0414261210,Mechanical Engineering,G H Raisoni College Of Engineering Management Nagpur,Fully Mapped
543.0,14963.0,85.1042245,414291010.0,4142.0,4142,0414291010,Computer Science and Engineering(Cyber Security),G H Raisoni College Of Engineering Management Nagpur,Fully Mapped
544.0,23445.0,77.4599403,414299710.0,4142.0,4142,0414299710,Artificial Intelligence,G H Raisoni College Of Engineering Management Nagpur,Fully Mapped
545.0,90097.0,3.7236071,414319110.0,4143.0,4143,0414319110,Civil Engineering,Sanmarg Shikshan Sanstha Mandukarrao Pandav College Of Engineering Bhandara,Fully Mapped
546.0,86288.0,13.6967986,414324510.0,4143.0,4143,0414324510,Computer Engineering,Sanmarg Shikshan Sanstha Mandukarrao Pandav College Of Engineering Bhandara,Fully Mapped
547.0,35818.0,66.6655105,414424210.0,4144.0,4144,0414424210,Computer Science and Engineering,Shri. Sai Shikshan Sanstha Nagpur Institute Of Technology Nagpur,Fully Mapped
548.0,47582.0,57.0706221,414424610.0,4144.0,4144,0414424610,Information Technology,Shri. Sai Shikshan Sanstha Nagpur Institute Of Technology Nagpur,Fully Mapped
549.0,60227.0,46.0832398,414429310.0,4144.0,4144,0414429310,Electrical Engineering,Shri. Sai Shikshan Sanstha Nagpur Institute Of Technology Nagpur,Fully Mapped
550.0,63111.0,43.4350639,414461210.0,4144.0,4144,0414461210,Mechanical Engineering,Shri. Sai Shikshan Sanstha Nagpur Institute Of Technology Nagpur,Fully Mapped
551.0,78444.0,26.6018175,414519110.0,4145.0,4145,0414519110,Civil Engineering,Wainganga College Of Engineering And Management Dongargaon Nagpur,Fully Mapped
552.0,50591.0,54.4646573,414524210.0,4145.0,4145,0414524210,Computer Science and Engineering,Wainganga College Of Engineering And Management Dongargaon Nagpur,Fully Mapped
553.0,69076.0,37.6420166,414529310.0,4145.0,4145,0414529310,Electrical Engineering,Wainganga College Of Engineering And Management Dongargaon Nagpur,Fully Mapped
554.0,61834.0,44.5556551,414537210.0,4145.0,4145,0414537210,Electronics and Telecommunication Engg,Wainganga College Of Engineering And Management Dongargaon Nagpur,Fully Mapped
555.0,70989.0,35.3619737,414561210.0,4145.0,4145,0414561210,Mechanical Engineering,Wainganga College Of Engineering And Management Dongargaon Nagpur,Fully Mapped
556.0,58401.0,47.5550319,414599510.0,4145.0,4145,0414599510,Artificial Intelligence and Data Science,Wainganga College Of Engineering And Management Dongargaon Nagpur,Fully Mapped
557.0,51861.0,53.2931173,414719110.0,4147.0,4147,0414719110,Civil Engineering,K.D.K. College Of Engineering Nagpur,Fully Mapped
558.0,30043.0,71.5849652,414724210.0,4147.0,4147,0414724210,Computer Science and Engineering,K.D.K. College Of Engineering Nagpur,Fully Mapped
559.0,35389.0,67.1114593,414724610.0,4147.0,4147,0414724610,Information Technology,K.D.K. College Of Engineering Nagpur,Fully Mapped
560.0,44382.0,59.8276777,414729310.0,4147.0,4147,0414729310,Electrical Engineering,K.D.K. College Of Engineering Nagpur,Fully Mapped
561.0,39889.0,63.3987981,414737210.0,4147.0,4147,0414737210,Electronics and Telecommunication Engg,K.D.K. College Of Engineering Nagpur,Fully Mapped
562.0,46541.0,57.8069025,414761210.0,4147.0,4147,0414761210,Mechanical Engineering,K.D.K. College Of Engineering Nagpur,Fully Mapped
563.0,35174.0,67.206047,414799510.0,4147.0,4147,0414799510,Artificial Intelligence and Data Science,K.D.K. College Of Engineering Nagpur,Fully Mapped
564.0,67509.0,39.3011281,415100210.0,4151.0,4151,0415100210,Aeronautical Engineering,Tulsiramji Gaikwad Patil College Of Engineering Technology Nagpur,Fully Mapped
565.0,47659.0,58.7374003,415108210.0,4151.0,4151,0415108210,Bio Technology,Tulsiramji Gaikwad Patil College Of Engineering Technology Nagpur,Fully Mapped
566.0,69176.0,37.5946229,415119110.0,4151.0,4151,0415119110,Civil Engineering,Tulsiramji Gaikwad Patil College Of Engineering Technology Nagpur,Fully Mapped
567.0,41023.0,62.3601588,415124210.0,4151.0,4151,0415124210,Computer Science and Engineering,Tulsiramji Gaikwad Patil College Of Engineering Technology Nagpur,Fully Mapped
568.0,50234.0,54.8390756,415124610.0,4151.0,4151,0415124610,Information Technology,Tulsiramji Gaikwad Patil College Of Engineering Technology Nagpur,Fully Mapped
569.0,58668.0,47.4238693,415129310.0,4151.0,4151,0415129310,Electrical Engineering,Tulsiramji Gaikwad Patil College Of Engineering Technology Nagpur,Fully Mapped
570.0,60609.0,45.6439853,415161210.0,4151.0,4151,0415161210,Mechanical Engineering,Tulsiramji Gaikwad Patil College Of Engineering Technology Nagpur,Fully Mapped
571.0,43363.0,60.57336,415191210.0,4151.0,4151,0415191210,Computer Science and Engineering(Data Science),Tulsiramji Gaikwad Patil College Of Engineering Technology Nagpur,Fully Mapped
572.0,50093.0,54.89077,415192110.0,4151.0,4151,0415192110,Artificial Intelligence and Machine Learning,Tulsiramji Gaikwad Patil College Of Engineering Technology Nagpur,Fully Mapped
573.0,62735.0,43.6524512,416324210.0,4163.0,4163,0416324210,Computer Science and Engineering,Rajiv Gandhi College Of Engineering Research Technology Chandrapur,Fully Mapped
574.0,90104.0,3.7117624,416329310.0,4163.0,4163,0416329310,Electrical Engineering,Rajiv Gandhi College Of Engineering Research Technology Chandrapur,Fully Mapped
575.0,84572.0,16.9354839,416337010.0,4163.0,4163,0416337010,Electronics and Communication Engineering,Rajiv Gandhi College Of Engineering Research Technology Chandrapur,Fully Mapped
576.0,71901.0,34.5898521,416361210.0,4163.0,4163,0416361210,Mechanical Engineering,Rajiv Gandhi College Of Engineering Research Technology Chandrapur,Fully Mapped
577.0,43435.0,60.57336,416370110.0,4163.0,4163,0416370110,Mining Engineering,Rajiv Gandhi College Of Engineering Research Technology Chandrapur,Fully Mapped
578.0,56283.0,49.4291847,416391210.0,4163.0,4163,0416391210,Computer Science and Engineering(Data Science),Rajiv Gandhi College Of Engineering Research Technology Chandrapur,Fully Mapped
579.0,38706.0,64.3372475,416719110.0,4167.0,4167,0416719110,Civil Engineering,Yeshwantrao Chavan College Of Engineering Wanadongri Nagpur,Fully Mapped
580.0,9999.0,89.5594918,416724210.0,4167.0,4167,0416724210,Computer Science and Engineering,Yeshwantrao Chavan College Of Engineering Wanadongri Nagpur,Fully Mapped
581.0,16097.0,83.9824953,416724610.0,4167.0,4167,0416724610,Information Technology,Yeshwantrao Chavan College Of Engineering Wanadongri Nagpur,Fully Mapped
582.0,13365.0,86.5071035,416725110.0,4167.0,4167,0416725110,Computer Technology,Yeshwantrao Chavan College Of Engineering Wanadongri Nagpur,Fully Mapped
583.0,28201.0,73.1574211,416735610.0,4167.0,4167,0416735610,Electrical Engg[Electronics and Power],Yeshwantrao Chavan College Of Engineering Wanadongri Nagpur,Fully Mapped
584.0,17252.0,82.9600037,416737210.0,4167.0,4167,0416737210,Electronics and Telecommunication Engg,Yeshwantrao Chavan College Of Engineering Wanadongri Nagpur,Fully Mapped
585.0,21336.0,79.3129321,416737610.0,4167.0,4167,0416737610,Electronics Engineering,Yeshwantrao Chavan College Of Engineering Wanadongri Nagpur,Fully Mapped
586.0,22146.0,78.5483611,416737810.0,4167.0,4167,0416737810,Electronics Engineering ( VLSI Design and Technology),Yeshwantrao Chavan College Of Engineering Wanadongri Nagpur,Fully Mapped
587.0,29583.0,72.0892836,416761210.0,4167.0,4167,0416761210,Mechanical Engineering,Yeshwantrao Chavan College Of Engineering Wanadongri Nagpur,Fully Mapped
588.0,11344.0,88.3903935,416791110.0,4167.0,4167,0416791110,Computer Science and Engineering(Artificial Intelligence and Machine Learning),Yeshwantrao Chavan College Of Engineering Wanadongri Nagpur,Fully Mapped
589.0,16565.0,83.5894145,416799510.0,4167.0,4167,0416799510,Artificial Intelligence and Data Science,Yeshwantrao Chavan College Of Engineering Wanadongri Nagpur,Fully Mapped
590.0,24158.0,76.7160199,417224210.0,4172.0,4172,0417224210,Computer Science and Engineering,Anjuman College Of Engineering Technology Nagpur,Fully Mapped
591.0,65163.0,41.3788891,417229310.0,4172.0,4172,0417229310,Electrical Engineering,Anjuman College Of Engineering Technology Nagpur,Fully Mapped
592.0,47862.0,56.8895744,417237210.0,4172.0,4172,0417237210,Electronics and Telecommunication Engg,Anjuman College Of Engineering Technology Nagpur,Fully Mapped
593.0,64134.0,42.4493618,417261210.0,4172.0,4172,0417261210,Mechanical Engineering,Anjuman College Of Engineering Technology Nagpur,Fully Mapped
594.0,16613.0,83.5731872,417426010.0,4174.0,4174,0417426010,Computer Science and Engineering (Cyber Security),St. Vincent Pallotti College Of Engineering Technology Nagpur,Fully Mapped
595.0,19491.0,81.0122069,417426210.0,4174.0,4174,0417426210,Computer Science and Business Systems,St. Vincent Pallotti College Of Engineering Technology Nagpur,Fully Mapped
596.0,23703.0,77.1867887,417437210.0,4174.0,4174,0417437210,Electronics and Telecommunication Engg,St. Vincent Pallotti College Of Engineering Technology Nagpur,Fully Mapped
597.0,40414.0,62.8786263,417461210.0,4174.0,4174,0417461210,Mechanical Engineering,St. Vincent Pallotti College Of Engineering Technology Nagpur,Fully Mapped
598.0,74307.0,31.6871967,417524210.0,4175.0,4175,0417524210,Computer Science and Engineering,Jmss Shri Shankarprasad Agnihotri College Of Engineering Wardha,Fully Mapped
599.0,163059.0,37.6014199,417537210.0,4175.0,4175,0417537210,Electronics and Telecommunication Engg,Jmss Shri Shankarprasad Agnihotri College Of Engineering Wardha,Fully Mapped
600.0,60249.0,46.0832398,417719110.0,4177.0,4177,0417719110,Civil Engineering,Priyadarshini Bhagwati College Of Engineering Harpur Nagar Umred Road Nagpur,Fully Mapped
601.0,25718.0,75.3388801,417724610.0,4177.0,4177,0417724610,Information Technology,Priyadarshini Bhagwati College Of Engineering Harpur Nagar Umred Road Nagpur,Fully Mapped
602.0,42619.0,61.075729,417737010.0,4177.0,4177,0417737010,Electronics and Communication Engineering,Priyadarshini Bhagwati College Of Engineering Harpur Nagar Umred Road Nagpur,Fully Mapped
603.0,46511.0,57.8069025,417761210.0,4177.0,4177,0417761210,Mechanical Engineering,Priyadarshini Bhagwati College Of Engineering Harpur Nagar Umred Road Nagpur,Fully Mapped
604.0,181158.0,15.4858883,418124510.0,4181.0,4181,0418124510,Computer Engineering,Swaminarayan Siddhanta Institute Of Technology Nagpur,Fully Mapped
605.0,170744.0,28.7732713,418137210.0,4181.0,4181,0418137210,Electronics and Telecommunication Engg,Swaminarayan Siddhanta Institute Of Technology Nagpur,Fully Mapped
606.0,187286.0,9.6129001,418850310.0,4188.0,4188,0418850310,Food Technology,Krushi Jivan Vikas Pratishthan Ballarpur Institute Of Technology Mouza Bamni,Fully Mapped
607.0,187388.0,9.5534224,418850310.0,4188.0,4188,0418850310,Food Technology,Krushi Jivan Vikas Pratishthan Ballarpur Institute Of Technology Mouza Bamni,Fully Mapped
608.0,55323.0,52.8490372,418850310.0,4188.0,4188,0418850310,Food Technology,Krushi Jivan Vikas Pratishthan Ballarpur Institute Of Technology Mouza Bamni,Fully Mapped
609.0,74913.0,30.9483531,419224210.0,4192.0,4192,0419224210,Computer Science and Engineering,Maitraya Education Society Nagarjuna Institute Of Engineering Technology Management Nagpur,Fully Mapped
610.0,87667.0,10.8627219,419235610.0,4192.0,4192,0419235610,Electrical Engg[Electronics and Power],Maitraya Education Society Nagarjuna Institute Of Engineering Technology Management Nagpur,Fully Mapped
611.0,115454.0,75.8854903,419261210.0,4192.0,4192,0419261210,Mechanical Engineering,Maitraya Education Society Nagarjuna Institute Of Engineering Technology Management Nagpur,Fully Mapped
612.0,68697.0,38.0226644,419291110.0,4192.0,4192,0419291110,Computer Science and Engineering(Artificial Intelligence and Machine Learning),Maitraya Education Society Nagarjuna Institute Of Engineering Technology Management Nagpur,Fully Mapped
613.0,68762.0,38.0226644,419324210.0,4193.0,4193,0419324210,Computer Science and Engineering,K.D.M. Education Society Vidharbha Institute Of Technology Umred Road Nagpur,Fully Mapped
614.0,62999.0,43.5428977,419329310.0,4193.0,4193,0419329310,Electrical Engineering,K.D.M. Education Society Vidharbha Institute Of Technology Umred Road Nagpur,Fully Mapped
616.0,73646.0,32.5587952,419337010.0,4193.0,4193,0419337010,Electronics and Communication Engineering,K.D.M. Education Society Vidharbha Institute Of Technology Umred Road Nagpur,Fully Mapped
617.0,73271.0,32.923184,419361210.0,4193.0,4193,0419361210,Mechanical Engineering,K.D.M. Education Society Vidharbha Institute Of Technology Umred Road Nagpur,Fully Mapped
619.0,78258.0,26.7759244,419391110.0,4193.0,4193,0419391110,Computer Science and Engineering(Artificial Intelligence and Machine Learning),K.D.M. Education Society Vidharbha Institute Of Technology Umred Road Nagpur,Fully Mapped
620.0,142489.0,56.5649954,419391210.0,4193.0,4193,0419391210,Computer Science and Engineering(Data Science),K.D.M. Education Society Vidharbha Institute Of Technology Umred Road Nagpur,Fully Mapped
621.0,90350.0,2.8013935,419619110.0,4196.0,4196,0419619110,Civil Engineering,Gurunanak Educational Society S Gurunanak Institute Of Technology Nagpur,Fully Mapped
622.0,64724.0,42.0646645,419624210.0,4196.0,4196,0419624210,Computer Science and Engineering,Gurunanak Educational Society S Gurunanak Institute Of Technology Nagpur,Fully Mapped
623.0,73708.0,32.5587952,419637210.0,4196.0,4196,0419637210,Electronics and Telecommunication Engg,Gurunanak Educational Society S Gurunanak Institute Of Technology Nagpur,Fully Mapped
624.0,180923.0,15.5975889,419661210.0,4196.0,4196,0419661210,Mechanical Engineering,Gurunanak Educational Society S Gurunanak Institute Of Technology Nagpur,Fully Mapped
625.0,64967.0,41.5882088,419691010.0,4196.0,4196,0419691010,Computer Science and Engineering(Cyber Security),Gurunanak Educational Society S Gurunanak Institute Of Technology Nagpur,Fully Mapped
626.0,63168.0,43.2350082,419691210.0,4196.0,4196,0419691210,Computer Science and Engineering(Data Science),Gurunanak Educational Society S Gurunanak Institute Of Technology Nagpur,Fully Mapped
627.0,66572.0,40.0084975,419692110.0,4196.0,4196,0419692110,Artificial Intelligence and Machine Learning,Gurunanak Educational Society S Gurunanak Institute Of Technology Nagpur,Fully Mapped
628.0,66018.0,40.4184233,419724210.0,4197.0,4197,0419724210,Computer Science and Engineering,Jai Mahakali Shikshan Sanstha Agnihotri College Of Engineering Sindhi(Meghe),Fully Mapped
629.0,187712.0,4.0661895,419729310.0,4197.0,4197,0419729310,Electrical Engineering,Jai Mahakali Shikshan Sanstha Agnihotri College Of Engineering Sindhi(Meghe),Fully Mapped
630.0,54934.0,50.7538718,428519110.0,4285.0,4285,0428519110,Civil Engineering,V M Institute Of Engineering And Technology Dongargaon Nagpur,Fully Mapped
631.0,63900.0,42.551712,428519110.0,4285.0,4285,0428519110,Civil Engineering,V M Institute Of Engineering And Technology Dongargaon Nagpur,Fully Mapped
632.0,90322.0,2.9386279,428519110.0,4285.0,4285,0428519110,Civil Engineering,V M Institute Of Engineering And Technology Dongargaon Nagpur,Fully Mapped
633.0,74778.0,31.0231213,428524610.0,4285.0,4285,0428524610,Information Technology,V M Institute Of Engineering And Technology Dongargaon Nagpur,Fully Mapped
634.0,165043.0,35.2166182,428529310.0,4285.0,4285,0428529310,Electrical Engineering,V M Institute Of Engineering And Technology Dongargaon Nagpur,Fully Mapped
635.0,85650.0,15.0697103,428561210.0,4285.0,4285,0428561210,Mechanical Engineering,V M Institute Of Engineering And Technology Dongargaon Nagpur,Fully Mapped
636.0,79265.0,25.2072404,430219110.0,4302.0,4302,0430219110,Civil Engineering,Gondia Education Society S Manoharbhai Patel Institute Of Engineering Technology Shahapur Bhandara,Fully Mapped
637.0,85271.0,15.8726541,430219110.0,4302.0,4302,0430219110,Civil Engineering,Gondia Education Society S Manoharbhai Patel Institute Of Engineering Technology Shahapur Bhandara,Fully Mapped
638.0,89438.0,6.0434238,430219110.0,4302.0,4302,0430219110,Civil Engineering,Gondia Education Society S Manoharbhai Patel Institute Of Engineering Technology Shahapur Bhandara,Fully Mapped
639.0,71440.0,34.7461905,430224510.0,4302.0,4302,0430224510,Computer Engineering,Gondia Education Society S Manoharbhai Patel Institute Of Engineering Technology Shahapur Bhandara,Fully Mapped
642.0,54386.0,51.1269778,461319110.0,4613.0,4613,0461319110,Civil Engineering,Suryodaya College Of Engineering Technology Nagpur,Fully Mapped
643.0,44294.0,59.8276777,461324510.0,4613.0,4613,0461324510,Computer Engineering,Suryodaya College Of Engineering Technology Nagpur,Fully Mapped
644.0,58648.0,47.4238693,461329310.0,4613.0,4613,0461329310,Electrical Engineering,Suryodaya College Of Engineering Technology Nagpur,Fully Mapped
645.0,48410.0,56.2873843,461337210.0,4613.0,4613,0461337210,Electronics and Telecommunication Engg,Suryodaya College Of Engineering Technology Nagpur,Fully Mapped
646.0,61120.0,45.2445766,461361210.0,4613.0,4613,0461361210,Mechanical Engineering,Suryodaya College Of Engineering Technology Nagpur,Fully Mapped
647.0,51765.0,53.4068257,461391210.0,4613.0,4613,0461391210,Computer Science and Engineering(Data Science),Suryodaya College Of Engineering Technology Nagpur,Fully Mapped
648.0,165307.0,34.8626522,464824210.0,4648.0,4648,0464824210,Computer Science and Engineering,R.V. Parankar College Of Engineering Technology Arvi Dist Wardha,Fully Mapped
649.0,80930.0,23.1924839,464824610.0,4648.0,4648,0464824610,Information Technology,R.V. Parankar College Of Engineering Technology Arvi Dist Wardha,Fully Mapped
650.0,48879.0,56.0063988,464919110.0,4649.0,4649,0464919110,Civil Engineering,Bajaj Institute Of Technology Wardha,Fully Mapped
651.0,18581.0,81.7745907,464924510.0,4649.0,4649,0464924510,Computer Engineering,Bajaj Institute Of Technology Wardha,Fully Mapped
652.0,47828.0,56.8895744,464961210.0,4649.0,4649,0464961210,Mechanical Engineering,Bajaj Institute Of Technology Wardha,Fully Mapped
653.0,169113.0,30.8566205,467924210.0,4679.0,4679,0467924210,Computer Science and Engineering,Karanjekar College Of Engineering Management Sakoli,Fully Mapped
654.0,186584.0,6.2399253,470324210.0,4703.0,4703,0470324210,Computer Science and Engineering,Somayya Institute of Technology Chandrapur,Fully Mapped
655.0,125019.0,69.275473,470370110.0,4703.0,4703,0470370110,Mining Engineering,Somayya Institute of Technology Chandrapur,Fully Mapped
656.0,90274.0,3.2056755,470392110.0,4703.0,4703,0470392110,Artificial Intelligence and Machine Learning,Somayya Institute of Technology Chandrapur,Fully Mapped
657.0,65728.0,40.8865248,510319110.0,5103.0,5103,0510319110,Civil Engineering,Shri Shivaji Vidya Prasarak Sanstha S Late Bapusaheb Shivaji Rao Deore College Of Engineering Dhule,Fully Mapped
658.0,47499.0,57.3011125,510324510.0,5103.0,5103,0510324510,Computer Engineering,Shri Shivaji Vidya Prasarak Sanstha S Late Bapusaheb Shivaji Rao Deore College Of Engineering Dhule,Fully Mapped
659.0,43222.0,60.7590468,510337210.0,5103.0,5103,0510337210,Electronics and Telecommunication Engg,Shri Shivaji Vidya Prasarak Sanstha S Late Bapusaheb Shivaji Rao Deore College Of Engineering Dhule,Fully Mapped
660.0,66154.0,40.3058173,510337610.0,5103.0,5103,0510337610,Electronics Engineering,Shri Shivaji Vidya Prasarak Sanstha S Late Bapusaheb Shivaji Rao Deore College Of Engineering Dhule,Fully Mapped
661.0,86790.0,12.9876189,510419110.0,5104.0,5104,0510419110,Civil Engineering,Shramsadhana Bombay Trust College Of Engineering Technology Jalgaon,Fully Mapped
662.0,39603.0,63.5789807,510424510.0,5104.0,5104,0510424510,Computer Engineering,Shramsadhana Bombay Trust College Of Engineering Technology Jalgaon,Fully Mapped
663.0,39186.0,63.8828633,510429310.0,5104.0,5104,0510429310,Electrical Engineering,Shramsadhana Bombay Trust College Of Engineering Technology Jalgaon,Fully Mapped
664.0,46524.0,57.8069025,510437210.0,5104.0,5104,0510437210,Electronics and Telecommunication Engg,Shramsadhana Bombay Trust College Of Engineering Technology Jalgaon,Fully Mapped
665.0,72699.0,33.4481026,510461210.0,5104.0,5104,0510461210,Mechanical Engineering,Shramsadhana Bombay Trust College Of Engineering Technology Jalgaon,Fully Mapped
666.0,51950.0,53.150422,510624510.0,5106.0,5106,0510624510,Computer Engineering,Khandesh College Education Society S College Of Engineering And Management Jalgaon,Fully Mapped
667.0,66165.0,40.3058173,510691210.0,5106.0,5106,0510691210,Computer Science and Engineering(Data Science),Khandesh College Education Society S College Of Engineering And Management Jalgaon,Fully Mapped
668.0,11355.0,88.3902576,510824510.0,5108.0,5108,0510824510,Computer Engineering,Maratha Vidya Prasarak Samaj S Karmaveer Adv. Baburao Ganpatrao Thakare College Of Engineering Nashik,Fully Mapped
669.0,13367.0,86.5071035,510824610.0,5108.0,5108,0510824610,Information Technology,Maratha Vidya Prasarak Samaj S Karmaveer Adv. Baburao Ganpatrao Thakare College Of Engineering Nashik,Fully Mapped
670.0,25040.0,75.9569079,510826310.0,5108.0,5108,0510826310,Artificial Intelligence (AI) and Data Science,Maratha Vidya Prasarak Samaj S Karmaveer Adv. Baburao Ganpatrao Thakare College Of Engineering Nashik,Fully Mapped
671.0,30831.0,71.004238,510829310.0,5108.0,5108,0510829310,Electrical Engineering,Maratha Vidya Prasarak Samaj S Karmaveer Adv. Baburao Ganpatrao Thakare College Of Engineering Nashik,Fully Mapped
672.0,15811.0,84.2977742,510837210.0,5108.0,5108,0510837210,Electronics and Telecommunication Engg,Maratha Vidya Prasarak Samaj S Karmaveer Adv. Baburao Ganpatrao Thakare College Of Engineering Nashik,Fully Mapped
673.0,28619.0,72.8157245,510846410.0,5108.0,5108,0510846410,Instrumentation and Control Engineering,Maratha Vidya Prasarak Samaj S Karmaveer Adv. Baburao Ganpatrao Thakare College Of Engineering Nashik,Fully Mapped
674.0,50361.0,54.6671622,510919110.0,5109.0,5109,0510919110,Civil Engineering,Sandip Foundation Sandip Institute Of Technology And Research Centre Mahiravani Nashik,Fully Mapped
675.0,29208.0,72.4107324,510924510.0,5109.0,5109,0510924510,Computer Engineering,Sandip Foundation Sandip Institute Of Technology And Research Centre Mahiravani Nashik,Fully Mapped
676.0,30719.0,71.1409851,510924610.0,5109.0,5109,0510924610,Information Technology,Sandip Foundation Sandip Institute Of Technology And Research Centre Mahiravani Nashik,Fully Mapped
677.0,31924.0,70.1399487,510937210.0,5109.0,5109,0510937210,Electronics and Telecommunication Engg,Sandip Foundation Sandip Institute Of Technology And Research Centre Mahiravani Nashik,Fully Mapped
678.0,24579.0,76.3872179,510956610.0,5109.0,5109,0510956610,Computer Science,Sandip Foundation Sandip Institute Of Technology And Research Centre Mahiravani Nashik,Fully Mapped
679.0,43626.0,60.2372513,510991610.0,5109.0,5109,0510991610,Automation and Robotics,Sandip Foundation Sandip Institute Of Technology And Research Centre Mahiravani Nashik,Fully Mapped
680.0,21557.0,79.0654111,510992110.0,5109.0,5109,0510992110,Artificial Intelligence and Machine Learning,Sandip Foundation Sandip Institute Of Technology And Research Centre Mahiravani Nashik,Fully Mapped
681.0,29179.0,72.4141775,510999510.0,5109.0,5109,0510999510,Artificial Intelligence and Data Science,Sandip Foundation Sandip Institute Of Technology And Research Centre Mahiravani Nashik,Fully Mapped
682.0,20767.0,79.7832672,512121910.0,5121.0,5121,0512121910,Robotics and Automation,K. K. Wagh Institute Of Engineering Education And Research Nashik,Fully Mapped
683.0,7791.0,91.6368129,512124510.0,5121.0,5121,0512124510,Computer Engineering,K. K. Wagh Institute Of Engineering Education And Research Nashik,Fully Mapped
684.0,11322.0,88.4059449,512124610.0,5121.0,5121,0512124610,Information Technology,K. K. Wagh Institute Of Engineering Education And Research Nashik,Fully Mapped
685.0,23404.0,77.4599403,512129310.0,5121.0,5121,0512129310,Electrical Engineering,K. K. Wagh Institute Of Engineering Education And Research Nashik,Fully Mapped
686.0,13611.0,86.3102151,512137210.0,5121.0,5121,0512137210,Electronics and Telecommunication Engg,K. K. Wagh Institute Of Engineering Education And Research Nashik,Fully Mapped
687.0,11405.0,88.3247089,512199510.0,5121.0,5121,0512199510,Artificial Intelligence and Data Science,K. K. Wagh Institute Of Engineering Education And Research Nashik,Fully Mapped
688.0,181107.0,15.4906838,512419110.0,5124.0,5124,0512419110,Civil Engineering,Jagadamba Education Soc. Nashik S S.N.D. College Of Engineering Reserch Babulgaon,Fully Mapped
689.0,181128.0,15.4858883,512419110.0,5124.0,5124,0512419110,Civil Engineering,Jagadamba Education Soc. Nashik S S.N.D. College Of Engineering Reserch Babulgaon,Fully Mapped
690.0,39678.0,63.5686685,512424510.0,5124.0,5124,0512424510,Computer Engineering,Jagadamba Education Soc. Nashik S S.N.D. College Of Engineering Reserch Babulgaon,Fully Mapped
691.0,52773.0,52.6966136,512424610.0,5124.0,5124,0512424610,Information Technology,Jagadamba Education Soc. Nashik S S.N.D. College Of Engineering Reserch Babulgaon,Fully Mapped
692.0,80691.0,23.6108922,512429310.0,5124.0,5124,0512429310,Electrical Engineering,Jagadamba Education Soc. Nashik S S.N.D. College Of Engineering Reserch Babulgaon,Fully Mapped
693.0,49821.0,55.0951723,512461210.0,5124.0,5124,0512461210,Mechanical Engineering,Jagadamba Education Soc. Nashik S S.N.D. College Of Engineering Reserch Babulgaon,Fully Mapped
694.0,59446.0,46.6555544,512462410.0,5124.0,5124,0512462410,Mechatronics Engineering,Jagadamba Education Soc. Nashik S S.N.D. College Of Engineering Reserch Babulgaon,Fully Mapped
695.0,56350.0,49.3963053,512484410.0,5124.0,5124,0512484410,Electronics and Computer Engineering,Jagadamba Education Soc. Nashik S S.N.D. College Of Engineering Reserch Babulgaon,Fully Mapped
696.0,36879.0,65.7662792,512524510.0,5125.0,5125,0512524510,Computer Engineering,Pravara Rural Education Society S Sir Visvesvaraya Institute Of Technology Chincholi Dist. Nashik,Fully Mapped
697.0,30209.0,71.5054,512524610.0,5125.0,5125,0512524610,Information Technology,Pravara Rural Education Society S Sir Visvesvaraya Institute Of Technology Chincholi Dist. Nashik,Fully Mapped
698.0,64264.0,42.4178836,512550710.0,5125.0,5125,0512550710,Chemical Engineering,Pravara Rural Education Society S Sir Visvesvaraya Institute Of Technology Chincholi Dist. Nashik,Fully Mapped
699.0,185457.0,8.059443,513019110.0,5130.0,5130,0513019110,Civil Engineering,Brahma Valley College Of Engineering Research Trimbakeshwar Nashik,Fully Mapped
700.0,50926.0,54.2765449,513024510.0,5130.0,5130,0513024510,Computer Engineering,Brahma Valley College Of Engineering Research Trimbakeshwar Nashik,Fully Mapped
701.0,83417.0,19.1513391,513029310.0,5130.0,5130,0513029310,Electrical Engineering,Brahma Valley College Of Engineering Research Trimbakeshwar Nashik,Fully Mapped
702.0,61929.0,44.4375985,513919110.0,5139.0,5139,0513919110,Civil Engineering,Pravara Rural College Of Engineering Loni Pravaranagar Ahmednagar.,Fully Mapped
703.0,31028.0,70.8363852,513924510.0,5139.0,5139,0513924510,Computer Engineering,Pravara Rural College Of Engineering Loni Pravaranagar Ahmednagar.,Fully Mapped
704.0,36717.0,65.8994288,513924610.0,5139.0,5139,0513924610,Information Technology,Pravara Rural College Of Engineering Loni Pravaranagar Ahmednagar.,Fully Mapped
705.0,37803.0,65.0561876,513937210.0,5139.0,5139,0513937210,Electronics and Telecommunication Engg,Pravara Rural College Of Engineering Loni Pravaranagar Ahmednagar.,Fully Mapped
706.0,43406.0,60.57336,513946410.0,5139.0,5139,0513946410,Instrumentation and Control Engineering,Pravara Rural College Of Engineering Loni Pravaranagar Ahmednagar.,Fully Mapped
707.0,55301.0,50.5062748,513950710.0,5139.0,5139,0513950710,Chemical Engineering,Pravara Rural College Of Engineering Loni Pravaranagar Ahmednagar.,Fully Mapped
708.0,51203.0,53.9701055,513961210.0,5139.0,5139,0513961210,Mechanical Engineering,Pravara Rural College Of Engineering Loni Pravaranagar Ahmednagar.,Fully Mapped
709.0,41922.0,61.8146129,513984410.0,5139.0,5139,0513984410,Electronics and Computer Engineering,Pravara Rural College Of Engineering Loni Pravaranagar Ahmednagar.,Fully Mapped
710.0,53308.0,52.1076408,513991610.0,5139.0,5139,0513991610,Automation and Robotics,Pravara Rural College Of Engineering Loni Pravaranagar Ahmednagar.,Fully Mapped
711.0,56470.0,49.3223255,515119110.0,5151.0,5151,0515119110,Civil Engineering,Met Bhujbal Knowledge City Met League S Engineering College Adgaon Nashik.,Fully Mapped
712.0,19593.0,80.9001683,515124510.0,5151.0,5151,0515124510,Computer Engineering,Met Bhujbal Knowledge City Met League S Engineering College Adgaon Nashik.,Fully Mapped
713.0,21039.0,79.6181326,515124610.0,5151.0,5151,0515124610,Information Technology,Met Bhujbal Knowledge City Met League S Engineering College Adgaon Nashik.,Fully Mapped
714.0,29956.0,71.6596789,515129310.0,5151.0,5151,0515129310,Electrical Engineering,Met Bhujbal Knowledge City Met League S Engineering College Adgaon Nashik.,Fully Mapped
715.0,19662.0,80.8264647,515137210.0,5151.0,5151,0515137210,Electronics and Telecommunication Engg,Met Bhujbal Knowledge City Met League S Engineering College Adgaon Nashik.,Fully Mapped
716.0,38823.0,64.3278996,515161210.0,5151.0,5151,0515161210,Mechanical Engineering,Met Bhujbal Knowledge City Met League S Engineering College Adgaon Nashik.,Fully Mapped
717.0,24485.0,76.4471767,515199510.0,5151.0,5151,0515199510,Artificial Intelligence and Data Science,Met Bhujbal Knowledge City Met League S Engineering College Adgaon Nashik.,Fully Mapped
718.0,85239.0,15.9083993,515219110.0,5152.0,5152,0515219110,Civil Engineering,G H Raisoni College Of Engineering And Management Jalgaon,Fully Mapped
719.0,36951.0,65.7022258,515224210.0,5152.0,5152,0515224210,Computer Science and Engineering,G H Raisoni College Of Engineering And Management Jalgaon,Fully Mapped
720.0,55300.0,50.5062748,515229310.0,5152.0,5152,0515229310,Electrical Engineering,G H Raisoni College Of Engineering And Management Jalgaon,Fully Mapped
721.0,50240.0,54.8390756,515237210.0,5152.0,5152,0515237210,Electronics and Telecommunication Engg,G H Raisoni College Of Engineering And Management Jalgaon,Fully Mapped
722.0,73282.0,32.923184,515261210.0,5152.0,5152,0515261210,Mechanical Engineering,G H Raisoni College Of Engineering And Management Jalgaon,Fully Mapped
723.0,15358.0,84.6620075,515291310.0,5152.0,5152,0515291310,Computer Science and Engineering (Artificial Intelligence),G H Raisoni College Of Engineering And Management Jalgaon,Fully Mapped
724.0,46873.0,57.7205882,516019110.0,5160.0,5160,0516019110,Civil Engineering,Sanjivani Rural Education Society S Sanjivani College Of Engineering Kopargaon,Fully Mapped
725.0,8977.0,90.5417592,516024510.0,5160.0,5160,0516024510,Computer Engineering,Sanjivani Rural Education Society S Sanjivani College Of Engineering Kopargaon,Fully Mapped
726.0,28208.0,73.1574211,516029310.0,5160.0,5160,0516029310,Electrical Engineering,Sanjivani Rural Education Society S Sanjivani College Of Engineering Kopargaon,Fully Mapped
727.0,26044.0,75.1570798,516062410.0,5160.0,5160,0516062410,Mechatronics Engineering,Sanjivani Rural Education Society S Sanjivani College Of Engineering Kopargaon,Fully Mapped
728.0,20381.0,80.2340136,516084410.0,5160.0,5160,0516084410,Electronics and Computer Engineering,Sanjivani Rural Education Society S Sanjivani College Of Engineering Kopargaon,Fully Mapped
729.0,60806.0,45.4350941,516119110.0,5161.0,5161,0516119110,Civil Engineering,Dr. Vithalrao Vikhe Patil College Of Engineering Ahmednagar,Fully Mapped
730.0,32185.0,69.7929881,516124510.0,5161.0,5161,0516124510,Computer Engineering,Dr. Vithalrao Vikhe Patil College Of Engineering Ahmednagar,Fully Mapped
731.0,37810.0,65.0561876,516124610.0,5161.0,5161,0516124610,Information Technology,Dr. Vithalrao Vikhe Patil College Of Engineering Ahmednagar,Fully Mapped
732.0,52978.0,52.3748972,516129310.0,5161.0,5161,0516129310,Electrical Engineering,Dr. Vithalrao Vikhe Patil College Of Engineering Ahmednagar,Fully Mapped
733.0,47493.0,57.3011125,516137210.0,5161.0,5161,0516137210,Electronics and Telecommunication Engg,Dr. Vithalrao Vikhe Patil College Of Engineering Ahmednagar,Fully Mapped
734.0,36237.0,66.3978839,516137810.0,5161.0,5161,0516137810,Electronics Engineering ( VLSI Design and Technology),Dr. Vithalrao Vikhe Patil College Of Engineering Ahmednagar,Fully Mapped
735.0,55158.0,50.5250721,516161210.0,5161.0,5161,0516161210,Mechanical Engineering,Dr. Vithalrao Vikhe Patil College Of Engineering Ahmednagar,Fully Mapped
736.0,36226.0,66.3978839,516199510.0,5161.0,5161,0516199510,Artificial Intelligence and Data Science,Dr. Vithalrao Vikhe Patil College Of Engineering Ahmednagar,Fully Mapped
737.0,11614.0,88.0839626,516224510.0,5162.0,5162,0516224510,Computer Engineering,Amrutvahini Sheti Shikshan Vikas Sanstha S Amrutvahini College Of Engineering Sangamner,Fully Mapped
738.0,13369.0,86.5071035,516224610.0,5162.0,5162,0516224610,Information Technology,Amrutvahini Sheti Shikshan Vikas Sanstha S Amrutvahini College Of Engineering Sangamner,Fully Mapped
739.0,31276.0,70.5982353,516229310.0,5162.0,5162,0516229310,Electrical Engineering,Amrutvahini Sheti Shikshan Vikas Sanstha S Amrutvahini College Of Engineering Sangamner,Fully Mapped
740.0,31501.0,70.5477463,516237210.0,5162.0,5162,0516237210,Electronics and Telecommunication Engg,Amrutvahini Sheti Shikshan Vikas Sanstha S Amrutvahini College Of Engineering Sangamner,Fully Mapped
741.0,31919.0,70.1399487,516261210.0,5162.0,5162,0516261210,Mechanical Engineering,Amrutvahini Sheti Shikshan Vikas Sanstha S Amrutvahini College Of Engineering Sangamner,Fully Mapped
742.0,24846.0,76.1493665,516284410.0,5162.0,5162,0516284410,Electronics and Computer Engineering,Amrutvahini Sheti Shikshan Vikas Sanstha S Amrutvahini College Of Engineering Sangamner,Fully Mapped
743.0,16139.0,83.9634797,516299510.0,5162.0,5162,0516299510,Artificial Intelligence and Data Science,Amrutvahini Sheti Shikshan Vikas Sanstha S Amrutvahini College Of Engineering Sangamner,Fully Mapped
744.0,45141.0,59.1819949,516424510.0,5164.0,5164,0516424510,Computer Engineering,P.S.G.V.P. Mandal S D.N. Patel College Of Engineering Shahada Dist. Nandurbar,Fully Mapped
745.0,158886.0,41.8427081,516429310.0,5164.0,5164,0516429310,Electrical Engineering,P.S.G.V.P. Mandal S D.N. Patel College Of Engineering Shahada Dist. Nandurbar,Fully Mapped
746.0,56204.0,49.4522425,516824510.0,5168.0,5168,0516824510,Computer Engineering,T.M.E. Society S J.T.Mahajan College Of Engineering Faizpur,Fully Mapped
747.0,71421.0,34.7461905,516924510.0,5169.0,5169,0516924510,Computer Engineering,Nagaon Education Society S Gangamai College Of Engineering Nagaon Tal Dist Dhule,Fully Mapped
748.0,184721.0,9.5534224,516937210.0,5169.0,5169,0516937210,Electronics and Telecommunication Engg,Nagaon Education Society S Gangamai College Of Engineering Nagaon Tal Dist Dhule,Fully Mapped
749.0,61009.0,45.3902963,517024210.0,5170.0,5170,0517024210,Computer Science and Engineering,Hindi Seva Mandal S Shri Sant Gadgebaba College Of Engineering Technology Bhusawal,Fully Mapped
750.0,136092.0,60.6237408,517037210.0,5170.0,5170,0517037210,Electronics and Telecommunication Engg,Hindi Seva Mandal S Shri Sant Gadgebaba College Of Engineering Technology Bhusawal,Fully Mapped
751.0,57471.0,48.5158173,517124510.0,5171.0,5171,0517124510,Computer Engineering,Godavari Foundation S Godavari College Of Engineering Jalgaon,Fully Mapped
752.0,56811.0,49.2401216,517126310.0,5171.0,5171,0517126310,Artificial Intelligence (AI) and Data Science,Godavari Foundation S Godavari College Of Engineering Jalgaon,Fully Mapped
753.0,90304.0,3.0820991,517137210.0,5171.0,5171,0517137210,Electronics and Telecommunication Engg,Godavari Foundation S Godavari College Of Engineering Jalgaon,Fully Mapped
754.0,44501.0,59.6793493,517219110.0,5172.0,5172,0517219110,Civil Engineering,R. C. Patel Institute Of Technology Shirpur,Fully Mapped
755.0,13715.0,86.2093093,517224610.0,5172.0,5172,0517224610,Information Technology,R. C. Patel Institute Of Technology Shirpur,Fully Mapped
756.0,36629.0,66.0841358,517229310.0,5172.0,5172,0517229310,Electrical Engineering,R. C. Patel Institute Of Technology Shirpur,Fully Mapped
757.0,26774.0,74.484865,517237210.0,5172.0,5172,0517237210,Electronics and Telecommunication Engg,R. C. Patel Institute Of Technology Shirpur,Fully Mapped
758.0,25780.0,75.2964062,517292110.0,5172.0,5172,0517292110,Artificial Intelligence and Machine Learning,R. C. Patel Institute Of Technology Shirpur,Fully Mapped
759.0,49405.0,55.5500772,517319110.0,5173.0,5173,0517319110,Civil Engineering,Snjb S Late Sau. Kantabai Bhavarlalji Jain College Of Engineering (Jain Gurukul) Neminagar Chandwad (Nashik),Fully Mapped
760.0,37003.0,65.7022258,517337210.0,5173.0,5173,0517337210,Electronics and Telecommunication Engg,Snjb S Late Sau. Kantabai Bhavarlalji Jain College Of Engineering (Jain Gurukul) Neminagar Chandwad (Nashik),Fully Mapped
761.0,30193.0,71.5054,517724510.0,5177.0,5177,0517724510,Computer Engineering,Matoshri College Of Engineering And Research Centre Eklahare Nashik,Fully Mapped
762.0,30594.0,71.3137477,517724610.0,5177.0,5177,0517724610,Information Technology,Matoshri College Of Engineering And Research Centre Eklahare Nashik,Fully Mapped
763.0,56289.0,49.4291847,517729310.0,5177.0,5177,0517729310,Electrical Engineering,Matoshri College Of Engineering And Research Centre Eklahare Nashik,Fully Mapped
764.0,47113.0,57.4655084,517737210.0,5177.0,5177,0517737210,Electronics and Telecommunication Engg,Matoshri College Of Engineering And Research Centre Eklahare Nashik,Fully Mapped
765.0,58122.0,48.0088741,517761210.0,5177.0,5177,0517761210,Mechanical Engineering,Matoshri College Of Engineering And Research Centre Eklahare Nashik,Fully Mapped
766.0,37788.0,65.0561876,517799510.0,5177.0,5177,0517799510,Artificial Intelligence and Data Science,Matoshri College Of Engineering And Research Centre Eklahare Nashik,Fully Mapped
767.0,67714.0,39.15246,517924510.0,5179.0,5179,0517924510,Computer Engineering,Vishwabharati Academy S College Of Engineering Ahmednagar,Fully Mapped
768.0,56625.0,49.2613509,517926310.0,5179.0,5179,0517926310,Artificial Intelligence (AI) and Data Science,Vishwabharati Academy S College Of Engineering Ahmednagar,Fully Mapped
769.0,183414.0,11.7157385,517984410.0,5179.0,5179,0517984410,Electronics and Computer Engineering,Vishwabharati Academy S College Of Engineering Ahmednagar,Fully Mapped
770.0,26440.0,74.6414234,518124510.0,5181.0,5181,0518124510,Computer Engineering,Gokhale Education Society S R.H. Sapat College Of Engineering Management Studies And Research Nashik,Fully Mapped
771.0,52607.0,52.9550499,518129310.0,5181.0,5181,0518129310,Electrical Engineering,Gokhale Education Society S R.H. Sapat College Of Engineering Management Studies And Research Nashik,Fully Mapped
772.0,41351.0,62.2176714,518161210.0,5181.0,5181,0518161210,Mechanical Engineering,Gokhale Education Society S R.H. Sapat College Of Engineering Management Studies And Research Nashik,Fully Mapped
773.0,27480.0,73.7627293,518199510.0,5181.0,5181,0518199510,Artificial Intelligence and Data Science,Gokhale Education Society S R.H. Sapat College Of Engineering Management Studies And Research Nashik,Fully Mapped
774.0,179449.0,17.776617,518219110.0,5182.0,5182,0518219110,Civil Engineering,Kalyani Charitable Trust Late Gambhirrao Natuba Sapkal College Of Engineering Anjaneri Trimbakeshwar Road Nashik,Fully Mapped
775.0,26474.0,74.5994626,518224510.0,5182.0,5182,0518224510,Computer Engineering,Kalyani Charitable Trust Late Gambhirrao Natuba Sapkal College Of Engineering Anjaneri Trimbakeshwar Road Nashik,Fully Mapped
776.0,47914.0,56.8654349,518226310.0,5182.0,5182,0518226310,Artificial Intelligence (AI) and Data Science,Kalyani Charitable Trust Late Gambhirrao Natuba Sapkal College Of Engineering Anjaneri Trimbakeshwar Road Nashik,Fully Mapped
777.0,56664.0,49.2543008,518229310.0,5182.0,5182,0518229310,Electrical Engineering,Kalyani Charitable Trust Late Gambhirrao Natuba Sapkal College Of Engineering Anjaneri Trimbakeshwar Road Nashik,Fully Mapped
778.0,49601.0,55.223755,518237210.0,5182.0,5182,0518237210,Electronics and Telecommunication Engg,Kalyani Charitable Trust Late Gambhirrao Natuba Sapkal College Of Engineering Anjaneri Trimbakeshwar Road Nashik,Fully Mapped
779.0,168750.0,30.9687071,518419110.0,5184.0,5184,0518419110,Civil Engineering,Amruta Vaishnavi Education Welfare Trust S Shatabdi Institute Of Engineering Research Agaskhind Tal. Sinnar,Fully Mapped
780.0,42600.0,61.075729,518424510.0,5184.0,5184,0518424510,Computer Engineering,Amruta Vaishnavi Education Welfare Trust S Shatabdi Institute Of Engineering Research Agaskhind Tal. Sinnar,Fully Mapped
781.0,71697.0,34.7059173,518437210.0,5184.0,5184,0518437210,Electronics and Telecommunication Engg,Amruta Vaishnavi Education Welfare Trust S Shatabdi Institute Of Engineering Research Agaskhind Tal. Sinnar,Fully Mapped
782.0,34588.0,67.8308824,524425710.0,5244.0,5244,0524425710,Computer Science and Design,Met S Institute Of Technology Polytechnic Bhujbal Knowledge City Adgaon Nashik,Fully Mapped
783.0,29628.0,72.0547535,524491610.0,5244.0,5244,0524491610,Automation and Robotics,Met S Institute Of Technology Polytechnic Bhujbal Knowledge City Adgaon Nashik,Fully Mapped
784.0,69831.0,36.6180714,524492210.0,5244.0,5244,0524492210,Civil and Environmental Engineering,Met S Institute Of Technology Polytechnic Bhujbal Knowledge City Adgaon Nashik,Fully Mapped
785.0,68934.0,37.8563695,525624510.0,5256.0,5256,0525624510,Computer Engineering,Matoshri Education Soceity Matoshri Asarabai Polytechnic Nashik,Fully Mapped
786.0,60694.0,45.5083235,525624610.0,5256.0,5256,0525624610,Information Technology,Matoshri Education Soceity Matoshri Asarabai Polytechnic Nashik,Fully Mapped
787.0,79247.0,25.2072404,526324510.0,5263.0,5263,0526324510,Computer Engineering,Matoshri Education Soceity Matoshri Institute Of Technology Dhanore Nashik,Fully Mapped
788.0,85452.0,15.398999,526337210.0,5263.0,5263,0526337210,Electronics and Telecommunication Engg,Matoshri Education Soceity Matoshri Institute Of Technology Dhanore Nashik,Fully Mapped
789.0,50910.0,54.2809192,530324510.0,5303.0,5303,0530324510,Computer Engineering,Hon. Shri. Babanrao Pachpute Vichardhara Trust Group Of Institutions (Integrated Campus)-Parikrama Kashti Shrigondha,Fully Mapped
790.0,89485.0,5.9004412,530329310.0,5303.0,5303,0530329310,Electrical Engineering,Hon. Shri. Babanrao Pachpute Vichardhara Trust Group Of Institutions (Integrated Campus)-Parikrama Kashti Shrigondha,Fully Mapped
791.0,169382.0,30.8111882,530361210.0,5303.0,5303,0530361210,Mechanical Engineering,Hon. Shri. Babanrao Pachpute Vichardhara Trust Group Of Institutions (Integrated Campus)-Parikrama Kashti Shrigondha,Fully Mapped
792.0,25246.0,75.7901666,533024510.0,5330.0,5330,0533024510,Computer Engineering,Pune Vidyarthi Griha S College Of Engineering Shrikrushna S. Dhamankar Institute Of Management Nashik,Fully Mapped
793.0,35607.0,66.9185014,533024610.0,5330.0,5330,0533024610,Information Technology,Pune Vidyarthi Griha S College Of Engineering Shrikrushna S. Dhamankar Institute Of Management Nashik,Fully Mapped
794.0,44646.0,59.5678435,533037210.0,5330.0,5330,0533037210,Electronics and Telecommunication Engg,Pune Vidyarthi Griha S College Of Engineering Shrikrushna S. Dhamankar Institute Of Management Nashik,Fully Mapped
795.0,38532.0,64.4404871,533099510.0,5330.0,5330,0533099510,Artificial Intelligence and Data Science,Pune Vidyarthi Griha S College Of Engineering Shrikrushna S. Dhamankar Institute Of Management Nashik,Fully Mapped
796.0,66212.0,40.2728836,533119110.0,5331.0,5331,0533119110,Civil Engineering,Sandip Foundation S Sandip Institute Of Engineering Management Nashik,Fully Mapped
797.0,32811.0,69.4141317,533124510.0,5331.0,5331,0533124510,Computer Engineering,Sandip Foundation S Sandip Institute Of Engineering Management Nashik,Fully Mapped
798.0,23154.0,77.655845,533137210.0,5331.0,5331,0533137210,Electronics and Telecommunication Engg,Sandip Foundation S Sandip Institute Of Engineering Management Nashik,Fully Mapped
799.0,49165.0,55.7332577,533161210.0,5331.0,5331,0533161210,Mechanical Engineering,Sandip Foundation S Sandip Institute Of Engineering Management Nashik,Fully Mapped
800.0,185253.0,8.5313833,537099510.0,5370.0,5370,0537099510,Artificial Intelligence and Data Science,Kedareshwar Gramin Vikas Pratishthan Samajbhushan Eknathrao Dhakane College Of Engineering Shevgaon,Fully Mapped
801.0,72420.0,33.6208642,538024510.0,5380.0,5380,0538024510,Computer Engineering,Adsul S Technical Campus Chas Dist. Ahmednagar,Fully Mapped
802.0,79677.0,24.8312223,538024610.0,5380.0,5380,0538024610,Information Technology,Adsul S Technical Campus Chas Dist. Ahmednagar,Fully Mapped
803.0,72999.0,33.1628052,538037210.0,5380.0,5380,0538037210,Electronics and Telecommunication Engg,Adsul S Technical Campus Chas Dist. Ahmednagar,Fully Mapped
804.0,167532.0,32.1785112,538099510.0,5380.0,5380,0538099510,Artificial Intelligence and Data Science,Adsul S Technical Campus Chas Dist. Ahmednagar,Fully Mapped
805.0,85453.0,15.398999,538124210.0,5381.0,5381,0538124210,Computer Science and Engineering,Shri. Jaykumar Rawal Institute Of Technology Dondaicha.,Fully Mapped
806.0,74749.0,31.0581786,538199510.0,5381.0,5381,0538199510,Artificial Intelligence and Data Science,Shri. Jaykumar Rawal Institute Of Technology Dondaicha.,Fully Mapped
807.0,176886.0,21.3858708,538219110.0,5382.0,5382,0538219110,Civil Engineering,Ahmednagar Jilha Maratha Vidya Prasarak Samajache Shri. Chhatrapati Shivaji Maharaj College Of Engineering Nepti,Fully Mapped
808.0,36797.0,65.8983654,538224510.0,5382.0,5382,0538224510,Computer Engineering,Ahmednagar Jilha Maratha Vidya Prasarak Samajache Shri. Chhatrapati Shivaji Maharaj College Of Engineering Nepti,Fully Mapped
809.0,50286.0,54.6709584,538226310.0,5382.0,5382,0538226310,Artificial Intelligence (AI) and Data Science,Ahmednagar Jilha Maratha Vidya Prasarak Samajache Shri. Chhatrapati Shivaji Maharaj College Of Engineering Nepti,Fully Mapped
810.0,55955.0,49.8111979,538237210.0,5382.0,5382,0538237210,Electronics and Telecommunication Engg,Ahmednagar Jilha Maratha Vidya Prasarak Samajache Shri. Chhatrapati Shivaji Maharaj College Of Engineering Nepti,Fully Mapped
811.0,68779.0,37.9717565,538261210.0,5382.0,5382,0538261210,Mechanical Engineering,Ahmednagar Jilha Maratha Vidya Prasarak Samajache Shri. Chhatrapati Shivaji Maharaj College Of Engineering Nepti,Fully Mapped
812.0,54004.0,51.4671199,539019110.0,5390.0,5390,0539019110,Civil Engineering,K.V.N. Naik S. P. Sansth S Loknete Gopinathji Munde Institute Of Engineering Education Research Nashik.,Fully Mapped
813.0,41862.0,61.8478279,539024510.0,5390.0,5390,0539024510,Computer Engineering,K.V.N. Naik S. P. Sansth S Loknete Gopinathji Munde Institute Of Engineering Education Research Nashik.,Fully Mapped
814.0,32521.0,69.5628064,539024610.0,5390.0,5390,0539024610,Information Technology,K.V.N. Naik S. P. Sansth S Loknete Gopinathji Munde Institute Of Engineering Education Research Nashik.,Fully Mapped
815.0,50555.0,54.4646573,539029310.0,5390.0,5390,0539029310,Electrical Engineering,K.V.N. Naik S. P. Sansth S Loknete Gopinathji Munde Institute Of Engineering Education Research Nashik.,Fully Mapped
816.0,58904.0,47.3497393,539061210.0,5390.0,5390,0539061210,Mechanical Engineering,K.V.N. Naik S. P. Sansth S Loknete Gopinathji Munde Institute Of Engineering Education Research Nashik.,Fully Mapped
817.0,51548.0,53.5662784,539092110.0,5390.0,5390,0539092110,Artificial Intelligence and Machine Learning,K.V.N. Naik S. P. Sansth S Loknete Gopinathji Munde Institute Of Engineering Education Research Nashik.,Fully Mapped
818.0,72694.0,33.4481026,539624510.0,5396.0,5396,0539624510,Computer Engineering,College Of Engineering And Technology North Maharashtra Knowledge City Jalgaon,Fully Mapped
819.0,51755.0,53.4068257,539924510.0,5399.0,5399,0539924510,Computer Engineering,Sanghavi College Of Engineering Varvandi Nashik.,Fully Mapped
820.0,53275.0,52.1076408,539924610.0,5399.0,5399,0539924610,Information Technology,Sanghavi College Of Engineering Varvandi Nashik.,Fully Mapped
821.0,81848.0,21.6377935,539929310.0,5399.0,5399,0539929310,Electrical Engineering,Sanghavi College Of Engineering Varvandi Nashik.,Fully Mapped
822.0,189300.0,0.6746593,539961210.0,5399.0,5399,0539961210,Mechanical Engineering,Sanghavi College Of Engineering Varvandi Nashik.,Fully Mapped
823.0,67636.0,39.1527671,539992110.0,5399.0,5399,0539992110,Artificial Intelligence and Machine Learning,Sanghavi College Of Engineering Varvandi Nashik.,Fully Mapped
824.0,152940.0,47.4207012,540119110.0,5401.0,5401,0540119110,Civil Engineering,Jawahar Education Society S Institute Of Technology Management Research Nashik.,Fully Mapped
825.0,49189.0,55.7332577,540124510.0,5401.0,5401,0540124510,Computer Engineering,Jawahar Education Society S Institute Of Technology Management Research Nashik.,Fully Mapped
826.0,44688.0,59.4921959,540124610.0,5401.0,5401,0540124610,Information Technology,Jawahar Education Society S Institute Of Technology Management Research Nashik.,Fully Mapped
827.0,58159.0,47.9617024,540126310.0,5401.0,5401,0540126310,Artificial Intelligence (AI) and Data Science,Jawahar Education Society S Institute Of Technology Management Research Nashik.,Fully Mapped
828.0,81761.0,21.6700467,540129310.0,5401.0,5401,0540129310,Electrical Engineering,Jawahar Education Society S Institute Of Technology Management Research Nashik.,Fully Mapped
829.0,56399.0,49.3963053,540161210.0,5401.0,5401,0540161210,Mechanical Engineering,Jawahar Education Society S Institute Of Technology Management Research Nashik.,Fully Mapped
830.0,164777.0,35.3791065,540824510.0,5408.0,5408,0540824510,Computer Engineering,Vidya Niketan College Of Engineering Bota Sangamner,Fully Mapped
831.0,62531.0,43.7966904,540924510.0,5409.0,5409,0540924510,Computer Engineering,Rajiv Gandhi College Of Engineering At Post Karjule Hariya Tal.Parner Dist.Ahmednagar,Fully Mapped
832.0,117887.0,74.1162962,541124510.0,5411.0,5411,0541124510,Computer Engineering,Maulana Mukhtar Ahmad Nadvi Technical Campus Malegaon.,Fully Mapped
833.0,70339.0,36.131373,541129310.0,5411.0,5411,0541129310,Electrical Engineering,Maulana Mukhtar Ahmad Nadvi Technical Campus Malegaon.,Fully Mapped
834.0,55248.0,50.5081499,541819110.0,5418.0,5418,0541819110,Civil Engineering,Guru Gobind Singh College Of Engineering Research Centre Nashik.,Fully Mapped
835.0,32821.0,69.2931296,541824510.0,5418.0,5418,0541824510,Computer Engineering,Guru Gobind Singh College Of Engineering Research Centre Nashik.,Fully Mapped
836.0,54176.0,51.3638644,541829310.0,5418.0,5418,0541829310,Electrical Engineering,Guru Gobind Singh College Of Engineering Research Centre Nashik.,Fully Mapped
837.0,53653.0,51.7541555,541861210.0,5418.0,5418,0541861210,Mechanical Engineering,Guru Gobind Singh College Of Engineering Research Centre Nashik.,Fully Mapped
838.0,42429.0,61.2790648,543324610.0,5433.0,5433,0543324610,Information Technology,R.C. Patel College Of Engineering And Polytechnic Shirpur,Fully Mapped
839.0,41330.0,62.2176714,543392110.0,5433.0,5433,0543392110,Artificial Intelligence and Machine Learning,R.C. Patel College Of Engineering And Polytechnic Shirpur,Fully Mapped
840.0,25079.0,75.8977267,544924510.0,5449.0,5449,0544924510,Computer Engineering,Shri Vile Parle Kelavani Mandal S Institute Of Technology Dhule,Fully Mapped
841.0,27750.0,73.6727768,544924610.0,5449.0,5449,0544924610,Information Technology,Shri Vile Parle Kelavani Mandal S Institute Of Technology Dhule,Fully Mapped
842.0,47029.0,57.5186655,544961210.0,5449.0,5449,0544961210,Mechanical Engineering,Shri Vile Parle Kelavani Mandal S Institute Of Technology Dhule,Fully Mapped
843.0,88527.0,8.6286825,549724510.0,5497.0,5497,0549724510,Computer Engineering,P.G. College Of Engineering Technology Nandurbar,Fully Mapped
844.0,37794.0,65.0561876,554524210.0,5545.0,5545,0554524210,Computer Science and Engineering,Shri. Vile Parle Kelwani Mandal's College of Engineering Shirpur,Fully Mapped
845.0,35544.0,66.9569433,554584410.0,5545.0,5545,0554584410,Electronics and Computer Engineering,Shri. Vile Parle Kelwani Mandal's College of Engineering Shirpur,Fully Mapped
846.0,42534.0,61.1312926,554591710.0,5545.0,5545,0554591710,Data Science,Shri. Vile Parle Kelwani Mandal's College of Engineering Shirpur,Fully Mapped
849.0,57751.0,48.2678103,612219110.0,6122.0,6122,0612219110,Civil Engineering,Tssms S Pd. Vasantdada Patil Institute Of Technology Bavdhan Pune,Fully Mapped
850.0,22116.0,78.5681061,612224510.0,6122.0,6122,0612224510,Computer Engineering,Tssms S Pd. Vasantdada Patil Institute Of Technology Bavdhan Pune,Fully Mapped
851.0,31338.0,70.5810506,612237210.0,6122.0,6122,0612237210,Electronics and Telecommunication Engg,Tssms S Pd. Vasantdada Patil Institute Of Technology Bavdhan Pune,Fully Mapped
852.0,50789.0,54.3171452,612261210.0,6122.0,6122,0612261210,Mechanical Engineering,Tssms S Pd. Vasantdada Patil Institute Of Technology Bavdhan Pune,Fully Mapped
853.0,57856.0,48.1018012,613819110.0,6138.0,6138,0613819110,Civil Engineering,Genba Sopanrao Moze Trust Parvatibai Genba Moze College Of Engineering Wagholi Pune,Fully Mapped
854.0,29115.0,72.4780171,613824510.0,6138.0,6138,0613824510,Computer Engineering,Genba Sopanrao Moze Trust Parvatibai Genba Moze College Of Engineering Wagholi Pune,Fully Mapped
855.0,35311.0,67.1469863,613824610.0,6138.0,6138,0613824610,Information Technology,Genba Sopanrao Moze Trust Parvatibai Genba Moze College Of Engineering Wagholi Pune,Fully Mapped
856.0,33237.0,68.9875832,613826310.0,6138.0,6138,0613826310,Artificial Intelligence (AI) and Data Science,Genba Sopanrao Moze Trust Parvatibai Genba Moze College Of Engineering Wagholi Pune,Fully Mapped
857.0,38654.0,64.3372475,613837210.0,6138.0,6138,0613837210,Electronics and Telecommunication Engg,Genba Sopanrao Moze Trust Parvatibai Genba Moze College Of Engineering Wagholi Pune,Fully Mapped
858.0,40158.0,63.223538,613861210.0,6138.0,6138,0613861210,Mechanical Engineering,Genba Sopanrao Moze Trust Parvatibai Genba Moze College Of Engineering Wagholi Pune,Fully Mapped
859.0,9944.0,89.661675,613924510.0,6139.0,6139,0613924510,Computer Engineering,Progressive Education Society S Modern College Of Engineering Pune,Fully Mapped
860.0,10577.0,89.0520071,613924610.0,6139.0,6139,0613924610,Information Technology,Progressive Education Society S Modern College Of Engineering Pune,Fully Mapped
861.0,25950.0,75.1739746,613929310.0,6139.0,6139,0613929310,Electrical Engineering,Progressive Education Society S Modern College Of Engineering Pune,Fully Mapped
862.0,12538.0,87.2564193,613937210.0,6139.0,6139,0613937210,Electronics and Telecommunication Engg,Progressive Education Society S Modern College Of Engineering Pune,Fully Mapped
863.0,28459.0,72.9619261,613961210.0,6139.0,6139,0613961210,Mechanical Engineering,Progressive Education Society S Modern College Of Engineering Pune,Fully Mapped
864.0,12106.0,87.6335322,613984410.0,6139.0,6139,0613984410,Electronics and Computer Engineering,Progressive Education Society S Modern College Of Engineering Pune,Fully Mapped
865.0,12830.0,86.9969706,613992110.0,6139.0,6139,0613992110,Artificial Intelligence and Machine Learning,Progressive Education Society S Modern College Of Engineering Pune,Fully Mapped
866.0,12707.0,87.0555049,613999510.0,6139.0,6139,0613999510,Artificial Intelligence and Data Science,Progressive Education Society S Modern College Of Engineering Pune,Fully Mapped
867.0,25797.0,75.2964062,614119110.0,6141.0,6141,0614119110,Civil Engineering,Jaywant Shikshan Prasarak Mandal S Rajarshi Shahu College Of Engineering Tathawade Pune,Fully Mapped
868.0,6736.0,92.620179,614124510.0,6141.0,6141,0614124510,Computer Engineering,Jaywant Shikshan Prasarak Mandal S Rajarshi Shahu College Of Engineering Tathawade Pune,Fully Mapped
869.0,12640.0,87.236404,614129310.0,6141.0,6141,0614129310,Electrical Engineering,Jaywant Shikshan Prasarak Mandal S Rajarshi Shahu College Of Engineering Tathawade Pune,Fully Mapped
870.0,12625.0,87.236404,614137210.0,6141.0,6141,0614137210,Electronics and Telecommunication Engg,Jaywant Shikshan Prasarak Mandal S Rajarshi Shahu College Of Engineering Tathawade Pune,Fully Mapped
871.0,20527.0,80.0308535,614161210.0,6141.0,6141,0614161210,Mechanical Engineering,Jaywant Shikshan Prasarak Mandal S Rajarshi Shahu College Of Engineering Tathawade Pune,Fully Mapped
872.0,15929.0,84.1925518,614191610.0,6141.0,6141,0614191610,Automation and Robotics,Jaywant Shikshan Prasarak Mandal S Rajarshi Shahu College Of Engineering Tathawade Pune,Fully Mapped
873.0,59083.0,46.8194101,614419110.0,6144.0,6144,0614419110,Civil Engineering,Genba Sopanrao Moze College Of Engineering Baner-Balewadi Pune,Fully Mapped
874.0,29473.0,72.1862872,614424510.0,6144.0,6144,0614424510,Computer Engineering,Genba Sopanrao Moze College Of Engineering Baner-Balewadi Pune,Fully Mapped
875.0,35717.0,66.8168645,614424610.0,6144.0,6144,0614424610,Information Technology,Genba Sopanrao Moze College Of Engineering Baner-Balewadi Pune,Fully Mapped
876.0,38170.0,64.7375694,614437210.0,6144.0,6144,0614437210,Electronics and Telecommunication Engg,Genba Sopanrao Moze College Of Engineering Baner-Balewadi Pune,Fully Mapped
877.0,52694.0,52.9420567,614461210.0,6144.0,6144,0614461210,Mechanical Engineering,Genba Sopanrao Moze College Of Engineering Baner-Balewadi Pune,Fully Mapped
878.0,34768.0,67.6020831,614492110.0,6144.0,6144,0614492110,Artificial Intelligence and Machine Learning,Genba Sopanrao Moze College Of Engineering Baner-Balewadi Pune,Fully Mapped
879.0,36054.0,66.5046002,614499510.0,6144.0,6144,0614499510,Artificial Intelligence and Data Science,Genba Sopanrao Moze College Of Engineering Baner-Balewadi Pune,Fully Mapped
880.0,12561.0,87.2479796,614524510.0,6145.0,6145,0614524510,Computer Engineering,Jspm S Jaywantrao Sawant College Of Engineering Pune,Fully Mapped
881.0,15519.0,84.6131613,614524610.0,6145.0,6145,0614524610,Information Technology,Jspm S Jaywantrao Sawant College Of Engineering Pune,Fully Mapped
882.0,15703.0,84.3965965,614526310.0,6145.0,6145,0614526310,Artificial Intelligence (AI) and Data Science,Jspm S Jaywantrao Sawant College Of Engineering Pune,Fully Mapped
883.0,36119.0,66.4341079,614529310.0,6145.0,6145,0614529310,Electrical Engineering,Jspm S Jaywantrao Sawant College Of Engineering Pune,Fully Mapped
884.0,22469.0,78.2154611,614537210.0,6145.0,6145,0614537210,Electronics and Telecommunication Engg,Jspm S Jaywantrao Sawant College Of Engineering Pune,Fully Mapped
885.0,46937.0,57.6979333,614561210.0,6145.0,6145,0614561210,Mechanical Engineering,Jspm S Jaywantrao Sawant College Of Engineering Pune,Fully Mapped
886.0,32467.0,69.5628064,614619110.0,6146.0,6146,0614619110,Civil Engineering,Mit Academy Of Engineering Alandi Pune,Fully Mapped
887.0,9120.0,90.4409471,614624510.0,6146.0,6146,0614624510,Computer Engineering,Mit Academy Of Engineering Alandi Pune,Fully Mapped
888.0,10056.0,89.5178493,614624610.0,6146.0,6146,0614624610,Information Technology,Mit Academy Of Engineering Alandi Pune,Fully Mapped
889.0,11584.0,88.1249525,614637210.0,6146.0,6146,0614637210,Electronics and Telecommunication Engg,Mit Academy Of Engineering Alandi Pune,Fully Mapped
890.0,24766.0,76.2801243,614661210.0,6146.0,6146,0614661210,Mechanical Engineering,Mit Academy Of Engineering Alandi Pune,Fully Mapped
891.0,9504.0,90.0590765,614691110.0,6146.0,6146,0614691110,Computer Science and Engineering(Artificial Intelligence and Machine Learning),Mit Academy Of Engineering Alandi Pune,Fully Mapped
892.0,10464.0,89.1917153,614691210.0,6146.0,6146,0614691210,Computer Science and Engineering(Data Science),Mit Academy Of Engineering Alandi Pune,Fully Mapped
893.0,10340.0,89.2609183,614692710.0,6146.0,6146,0614692710,Computer Engineering (Software Engineering),Mit Academy Of Engineering Alandi Pune,Fully Mapped
894.0,165171.0,34.8626522,614919110.0,6149.0,6149,0614919110,Civil Engineering,Siddhant College Of Engineering A P Sudumbare Tal.Maval Dist-Pune,Fully Mapped
895.0,35822.0,66.6655105,614924510.0,6149.0,6149,0614924510,Computer Engineering,Siddhant College Of Engineering A P Sudumbare Tal.Maval Dist-Pune,Fully Mapped
896.0,37413.0,65.280942,614924610.0,6149.0,6149,0614924610,Information Technology,Siddhant College Of Engineering A P Sudumbare Tal.Maval Dist-Pune,Fully Mapped
897.0,97347.0,89.8755527,614925310.0,6149.0,6149,0614925310,Internet of Things (IoT),Siddhant College Of Engineering A P Sudumbare Tal.Maval Dist-Pune,Fully Mapped
898.0,45344.0,59.075074,614937210.0,6149.0,6149,0614937210,Electronics and Telecommunication Engg,Siddhant College Of Engineering A P Sudumbare Tal.Maval Dist-Pune,Fully Mapped
899.0,59030.0,46.8194101,614961210.0,6149.0,6149,0614961210,Mechanical Engineering,Siddhant College Of Engineering A P Sudumbare Tal.Maval Dist-Pune,Fully Mapped
900.0,40023.0,63.2748837,614992110.0,6149.0,6149,0614992110,Artificial Intelligence and Machine Learning,Siddhant College Of Engineering A P Sudumbare Tal.Maval Dist-Pune,Fully Mapped
901.0,31626.0,70.4596454,614999510.0,6149.0,6149,0614999510,Artificial Intelligence and Data Science,Siddhant College Of Engineering A P Sudumbare Tal.Maval Dist-Pune,Fully Mapped
902.0,44780.0,59.3903304,615519110.0,6155.0,6155,0615519110,Civil Engineering,G.H.Raisoni College Of Engineering Management Wagholi Pune,Fully Mapped
903.0,11437.0,88.3197572,615524510.0,6155.0,6155,0615524510,Computer Engineering,G.H.Raisoni College Of Engineering Management Wagholi Pune,Fully Mapped
904.0,14999.0,85.049922,615524610.0,6155.0,6155,0615524610,Information Technology,G.H.Raisoni College Of Engineering Management Wagholi Pune,Fully Mapped
905.0,21781.0,78.9149832,615529310.0,6155.0,6155,0615529310,Electrical Engineering,G.H.Raisoni College Of Engineering Management Wagholi Pune,Fully Mapped
906.0,15477.0,84.6185669,615537210.0,6155.0,6155,0615537210,Electronics and Telecommunication Engg,G.H.Raisoni College Of Engineering Management Wagholi Pune,Fully Mapped
907.0,36699.0,65.8994288,615561210.0,6155.0,6155,0615561210,Mechanical Engineering,G.H.Raisoni College Of Engineering Management Wagholi Pune,Fully Mapped
908.0,13258.0,86.5946439,615591110.0,6155.0,6155,0615591110,Computer Science and Engineering(Artificial Intelligence and Machine Learning),G.H.Raisoni College Of Engineering Management Wagholi Pune,Fully Mapped
909.0,15005.0,85.049922,615591310.0,6155.0,6155,0615591310,Computer Science and Engineering (Artificial Intelligence),G.H.Raisoni College Of Engineering Management Wagholi Pune,Fully Mapped
910.0,10239.0,89.3902608,615624510.0,6156.0,6156,0615624510,Computer Engineering,Marathwada Mitra Mandal S College Of Engineering Karvenagar Pune,Fully Mapped
911.0,10640.0,89.0306725,615624610.0,6156.0,6156,0615624610,Information Technology,Marathwada Mitra Mandal S College Of Engineering Karvenagar Pune,Fully Mapped
912.0,29446.0,72.1885748,615629310.0,6156.0,6156,0615629310,Electrical Engineering,Marathwada Mitra Mandal S College Of Engineering Karvenagar Pune,Fully Mapped
913.0,13390.0,86.4913391,615637210.0,6156.0,6156,0615637210,Electronics and Telecommunication Engg,Marathwada Mitra Mandal S College Of Engineering Karvenagar Pune,Fully Mapped
914.0,30987.0,70.8363852,615661210.0,6156.0,6156,0615661210,Mechanical Engineering,Marathwada Mitra Mandal S College Of Engineering Karvenagar Pune,Fully Mapped
915.0,13016.0,86.8234416,615699510.0,6156.0,6156,0615699510,Artificial Intelligence and Data Science,Marathwada Mitra Mandal S College Of Engineering Karvenagar Pune,Fully Mapped
916.0,3098.0,96.0344313,617524510.0,6175.0,6175,0617524510,Computer Engineering,Pimpri Chinchwad Education Trust Pimpri Chinchwad College Of Engineering Pune,Fully Mapped
918.0,3273.0,95.8584051,617524610.0,6175.0,6175,0617524610,Information Technology,Pimpri Chinchwad Education Trust Pimpri Chinchwad College Of Engineering Pune,Fully Mapped
919.0,5844.0,93.4569941,617537210.0,6175.0,6175,0617537210,Electronics and Telecommunication Engg,Pimpri Chinchwad Education Trust Pimpri Chinchwad College Of Engineering Pune,Fully Mapped
920.0,12626.0,87.236404,617561210.0,6175.0,6175,0617561210,Mechanical Engineering,Pimpri Chinchwad Education Trust Pimpri Chinchwad College Of Engineering Pune,Fully Mapped
921.0,2925.0,96.2068878,617591110.0,6175.0,6175,0617591110,Computer Science and Engineering(Artificial Intelligence and Machine Learning),Pimpri Chinchwad Education Trust Pimpri Chinchwad College Of Engineering Pune,Fully Mapped
922.0,18224.0,82.7897606,617708210.0,6177.0,6177,0617708210,Bio Technology,Sinhgad College Of Engineering Vadgaon (Bk) Pune,Fully Mapped
923.0,40601.0,62.744513,617719110.0,6177.0,6177,0617719110,Civil Engineering,Sinhgad College Of Engineering Vadgaon (Bk) Pune,Fully Mapped
924.0,9034.0,90.4903574,617724510.0,6177.0,6177,0617724510,Computer Engineering,Sinhgad College Of Engineering Vadgaon (Bk) Pune,Fully Mapped
925.0,10954.0,88.7669328,617724610.0,6177.0,6177,0617724610,Information Technology,Sinhgad College Of Engineering Vadgaon (Bk) Pune,Fully Mapped
926.0,15881.0,84.2462215,617737210.0,6177.0,6177,0617737210,Electronics and Telecommunication Engg,Sinhgad College Of Engineering Vadgaon (Bk) Pune,Fully Mapped
927.0,35429.0,67.061016,617750710.0,6177.0,6177,0617750710,Chemical Engineering,Sinhgad College Of Engineering Vadgaon (Bk) Pune,Fully Mapped
928.0,37849.0,65.0561876,617761210.0,6177.0,6177,0617761210,Mechanical Engineering,Sinhgad College Of Engineering Vadgaon (Bk) Pune,Fully Mapped
929.0,10595.0,89.0433099,617824510.0,6178.0,6178,0617824510,Computer Engineering,Sinhgad Technical Education Society S Smt. Kashibai Navale College Of Engineering Vadgaon Pune,Fully Mapped
930.0,13214.0,86.6346568,617824610.0,6178.0,6178,0617824610,Information Technology,Sinhgad Technical Education Society S Smt. Kashibai Navale College Of Engineering Vadgaon Pune,Fully Mapped
931.0,16554.0,83.5894145,617837210.0,6178.0,6178,0617837210,Electronics and Telecommunication Engg,Sinhgad Technical Education Society S Smt. Kashibai Navale College Of Engineering Vadgaon Pune,Fully Mapped
932.0,43457.0,60.3847628,617861210.0,6178.0,6178,0617861210,Mechanical Engineering,Sinhgad Technical Education Society S Smt. Kashibai Navale College Of Engineering Vadgaon Pune,Fully Mapped
933.0,18017.0,82.321624,617924510.0,6179.0,6179,0617924510,Computer Engineering,Indira College Of Engineering Management Pune,Fully Mapped
934.0,22697.0,78.1078807,617924610.0,6179.0,6179,0617924610,Information Technology,Indira College Of Engineering Management Pune,Fully Mapped
935.0,27089.0,74.1650661,617937210.0,6179.0,6179,0617937210,Electronics and Telecommunication Engg,Indira College Of Engineering Management Pune,Fully Mapped
936.0,13825.0,86.0908425,617999510.0,6179.0,6179,0617999510,Artificial Intelligence and Data Science,Indira College Of Engineering Management Pune,Fully Mapped
937.0,15143.0,84.9235562,618224510.0,6182.0,6182,0618224510,Computer Engineering,Sinhgad Technical Education Society Sinhgad Institute Of Technology And Science Narhe (Ambegaon),Fully Mapped
938.0,19673.0,80.8264647,618224610.0,6182.0,6182,0618224610,Information Technology,Sinhgad Technical Education Society Sinhgad Institute Of Technology And Science Narhe (Ambegaon),Fully Mapped
939.0,27117.0,74.1604046,618237210.0,6182.0,6182,0618237210,Electronics and Telecommunication Engg,Sinhgad Technical Education Society Sinhgad Institute Of Technology And Science Narhe (Ambegaon),Fully Mapped
940.0,45594.0,58.6610048,618261210.0,6182.0,6182,0618261210,Mechanical Engineering,Sinhgad Technical Education Society Sinhgad Institute Of Technology And Science Narhe (Ambegaon),Fully Mapped
941.0,81328.0,22.435729,618361210.0,6183.0,6183,0618361210,Mechanical Engineering,Al-Ameen Educational And Medical Foundation College Of Engineering Koregaon Bhima,Fully Mapped
942.0,89995.0,4.1380072,618361210.0,6183.0,6183,0618361210,Mechanical Engineering,Al-Ameen Educational And Medical Foundation College Of Engineering Koregaon Bhima,Fully Mapped
943.0,72164.0,34.3450426,618419110.0,6184.0,6184,0618419110,Civil Engineering,K. J. S Educational Institut Trinity College Of Engineering And Research Pisoli Haveli,Fully Mapped
944.0,28754.0,72.7256174,618424510.0,6184.0,6184,0618424510,Computer Engineering,K. J. S Educational Institut Trinity College Of Engineering And Research Pisoli Haveli,Fully Mapped
945.0,29735.0,71.9171273,618424610.0,6184.0,6184,0618424610,Information Technology,K. J. S Educational Institut Trinity College Of Engineering And Research Pisoli Haveli,Fully Mapped
946.0,48202.0,56.4946109,618429310.0,6184.0,6184,0618429310,Electrical Engineering,K. J. S Educational Institut Trinity College Of Engineering And Research Pisoli Haveli,Fully Mapped
947.0,40399.0,62.8786263,618437210.0,6184.0,6184,0618437210,Electronics and Telecommunication Engg,K. J. S Educational Institut Trinity College Of Engineering And Research Pisoli Haveli,Fully Mapped
948.0,65959.0,40.7079812,618461210.0,6184.0,6184,0618461210,Mechanical Engineering,K. J. S Educational Institut Trinity College Of Engineering And Research Pisoli Haveli,Fully Mapped
949.0,20228.0,80.3563495,618524510.0,6185.0,6185,0618524510,Computer Engineering,Sinhgad Institute Of Technology,Fully Mapped
950.0,20916.0,79.6499068,618524610.0,6185.0,6185,0618524610,Information Technology,Sinhgad Institute Of Technology,Fully Mapped
951.0,36679.0,66.0357656,618529310.0,6185.0,6185,0618529310,Electrical Engineering,Sinhgad Institute Of Technology,Fully Mapped
952.0,31454.0,70.5477463,618537210.0,6185.0,6185,0618537210,Electronics and Telecommunication Engg,Sinhgad Institute Of Technology,Fully Mapped
953.0,55449.0,50.1654969,618561210.0,6185.0,6185,0618561210,Mechanical Engineering,Sinhgad Institute Of Technology,Fully Mapped
954.0,65662.0,40.9215197,618719110.0,6187.0,6187,0618719110,Civil Engineering,Sinhgad Academy Of Engineering Kondhwa (Bk) Kondhwa-Saswad Road Pune,Fully Mapped
955.0,21520.0,79.0831401,618724510.0,6187.0,6187,0618724510,Computer Engineering,Sinhgad Academy Of Engineering Kondhwa (Bk) Kondhwa-Saswad Road Pune,Fully Mapped
956.0,22862.0,77.8808072,618724610.0,6187.0,6187,0618724610,Information Technology,Sinhgad Academy Of Engineering Kondhwa (Bk) Kondhwa-Saswad Road Pune,Fully Mapped
957.0,31898.0,70.1399487,618737210.0,6187.0,6187,0618737210,Electronics and Telecommunication Engg,Sinhgad Academy Of Engineering Kondhwa (Bk) Kondhwa-Saswad Road Pune,Fully Mapped
958.0,49356.0,55.5827825,618761210.0,6187.0,6187,0618761210,Mechanical Engineering,Sinhgad Academy Of Engineering Kondhwa (Bk) Kondhwa-Saswad Road Pune,Fully Mapped
959.0,43951.0,60.0923182,620319110.0,6203.0,6203,0620319110,Civil Engineering,Marathwada Mitra Mandal S Institute Of Technology Lohgaon Pune,Fully Mapped
960.0,18837.0,81.5751525,620324510.0,6203.0,6203,0620324510,Computer Engineering,Marathwada Mitra Mandal S Institute Of Technology Lohgaon Pune,Fully Mapped
961.0,26666.0,74.5577528,620326610.0,6203.0,6203,0620326610,Robotics and Artificial Intelligence,Marathwada Mitra Mandal S Institute Of Technology Lohgaon Pune,Fully Mapped
962.0,41195.0,62.2823599,620361210.0,6203.0,6203,0620361210,Mechanical Engineering,Marathwada Mitra Mandal S Institute Of Technology Lohgaon Pune,Fully Mapped
963.0,31091.0,70.8348135,620362410.0,6203.0,6203,0620362410,Mechatronics Engineering,Marathwada Mitra Mandal S Institute Of Technology Lohgaon Pune,Fully Mapped
964.0,23795.0,77.0955651,620399510.0,6203.0,6203,0620399510,Artificial Intelligence and Data Science,Marathwada Mitra Mandal S Institute Of Technology Lohgaon Pune,Fully Mapped
965.0,28864.0,72.7256174,620624510.0,6206.0,6206,0620624510,Computer Engineering,Pune District Education Association S College Of Engineering Manjari(Bk) Hadapsar Pune,Fully Mapped
966.0,30347.0,71.3782692,620624610.0,6206.0,6206,0620624610,Information Technology,Pune District Education Association S College Of Engineering Manjari(Bk) Hadapsar Pune,Fully Mapped
967.0,33578.0,68.6174754,620637210.0,6206.0,6206,0620637210,Electronics and Telecommunication Engg,Pune District Education Association S College Of Engineering Manjari(Bk) Hadapsar Pune,Fully Mapped
968.0,61230.0,45.1836004,620661210.0,6206.0,6206,0620661210,Mechanical Engineering,Pune District Education Association S College Of Engineering Manjari(Bk) Hadapsar Pune,Fully Mapped
969.0,33493.0,68.6899069,620699510.0,6206.0,6206,0620699510,Artificial Intelligence and Data Science,Pune District Education Association S College Of Engineering Manjari(Bk) Hadapsar Pune,Fully Mapped
970.0,34149.0,68.2213405,620719110.0,6207.0,6207,0620719110,Civil Engineering,Dr. D. Y. Patil Unitech Society S Dr. D. Y. Patil Institute Of Technology Pimpri Pune,Fully Mapped
971.0,6733.0,92.620179,620724510.0,6207.0,6207,0620724510,Computer Engineering,Dr. D. Y. Patil Unitech Society S Dr. D. Y. Patil Institute Of Technology Pimpri Pune,Fully Mapped
972.0,11449.0,88.2988047,620729310.0,6207.0,6207,0620729310,Electrical Engineering,Dr. D. Y. Patil Unitech Society S Dr. D. Y. Patil Institute Of Technology Pimpri Pune,Fully Mapped
973.0,11276.0,88.422586,620737210.0,6207.0,6207,0620737210,Electronics and Telecommunication Engg,Dr. D. Y. Patil Unitech Society S Dr. D. Y. Patil Institute Of Technology Pimpri Pune,Fully Mapped
974.0,26721.0,74.5526686,620746610.0,6207.0,6207,0620746610,Instrumentation Engineering,Dr. D. Y. Patil Unitech Society S Dr. D. Y. Patil Institute Of Technology Pimpri Pune,Fully Mapped
975.0,18170.0,82.1741014,620761210.0,6207.0,6207,0620761210,Mechanical Engineering,Dr. D. Y. Patil Unitech Society S Dr. D. Y. Patil Institute Of Technology Pimpri Pune,Fully Mapped
976.0,13779.0,86.1190259,620791610.0,6207.0,6207,0620791610,Automation and Robotics,Dr. D. Y. Patil Unitech Society S Dr. D. Y. Patil Institute Of Technology Pimpri Pune,Fully Mapped
977.0,7172.0,92.2424106,620799510.0,6207.0,6207,0620799510,Artificial Intelligence and Data Science,Dr. D. Y. Patil Unitech Society S Dr. D. Y. Patil Institute Of Technology Pimpri Pune,Fully Mapped
978.0,14958.0,85.1042245,621424510.0,6214.0,6214,0621424510,Computer Engineering,K. E. Society S Rajarambapu Institute Of Technology Walwa Sangli,Fully Mapped
979.0,28637.0,72.8157245,621437210.0,6214.0,6214,0621437210,Electronics and Telecommunication Engg,K. E. Society S Rajarambapu Institute Of Technology Walwa Sangli,Fully Mapped
980.0,187379.0,4.9021985,621719110.0,6217.0,6217,0621719110,Civil Engineering,Shri. Balasaheb Mane Shikshan Prasarak Mandal S Ashokrao Mane Group Of Institutions,Fully Mapped
981.0,64666.0,42.0665339,621724210.0,6217.0,6217,0621724210,Computer Science and Engineering,Shri. Balasaheb Mane Shikshan Prasarak Mandal S Ashokrao Mane Group Of Institutions,Fully Mapped
982.0,73427.0,32.7650665,621726310.0,6217.0,6217,0621726310,Artificial Intelligence (AI) and Data Science,Shri. Balasaheb Mane Shikshan Prasarak Mandal S Ashokrao Mane Group Of Institutions,Fully Mapped
983.0,143974.0,54.7526673,621729310.0,6217.0,6217,0621729310,Electrical Engineering,Shri. Balasaheb Mane Shikshan Prasarak Mandal S Ashokrao Mane Group Of Institutions,Fully Mapped
984.0,145761.0,53.7424491,621784410.0,6217.0,6217,0621784410,Electronics and Computer Engineering,Shri. Balasaheb Mane Shikshan Prasarak Mandal S Ashokrao Mane Group Of Institutions,Fully Mapped
985.0,51189.0,53.9701055,621792110.0,6217.0,6217,0621792110,Artificial Intelligence and Machine Learning,Shri. Balasaheb Mane Shikshan Prasarak Mandal S Ashokrao Mane Group Of Institutions,Fully Mapped
986.0,7429.0,91.9968106,621924210.0,6219.0,6219,0621924210,Computer Science and Engineering,Ksgbs S Bharat- Ratna Indira Gandhi College Of Engineering Kegaon Solapur,Fully Mapped
987.0,143995.0,54.7526673,621924210.0,6219.0,6219,0621924210,Computer Science and Engineering,Ksgbs S Bharat- Ratna Indira Gandhi College Of Engineering Kegaon Solapur,Fully Mapped
988.0,78370.0,26.6164877,621924210.0,6219.0,6219,0621924210,Computer Science and Engineering,Ksgbs S Bharat- Ratna Indira Gandhi College Of Engineering Kegaon Solapur,Fully Mapped
989.0,31683.0,70.4103342,621924210.0,6219.0,6219,0621924210,Computer Science and Engineering,Ksgbs S Bharat- Ratna Indira Gandhi College Of Engineering Kegaon Solapur,Fully Mapped
990.0,188583.0,2.3547683,621924210.0,6219.0,6219,0621924210,Computer Science and Engineering,Ksgbs S Bharat- Ratna Indira Gandhi College Of Engineering Kegaon Solapur,Fully Mapped
991.0,140613.0,57.3310702,621961210.0,6219.0,6219,0621961210,Mechanical Engineering,Ksgbs S Bharat- Ratna Indira Gandhi College Of Engineering Kegaon Solapur,Fully Mapped
992.0,56262.0,49.4291847,622019110.0,6220.0,6220,0622019110,Civil Engineering,Shri Vithal Education And Research Institute S College Of Engineering Pandharpur,Fully Mapped
993.0,32498.0,69.5628064,622024210.0,6220.0,6220,0622024210,Computer Science and Engineering,Shri Vithal Education And Research Institute S College Of Engineering Pandharpur,Fully Mapped
994.0,33465.0,68.7472982,622037210.0,6220.0,6220,0622037210,Electronics and Telecommunication Engg,Shri Vithal Education And Research Institute S College Of Engineering Pandharpur,Fully Mapped
995.0,64020.0,42.5307753,622061210.0,6220.0,6220,0622061210,Mechanical Engineering,Shri Vithal Education And Research Institute S College Of Engineering Pandharpur,Fully Mapped
996.0,67767.0,38.9966089,622219110.0,6222.0,6222,0622219110,Civil Engineering,Dattajirao Kadam Technical Education Society S Textile Engineering Institute Ichalkaranji.,Fully Mapped
997.0,17874.0,82.3624792,622224210.0,6222.0,6222,0622224210,Computer Science and Engineering,Dattajirao Kadam Technical Education Society S Textile Engineering Institute Ichalkaranji.,Fully Mapped
998.0,31392.0,70.5787934,622226310.0,6222.0,6222,0622226310,Artificial Intelligence (AI) and Data Science,Dattajirao Kadam Technical Education Society S Textile Engineering Institute Ichalkaranji.,Fully Mapped
999.0,28709.0,72.7843348,622229310.0,6222.0,6222,0622229310,Electrical Engineering,Dattajirao Kadam Technical Education Society S Textile Engineering Institute Ichalkaranji.,Fully Mapped
