sr_no,rank,percentile,choice_code,institute_code,college_code,course_code,course_name,college_name,mapping_status
1.0,10233.0,89.3995517,110124210.0,1101.0,1101,0110124210,Computer Science and Engineering,Shri Sant Gajanan Maharaj College Of Engineering Shegaon,Fully Mapped
2.0,14696.0,85.3175964,110124610.0,1101.0,1101,0110124610,Information Technology,Shri Sant Gajanan Maharaj College Of Engineering Shegaon,Fully Mapped
3.0,21006.0,79.6181326,110135610.0,1101.0,1101,0110135610,Electrical Engg[Electronics and Power],Shri Sant Gajanan Maharaj College Of Engineering Shegaon,Fully Mapped
4.0,19830.0,80.7176074,110137210.0,1101.0,1101,0110137210,Electronics and Telecommunication Engg,Shri Sant Gajanan Maharaj College Of Engineering Shegaon,Fully Mapped
5.0,30398.0,71.3769198,110161210.0,1101.0,1101,0110161210,Mechanical Engineering,Shri Sant Gajanan Maharaj College Of Engineering Shegaon,Fully Mapped
6.0,50584.0,54.4646573,110519110.0,1105.0,1105,0110519110,Civil Engineering,Prof. Ram Meghe Institute Of Technology Research Amravati,Fully Mapped
7.0,23421.0,77.4599403,110524210.0,1105.0,1105,0110524210,Computer Science and Engineering,Prof. Ram Meghe Institute Of Technology Research Amravati,Fully Mapped
8.0,27846.0,73.6143868,110524610.0,1105.0,1105,0110524610,Information Technology,Prof. Ram Meghe Institute Of Technology Research Amravati,Fully Mapped
9.0,32165.0,69.7929881,110526310.0,1105.0,1105,0110526310,Artificial Intelligence (AI) and Data Science,Prof. Ram Meghe Institute Of Technology Research Amravati,Fully Mapped
10.0,38259.0,64.7153175,110526710.0,1105.0,1105,0110526710,Computer Science and Engineering (IoT),Prof. Ram Meghe Institute Of Technology Research Amravati,Fully Mapped
11.0,37657.0,65.2441867,110537210.0,1105.0,1105,0110537210,Electronics and Telecommunication Engg,Prof. Ram Meghe Institute Of Technology Research Amravati,Fully Mapped
12.0,58054.0,48.0088741,110561210.0,1105.0,1105,0110561210,Mechanical Engineering,Prof. Ram Meghe Institute Of Technology Research Amravati,Fully Mapped
13.0,46054.0,58.2828077,110719110.0,1107.0,1107,0110719110,Civil Engineering,P. R. Pote Patil College Of Engineering Management Amravati,Fully Mapped
14.0,29616.0,72.0547535,110724210.0,1107.0,1107,0110724210,Computer Science and Engineering,P. R. Pote Patil College Of Engineering Management Amravati,Fully Mapped
15.0,39579.0,63.5789807,110729310.0,1107.0,1107,0110729310,Electrical Engineering,P. R. Pote Patil College Of Engineering Management Amravati,Fully Mapped
16.0,41148.0,62.3601588,110737210.0,1107.0,1107,0110737210,Electronics and Telecommunication Engg,P. R. Pote Patil College Of Engineering Management Amravati,Fully Mapped
17.0,57942.0,48.1018012,110761210.0,1107.0,1107,0110761210,Mechanical Engineering,P. R. Pote Patil College Of Engineering Management Amravati,Fully Mapped
18.0,40651.0,62.744513,110791110.0,1107.0,1107,0110791110,Computer Science and Engineering(Artificial Intelligence and Machine Learning),P. R. Pote Patil College Of Engineering Management Amravati,Fully Mapped
19.0,32520.0,69.5628064,110799510.0,1107.0,1107,0110799510,Artificial Intelligence and Data Science,P. R. Pote Patil College Of Engineering Management Amravati,Fully Mapped
20.0,50588.0,54.4646573,111419110.0,1114.0,1114,0111419110,Civil Engineering,Sipna Shikshan Prasarak Mandal College Of Engineering Technology Amravati,Fully Mapped
21.0,30917.0,70.864798,111424210.0,1114.0,1114,0111424210,Computer Science and Engineering,Sipna Shikshan Prasarak Mandal College Of Engineering Technology Amravati,Fully Mapped
22.0,34735.0,67.6020831,111424610.0,1114.0,1114,0111424610,Information Technology,Sipna Shikshan Prasarak Mandal College Of Engineering Technology Amravati,Fully Mapped
23.0,38969.0,64.2435857,111426310.0,1114.0,1114,0111426310,Artificial Intelligence (AI) and Data Science,Sipna Shikshan Prasarak Mandal College Of Engineering Technology Amravati,Fully Mapped
24.0,42664.0,61.0395438,111437210.0,1114.0,1114,0111437210,Electronics and Telecommunication Engg,Sipna Shikshan Prasarak Mandal College Of Engineering Technology Amravati,Fully Mapped
25.0,59551.0,46.5960891,111461210.0,1114.0,1114,0111461210,Mechanical Engineering,Sipna Shikshan Prasarak Mandal College Of Engineering Technology Amravati,Fully Mapped
26.0,79920.0,24.3000585,111619110.0,1116.0,1116,0111619110,Civil Engineering,Shri Shivaji Education Society S College Of Engineering And Technology Akola,Fully Mapped
27.0,53758.0,51.7277506,111624210.0,1116.0,1116,0111624210,Computer Science and Engineering,Shri Shivaji Education Society S College Of Engineering And Technology Akola,Fully Mapped
28.0,60712.0,45.5083235,111624610.0,1116.0,1116,0111624610,Information Technology,Shri Shivaji Education Society S College Of Engineering And Technology Akola,Fully Mapped
29.0,89882.0,4.5569597,111650710.0,1116.0,1116,0111650710,Chemical Engineering,Shri Shivaji Education Society S College Of Engineering And Technology Akola,Fully Mapped
30.0,86121.0,14.1188147,111661210.0,1116.0,1116,0111661210,Mechanical Engineering,Shri Shivaji Education Society S College Of Engineering And Technology Akola,Fully Mapped
31.0,170905.0,28.7003692,111719110.0,1117.0,1117,0111719110,Civil Engineering,Janata Shikshan Prasarak Mandal S Babasaheb Naik College Of Engineering Pusad,Fully Mapped
32.0,64178.0,42.4493618,111724210.0,1117.0,1117,0111724210,Computer Science and Engineering,Janata Shikshan Prasarak Mandal S Babasaheb Naik College Of Engineering Pusad,Fully Mapped
33.0,171239.0,28.0884374,111735610.0,1117.0,1117,0111735610,Electrical Engg[Electronics and Power],Janata Shikshan Prasarak Mandal S Babasaheb Naik College Of Engineering Pusad,Fully Mapped
34.0,175693.0,22.5020163,111761210.0,1117.0,1117,0111761210,Mechanical Engineering,Janata Shikshan Prasarak Mandal S Babasaheb Naik College Of Engineering Pusad,Fully Mapped
35.0,67347.0,39.4204787,111799510.0,1117.0,1117,0111799510,Artificial Intelligence and Data Science,Janata Shikshan Prasarak Mandal S Babasaheb Naik College Of Engineering Pusad,Fully Mapped
36.0,52299.0,53.0111146,111924210.0,1119.0,1119,0111924210,Computer Science and Engineering,Paramhansa Ramkrishna Maunibaba Shikshan Santha S Anuradha Engineering College Chikhali,Fully Mapped
37.0,57675.0,48.2828053,111924610.0,1119.0,1119,0111924610,Information Technology,Paramhansa Ramkrishna Maunibaba Shikshan Santha S Anuradha Engineering College Chikhali,Fully Mapped
38.0,57236.0,48.6301306,111937210.0,1119.0,1119,0111937210,Electronics and Telecommunication Engg,Paramhansa Ramkrishna Maunibaba Shikshan Santha S Anuradha Engineering College Chikhali,Fully Mapped
39.0,185757.0,7.8241614,111961210.0,1119.0,1119,0111961210,Mechanical Engineering,Paramhansa Ramkrishna Maunibaba Shikshan Santha S Anuradha Engineering College Chikhali,Fully Mapped
40.0,60862.0,45.4194405,112019110.0,1120.0,1120,0112019110,Civil Engineering,Jawaharlal Darda Institute Of Engineering And Technology Yavatmal,Fully Mapped
41.0,24333.0,76.5782276,112024210.0,1120.0,1120,0112024210,Computer Science and Engineering,Jawaharlal Darda Institute Of Engineering And Technology Yavatmal,Fully Mapped
42.0,57665.0,48.2828053,112029310.0,1120.0,1120,0112029310,Electrical Engineering,Jawaharlal Darda Institute Of Engineering And Technology Yavatmal,Fully Mapped
43.0,53063.0,52.2708244,112061210.0,1120.0,1120,0112061210,Mechanical Engineering,Jawaharlal Darda Institute Of Engineering And Technology Yavatmal,Fully Mapped
44.0,81483.0,22.2291132,112089310.0,1120.0,1120,0112089310,Textile Engineering / Technology,Jawaharlal Darda Institute Of Engineering And Technology Yavatmal,Fully Mapped
45.0,41906.0,61.8146129,112124210.0,1121.0,1121,0112124210,Computer Science and Engineering,Shri Hanuman Vyayam Prasarak Mandals College Of Engineering Technology Amravati,Fully Mapped
46.0,47370.0,57.3147779,112124610.0,1121.0,1121,0112124610,Information Technology,Shri Hanuman Vyayam Prasarak Mandals College Of Engineering Technology Amravati,Fully Mapped
47.0,53861.0,51.6653141,112137210.0,1121.0,1121,0112137210,Electronics and Telecommunication Engg,Shri Hanuman Vyayam Prasarak Mandals College Of Engineering Technology Amravati,Fully Mapped
48.0,63129.0,43.2350082,112161210.0,1121.0,1121,0112161210,Mechanical Engineering,Shri Hanuman Vyayam Prasarak Mandals College Of Engineering Technology Amravati,Fully Mapped
49.0,75754.0,30.2248659,112319110.0,1123.0,1123,0112319110,Civil Engineering,Dr.Rajendra Gode Institute Of Technology Research Amravati,Fully Mapped
50.0,48613.0,56.1275609,112324210.0,1123.0,1123,0112324210,Computer Science and Engineering,Dr.Rajendra Gode Institute Of Technology Research Amravati,Fully Mapped
51.0,57548.0,48.292859,112337210.0,1123.0,1123,0112337210,Electronics and Telecommunication Engg,Dr.Rajendra Gode Institute Of Technology Research Amravati,Fully Mapped
52.0,73459.0,32.7650665,112361210.0,1123.0,1123,0112361210,Mechanical Engineering,Dr.Rajendra Gode Institute Of Technology Research Amravati,Fully Mapped
53.0,82108.0,21.1609042,112519110.0,1125.0,1125,0112519110,Civil Engineering,Dwarka Bahu Uddeshiya Gramin Vikas Foundation Rajarshi Shahu College Of Engineering Buldhana,Fully Mapped
54.0,81251.0,22.6296139,112524210.0,1125.0,1125,0112524210,Computer Science and Engineering,Dwarka Bahu Uddeshiya Gramin Vikas Foundation Rajarshi Shahu College Of Engineering Buldhana,Fully Mapped
55.0,90757.0,1.0788802,112526310.0,1125.0,1125,0112526310,Artificial Intelligence (AI) and Data Science,Dwarka Bahu Uddeshiya Gramin Vikas Foundation Rajarshi Shahu College Of Engineering Buldhana,Fully Mapped
56.0,84046.0,17.9633123,112529310.0,1125.0,1125,0112529310,Electrical Engineering,Dwarka Bahu Uddeshiya Gramin Vikas Foundation Rajarshi Shahu College Of Engineering Buldhana,Fully Mapped
57.0,180891.0,15.5975889,112619110.0,1126.0,1126,0112619110,Civil Engineering,Takshashila Institute Of Engineering Technology Darapur Amravati,Fully Mapped
58.0,67567.0,39.1527671,112624210.0,1126.0,1126,0112624210,Computer Science and Engineering,Takshashila Institute Of Engineering Technology Darapur Amravati,Fully Mapped
59.0,176130.0,22.1725851,112629310.0,1126.0,1126,0112629310,Electrical Engineering,Takshashila Institute Of Engineering Technology Darapur Amravati,Fully Mapped
60.0,77567.0,27.8601519,112637210.0,1126.0,1126,0112637210,Electronics and Telecommunication Engg,Takshashila Institute Of Engineering Technology Darapur Amravati,Fully Mapped
61.0,177909.0,19.5522021,112661210.0,1126.0,1126,0112661210,Mechanical Engineering,Takshashila Institute Of Engineering Technology Darapur Amravati,Fully Mapped
62.0,81767.0,21.6700467,112719110.0,1127.0,1127,0112719110,Civil Engineering,Jagadambha Bahuuddeshiya Gramin Vikas Sanstha S Jagdambha College Of Engineering And Technology Yavatmal,Fully Mapped
63.0,57257.0,48.6301306,112724510.0,1127.0,1127,0112724510,Computer Engineering,Jagadambha Bahuuddeshiya Gramin Vikas Sanstha S Jagdambha College Of Engineering And Technology Yavatmal,Fully Mapped
64.0,79895.0,24.3000585,112729310.0,1127.0,1127,0112729310,Electrical Engineering,Jagadambha Bahuuddeshiya Gramin Vikas Sanstha S Jagdambha College Of Engineering And Technology Yavatmal,Fully Mapped
65.0,67503.0,39.3011281,112737210.0,1127.0,1127,0112737210,Electronics and Telecommunication Engg,Jagadambha Bahuuddeshiya Gramin Vikas Sanstha S Jagdambha College Of Engineering And Technology Yavatmal,Fully Mapped
66.0,178087.0,19.3655345,112761210.0,1127.0,1127,0112761210,Mechanical Engineering,Jagadambha Bahuuddeshiya Gramin Vikas Sanstha S Jagdambha College Of Engineering And Technology Yavatmal,Fully Mapped
67.0,62073.0,44.2947607,112819110.0,1128.0,1128,0112819110,Civil Engineering,Prof Ram Meghe College Of Engineering And Management Badnera,Fully Mapped
68.0,35687.0,66.840246,112824210.0,1128.0,1128,0112824210,Computer Science and Engineering,Prof Ram Meghe College Of Engineering And Management Badnera,Fully Mapped
69.0,39468.0,63.6133463,112824610.0,1128.0,1128,0112824610,Information Technology,Prof Ram Meghe College Of Engineering And Management Badnera,Fully Mapped
70.0,46160.0,58.2354795,112829310.0,1128.0,1128,0112829310,Electrical Engineering,Prof Ram Meghe College Of Engineering And Management Badnera,Fully Mapped
71.0,45144.0,59.1819949,112837210.0,1128.0,1128,0112837210,Electronics and Telecommunication Engg,Prof Ram Meghe College Of Engineering And Management Badnera,Fully Mapped
72.0,39671.0,63.5686685,112891210.0,1128.0,1128,0112891210,Computer Science and Engineering(Data Science),Prof Ram Meghe College Of Engineering And Management Badnera,Fully Mapped
73.0,188407.0,2.7203264,113019110.0,1130.0,1130,0113019110,Civil Engineering,Vision Buldhana Educational Welfare Society S Pankaj Laddhad Institute Of Technology Management Studies Yelgaon,Fully Mapped
74.0,84265.0,17.6637229,113024210.0,1130.0,1130,0113024210,Computer Science and Engineering,Vision Buldhana Educational Welfare Society S Pankaj Laddhad Institute Of Technology Management Studies Yelgaon,Fully Mapped
75.0,187522.0,4.5424794,113037210.0,1130.0,1130,0113037210,Electronics and Telecommunication Engg,Vision Buldhana Educational Welfare Society S Pankaj Laddhad Institute Of Technology Management Studies Yelgaon,Fully Mapped
76.0,51490.0,53.5662784,113061210.0,1130.0,1130,0113061210,Mechanical Engineering,Vision Buldhana Educational Welfare Society S Pankaj Laddhad Institute Of Technology Management Studies Yelgaon,Fully Mapped
77.0,69775.0,36.6180714,118024210.0,1180.0,1180,0118024210,Computer Science and Engineering,Sanmati Engineering College Sawargaon Barde Washim,Fully Mapped
78.0,188149.0,3.160094,118026310.0,1180.0,1180,0118026310,Artificial Intelligence (AI) and Data Science,Sanmati Engineering College Sawargaon Barde Washim,Fully Mapped
79.0,187779.0,3.895894,118219110.0,1182.0,1182,0118219110,Civil Engineering,Padmashri Dr. V.B. Kolte College Of Engineering Malkapur Buldhana,Fully Mapped
80.0,89782.0,4.914998,118261210.0,1182.0,1182,0118261210,Mechanical Engineering,Padmashri Dr. V.B. Kolte College Of Engineering Malkapur Buldhana,Fully Mapped
81.0,65629.0,40.9346038,126519110.0,1265.0,1265,0126519110,Civil Engineering,Mauli Group Of Institutions College Of Engineering And Technology Shegaon.,Fully Mapped
82.0,32455.0,69.5628064,126524210.0,1265.0,1265,0126524210,Computer Science and Engineering,Mauli Group Of Institutions College Of Engineering And Technology Shegaon.,Fully Mapped
83.0,37913.0,64.978915,126524610.0,1265.0,1265,0126524610,Information Technology,Mauli Group Of Institutions College Of Engineering And Technology Shegaon.,Fully Mapped
84.0,54875.0,50.8208297,126535610.0,1265.0,1265,0126535610,Electrical Engg[Electronics and Power],Mauli Group Of Institutions College Of Engineering And Technology Shegaon.,Fully Mapped
85.0,44895.0,59.3047779,126537210.0,1265.0,1265,0126537210,Electronics and Telecommunication Engg,Mauli Group Of Institutions College Of Engineering And Technology Shegaon.,Fully Mapped
86.0,61496.0,44.8443341,126561210.0,1265.0,1265,0126561210,Mechanical Engineering,Mauli Group Of Institutions College Of Engineering And Technology Shegaon.,Fully Mapped
87.0,86159.0,14.0892338,126819110.0,1268.0,1268,0126819110,Civil Engineering,Siddhivinayak Technical Campus School Of Engineering Research Technology Shirasgon Nile,Fully Mapped
88.0,58118.0,48.0088741,126824210.0,1268.0,1268,0126824210,Computer Science and Engineering,Siddhivinayak Technical Campus School Of Engineering Research Technology Shirasgon Nile,Fully Mapped
89.0,79863.0,24.3000585,126835610.0,1268.0,1268,0126835610,Electrical Engg[Electronics and Power],Siddhivinayak Technical Campus School Of Engineering Research Technology Shirasgon Nile,Fully Mapped
90.0,82217.0,21.0869674,126837210.0,1268.0,1268,0126837210,Electronics and Telecommunication Engg,Siddhivinayak Technical Campus School Of Engineering Research Technology Shirasgon Nile,Fully Mapped
91.0,75335.0,30.6086486,126899510.0,1268.0,1268,0126899510,Artificial Intelligence and Data Science,Siddhivinayak Technical Campus School Of Engineering Research Technology Shirasgon Nile,Fully Mapped
92.0,73646.0,32.5587952,127624510.0,1276.0,1276,0127624510,Computer Engineering,Manav School Of Engineering Technology Gut No. 1035 Nagpur Surat Highway Nh No. 6 Tal.Vyala Balapur Akola 444302,Fully Mapped
93.0,17351.0,82.873083,203290410.0,2032.0,2032,0203290410,Chemical Engineering,Institute Of Chemical Technology Mumbai Marathwada Off Campus Jalna,Fully Mapped
94.0,71914.0,34.5898521,211124210.0,2111.0,2111,0211124210,Computer Science and Engineering,Everest Education Society Group Of Institutions (Integrated Campus) Ohar,Fully Mapped
95.0,182644.0,13.0626183,211192110.0,2111.0,2111,0211192110,Artificial Intelligence and Machine Learning,Everest Education Society Group Of Institutions (Integrated Campus) Ohar,Fully Mapped
96.0,177737.0,20.1344161,211219110.0,2112.0,2112,0211219110,Civil Engineering,Shree Yash Pratishthan Shreeyash College Of Engineering And Technology Aurangabad,Fully Mapped
97.0,61886.0,44.4375985,211224210.0,2112.0,2112,0211224210,Computer Science and Engineering,Shree Yash Pratishthan Shreeyash College Of Engineering And Technology Aurangabad,Fully Mapped
98.0,80169.0,24.2014082,211229310.0,2112.0,2112,0211229310,Electrical Engineering,Shree Yash Pratishthan Shreeyash College Of Engineering And Technology Aurangabad,Fully Mapped
99.0,182434.0,13.2387508,211261210.0,2112.0,2112,0211261210,Mechanical Engineering,Shree Yash Pratishthan Shreeyash College Of Engineering And Technology Aurangabad,Fully Mapped
100.0,78914.0,25.6893382,211284410.0,2112.0,2112,0211284410,Electronics and Computer Engineering,Shree Yash Pratishthan Shreeyash College Of Engineering And Technology Aurangabad,Fully Mapped
101.0,64591.0,42.0665339,211291110.0,2112.0,2112,0211291110,Computer Science and Engineering(Artificial Intelligence and Machine Learning),Shree Yash Pratishthan Shreeyash College Of Engineering And Technology Aurangabad,Fully Mapped
102.0,69191.0,37.5946229,211291210.0,2112.0,2112,0211291210,Computer Science and Engineering(Data Science),Shree Yash Pratishthan Shreeyash College Of Engineering And Technology Aurangabad,Fully Mapped
103.0,188320.0,2.9770579,211293210.0,2112.0,2112,0211293210,5G,Shree Yash Pratishthan Shreeyash College Of Engineering And Technology Aurangabad,Fully Mapped
104.0,50195.0,56.8862375,211301110.0,2113.0,2113,0211301110,Agricultural Engineering,G. S. Mandal S Maharashtra Institute Of Technology Aurangabad,Fully Mapped
105.0,50935.0,56.1295454,211301110.0,2113.0,2113,0211301110,Agricultural Engineering,G. S. Mandal S Maharashtra Institute Of Technology Aurangabad,Fully Mapped
106.0,64016.0,42.5307753,211319110.0,2113.0,2113,0211319110,Civil Engineering,G. S. Mandal S Maharashtra Institute Of Technology Aurangabad,Fully Mapped
107.0,27642.0,73.7173337,211324210.0,2113.0,2113,0211324210,Computer Science and Engineering,G. S. Mandal S Maharashtra Institute Of Technology Aurangabad,Fully Mapped
108.0,39531.0,63.6133463,211325710.0,2113.0,2113,0211325710,Computer Science and Design,G. S. Mandal S Maharashtra Institute Of Technology Aurangabad,Fully Mapped
109.0,31233.0,70.5982353,211326310.0,2113.0,2113,0211326310,Artificial Intelligence (AI) and Data Science,G. S. Mandal S Maharashtra Institute Of Technology Aurangabad,Fully Mapped
110.0,61444.0,44.9891467,211329310.0,2113.0,2113,0211329310,Electrical Engineering,G. S. Mandal S Maharashtra Institute Of Technology Aurangabad,Fully Mapped
111.0,38912.0,64.2467682,211337210.0,2113.0,2113,0211337210,Electronics and Telecommunication Engg,G. S. Mandal S Maharashtra Institute Of Technology Aurangabad,Fully Mapped
112.0,58360.0,47.6296012,211361210.0,2113.0,2113,0211361210,Mechanical Engineering,G. S. Mandal S Maharashtra Institute Of Technology Aurangabad,Fully Mapped
113.0,74593.0,31.191673,211362410.0,2113.0,2113,0211362410,Mechatronics Engineering,G. S. Mandal S Maharashtra Institute Of Technology Aurangabad,Fully Mapped
114.0,39651.0,63.5686685,211384410.0,2113.0,2113,0211384410,Electronics and Computer Engineering,G. S. Mandal S Maharashtra Institute Of Technology Aurangabad,Fully Mapped
115.0,75534.0,30.4829638,211419110.0,2114.0,2114,0211419110,Civil Engineering,Deogiri Institute Of Engineering And Management Studies Aurangabad,Fully Mapped
116.0,23215.0,77.6415376,211424210.0,2114.0,2114,0211424210,Computer Science and Engineering,Deogiri Institute Of Engineering And Management Studies Aurangabad,Fully Mapped
117.0,34914.0,67.470831,211437210.0,2114.0,2114,0211437210,Electronics and Telecommunication Engg,Deogiri Institute Of Engineering And Management Studies Aurangabad,Fully Mapped
118.0,58239.0,47.7566256,211461210.0,2114.0,2114,0211461210,Mechanical Engineering,Deogiri Institute Of Engineering And Management Studies Aurangabad,Fully Mapped
119.0,23692.0,77.1915267,211491110.0,2114.0,2114,0211491110,Computer Science and Engineering(Artificial Intelligence and Machine Learning),Deogiri Institute Of Engineering And Management Studies Aurangabad,Fully Mapped
120.0,88773.0,7.9585837,211619110.0,2116.0,2116,0211619110,Civil Engineering,Matoshri Pratishan S Group Of Institutions (Integrated Campus) Kupsarwadi Nanded,Fully Mapped
121.0,58065.0,48.0088741,211624210.0,2116.0,2116,0211624210,Computer Science and Engineering,Matoshri Pratishan S Group Of Institutions (Integrated Campus) Kupsarwadi Nanded,Fully Mapped
122.0,160502.0,40.1066152,211626310.0,2116.0,2116,0211626310,Artificial Intelligence (AI) and Data Science,Matoshri Pratishan S Group Of Institutions (Integrated Campus) Kupsarwadi Nanded,Fully Mapped
123.0,88037.0,10.0424586,211629310.0,2116.0,2116,0211629310,Electrical Engineering,Matoshri Pratishan S Group Of Institutions (Integrated Campus) Kupsarwadi Nanded,Fully Mapped
124.0,182424.0,13.2387508,211637210.0,2116.0,2116,0211637210,Electronics and Telecommunication Engg,Matoshri Pratishan S Group Of Institutions (Integrated Campus) Kupsarwadi Nanded,Fully Mapped
125.0,92508.0,95.649143,211691110.0,2116.0,2116,0211691110,Computer Science and Engineering(Artificial Intelligence and Machine Learning),Matoshri Pratishan S Group Of Institutions (Integrated Campus) Kupsarwadi Nanded,Fully Mapped
126.0,41469.0,62.0849504,212719110.0,2127.0,2127,0212719110,Civil Engineering,Mahatma Gandhi Missions College Of Engineering Hingoli Rd Nanded.,Fully Mapped
127.0,24891.0,76.0877028,212724210.0,2127.0,2127,0212724210,Computer Science and Engineering,Mahatma Gandhi Missions College Of Engineering Hingoli Rd Nanded.,Fully Mapped
128.0,35838.0,66.6655105,212724610.0,2127.0,2127,0212724610,Information Technology,Mahatma Gandhi Missions College Of Engineering Hingoli Rd Nanded.,Fully Mapped
129.0,43049.0,60.8949481,212737210.0,2127.0,2127,0212737210,Electronics and Telecommunication Engg,Mahatma Gandhi Missions College Of Engineering Hingoli Rd Nanded.,Fully Mapped
130.0,74392.0,31.6061014,212761210.0,2127.0,2127,0212761210,Mechanical Engineering,Mahatma Gandhi Missions College Of Engineering Hingoli Rd Nanded.,Fully Mapped
131.0,83235.0,19.6876105,212791610.0,2127.0,2127,0212791610,Automation and Robotics,Mahatma Gandhi Missions College Of Engineering Hingoli Rd Nanded.,Fully Mapped
132.0,38544.0,64.4404871,212792110.0,2127.0,2127,0212792110,Artificial Intelligence and Machine Learning,Mahatma Gandhi Missions College Of Engineering Hingoli Rd Nanded.,Fully Mapped
133.0,62411.0,43.9711053,212919110.0,2129.0,2129,0212919110,Civil Engineering,M.S. Bidve Engineering College Latur,Fully Mapped
134.0,26032.0,75.1570798,212924210.0,2129.0,2129,0212924210,Computer Science and Engineering,M.S. Bidve Engineering College Latur,Fully Mapped
135.0,41183.0,62.2823599,212924610.0,2129.0,2129,0212924610,Information Technology,M.S. Bidve Engineering College Latur,Fully Mapped
136.0,82238.0,21.0841875,212929310.0,2129.0,2129,0212929310,Electrical Engineering,M.S. Bidve Engineering College Latur,Fully Mapped
137.0,55371.0,50.2204774,212937210.0,2129.0,2129,0212937210,Electronics and Telecommunication Engg,M.S. Bidve Engineering College Latur,Fully Mapped
138.0,176613.0,21.4924132,212961210.0,2129.0,2129,0212961210,Mechanical Engineering,M.S. Bidve Engineering College Latur,Fully Mapped
139.0,46619.0,57.8061345,212991110.0,2129.0,2129,0212991110,Computer Science and Engineering(Artificial Intelligence and Machine Learning),M.S. Bidve Engineering College Latur,Fully Mapped
140.0,179078.0,18.4142776,213019110.0,2130.0,2130,0213019110,Civil Engineering,Terna Public Charitable Trust S College Of Engineering Osmanabad,Fully Mapped
141.0,53176.0,52.1336234,213024210.0,2130.0,2130,0213024210,Computer Science and Engineering,Terna Public Charitable Trust S College Of Engineering Osmanabad,Fully Mapped
142.0,188531.0,2.4044963,213037210.0,2130.0,2130,0213037210,Electronics and Telecommunication Engg,Terna Public Charitable Trust S College Of Engineering Osmanabad,Fully Mapped
143.0,76886.0,28.4639143,213099510.0,2130.0,2130,0213099510,Artificial Intelligence and Data Science,Terna Public Charitable Trust S College Of Engineering Osmanabad,Fully Mapped
144.0,187027.0,5.5566668,213124210.0,2131.0,2131,0213124210,Computer Science and Engineering,Shree Tuljabhavani College Of Engineering Tuljapur,Fully Mapped
145.0,71661.0,34.7059173,213324210.0,2133.0,2133,0213324210,Computer Science and Engineering,Mahatma Basaweshwar Education Society S College Of Engineering Ambejogai,Fully Mapped
146.0,184272.0,10.3145909,213419110.0,2134.0,2134,0213419110,Civil Engineering,Peoples Education Society S College Of Engineering Aurangabad,Fully Mapped
147.0,33624.0,68.6174754,213424210.0,2134.0,2134,0213424210,Computer Science and Engineering,Peoples Education Society S College Of Engineering Aurangabad,Fully Mapped
148.0,179041.0,18.4142776,213429310.0,2134.0,2134,0213429310,Electrical Engineering,Peoples Education Society S College Of Engineering Aurangabad,Fully Mapped
149.0,75998.0,29.7188447,213437810.0,2134.0,2134,0213437810,Electronics Engineering ( VLSI Design and Technology),Peoples Education Society S College Of Engineering Aurangabad,Fully Mapped
150.0,68446.0,38.1372939,213484410.0,2134.0,2134,0213484410,Electronics and Computer Engineering,Peoples Education Society S College Of Engineering Aurangabad,Fully Mapped
151.0,47327.0,57.3147779,213491210.0,2134.0,2134,0213491210,Computer Science and Engineering(Data Science),Peoples Education Society S College Of Engineering Aurangabad,Fully Mapped
152.0,72035.0,34.5491435,213524210.0,2135.0,2135,0213524210,Computer Science and Engineering,Hi-Tech Institute Of Technology Aurangabad,Fully Mapped
153.0,182018.0,13.7020033,213561210.0,2135.0,2135,0213561210,Mechanical Engineering,Hi-Tech Institute Of Technology Aurangabad,Fully Mapped
154.0,75324.0,30.6086486,213591110.0,2135.0,2135,0213591110,Computer Science and Engineering(Artificial Intelligence and Machine Learning),Hi-Tech Institute Of Technology Aurangabad,Fully Mapped
155.0,90101.0,3.7236071,213624210.0,2136.0,2136,0213624210,Computer Science and Engineering,Aditya Engineering College Beed,Fully Mapped
156.0,154751.0,45.521922,213624610.0,2136.0,2136,0213624610,Information Technology,Aditya Engineering College Beed,Fully Mapped
157.0,122718.0,70.8722936,213724210.0,2137.0,2137,0213724210,Computer Science and Engineering,Nagnathappa Halge Engineering College Parli Beed,Fully Mapped
158.0,180664.0,15.9989858,213819110.0,2138.0,2138,0213819110,Civil Engineering,Matsyodari Shikshan Sansatha S College Of Engineering And Technology Jalna,Fully Mapped
159.0,57115.0,48.7756626,213824210.0,2138.0,2138,0213824210,Computer Science and Engineering,Matsyodari Shikshan Sansatha S College Of Engineering And Technology Jalna,Fully Mapped
160.0,180604.0,15.9989858,213829310.0,2138.0,2138,0213829310,Electrical Engineering,Matsyodari Shikshan Sansatha S College Of Engineering And Technology Jalna,Fully Mapped
161.0,139531.0,58.1588042,213861210.0,2138.0,2138,0213861210,Mechanical Engineering,Matsyodari Shikshan Sansatha S College Of Engineering And Technology Jalna,Fully Mapped
162.0,20128.0,80.3927437,225024210.0,2250.0,2250,0225024210,Computer Science and Engineering,Aurangabad College Of Engineering Naygaon Savangi Aurangabad,Fully Mapped
163.0,65466.0,41.1744356,225037210.0,2250.0,2250,0225037210,Electronics and Telecommunication Engg,Aurangabad College Of Engineering Naygaon Savangi Aurangabad,Fully Mapped
164.0,50940.0,54.2765449,225224210.0,2252.0,2252,0225224210,Computer Science and Engineering,Marathwada Shikshan Prasarak Mandal S Shri Shivaji Institute Of Engineering And Management Studies Parbhani,Fully Mapped
165.0,74018.0,32.0057037,225229710.0,2252.0,2252,0225229710,Electrical and Electronics Engineering,Marathwada Shikshan Prasarak Mandal S Shri Shivaji Institute Of Engineering And Management Studies Parbhani,Fully Mapped
166.0,75112.0,30.7282416,225261210.0,2252.0,2252,0225261210,Mechanical Engineering,Marathwada Shikshan Prasarak Mandal S Shri Shivaji Institute Of Engineering And Management Studies Parbhani,Fully Mapped
167.0,57149.0,48.7069037,225424510.0,2254.0,2254,0225424510,Computer Engineering,Vilasrao Deshmukh Foundation Group Of Institutions Latur,Fully Mapped
168.0,69938.0,36.5687902,225424610.0,2254.0,2254,0225424610,Information Technology,Vilasrao Deshmukh Foundation Group Of Institutions Latur,Fully Mapped
169.0,80891.0,23.1926472,225437210.0,2254.0,2254,0225437210,Electronics and Telecommunication Engg,Vilasrao Deshmukh Foundation Group Of Institutions Latur,Fully Mapped
170.0,89995.0,4.1380072,225461210.0,2254.0,2254,0225461210,Mechanical Engineering,Vilasrao Deshmukh Foundation Group Of Institutions Latur,Fully Mapped
171.0,169617.0,30.4575002,228224510.0,2282.0,2282,0228224510,Computer Engineering,Aditya Education Trust S Mitthulalji Sarada Polytechnic Nalwandi Road Beed,Fully Mapped
172.0,184704.0,9.5534224,228224610.0,2282.0,2282,0228224610,Information Technology,Aditya Education Trust S Mitthulalji Sarada Polytechnic Nalwandi Road Beed,Fully Mapped
173.0,55188.0,50.5250721,250819110.0,2508.0,2508,0250819110,Civil Engineering,Gramin Technical And Management Campus Nanded.,Fully Mapped
174.0,65209.0,41.3242592,250824510.0,2508.0,2508,0250824510,Computer Engineering,Gramin Technical And Management Campus Nanded.,Fully Mapped
175.0,47092.0,59.2793802,250850310.0,2508.0,2508,0250850310,Food Technology,Gramin Technical And Management Campus Nanded.,Fully Mapped
176.0,48633.0,57.9935072,250850310.0,2508.0,2508,0250850310,Food Technology,Gramin Technical And Management Campus Nanded.,Fully Mapped
177.0,70274.0,36.260019,250890710.0,2508.0,2508,0250890710,Food Engineering,Gramin Technical And Management Campus Nanded.,Fully Mapped
178.0,68857.0,37.9717565,251624210.0,2516.0,2516,0251624210,Computer Science and Engineering,International Centre Of Excellence In Engineering And Management (Iceem),Fully Mapped
179.0,155592.0,44.5064233,251629710.0,2516.0,2516,0251629710,Electrical and Electronics Engineering,International Centre Of Excellence In Engineering And Management (Iceem),Fully Mapped
180.0,171936.0,27.5123271,251692110.0,2516.0,2516,0251692110,Artificial Intelligence and Machine Learning,International Centre Of Excellence In Engineering And Management (Iceem),Fully Mapped
181.0,71220.0,34.9375047,252224510.0,2522.0,2522,0252224510,Computer Engineering,Stmei S Sandipani Technical Campus-Faculty Of Engineering Latur.,Fully Mapped
182.0,153359.0,46.5102928,252299510.0,2522.0,2522,0252299510,Artificial Intelligence and Data Science,Stmei S Sandipani Technical Campus-Faculty Of Engineering Latur.,Fully Mapped
183.0,73834.0,32.3863056,253319110.0,2533.0,2533,0253319110,Civil Engineering,Csmss Chh. Shahu College Of Engineering Aurangabad,Fully Mapped
184.0,30203.0,71.5054,253324210.0,2533.0,2533,0253324210,Computer Science and Engineering,Csmss Chh. Shahu College Of Engineering Aurangabad,Fully Mapped
185.0,45781.0,58.5764923,253329310.0,2533.0,2533,0253329310,Electrical Engineering,Csmss Chh. Shahu College Of Engineering Aurangabad,Fully Mapped
186.0,57181.0,48.6301306,253337810.0,2533.0,2533,0253337810,Electronics Engineering ( VLSI Design and Technology),Csmss Chh. Shahu College Of Engineering Aurangabad,Fully Mapped
187.0,80211.0,24.0442235,253361210.0,2533.0,2533,0253361210,Mechanical Engineering,Csmss Chh. Shahu College Of Engineering Aurangabad,Fully Mapped
188.0,50093.0,54.89077,253384410.0,2533.0,2533,0253384410,Electronics and Computer Engineering,Csmss Chh. Shahu College Of Engineering Aurangabad,Fully Mapped
189.0,48038.0,56.6674265,253392810.0,2533.0,2533,0253392810,Electronics and Communication(Advanced Communication Technology),Csmss Chh. Shahu College Of Engineering Aurangabad,Fully Mapped
190.0,35608.0,66.9185014,253399510.0,2533.0,2533,0253399510,Artificial Intelligence and Data Science,Csmss Chh. Shahu College Of Engineering Aurangabad,Fully Mapped
191.0,170000.0,29.6395567,263724510.0,2637.0,2637,0263724510,Computer Engineering,Jijau Institute Of Engineering Technology And Management Khandgaon (Bendri) Taluka Naigaon District Nanded,Fully Mapped
192.0,71551.0,34.7241777,263799710.0,2637.0,2637,0263799710,Artificial Intelligence,Jijau Institute Of Engineering Technology And Management Khandgaon (Bendri) Taluka Naigaon District Nanded,Fully Mapped
193.0,141019.0,57.2163252,264124210.0,2641.0,2641,0264124210,Computer Science and Engineering,Dr. V.K. Patil College Of Engineering Technology,Fully Mapped
194.0,115963.0,75.3591206,264199710.0,2641.0,2641,0264199710,Artificial Intelligence,Dr. V.K. Patil College Of Engineering Technology,Fully Mapped
195.0,120668.0,72.2338818,266624210.0,2666.0,2666,0266624210,Computer Science and Engineering,Mangaldeep College Of Engineering,Fully Mapped
196.0,77768.0,27.2136862,266624610.0,2666.0,2666,0266624610,Information Technology,Mangaldeep College Of Engineering,Fully Mapped
197.0,185253.0,8.5313833,266656610.0,2666.0,2666,0266656610,Computer Science,Mangaldeep College Of Engineering,Fully Mapped
198.0,166769.0,33.099972,266692110.0,2666.0,2666,0266692110,Artificial Intelligence and Machine Learning,Mangaldeep College Of Engineering,Fully Mapped
199.0,90693.0,1.3677812,275824210.0,2758.0,2758,0275824210,Computer Science and Engineering,Sant Eknath College of Engineering,Fully Mapped
204.0,1841.0,97.3413607,303650710.0,3036.0,3036,0303650710,Chemical Engineering,Institute Of Chemical Technology Matunga Mumbai,Fully Mapped
205.0,5106.0,94.1020271,303651110.0,3036.0,3036,0303651110,Dyestuff Technology,Institute Of Chemical Technology Matunga Mumbai,Fully Mapped
206.0,4149.0,95.0335946,303651210.0,3036.0,3036,0303651210,"Oil,Oleochemicals and Surfactants Technology",Institute Of Chemical Technology Matunga Mumbai,Fully Mapped
207.0,2619.0,96.6173616,303651310.0,3036.0,3036,0303651310,Pharmaceuticals Chemistry and Technology,Institute Of Chemical Technology Matunga Mumbai,Fully Mapped
208.0,7962.0,91.4826587,303651410.0,3036.0,3036,0303651410,Fibres and Textile Processing Technology,Institute Of Chemical Technology Matunga Mumbai,Fully Mapped
209.0,2551.0,96.556551,303651910.0,3036.0,3036,0303651910,Polymer Engineering and Technology,Institute Of Chemical Technology Matunga Mumbai,Fully Mapped
210.0,3255.0,96.0284096,303653410.0,3036.0,3036,0303653410,Food Engineering and Technology,Institute Of Chemical Technology Matunga Mumbai,Fully Mapped
211.0,3897.0,95.4515127,303653410.0,3036.0,3036,0303653410,Food Engineering and Technology,Institute Of Chemical Technology Matunga Mumbai,Fully Mapped
212.0,5015.0,94.2171498,303672910.0,3036.0,3036,0303672910,Surface Coating Technology,Institute Of Chemical Technology Matunga Mumbai,Fully Mapped
213.0,9696.0,89.9029126,313524510.0,3135.0,3135,0313524510,Computer Engineering,Manjara Charitable Trust S Rajiv Gandhi Institute Of Technology Mumbai,Fully Mapped
214.0,12979.0,86.8609531,313524610.0,3135.0,3135,0313524610,Information Technology,Manjara Charitable Trust S Rajiv Gandhi Institute Of Technology Mumbai,Fully Mapped
215.0,20876.0,79.6757881,313537210.0,3135.0,3135,0313537210,Electronics and Telecommunication Engg,Manjara Charitable Trust S Rajiv Gandhi Institute Of Technology Mumbai,Fully Mapped
216.0,26724.0,74.5526686,313561210.0,3135.0,3135,0313561210,Mechanical Engineering,Manjara Charitable Trust S Rajiv Gandhi Institute Of Technology Mumbai,Fully Mapped
217.0,12647.0,87.209498,313599510.0,3135.0,3135,0313599510,Artificial Intelligence and Data Science,Manjara Charitable Trust S Rajiv Gandhi Institute Of Technology Mumbai,Fully Mapped
218.0,6362.0,92.9802067,313924510.0,3139.0,3139,0313924510,Computer Engineering,Vidyalankar Institute Of Technology Wadala Mumbai,Fully Mapped
219.0,8073.0,91.4003497,313924610.0,3139.0,3139,0313924610,Information Technology,Vidyalankar Institute Of Technology Wadala Mumbai,Fully Mapped
220.0,12349.0,87.4759278,313937210.0,3139.0,3139,0313937210,Electronics and Telecommunication Engg,Vidyalankar Institute Of Technology Wadala Mumbai,Fully Mapped
221.0,26448.0,74.6414234,313946110.0,3139.0,3139,0313946110,Bio Medical Engineering,Vidyalankar Institute Of Technology Wadala Mumbai,Fully Mapped
222.0,10254.0,89.3902608,313990010.0,3139.0,3139,0313990010,Electronics and Computer Science,Vidyalankar Institute Of Technology Wadala Mumbai,Fully Mapped
223.0,8962.0,90.5425672,314324510.0,3143.0,3143,0314324510,Computer Engineering,Thakur Shyamnarayan Engineering College Mumbai,Fully Mapped
224.0,10963.0,88.7669328,314324610.0,3143.0,3143,0314324610,Information Technology,Thakur Shyamnarayan Engineering College Mumbai,Fully Mapped
225.0,26456.0,74.6414234,314361210.0,3143.0,3143,0314361210,Mechanical Engineering,Thakur Shyamnarayan Engineering College Mumbai,Fully Mapped
226.0,16688.0,83.5374616,314384410.0,3143.0,3143,0314384410,Electronics and Computer Engineering,Thakur Shyamnarayan Engineering College Mumbai,Fully Mapped
227.0,10579.0,89.0520071,314391110.0,3143.0,3143,0314391110,Computer Science and Engineering(Artificial Intelligence and Machine Learning),Thakur Shyamnarayan Engineering College Mumbai,Fully Mapped
228.0,28085.0,73.2786671,314624510.0,3146.0,3146,0314624510,Computer Engineering,Jawahar Education Society S Annasaheb Chudaman Patil College Of Engineering Kharghar Navi Mumbai,Fully Mapped
229.0,31382.0,70.5787934,314624610.0,3146.0,3146,0314624610,Information Technology,Jawahar Education Society S Annasaheb Chudaman Patil College Of Engineering Kharghar Navi Mumbai,Fully Mapped
230.0,61457.0,44.9891467,314629310.0,3146.0,3146,0314629310,Electrical Engineering,Jawahar Education Society S Annasaheb Chudaman Patil College Of Engineering Kharghar Navi Mumbai,Fully Mapped
231.0,37994.0,64.905018,314637210.0,3146.0,3146,0314637210,Electronics and Telecommunication Engg,Jawahar Education Society S Annasaheb Chudaman Patil College Of Engineering Kharghar Navi Mumbai,Fully Mapped
232.0,69491.0,37.0102438,314661210.0,3146.0,3146,0314661210,Mechanical Engineering,Jawahar Education Society S Annasaheb Chudaman Patil College Of Engineering Kharghar Navi Mumbai,Fully Mapped
233.0,35408.0,67.1114593,314692010.0,3146.0,3146,0314692010,Computer Science and Engineering (Internet of Things and Cyber Security Including Block Chain Technology),Jawahar Education Society S Annasaheb Chudaman Patil College Of Engineering Kharghar Navi Mumbai,Fully Mapped
234.0,34701.0,67.6467548,314699510.0,3146.0,3146,0314699510,Artificial Intelligence and Data Science,Jawahar Education Society S Annasaheb Chudaman Patil College Of Engineering Kharghar Navi Mumbai,Fully Mapped
235.0,189385.0,0.4831549,314719110.0,3147.0,3147,0314719110,Civil Engineering,Saraswati Education Society Yadavrao Tasgaonkar Institute Of Engineering Technology Karjat,Fully Mapped
236.0,43280.0,60.7119548,314724510.0,3147.0,3147,0314724510,Computer Engineering,Saraswati Education Society Yadavrao Tasgaonkar Institute Of Engineering Technology Karjat,Fully Mapped
237.0,53671.0,51.7541555,314724610.0,3147.0,3147,0314724610,Information Technology,Saraswati Education Society Yadavrao Tasgaonkar Institute Of Engineering Technology Karjat,Fully Mapped
238.0,141739.0,57.0470967,314729310.0,3147.0,3147,0314729310,Electrical Engineering,Saraswati Education Society Yadavrao Tasgaonkar Institute Of Engineering Technology Karjat,Fully Mapped
239.0,82321.0,20.885002,314761210.0,3147.0,3147,0314761210,Mechanical Engineering,Saraswati Education Society Yadavrao Tasgaonkar Institute Of Engineering Technology Karjat,Fully Mapped
240.0,59285.0,46.7162819,314791710.0,3147.0,3147,0314791710,Data Science,Saraswati Education Society Yadavrao Tasgaonkar Institute Of Engineering Technology Karjat,Fully Mapped
241.0,51142.0,54.1049233,314792110.0,3147.0,3147,0314792110,Artificial Intelligence and Machine Learning,Saraswati Education Society Yadavrao Tasgaonkar Institute Of Engineering Technology Karjat,Fully Mapped
242.0,11016.0,88.7215867,314824510.0,3148.0,3148,0314824510,Computer Engineering,Mahavir Education Trust S Shah Anchor Kutchhi Engineering College Mumbai,Fully Mapped
243.0,13619.0,86.3102151,314824610.0,3148.0,3148,0314824610,Information Technology,Mahavir Education Trust S Shah Anchor Kutchhi Engineering College Mumbai,Fully Mapped
244.0,13212.0,86.6475842,314825210.0,3148.0,3148,0314825210,Cyber Security,Mahavir Education Trust S Shah Anchor Kutchhi Engineering College Mumbai,Fully Mapped
245.0,17991.0,82.3229774,314837210.0,3148.0,3148,0314837210,Electronics and Telecommunication Engg,Mahavir Education Trust S Shah Anchor Kutchhi Engineering College Mumbai,Fully Mapped
246.0,23186.0,77.6415376,314837810.0,3148.0,3148,0314837810,Electronics Engineering ( VLSI Design and Technology),Mahavir Education Trust S Shah Anchor Kutchhi Engineering College Mumbai,Fully Mapped
247.0,18956.0,81.4533784,314890010.0,3148.0,3148,0314890010,Electronics and Computer Science,Mahavir Education Trust S Shah Anchor Kutchhi Engineering College Mumbai,Fully Mapped
248.0,27338.0,73.8736469,314893310.0,3148.0,3148,0314893310,Electronics and Communication (Advanced Communication Technology),Mahavir Education Trust S Shah Anchor Kutchhi Engineering College Mumbai,Fully Mapped
249.0,14466.0,85.5369034,314899510.0,3148.0,3148,0314899510,Artificial Intelligence and Data Science,Mahavir Education Trust S Shah Anchor Kutchhi Engineering College Mumbai,Fully Mapped
250.0,89246.0,6.6067546,315419110.0,3154.0,3154,0315419110,Civil Engineering,Saraswati Education Society S Saraswati College Of Engineering Kharghar Navi Mumbai,Fully Mapped
251.0,25592.0,75.5012849,315424510.0,3154.0,3154,0315424510,Computer Engineering,Saraswati Education Society S Saraswati College Of Engineering Kharghar Navi Mumbai,Fully Mapped
252.0,29889.0,71.8011248,315424610.0,3154.0,3154,0315424610,Information Technology,Saraswati Education Society S Saraswati College Of Engineering Kharghar Navi Mumbai,Fully Mapped
253.0,72178.0,34.3450426,315460210.0,3154.0,3154,0315460210,Automobile Engineering,Saraswati Education Society S Saraswati College Of Engineering Kharghar Navi Mumbai,Fully Mapped
254.0,74477.0,31.3104416,315461210.0,3154.0,3154,0315461210,Mechanical Engineering,Saraswati Education Society S Saraswati College Of Engineering Kharghar Navi Mumbai,Fully Mapped
255.0,33074.0,69.0592602,315491110.0,3154.0,3154,0315491110,Computer Science and Engineering(Artificial Intelligence and Machine Learning),Saraswati Education Society S Saraswati College Of Engineering Kharghar Navi Mumbai,Fully Mapped
256.0,33101.0,69.0529025,315491210.0,3154.0,3154,0315491210,Computer Science and Engineering(Data Science),Saraswati Education Society S Saraswati College Of Engineering Kharghar Navi Mumbai,Fully Mapped
257.0,82753.0,20.2246906,317519110.0,3175.0,3175,0317519110,Civil Engineering,M.G.M. S College Of Engineering And Technology Kamothe Navi Mumbai,Fully Mapped
258.0,29133.0,72.4780171,317524510.0,3175.0,3175,0317524510,Computer Engineering,M.G.M. S College Of Engineering And Technology Kamothe Navi Mumbai,Fully Mapped
259.0,32217.0,69.7841075,317524610.0,3175.0,3175,0317524610,Information Technology,M.G.M. S College Of Engineering And Technology Kamothe Navi Mumbai,Fully Mapped
260.0,44407.0,59.7739944,317529310.0,3175.0,3175,0317529310,Electrical Engineering,M.G.M. S College Of Engineering And Technology Kamothe Navi Mumbai,Fully Mapped
261.0,35995.0,66.5773877,317537210.0,3175.0,3175,0317537210,Electronics and Telecommunication Engg,M.G.M. S College Of Engineering And Technology Kamothe Navi Mumbai,Fully Mapped
262.0,32834.0,69.2931296,317546110.0,3175.0,3175,0317546110,Bio Medical Engineering,M.G.M. S College Of Engineering And Technology Kamothe Navi Mumbai,Fully Mapped
263.0,59277.0,46.7162819,317550710.0,3175.0,3175,0317550710,Chemical Engineering,M.G.M. S College Of Engineering And Technology Kamothe Navi Mumbai,Fully Mapped
264.0,77094.0,28.4411368,317561210.0,3175.0,3175,0317561210,Mechanical Engineering,M.G.M. S College Of Engineering And Technology Kamothe Navi Mumbai,Fully Mapped
265.0,32197.0,69.7929881,317591110.0,3175.0,3175,0317591110,Computer Science and Engineering(Artificial Intelligence and Machine Learning),M.G.M. S College Of Engineering And Technology Kamothe Navi Mumbai,Fully Mapped
266.0,30432.0,71.3445815,317591210.0,3175.0,3175,0317591210,Computer Science and Engineering(Data Science),M.G.M. S College Of Engineering And Technology Kamothe Navi Mumbai,Fully Mapped
267.0,46798.0,57.7205882,317591610.0,3175.0,3175,0317591610,Automation and Robotics,M.G.M. S College Of Engineering And Technology Kamothe Navi Mumbai,Fully Mapped
268.0,5263.0,93.9802703,317624510.0,3176.0,3176,0317624510,Computer Engineering,Thakur College Of Engineering And Technology Kandivali Mumbai,Fully Mapped
269.0,6143.0,93.2041331,317624610.0,3176.0,3176,0317624610,Information Technology,Thakur College Of Engineering And Technology Kandivali Mumbai,Fully Mapped
270.0,7330.0,92.1020521,317625310.0,3176.0,3176,0317625310,Internet of Things (IoT),Thakur College Of Engineering And Technology Kandivali Mumbai,Fully Mapped
271.0,20271.0,80.2814151,317625910.0,3176.0,3176,0317625910,Mechanical and Mechatronics Engineering (Additive Manufacturing),Thakur College Of Engineering And Technology Kandivali Mumbai,Fully Mapped
272.0,8784.0,90.7054871,317637210.0,3176.0,3176,0317637210,Electronics and Telecommunication Engg,Thakur College Of Engineering And Technology Kandivali Mumbai,Fully Mapped
273.0,10421.0,89.2273561,317661210.0,3176.0,3176,0317661210,Mechanical Engineering,Thakur College Of Engineering And Technology Kandivali Mumbai,Fully Mapped
274.0,8399.0,91.0582307,317690010.0,3176.0,3176,0317690010,Electronics and Computer Science,Thakur College Of Engineering And Technology Kandivali Mumbai,Fully Mapped
275.0,6470.0,92.9074906,317691010.0,3176.0,3176,0317691010,Computer Science and Engineering(Cyber Security),Thakur College Of Engineering And Technology Kandivali Mumbai,Fully Mapped
276.0,7219.0,92.2148141,317692110.0,3176.0,3176,0317692110,Artificial Intelligence and Machine Learning,Thakur College Of Engineering And Technology Kandivali Mumbai,Fully Mapped
277.0,6926.0,92.4373907,317699510.0,3176.0,3176,0317699510,Artificial Intelligence and Data Science,Thakur College Of Engineering And Technology Kandivali Mumbai,Fully Mapped
278.0,2046.0,97.1115296,318224510.0,3182.0,3182,0318224510,Computer Engineering,Thadomal Shahani Engineering College Bandra Mumbai,Fully Mapped
279.0,2414.0,96.7137662,318224610.0,3182.0,3182,0318224610,Information Technology,Thadomal Shahani Engineering College Bandra Mumbai,Fully Mapped
280.0,3842.0,95.3214041,318237210.0,3182.0,3182,0318237210,Electronics and Telecommunication Engg,Thadomal Shahani Engineering College Bandra Mumbai,Fully Mapped
281.0,7119.0,92.2750972,318250710.0,3182.0,3182,0318250710,Chemical Engineering,Thadomal Shahani Engineering College Bandra Mumbai,Fully Mapped
282.0,2562.0,96.555043,318299510.0,3182.0,3182,0318299510,Artificial Intelligence and Data Science,Thadomal Shahani Engineering College Bandra Mumbai,Fully Mapped
283.0,57460.0,48.5158173,318319110.0,3183.0,3183,0318319110,Civil Engineering,Anjuman-I-Islam S M.H. Saboo Siddik College Of Engineering Byculla Mumbai,Fully Mapped
285.0,14479.0,85.5369034,318324510.0,3183.0,3183,0318324510,Computer Engineering,Anjuman-I-Islam S M.H. Saboo Siddik College Of Engineering Byculla Mumbai,Fully Mapped
286.0,21604.0,79.0449203,318324610.0,3183.0,3183,0318324610,Information Technology,Anjuman-I-Islam S M.H. Saboo Siddik College Of Engineering Byculla Mumbai,Fully Mapped
287.0,29351.0,72.2841344,318337210.0,3183.0,3183,0318337210,Electronics and Telecommunication Engg,Anjuman-I-Islam S M.H. Saboo Siddik College Of Engineering Byculla Mumbai,Fully Mapped
288.0,31083.0,70.8363852,318361210.0,3183.0,3183,0318361210,Mechanical Engineering,Anjuman-I-Islam S M.H. Saboo Siddik College Of Engineering Byculla Mumbai,Fully Mapped
289.0,54609.0,51.045396,318361610.0,3183.0,3183,0318361610,Mechanical Engineering Automobile,Anjuman-I-Islam S M.H. Saboo Siddik College Of Engineering Byculla Mumbai,Fully Mapped
290.0,19321.0,81.1206661,318391110.0,3183.0,3183,0318391110,Computer Science and Engineering(Artificial Intelligence and Machine Learning),Anjuman-I-Islam S M.H. Saboo Siddik College Of Engineering Byculla Mumbai,Fully Mapped
291.0,22044.0,78.6221857,318392010.0,3183.0,3183,0318392010,Computer Science and Engineering (Internet of Things and Cyber Security Including Block Chain Technology),Anjuman-I-Islam S M.H. Saboo Siddik College Of Engineering Byculla Mumbai,Fully Mapped
292.0,4142.0,95.0407507,318424210.0,3184.0,3184,0318424210,Computer Science and Engineering,Fr. Conceicao Rodrigues College Of Engineering Bandra Mumbai,Fully Mapped
293.0,4744.0,94.4845182,318424510.0,3184.0,3184,0318424510,Computer Engineering,Fr. Conceicao Rodrigues College Of Engineering Bandra Mumbai,Fully Mapped
294.0,9599.0,89.988967,318461210.0,3184.0,3184,0318461210,Mechanical Engineering,Fr. Conceicao Rodrigues College Of Engineering Bandra Mumbai,Fully Mapped
295.0,5581.0,93.7149197,318490010.0,3184.0,3184,0318490010,Electronics and Computer Science,Fr. Conceicao Rodrigues College Of Engineering Bandra Mumbai,Fully Mapped
296.0,3259.0,95.8917138,318524510.0,3185.0,3185,0318524510,Computer Engineering,Vivekanand Education Society S Institute Of Technology Chembur Mumbai,Fully Mapped
297.0,4047.0,95.1409857,318524610.0,3185.0,3185,0318524610,Information Technology,Vivekanand Education Society S Institute Of Technology Chembur Mumbai,Fully Mapped
298.0,6027.0,93.2949319,318537210.0,3185.0,3185,0318537210,Electronics and Telecommunication Engg,Vivekanand Education Society S Institute Of Technology Chembur Mumbai,Fully Mapped
299.0,5313.0,93.9649254,318590010.0,3185.0,3185,0318590010,Electronics and Computer Science,Vivekanand Education Society S Institute Of Technology Chembur Mumbai,Fully Mapped
300.0,6827.0,92.5502477,318591610.0,3185.0,3185,0318591610,Automation and Robotics,Vivekanand Education Society S Institute Of Technology Chembur Mumbai,Fully Mapped
301.0,5123.0,94.0977039,318599510.0,3185.0,3185,0318599510,Artificial Intelligence and Data Science,Vivekanand Education Society S Institute Of Technology Chembur Mumbai,Fully Mapped
302.0,76488.0,29.1881299,318719110.0,3187.0,3187,0318719110,Civil Engineering,N.Y.S.S. S Datta Meghe College Of Engineering Airoli Navi Mumbai,Fully Mapped
303.0,17388.0,82.8234993,318724510.0,3187.0,3187,0318724510,Computer Engineering,N.Y.S.S. S Datta Meghe College Of Engineering Airoli Navi Mumbai,Fully Mapped
304.0,22122.0,78.5681061,318724610.0,3187.0,3187,0318724610,Information Technology,N.Y.S.S. S Datta Meghe College Of Engineering Airoli Navi Mumbai,Fully Mapped
305.0,34781.0,67.6020831,318737210.0,3187.0,3187,0318737210,Electronics and Telecommunication Engg,N.Y.S.S. S Datta Meghe College Of Engineering Airoli Navi Mumbai,Fully Mapped
306.0,49118.0,55.7523111,318750710.0,3187.0,3187,0318750710,Chemical Engineering,N.Y.S.S. S Datta Meghe College Of Engineering Airoli Navi Mumbai,Fully Mapped
307.0,52999.0,52.3748972,318761210.0,3187.0,3187,0318761210,Mechanical Engineering,N.Y.S.S. S Datta Meghe College Of Engineering Airoli Navi Mumbai,Fully Mapped
308.0,83556.0,18.8896018,318791810.0,3187.0,3187,0318791810,Civil and infrastructure Engineering,N.Y.S.S. S Datta Meghe College Of Engineering Airoli Navi Mumbai,Fully Mapped
309.0,23286.0,77.5519116,318799510.0,3187.0,3187,0318799510,Artificial Intelligence and Data Science,N.Y.S.S. S Datta Meghe College Of Engineering Airoli Navi Mumbai,Fully Mapped
310.0,18728.0,81.6815446,318824510.0,3188.0,3188,0318824510,Computer Engineering,Vasantdada Patil Pratishthan S College Of Engineering And Visual Arts Sion Mumbai,Fully Mapped
311.0,22778.0,78.0031994,318824610.0,3188.0,3188,0318824610,Information Technology,Vasantdada Patil Pratishthan S College Of Engineering And Visual Arts Sion Mumbai,Fully Mapped
312.0,35871.0,66.6655105,318862410.0,3188.0,3188,0318862410,Mechatronics Engineering,Vasantdada Patil Pratishthan S College Of Engineering And Visual Arts Sion Mumbai,Fully Mapped
313.0,25655.0,75.432148,318890010.0,3188.0,3188,0318890010,Electronics and Computer Science,Vasantdada Patil Pratishthan S College Of Engineering And Visual Arts Sion Mumbai,Fully Mapped
314.0,20840.0,79.7563616,318891110.0,3188.0,3188,0318891110,Computer Science and Engineering(Artificial Intelligence and Machine Learning),Vasantdada Patil Pratishthan S College Of Engineering And Visual Arts Sion Mumbai,Fully Mapped
315.0,10727.0,88.9872702,318924510.0,3189.0,3189,0318924510,Computer Engineering,Bharati Vidyapeeth College Of Engineering Navi Mumbai,Fully Mapped
316.0,12188.0,87.5616869,318924610.0,3189.0,3189,0318924610,Information Technology,Bharati Vidyapeeth College Of Engineering Navi Mumbai,Fully Mapped
317.0,26439.0,74.6414234,318937210.0,3189.0,3189,0318937210,Electronics and Telecommunication Engg,Bharati Vidyapeeth College Of Engineering Navi Mumbai,Fully Mapped
318.0,33078.0,69.0529025,318946610.0,3189.0,3189,0318946610,Instrumentation Engineering,Bharati Vidyapeeth College Of Engineering Navi Mumbai,Fully Mapped
319.0,36415.0,66.2888466,318950710.0,3189.0,3189,0318950710,Chemical Engineering,Bharati Vidyapeeth College Of Engineering Navi Mumbai,Fully Mapped
320.0,53647.0,51.7541555,318961210.0,3189.0,3189,0318961210,Mechanical Engineering,Bharati Vidyapeeth College Of Engineering Navi Mumbai,Fully Mapped
321.0,79762.0,24.6845018,319019110.0,3190.0,3190,0319019110,Civil Engineering,Terna Engineering College Nerul Navi Mumbai,Fully Mapped
322.0,16261.0,83.8574813,319024510.0,3190.0,3190,0319024510,Computer Engineering,Terna Engineering College Nerul Navi Mumbai,Fully Mapped
323.0,17010.0,83.1852895,319024610.0,3190.0,3190,0319024610,Information Technology,Terna Engineering College Nerul Navi Mumbai,Fully Mapped
324.0,18375.0,81.9968215,319026310.0,3190.0,3190,0319026310,Artificial Intelligence (AI) and Data Science,Terna Engineering College Nerul Navi Mumbai,Fully Mapped
325.0,34029.0,68.2394281,319037210.0,3190.0,3190,0319037210,Electronics and Telecommunication Engg,Terna Engineering College Nerul Navi Mumbai,Fully Mapped
326.0,42898.0,60.9834559,319037610.0,3190.0,3190,0319037610,Electronics Engineering,Terna Engineering College Nerul Navi Mumbai,Fully Mapped
327.0,53514.0,51.9468217,319061210.0,3190.0,3190,0319061210,Mechanical Engineering,Terna Engineering College Nerul Navi Mumbai,Fully Mapped
328.0,54275.0,51.2103001,319062410.0,3190.0,3190,0319062410,Mechatronics Engineering,Terna Engineering College Nerul Navi Mumbai,Fully Mapped
329.0,22906.0,77.8322522,319224510.0,3192.0,3192,0319224510,Computer Engineering,Smt. Indira Gandhi College Of Engineering Navi Mumbai,Fully Mapped
330.0,61865.0,44.4375985,319229310.0,3192.0,3192,0319229310,Electrical Engineering,Smt. Indira Gandhi College Of Engineering Navi Mumbai,Fully Mapped
331.0,64262.0,42.4178836,319261210.0,3192.0,3192,0319261210,Mechanical Engineering,Smt. Indira Gandhi College Of Engineering Navi Mumbai,Fully Mapped
332.0,25833.0,75.2255614,319291110.0,3192.0,3192,0319291110,Computer Science and Engineering(Artificial Intelligence and Machine Learning),Smt. Indira Gandhi College Of Engineering Navi Mumbai,Fully Mapped
333.0,27413.0,73.822262,319292010.0,3192.0,3192,0319292010,Computer Science and Engineering (Internet of Things and Cyber Security Including Block Chain Technology),Smt. Indira Gandhi College Of Engineering Navi Mumbai,Fully Mapped
334.0,27173.0,73.9652644,319299510.0,3192.0,3192,0319299510,Artificial Intelligence and Data Science,Smt. Indira Gandhi College Of Engineering Navi Mumbai,Fully Mapped
335.0,32954.0,69.1042321,319324510.0,3193.0,3193,0319324510,Computer Engineering,Shivajirao S. Jondhale College Of Engineering Dombivali Mumbai,Fully Mapped
336.0,33797.0,68.5592613,319324610.0,3193.0,3193,0319324610,Information Technology,Shivajirao S. Jondhale College Of Engineering Dombivali Mumbai,Fully Mapped
337.0,44309.0,59.8276777,319337210.0,3193.0,3193,0319337210,Electronics and Telecommunication Engg,Shivajirao S. Jondhale College Of Engineering Dombivali Mumbai,Fully Mapped
338.0,82899.0,20.0499911,319350710.0,3193.0,3193,0319350710,Chemical Engineering,Shivajirao S. Jondhale College Of Engineering Dombivali Mumbai,Fully Mapped
339.0,144568.0,54.1800379,319361210.0,3193.0,3193,0319361210,Mechanical Engineering,Shivajirao S. Jondhale College Of Engineering Dombivali Mumbai,Fully Mapped
340.0,35346.0,67.1114593,319392110.0,3193.0,3193,0319392110,Artificial Intelligence and Machine Learning,Shivajirao S. Jondhale College Of Engineering Dombivali Mumbai,Fully Mapped
341.0,77390.0,27.9984424,319419110.0,3194.0,3194,0319419110,Civil Engineering,Vidyavardhini S College Of Engineering And Technology Vasai,Fully Mapped
342.0,15522.0,84.6131613,319424510.0,3194.0,3194,0319424510,Computer Engineering,Vidyavardhini S College Of Engineering And Technology Vasai,Fully Mapped
343.0,18324.0,82.0169298,319424610.0,3194.0,3194,0319424610,Information Technology,Vidyavardhini S College Of Engineering And Technology Vasai,Fully Mapped
344.0,25895.0,75.1903695,319437210.0,3194.0,3194,0319437210,Electronics and Telecommunication Engg,Vidyavardhini S College Of Engineering And Technology Vasai,Fully Mapped
345.0,33685.0,68.5854719,319437810.0,3194.0,3194,0319437810,Electronics Engineering ( VLSI Design and Technology),Vidyavardhini S College Of Engineering And Technology Vasai,Fully Mapped
346.0,45604.0,58.6610048,319461210.0,3194.0,3194,0319461210,Mechanical Engineering,Vidyavardhini S College Of Engineering And Technology Vasai,Fully Mapped
347.0,21955.0,78.7132557,319491210.0,3194.0,3194,0319491210,Computer Science and Engineering(Data Science),Vidyavardhini S College Of Engineering And Technology Vasai,Fully Mapped
348.0,16949.0,83.2164139,319499510.0,3194.0,3194,0319499510,Artificial Intelligence and Data Science,Vidyavardhini S College Of Engineering And Technology Vasai,Fully Mapped
349.0,13667.0,86.2249254,319624510.0,3196.0,3196,0319624510,Computer Engineering,Lokmanya Tilak College Of Engineering Kopar Khairane Navi Mumbai,Fully Mapped
350.0,37399.0,65.280942,319629310.0,3196.0,3196,0319629310,Electrical Engineering,Lokmanya Tilak College Of Engineering Kopar Khairane Navi Mumbai,Fully Mapped
351.0,34168.0,68.2213405,319637210.0,3196.0,3196,0319637210,Electronics and Telecommunication Engg,Lokmanya Tilak College Of Engineering Kopar Khairane Navi Mumbai,Fully Mapped
352.0,53055.0,52.2708244,319661210.0,3196.0,3196,0319661210,Mechanical Engineering,Lokmanya Tilak College Of Engineering Kopar Khairane Navi Mumbai,Fully Mapped
353.0,20594.0,80.0165591,319691110.0,3196.0,3196,0319691110,Computer Science and Engineering(Artificial Intelligence and Machine Learning),Lokmanya Tilak College Of Engineering Kopar Khairane Navi Mumbai,Fully Mapped
354.0,16177.0,83.9444208,319691210.0,3196.0,3196,0319691210,Computer Science and Engineering(Data Science),Lokmanya Tilak College Of Engineering Kopar Khairane Navi Mumbai,Fully Mapped
355.0,25002.0,75.9911294,319692010.0,3196.0,3196,0319692010,Computer Science and Engineering (Internet of Things and Cyber Security Including Block Chain Technology),Lokmanya Tilak College Of Engineering Kopar Khairane Navi Mumbai,Fully Mapped
356.0,5959.0,93.370527,319724510.0,3197.0,3197,0319724510,Computer Engineering,Agnel Charities Fr. C. Rodrigues Institute Of Technology Vashi Navi Mumbai,Fully Mapped
357.0,6369.0,92.979553,319724610.0,3197.0,3197,0319724610,Information Technology,Agnel Charities Fr. C. Rodrigues Institute Of Technology Vashi Navi Mumbai,Fully Mapped
358.0,11152.0,88.5757175,319729310.0,3197.0,3197,0319729310,Electrical Engineering,Agnel Charities Fr. C. Rodrigues Institute Of Technology Vashi Navi Mumbai,Fully Mapped
359.0,9422.0,90.1663341,319737210.0,3197.0,3197,0319737210,Electronics and Telecommunication Engg,Agnel Charities Fr. C. Rodrigues Institute Of Technology Vashi Navi Mumbai,Fully Mapped
360.0,19677.0,80.823173,319761210.0,3197.0,3197,0319761210,Mechanical Engineering,Agnel Charities Fr. C. Rodrigues Institute Of Technology Vashi Navi Mumbai,Fully Mapped
361.0,46671.0,57.761302,319824210.0,3198.0,3198,0319824210,Computer Science and Engineering,Konkan Gyanpeeth College Of Engineering Karjat,Fully Mapped
362.0,40693.0,62.6780228,319824510.0,3198.0,3198,0319824510,Computer Engineering,Konkan Gyanpeeth College Of Engineering Karjat,Fully Mapped
363.0,48222.0,56.4752823,319824610.0,3198.0,3198,0319824610,Information Technology,Konkan Gyanpeeth College Of Engineering Karjat,Fully Mapped
364.0,53037.0,52.3748972,319899510.0,3198.0,3198,0319899510,Artificial Intelligence and Data Science,Konkan Gyanpeeth College Of Engineering Karjat,Fully Mapped
365.0,1301.0,97.8882334,319924510.0,3199.0,3199,0319924510,Computer Engineering,Shri Vile Parle Kelvani Mandal S Dwarkadas J. Sanghvi College Of Engineering Vile Parle Mumbai,Fully Mapped
366.0,1757.0,97.4285341,319924610.0,3199.0,3199,0319924610,Information Technology,Shri Vile Parle Kelvani Mandal S Dwarkadas J. Sanghvi College Of Engineering Vile Parle Mumbai,Fully Mapped
367.0,2060.0,97.0962925,319926310.0,3199.0,3199,0319926310,Artificial Intelligence (AI) and Data Science,Shri Vile Parle Kelvani Mandal S Dwarkadas J. Sanghvi College Of Engineering Vile Parle Mumbai,Fully Mapped
368.0,3273.0,95.8584051,319937210.0,3199.0,3199,0319937210,Electronics and Telecommunication Engg,Shri Vile Parle Kelvani Mandal S Dwarkadas J. Sanghvi College Of Engineering Vile Parle Mumbai,Fully Mapped
369.0,3872.0,95.27482,319961210.0,3199.0,3199,0319961210,Mechanical Engineering,Shri Vile Parle Kelvani Mandal S Dwarkadas J. Sanghvi College Of Engineering Vile Parle Mumbai,Fully Mapped
370.0,2057.0,97.0962925,319991210.0,3199.0,3199,0319991210,Computer Science and Engineering(Data Science),Shri Vile Parle Kelvani Mandal S Dwarkadas J. Sanghvi College Of Engineering Vile Parle Mumbai,Fully Mapped
371.0,2260.0,96.8646431,319992010.0,3199.0,3199,0319992010,Computer Science and Engineering (Internet of Things and Cyber Security Including Block Chain Technology),Shri Vile Parle Kelvani Mandal S Dwarkadas J. Sanghvi College Of Engineering Vile Parle Mumbai,Fully Mapped
372.0,2213.0,96.9131452,319992110.0,3199.0,3199,0319992110,Artificial Intelligence and Machine Learning,Shri Vile Parle Kelvani Mandal S Dwarkadas J. Sanghvi College Of Engineering Vile Parle Mumbai,Fully Mapped
373.0,40175.0,63.223538,320024610.0,3200.0,3200,0320024610,Information Technology,Hope Foundation And Research Center S Finolex Academy Of Management And Technology Ratnagiri,Fully Mapped
374.0,171428.0,27.9969458,320029310.0,3200.0,3200,0320029310,Electrical Engineering,Hope Foundation And Research Center S Finolex Academy Of Management And Technology Ratnagiri,Fully Mapped
375.0,82490.0,20.6414872,320037210.0,3200.0,3200,0320037210,Electronics and Telecommunication Engg,Hope Foundation And Research Center S Finolex Academy Of Management And Technology Ratnagiri,Fully Mapped
376.0,169083.0,30.954192,320050710.0,3200.0,3200,0320050710,Chemical Engineering,Hope Foundation And Research Center S Finolex Academy Of Management And Technology Ratnagiri,Fully Mapped
377.0,182057.0,13.6621028,320061210.0,3200.0,3200,0320061210,Mechanical Engineering,Hope Foundation And Research Center S Finolex Academy Of Management And Technology Ratnagiri,Fully Mapped
378.0,54211.0,51.3638644,320091010.0,3200.0,3200,0320091010,Computer Science and Engineering(Cyber Security),Hope Foundation And Research Center S Finolex Academy Of Management And Technology Ratnagiri,Fully Mapped
379.0,71658.0,34.7059173,320119110.0,3201.0,3201,0320119110,Civil Engineering,Rizvi Education Society S Rizvi College Of Engineering Bandra Mumbai,Fully Mapped
380.0,11220.0,88.4984729,320124510.0,3201.0,3201,0320124510,Computer Engineering,Rizvi Education Society S Rizvi College Of Engineering Bandra Mumbai,Fully Mapped
381.0,45927.0,58.5234498,320161210.0,3201.0,3201,0320161210,Mechanical Engineering,Rizvi Education Society S Rizvi College Of Engineering Bandra Mumbai,Fully Mapped
382.0,21096.0,79.5722895,320190010.0,3201.0,3201,0320190010,Electronics and Computer Science,Rizvi Education Society S Rizvi College Of Engineering Bandra Mumbai,Fully Mapped
383.0,12975.0,86.8609531,320199510.0,3201.0,3201,0320199510,Artificial Intelligence and Data Science,Rizvi Education Society S Rizvi College Of Engineering Bandra Mumbai,Fully Mapped
384.0,81621.0,21.9356964,320224510.0,3202.0,3202,0320224510,Computer Engineering,Rajendra Mane College Of Engineering Technology Ambav Deorukh,Fully Mapped
385.0,171754.0,27.6622718,320290010.0,3202.0,3202,0320290010,Electronics and Computer Science,Rajendra Mane College Of Engineering Technology Ambav Deorukh,Fully Mapped
386.0,13430.0,86.4802997,320324510.0,3203.0,3203,0320324510,Computer Engineering,Atharva College Of Engineering Malad(West) Mumbai,Fully Mapped
387.0,16313.0,83.7973436,320324610.0,3203.0,3203,0320324610,Information Technology,Atharva College Of Engineering Malad(West) Mumbai,Fully Mapped
388.0,36893.0,65.7662792,320329310.0,3203.0,3203,0320329310,Electrical Engineering,Atharva College Of Engineering Malad(West) Mumbai,Fully Mapped
389.0,27700.0,73.7173337,320337210.0,3203.0,3203,0320337210,Electronics and Telecommunication Engg,Atharva College Of Engineering Malad(West) Mumbai,Fully Mapped
390.0,18470.0,81.8937208,320390010.0,3203.0,3203,0320390010,Electronics and Computer Science,Atharva College Of Engineering Malad(West) Mumbai,Fully Mapped
391.0,7842.0,91.6054439,320424510.0,3204.0,3204,0320424510,Computer Engineering,St. Francis Institute Of Technology Borivali Mumbai,Fully Mapped
392.0,9075.0,90.484957,320424610.0,3204.0,3204,0320424610,Information Technology,St. Francis Institute Of Technology Borivali Mumbai,Fully Mapped
393.0,29935.0,71.7959237,320429310.0,3204.0,3204,0320429310,Electrical Engineering,St. Francis Institute Of Technology Borivali Mumbai,Fully Mapped
394.0,15348.0,84.6941653,320437210.0,3204.0,3204,0320437210,Electronics and Telecommunication Engg,St. Francis Institute Of Technology Borivali Mumbai,Fully Mapped
395.0,28790.0,72.7256174,320461210.0,3204.0,3204,0320461210,Mechanical Engineering,St. Francis Institute Of Technology Borivali Mumbai,Fully Mapped
396.0,12985.0,86.8431731,320490010.0,3204.0,3204,0320490010,Electronics and Computer Science,St. Francis Institute Of Technology Borivali Mumbai,Fully Mapped
397.0,10564.0,89.0565174,320492110.0,3204.0,3204,0320492110,Artificial Intelligence and Machine Learning,St. Francis Institute Of Technology Borivali Mumbai,Fully Mapped
398.0,55447.0,50.1654969,320624510.0,3206.0,3206,0320624510,Computer Engineering,S.S.P.M. S College Of Engineering Kankavli,Fully Mapped
399.0,40367.0,62.9359471,320656610.0,3206.0,3206,0320656610,Computer Science,S.S.P.M. S College Of Engineering Kankavli,Fully Mapped
400.0,176137.0,22.1725851,320662410.0,3206.0,3206,0320662410,Mechatronics Engineering,S.S.P.M. S College Of Engineering Kankavli,Fully Mapped
401.0,87181.0,11.8297923,320690010.0,3206.0,3206,0320690010,Electronics and Computer Science,S.S.P.M. S College Of Engineering Kankavli,Fully Mapped
402.0,67330.0,39.4204787,320691110.0,3206.0,3206,0320691110,Computer Science and Engineering(Artificial Intelligence and Machine Learning),S.S.P.M. S College Of Engineering Kankavli,Fully Mapped
403.0,10903.0,88.8062928,320724510.0,3207.0,3207,0320724510,Computer Engineering,Mahatma Education Society S Pillai College Of Engineering New Panvel,Fully Mapped
404.0,13484.0,86.4292535,320724610.0,3207.0,3207,0320724610,Information Technology,Mahatma Education Society S Pillai College Of Engineering New Panvel,Fully Mapped
405.0,17962.0,82.3421749,320737210.0,3207.0,3207,0320737210,Electronics and Telecommunication Engg,Mahatma Education Society S Pillai College Of Engineering New Panvel,Fully Mapped
406.0,53336.0,52.1076408,320760210.0,3207.0,3207,0320760210,Automobile Engineering,Mahatma Education Society S Pillai College Of Engineering New Panvel,Fully Mapped
407.0,33095.0,69.0529025,320761210.0,3207.0,3207,0320761210,Mechanical Engineering,Mahatma Education Society S Pillai College Of Engineering New Panvel,Fully Mapped
408.0,16696.0,83.5374616,320790010.0,3207.0,3207,0320790010,Electronics and Computer Science,Mahatma Education Society S Pillai College Of Engineering New Panvel,Fully Mapped
409.0,7073.0,92.2944269,320824510.0,3208.0,3208,0320824510,Computer Engineering,Don Bosco Institute Of Technology Mumbai,Fully Mapped
410.0,8815.0,90.6919224,320824610.0,3208.0,3208,0320824610,Information Technology,Don Bosco Institute Of Technology Mumbai,Fully Mapped
411.0,15501.0,84.6185669,320837210.0,3208.0,3208,0320837210,Electronics and Telecommunication Engg,Don Bosco Institute Of Technology Mumbai,Fully Mapped
412.0,23914.0,76.9870398,320861210.0,3208.0,3208,0320861210,Mechanical Engineering,Don Bosco Institute Of Technology Mumbai,Fully Mapped
413.0,3150.0,96.0006826,320924510.0,3209.0,3209,0320924510,Computer Engineering,K J Somaiya Institute Of Technology,Fully Mapped
414.0,4854.0,94.3659402,320924610.0,3209.0,3209,0320924610,Information Technology,K J Somaiya Institute Of Technology,Fully Mapped
415.0,5752.0,93.5753445,320937210.0,3209.0,3209,0320937210,Electronics and Telecommunication Engg,K J Somaiya Institute Of Technology,Fully Mapped
416.0,5269.0,93.9802703,320999510.0,3209.0,3209,0320999510,Artificial Intelligence and Data Science,K J Somaiya Institute Of Technology,Fully Mapped
417.0,26446.0,74.6414234,321024510.0,3210.0,3210,0321024510,Computer Engineering,Excelsior Education Society S K.C. College Of Engineering And Management Studies And Research Kopri Thane (E),Fully Mapped
418.0,30303.0,71.3804113,321024610.0,3210.0,3210,0321024610,Information Technology,Excelsior Education Society S K.C. College Of Engineering And Management Studies And Research Kopri Thane (E),Fully Mapped
419.0,37746.0,65.0561876,321037210.0,3210.0,3210,0321037210,Electronics and Telecommunication Engg,Excelsior Education Society S K.C. College Of Engineering And Management Studies And Research Kopri Thane (E),Fully Mapped
420.0,8153.0,91.2878154,321124510.0,3211.0,3211,0321124510,Computer Engineering,S.I.E.S. Graduate School Of Technology Nerul Navi Mumbai,Fully Mapped
421.0,9810.0,89.7775898,321124610.0,3211.0,3211,0321124610,Information Technology,S.I.E.S. Graduate School Of Technology Nerul Navi Mumbai,Fully Mapped
422.0,15289.0,84.7458465,321137210.0,3211.0,3211,0321137210,Electronics and Telecommunication Engg,S.I.E.S. Graduate School Of Technology Nerul Navi Mumbai,Fully Mapped
423.0,15073.0,85.0238669,321190010.0,3211.0,3211,0321190010,Electronics and Computer Science,S.I.E.S. Graduate School Of Technology Nerul Navi Mumbai,Fully Mapped
424.0,12668.0,87.1431618,321192010.0,3211.0,3211,0321192010,Computer Science and Engineering (Internet of Things and Cyber Security Including Block Chain Technology),S.I.E.S. Graduate School Of Technology Nerul Navi Mumbai,Fully Mapped
425.0,10550.0,89.0565174,321192110.0,3211.0,3211,0321192110,Artificial Intelligence and Machine Learning,S.I.E.S. Graduate School Of Technology Nerul Navi Mumbai,Fully Mapped
426.0,10250.0,89.3902608,321199510.0,3211.0,3211,0321199510,Artificial Intelligence and Data Science,S.I.E.S. Graduate School Of Technology Nerul Navi Mumbai,Fully Mapped
427.0,47856.0,56.8895744,321219110.0,3212.0,3212,0321219110,Civil Engineering,Watumull Institute Of Engineering Technology Ulhasnagar,Fully Mapped
428.0,40287.0,62.9605616,321224510.0,3212.0,3212,0321224510,Computer Engineering,Watumull Institute Of Engineering Technology Ulhasnagar,Fully Mapped
429.0,7487.0,91.9399292,321424510.0,3214.0,3214,0321424510,Computer Engineering,Xavier Institute Of Engineering C O Xavier Technical Institute Mahim Mumbai,Fully Mapped
430.0,8419.0,91.057679,321424610.0,3214.0,3214,0321424610,Information Technology,Xavier Institute Of Engineering C O Xavier Technical Institute Mahim Mumbai,Fully Mapped
431.0,12460.0,87.2760358,321437210.0,3214.0,3214,0321437210,Electronics and Telecommunication Engg,Xavier Institute Of Engineering C O Xavier Technical Institute Mahim Mumbai,Fully Mapped
432.0,10195.0,89.4276667,321492010.0,3214.0,3214,0321492010,Computer Science and Engineering (Internet of Things and Cyber Security Including Block Chain Technology),Xavier Institute Of Engineering C O Xavier Technical Institute Mahim Mumbai,Fully Mapped
433.0,867.0,98.4414178,321524210.0,3215.0,3215,0321524210,Computer Science and Engineering,Bhartiya Vidya Bhavan S Sardar Patel Institute Of Technology Andheri Mumbai,Fully Mapped
434.0,912.0,98.3844313,321524510.0,3215.0,3215,0321524510,Computer Engineering,Bhartiya Vidya Bhavan S Sardar Patel Institute Of Technology Andheri Mumbai,Fully Mapped
435.0,1520.0,97.6596381,321537210.0,3215.0,3215,0321537210,Electronics and Telecommunication Engg,Bhartiya Vidya Bhavan S Sardar Patel Institute Of Technology Andheri Mumbai,Fully Mapped
436.0,84315.0,17.5328204,321624510.0,3216.0,3216,0321624510,Computer Engineering,Gharda Foundation S Gharda Institute Of Technology Khed Ratnagiri,Fully Mapped
437.0,166529.0,33.6953839,321637210.0,3216.0,3216,0321637210,Electronics and Telecommunication Engg,Gharda Foundation S Gharda Institute Of Technology Khed Ratnagiri,Fully Mapped
438.0,122625.0,70.8722936,321650710.0,3216.0,3216,0321650710,Chemical Engineering,Gharda Foundation S Gharda Institute Of Technology Khed Ratnagiri,Fully Mapped
439.0,187235.0,5.0055145,321661210.0,3216.0,3216,0321661210,Mechanical Engineering,Gharda Foundation S Gharda Institute Of Technology Khed Ratnagiri,Fully Mapped
440.0,60369.0,45.8118701,321691110.0,3216.0,3216,0321691110,Computer Science and Engineering(Artificial Intelligence and Machine Learning),Gharda Foundation S Gharda Institute Of Technology Khed Ratnagiri,Fully Mapped
441.0,37649.0,65.2441867,321724510.0,3217.0,3217,0321724510,Computer Engineering,Vighnaharata Trust S Shivajirao S. Jondhale College Of Engineering Technology Shahapur Asangaon Dist Thane,Fully Mapped
442.0,86151.0,14.0892338,321737210.0,3217.0,3217,0321737210,Electronics and Telecommunication Engg,Vighnaharata Trust S Shivajirao S. Jondhale College Of Engineering Technology Shahapur Asangaon Dist Thane,Fully Mapped
443.0,77863.0,27.1374929,321761210.0,3217.0,3217,0321761210,Mechanical Engineering,Vighnaharata Trust S Shivajirao S. Jondhale College Of Engineering Technology Shahapur Asangaon Dist Thane,Fully Mapped
444.0,130435.0,65.4406319,321791610.0,3217.0,3217,0321791610,Automation and Robotics,Vighnaharata Trust S Shivajirao S. Jondhale College Of Engineering Technology Shahapur Asangaon Dist Thane,Fully Mapped
445.0,89854.0,4.6491228,321819110.0,3218.0,3218,0321819110,Civil Engineering,Aldel Education Trust S St. John College Of Engineering Management Vevoor Palghar,Fully Mapped
446.0,25262.0,75.7901666,321824510.0,3218.0,3218,0321824510,Computer Engineering,Aldel Education Trust S St. John College Of Engineering Management Vevoor Palghar,Fully Mapped
447.0,29827.0,71.871636,321824610.0,3218.0,3218,0321824610,Information Technology,Aldel Education Trust S St. John College Of Engineering Management Vevoor Palghar,Fully Mapped
448.0,121953.0,71.4038201,321861210.0,3218.0,3218,0321861210,Mechanical Engineering,Aldel Education Trust S St. John College Of Engineering Management Vevoor Palghar,Fully Mapped
449.0,36962.0,65.7022258,321890010.0,3218.0,3218,0321890010,Electronics and Computer Science,Aldel Education Trust S St. John College Of Engineering Management Vevoor Palghar,Fully Mapped
450.0,34176.0,68.2213405,321891210.0,3218.0,3218,0321891210,Computer Science and Engineering(Data Science),Aldel Education Trust S St. John College Of Engineering Management Vevoor Palghar,Fully Mapped
451.0,22217.0,78.4959203,321892110.0,3218.0,3218,0321892110,Artificial Intelligence and Machine Learning,Aldel Education Trust S St. John College Of Engineering Management Vevoor Palghar,Fully Mapped
452.0,72374.0,33.8362967,321924510.0,3219.0,3219,0321924510,Computer Engineering,Koti Vidya Charitable Trust S Smt. Alamuri Ratnamala Institute Of Engineering And Technology Sapgaon Tal. Shahapur,Fully Mapped
453.0,52897.0,52.4652553,321924610.0,3219.0,3219,0321924610,Information Technology,Koti Vidya Charitable Trust S Smt. Alamuri Ratnamala Institute Of Engineering And Technology Sapgaon Tal. Shahapur,Fully Mapped
454.0,86297.0,13.6733213,321937210.0,3219.0,3219,0321937210,Electronics and Telecommunication Engg,Koti Vidya Charitable Trust S Smt. Alamuri Ratnamala Institute Of Engineering And Technology Sapgaon Tal. Shahapur,Fully Mapped
456.0,73988.0,32.0362067,321991110.0,3219.0,3219,0321991110,Computer Science and Engineering(Artificial Intelligence and Machine Learning),Koti Vidya Charitable Trust S Smt. Alamuri Ratnamala Institute Of Engineering And Technology Sapgaon Tal. Shahapur,Fully Mapped
457.0,75123.0,30.7282416,322024510.0,3220.0,3220,0322024510,Computer Engineering,Yadavrao Tasgaonkar College Of Engineering Management,Fully Mapped
458.0,76497.0,29.1881299,322024610.0,3220.0,3220,0322024610,Information Technology,Yadavrao Tasgaonkar College Of Engineering Management,Fully Mapped
459.0,58157.0,47.9617024,322025210.0,3220.0,3220,0322025210,Cyber Security,Yadavrao Tasgaonkar College Of Engineering Management,Fully Mapped
460.0,142996.0,55.3559436,322037210.0,3220.0,3220,0322037210,Electronics and Telecommunication Engg,Yadavrao Tasgaonkar College Of Engineering Management,Fully Mapped
461.0,77398.0,27.9984424,322092110.0,3220.0,3220,0322092110,Artificial Intelligence and Machine Learning,Yadavrao Tasgaonkar College Of Engineering Management,Fully Mapped
462.0,31619.0,70.4596454,322124510.0,3221.0,3221,0322124510,Computer Engineering,Vishnu Waman Thakur Charitable Trust S Viva Institute Of Technology Virar,Fully Mapped
463.0,59566.0,46.5960891,322137210.0,3221.0,3221,0322137210,Electronics and Telecommunication Engg,Vishnu Waman Thakur Charitable Trust S Viva Institute Of Technology Virar,Fully Mapped
464.0,174039.0,24.7657909,322161210.0,3221.0,3221,0322161210,Mechanical Engineering,Vishnu Waman Thakur Charitable Trust S Viva Institute Of Technology Virar,Fully Mapped
465.0,48319.0,56.4117911,322191110.0,3221.0,3221,0322191110,Computer Science and Engineering(Artificial Intelligence and Machine Learning),Vishnu Waman Thakur Charitable Trust S Viva Institute Of Technology Virar,Fully Mapped
466.0,69178.0,37.5946229,322192610.0,3221.0,3221,0322192610,Electrical and Computer Engineering,Vishnu Waman Thakur Charitable Trust S Viva Institute Of Technology Virar,Fully Mapped
467.0,31421.0,70.5673759,322224510.0,3222.0,3222,0322224510,Computer Engineering,Haji Jamaluddin Thim Trust S Theem College Of Engineering At. Villege Betegaon Boisar,Fully Mapped
468.0,52170.0,53.0226888,322224610.0,3222.0,3222,0322224610,Information Technology,Haji Jamaluddin Thim Trust S Theem College Of Engineering At. Villege Betegaon Boisar,Fully Mapped
469.0,180720.0,15.9803473,322229310.0,3222.0,3222,0322229310,Electrical Engineering,Haji Jamaluddin Thim Trust S Theem College Of Engineering At. Villege Betegaon Boisar,Fully Mapped
470.0,185171.0,8.8496667,322261210.0,3222.0,3222,0322261210,Mechanical Engineering,Haji Jamaluddin Thim Trust S Theem College Of Engineering At. Villege Betegaon Boisar,Fully Mapped
471.0,67782.0,38.9966089,322291110.0,3222.0,3222,0322291110,Computer Science and Engineering(Artificial Intelligence and Machine Learning),Haji Jamaluddin Thim Trust S Theem College Of Engineering At. Villege Betegaon Boisar,Fully Mapped
472.0,52387.0,52.9715081,322319110.0,3223.0,3223,0322319110,Civil Engineering,Mahatma Education Society S Pillai Hoc College Of Engineering Technology Tal. Khalapur. Dist. Raigad,Fully Mapped
473.0,27934.0,73.4627049,322324510.0,3223.0,3223,0322324510,Computer Engineering,Mahatma Education Society S Pillai Hoc College Of Engineering Technology Tal. Khalapur. Dist. Raigad,Fully Mapped
474.0,38472.0,64.4498458,322324610.0,3223.0,3223,0322324610,Information Technology,Mahatma Education Society S Pillai Hoc College Of Engineering Technology Tal. Khalapur. Dist. Raigad,Fully Mapped
475.0,61708.0,44.6609008,322361210.0,3223.0,3223,0322361210,Mechanical Engineering,Mahatma Education Society S Pillai Hoc College Of Engineering Technology Tal. Khalapur. Dist. Raigad,Fully Mapped
476.0,31108.0,70.8106099,322390010.0,3223.0,3223,0322390010,Electronics and Computer Science,Mahatma Education Society S Pillai Hoc College Of Engineering Technology Tal. Khalapur. Dist. Raigad,Fully Mapped
477.0,38351.0,64.7153175,322392610.0,3223.0,3223,0322392610,Electrical and Computer Engineering,Mahatma Education Society S Pillai Hoc College Of Engineering Technology Tal. Khalapur. Dist. Raigad,Fully Mapped
478.0,64162.0,42.4493618,322424510.0,3224.0,3224,0322424510,Computer Engineering,Leela Education Society G.V. Acharya Institute Of Engineering And Technology Shelu Karjat,Fully Mapped
479.0,79466.0,25.1465099,322491110.0,3224.0,3224,0322491110,Computer Science and Engineering(Artificial Intelligence and Machine Learning),Leela Education Society G.V. Acharya Institute Of Engineering And Technology Shelu Karjat,Fully Mapped
480.0,144007.0,54.7526673,322492010.0,3224.0,3224,0322492010,Computer Science and Engineering (Internet of Things and Cyber Security Including Block Chain Technology),Leela Education Society G.V. Acharya Institute Of Engineering And Technology Shelu Karjat,Fully Mapped
481.0,26935.0,74.3085106,325724510.0,3257.0,3257,0325724510,Computer Engineering,Vidya Prasarak Mandal S College Of Engineering Thane,Fully Mapped
482.0,32764.0,69.4141317,325724610.0,3257.0,3257,0325724610,Information Technology,Vidya Prasarak Mandal S College Of Engineering Thane,Fully Mapped
483.0,64772.0,42.0212766,325729310.0,3257.0,3257,0325729310,Electrical Engineering,Vidya Prasarak Mandal S College Of Engineering Thane,Fully Mapped
484.0,43964.0,60.0923182,325737210.0,3257.0,3257,0325737210,Electronics and Telecommunication Engg,Vidya Prasarak Mandal S College Of Engineering Thane,Fully Mapped
485.0,55804.0,49.8308643,325791610.0,3257.0,3257,0325791610,Automation and Robotics,Vidya Prasarak Mandal S College Of Engineering Thane,Fully Mapped
486.0,34424.0,67.8982939,327724510.0,3277.0,3277,0327724510,Computer Engineering,Pravin Rohidas Patil College Of Engineering Technology,Fully Mapped
487.0,40187.0,63.223538,327724610.0,3277.0,3277,0327724610,Information Technology,Pravin Rohidas Patil College Of Engineering Technology,Fully Mapped
488.0,162056.0,38.7773761,327735610.0,3277.0,3277,0327735610,Electrical Engg[Electronics and Power],Pravin Rohidas Patil College Of Engineering Technology,Fully Mapped
489.0,180271.0,16.2979967,327761510.0,3277.0,3277,0327761510,Mechanical & Automation Engineering,Pravin Rohidas Patil College Of Engineering Technology,Fully Mapped
490.0,86741.0,13.0318155,327793510.0,3277.0,3277,0327793510,Electronics and Biomedical Engineering,Pravin Rohidas Patil College Of Engineering Technology,Fully Mapped
491.0,45387.0,58.8742611,335124510.0,3351.0,3351,0335124510,Computer Engineering,Bharat College Of Engineering Kanhor Badlapur(W),Fully Mapped
492.0,75861.0,29.8015715,335156810.0,3351.0,3351,0335156810,Computer Science and Information Technology,Bharat College Of Engineering Kanhor Badlapur(W),Fully Mapped
493.0,56885.0,49.2343759,335191110.0,3351.0,3351,0335191110,Computer Science and Engineering(Artificial Intelligence and Machine Learning),Bharat College Of Engineering Kanhor Badlapur(W),Fully Mapped
494.0,71099.0,35.2437565,335191210.0,3351.0,3351,0335191210,Computer Science and Engineering(Data Science),Bharat College Of Engineering Kanhor Badlapur(W),Fully Mapped
495.0,74516.0,31.2545643,335324510.0,3353.0,3353,0335324510,Computer Engineering,Dilkap Research Institute Of Engineering And Management Studies At.Mamdapur Post- Neral Tal- Karjat Mumbai,Fully Mapped
496.0,68365.0,38.1695803,335324610.0,3353.0,3353,0335324610,Information Technology,Dilkap Research Institute Of Engineering And Management Studies At.Mamdapur Post- Neral Tal- Karjat Mumbai,Fully Mapped
497.0,187392.0,4.9021985,335392010.0,3353.0,3353,0335392010,Computer Science and Engineering (Internet of Things and Cyber Security Including Block Chain Technology),Dilkap Research Institute Of Engineering And Management Studies At.Mamdapur Post- Neral Tal- Karjat Mumbai,Fully Mapped
498.0,100061.0,87.295318,335392110.0,3353.0,3353,0335392110,Artificial Intelligence and Machine Learning,Dilkap Research Institute Of Engineering And Management Studies At.Mamdapur Post- Neral Tal- Karjat Mumbai,Fully Mapped
500.0,18763.0,81.6427323,342324510.0,3423.0,3423,0342324510,Computer Engineering,Shree L.R. Tiwari College Of Engineering Mira Road Mumbai,Fully Mapped
501.0,21054.0,79.5722895,342324610.0,3423.0,3423,0342324610,Information Technology,Shree L.R. Tiwari College Of Engineering Mira Road Mumbai,Fully Mapped
502.0,29295.0,72.3375571,342337210.0,3423.0,3423,0342337210,Electronics and Telecommunication Engg,Shree L.R. Tiwari College Of Engineering Mira Road Mumbai,Fully Mapped
503.0,37009.0,65.7022258,342361210.0,3423.0,3423,0342361210,Mechanical Engineering,Shree L.R. Tiwari College Of Engineering Mira Road Mumbai,Fully Mapped
504.0,24478.0,76.4471767,342390010.0,3423.0,3423,0342390010,Electronics and Computer Science,Shree L.R. Tiwari College Of Engineering Mira Road Mumbai,Fully Mapped
505.0,73112.0,33.1437522,343624510.0,3436.0,3436,0343624510,Computer Engineering,B.R. Harne College Of Engineering Technology Karav Tal-Ambernath.,Fully Mapped
506.0,87543.0,11.0685167,343624610.0,3436.0,3436,0343624610,Information Technology,B.R. Harne College Of Engineering Technology Karav Tal-Ambernath.,Fully Mapped
507.0,90082.0,3.8206974,343691110.0,3436.0,3436,0343691110,Computer Science and Engineering(Artificial Intelligence and Machine Learning),B.R. Harne College Of Engineering Technology Karav Tal-Ambernath.,Fully Mapped
508.0,29843.0,71.8367839,343924510.0,3439.0,3439,0343924510,Computer Engineering,Anjuman-I-Islam S Kalsekar Technical Campus Panvel,Fully Mapped
509.0,76173.0,29.5595094,343961210.0,3439.0,3439,0343961210,Mechanical Engineering,Anjuman-I-Islam S Kalsekar Technical Campus Panvel,Fully Mapped
510.0,53202.0,52.1336234,343990010.0,3439.0,3439,0343990010,Electronics and Computer Science,Anjuman-I-Islam S Kalsekar Technical Campus Panvel,Fully Mapped
511.0,33966.0,68.3186273,343991110.0,3439.0,3439,0343991110,Computer Science and Engineering(Artificial Intelligence and Machine Learning),Anjuman-I-Islam S Kalsekar Technical Campus Panvel,Fully Mapped
512.0,36349.0,66.365478,343991210.0,3439.0,3439,0343991210,Computer Science and Engineering(Data Science),Anjuman-I-Islam S Kalsekar Technical Campus Panvel,Fully Mapped
513.0,186276.0,6.7863525,344024510.0,3440.0,3440,0344024510,Computer Engineering,Metropolitan Institute Of Technology Management Sukhalwad Sindhudurg.,Fully Mapped
514.0,95206.0,92.1230561,344524510.0,3445.0,3445,0344524510,Computer Engineering,Vishwatmak Jangli Maharaj Ashram Trust (Kokamthan) Atma Malik Institute Of Technology Research,Fully Mapped
515.0,105307.0,82.9978985,344537210.0,3445.0,3445,0344537210,Electronics and Telecommunication Engg,Vishwatmak Jangli Maharaj Ashram Trust (Kokamthan) Atma Malik Institute Of Technology Research,Fully Mapped
516.0,87736.0,10.598057,344592010.0,3445.0,3445,0344592010,Computer Science and Engineering (Internet of Things and Cyber Security Including Block Chain Technology),Vishwatmak Jangli Maharaj Ashram Trust (Kokamthan) Atma Malik Institute Of Technology Research,Fully Mapped
517.0,65752.0,40.8865248,344592110.0,3445.0,3445,0344592110,Artificial Intelligence and Machine Learning,Vishwatmak Jangli Maharaj Ashram Trust (Kokamthan) Atma Malik Institute Of Technology Research,Fully Mapped
518.0,187544.0,4.4598042,344724510.0,3447.0,3447,0344724510,Computer Engineering,G.M.Vedak Institute Of Technology Tala Raigad.,Fully Mapped
519.0,33910.0,68.3359129,346024510.0,3460.0,3460,0346024510,Computer Engineering,Universal College Of Engineering Kaman Dist. Palghar,Fully Mapped
520.0,36750.0,65.8994288,346024610.0,3460.0,3460,0346024610,Information Technology,Universal College Of Engineering Kaman Dist. Palghar,Fully Mapped
521.0,38979.0,64.2435857,346092110.0,3460.0,3460,0346092110,Artificial Intelligence and Machine Learning,Universal College Of Engineering Kaman Dist. Palghar,Fully Mapped
522.0,48614.0,56.1275609,346092410.0,3460.0,3460,0346092410,Data Engineering,Universal College Of Engineering Kaman Dist. Palghar,Fully Mapped
523.0,168418.0,31.4286926,346224510.0,3462.0,3462,0346224510,Computer Engineering,Vpm S Maharshi Parshuram College Of Engineering Velneshwar Ratnagiri.,Fully Mapped
524.0,40285.0,62.9605616,346524210.0,3465.0,3465,0346524210,Computer Science and Engineering,Ideal Institute Of Technology Wada Dist.Thane,Fully Mapped
525.0,77765.0,27.2136862,346537210.0,3465.0,3465,0346537210,Electronics and Telecommunication Engg,Ideal Institute Of Technology Wada Dist.Thane,Fully Mapped
526.0,74053.0,32.0057037,346561210.0,3465.0,3465,0346561210,Mechanical Engineering,Ideal Institute Of Technology Wada Dist.Thane,Fully Mapped
527.0,38325.0,64.7153175,346724510.0,3467.0,3467,0346724510,Computer Engineering,Vishwaniketan S Institute Of Management Entrepreneurship And Engineering Technology(I Meet) Khalapur Dist Raigad,Fully Mapped
528.0,119832.0,72.8176141,346729310.0,3467.0,3467,0346729310,Electrical Engineering,Vishwaniketan S Institute Of Management Entrepreneurship And Engineering Technology(I Meet) Khalapur Dist Raigad,Fully Mapped
529.0,84121.0,17.7683839,346737210.0,3467.0,3467,0346737210,Electronics and Telecommunication Engg,Vishwaniketan S Institute Of Management Entrepreneurship And Engineering Technology(I Meet) Khalapur Dist Raigad,Fully Mapped
530.0,78467.0,26.4868719,346761210.0,3467.0,3467,0346761210,Mechanical Engineering,Vishwaniketan S Institute Of Management Entrepreneurship And Engineering Technology(I Meet) Khalapur Dist Raigad,Fully Mapped
531.0,59872.0,46.2986911,346791110.0,3467.0,3467,0346791110,Computer Science and Engineering(Artificial Intelligence and Machine Learning),Vishwaniketan S Institute Of Management Entrepreneurship And Engineering Technology(I Meet) Khalapur Dist Raigad,Fully Mapped
532.0,51789.0,53.4068257,347024210.0,3470.0,3470,0347024210,Computer Science and Engineering,Yashwantrao Bhonsale Institute Of Technology,Fully Mapped
533.0,142313.0,56.846611,347024510.0,3470.0,3470,0347024510,Computer Engineering,Yashwantrao Bhonsale Institute Of Technology,Fully Mapped
534.0,29086.0,72.4780171,347124510.0,3471.0,3471,0347124510,Computer Engineering,New Horizon Institute Of Technology Management Thane,Fully Mapped
535.0,37433.0,65.280942,347125710.0,3471.0,3471,0347125710,Computer Science and Design,New Horizon Institute Of Technology Management Thane,Fully Mapped
536.0,69595.0,36.9601588,347161210.0,3471.0,3471,0347161210,Mechanical Engineering,New Horizon Institute Of Technology Management Thane,Fully Mapped
537.0,84723.0,16.5884703,347162410.0,3471.0,3471,0347162410,Mechatronics Engineering,New Horizon Institute Of Technology Management Thane,Fully Mapped
538.0,33897.0,68.3359129,347199510.0,3471.0,3471,0347199510,Artificial Intelligence and Data Science,New Horizon Institute Of Technology Management Thane,Fully Mapped
539.0,36265.0,66.3978839,347519110.0,3475.0,3475,0347519110,Civil Engineering,A. P. Shah Institute Of Technology Thane,Fully Mapped
540.0,16691.0,83.5374616,347524510.0,3475.0,3475,0347524510,Computer Engineering,A. P. Shah Institute Of Technology Thane,Fully Mapped
541.0,19353.0,81.1206661,347524610.0,3475.0,3475,0347524610,Information Technology,A. P. Shah Institute Of Technology Thane,Fully Mapped
542.0,34916.0,67.470831,347561210.0,3475.0,3475,0347561210,Mechanical Engineering,A. P. Shah Institute Of Technology Thane,Fully Mapped
543.0,17353.0,82.873083,347591110.0,3475.0,3475,0347591110,Computer Science and Engineering(Artificial Intelligence and Machine Learning),A. P. Shah Institute Of Technology Thane,Fully Mapped
544.0,19870.0,80.6584467,347591210.0,3475.0,3475,0347591210,Computer Science and Engineering(Data Science),A. P. Shah Institute Of Technology Thane,Fully Mapped
545.0,41528.0,62.0849504,347724510.0,3477.0,3477,0347724510,Computer Engineering,Chhartrapati Shivaji Maharaj Institute Of Technology Shedung Panvel,Fully Mapped
546.0,173954.0,24.7657909,347761210.0,3477.0,3477,0347761210,Mechanical Engineering,Chhartrapati Shivaji Maharaj Institute Of Technology Shedung Panvel,Fully Mapped
547.0,84668.0,16.7854751,350319110.0,3503.0,3503,0350319110,Civil Engineering,Indala College Of Engineering Bapsai Tal.Kalyan,Fully Mapped
548.0,51804.0,53.3955403,350324510.0,3503.0,3503,0350324510,Computer Engineering,Indala College Of Engineering Bapsai Tal.Kalyan,Fully Mapped
549.0,68270.0,38.1804433,350324610.0,3503.0,3503,0350324610,Information Technology,Indala College Of Engineering Bapsai Tal.Kalyan,Fully Mapped
550.0,59377.0,46.697584,350326310.0,3503.0,3503,0350326310,Artificial Intelligence (AI) and Data Science,Indala College Of Engineering Bapsai Tal.Kalyan,Fully Mapped
551.0,128043.0,67.0458361,350361210.0,3503.0,3503,0350361210,Mechanical Engineering,Indala College Of Engineering Bapsai Tal.Kalyan,Fully Mapped
552.0,83713.0,18.5486338,354624510.0,3546.0,3546,0354624510,Computer Engineering,Devi Mahalaxmi College Of Engineering And Technology,Fully Mapped
553.0,131868.0,63.9612515,354661210.0,3546.0,3546,0354661210,Mechanical Engineering,Devi Mahalaxmi College Of Engineering And Technology,Fully Mapped
554.0,116879.0,74.9324465,354691110.0,3546.0,3546,0354691110,Computer Science and Engineering(Artificial Intelligence and Machine Learning),Devi Mahalaxmi College Of Engineering And Technology,Fully Mapped
555.0,83293.0,19.379384,410419110.0,4104.0,4104,0410419110,Civil Engineering,Kavi Kulguru Institute Of Technology Science Ramtek,Fully Mapped
556.0,49734.0,55.1090064,410424610.0,4104.0,4104,0410424610,Information Technology,Kavi Kulguru Institute Of Technology Science Ramtek,Fully Mapped
557.0,48679.0,56.0687777,410425110.0,4104.0,4104,0410425110,Computer Technology,Kavi Kulguru Institute Of Technology Science Ramtek,Fully Mapped
558.0,65980.0,40.7079812,410429310.0,4104.0,4104,0410429310,Electrical Engineering,Kavi Kulguru Institute Of Technology Science Ramtek,Fully Mapped
559.0,56647.0,49.2543008,410437010.0,4104.0,4104,0410437010,Electronics and Communication Engineering,Kavi Kulguru Institute Of Technology Science Ramtek,Fully Mapped
560.0,83664.0,18.6130227,410461210.0,4104.0,4104,0410461210,Mechanical Engineering,Kavi Kulguru Institute Of Technology Science Ramtek,Fully Mapped
561.0,14093.0,85.8649251,411624210.0,4116.0,4116,0411624210,Computer Science and Engineering,Ankush Shikshan Sanstha S G.H.Raisoni College Of Engineering Nagpur,Fully Mapped
562.0,20068.0,80.4005535,411624610.0,4116.0,4116,0411624610,Information Technology,Ankush Shikshan Sanstha S G.H.Raisoni College Of Engineering Nagpur,Fully Mapped
563.0,19235.0,81.1580882,411626010.0,4116.0,4116,0411626010,Computer Science and Engineering (Cyber Security),Ankush Shikshan Sanstha S G.H.Raisoni College Of Engineering Nagpur,Fully Mapped
564.0,21470.0,79.1146984,411626710.0,4116.0,4116,0411626710,Computer Science and Engineering (IoT),Ankush Shikshan Sanstha S G.H.Raisoni College Of Engineering Nagpur,Fully Mapped
565.0,32617.0,69.5470525,411629310.0,4116.0,4116,0411629310,Electrical Engineering,Ankush Shikshan Sanstha S G.H.Raisoni College Of Engineering Nagpur,Fully Mapped
566.0,13154.0,86.7503949,411637210.0,4116.0,4116,0411637210,Electronics and Telecommunication Engg,Ankush Shikshan Sanstha S G.H.Raisoni College Of Engineering Nagpur,Fully Mapped
567.0,26619.0,74.5733907,411637610.0,4116.0,4116,0411637610,Electronics Engineering,Ankush Shikshan Sanstha S G.H.Raisoni College Of Engineering Nagpur,Fully Mapped
568.0,26438.0,74.6414234,411661210.0,4116.0,4116,0411661210,Mechanical Engineering,Ankush Shikshan Sanstha S G.H.Raisoni College Of Engineering Nagpur,Fully Mapped
569.0,16539.0,83.5894145,411691110.0,4116.0,4116,0411691110,Computer Science and Engineering(Artificial Intelligence and Machine Learning),Ankush Shikshan Sanstha S G.H.Raisoni College Of Engineering Nagpur,Fully Mapped
570.0,17885.0,82.3624792,411691310.0,4116.0,4116,0411691310,Computer Science and Engineering (Artificial Intelligence),Ankush Shikshan Sanstha S G.H.Raisoni College Of Engineering Nagpur,Fully Mapped
571.0,20571.0,80.025619,411691710.0,4116.0,4116,0411691710,Data Science,Ankush Shikshan Sanstha S G.H.Raisoni College Of Engineering Nagpur,Fully Mapped
572.0,21567.0,79.0654111,411699710.0,4116.0,4116,0411699710,Artificial Intelligence,Ankush Shikshan Sanstha S G.H.Raisoni College Of Engineering Nagpur,Fully Mapped
573.0,184047.0,10.8656299,411819110.0,4118.0,4118,0411819110,Civil Engineering,Bapurao Deshmukh College Of Engineering Sevagram,Fully Mapped
574.0,75528.0,30.4829638,411824510.0,4118.0,4118,0411824510,Computer Engineering,Bapurao Deshmukh College Of Engineering Sevagram,Fully Mapped
575.0,83411.0,19.1513391,411837210.0,4118.0,4118,0411837210,Electronics and Telecommunication Engg,Bapurao Deshmukh College Of Engineering Sevagram,Fully Mapped
576.0,81554.0,22.130228,411861210.0,4118.0,4118,0411861210,Mechanical Engineering,Bapurao Deshmukh College Of Engineering Sevagram,Fully Mapped
577.0,33299.0,68.9875832,412300210.0,4123.0,4123,0412300210,Aeronautical Engineering,Lokmanya Tilak Jankalyan Shikshan Sanstha Priyadarshani College Of Engineering Nagpur,Fully Mapped
578.0,27020.0,75.2294714,412308210.0,4123.0,4123,0412308210,Bio Technology,Lokmanya Tilak Jankalyan Shikshan Sanstha Priyadarshani College Of Engineering Nagpur,Fully Mapped
579.0,54710.0,50.950965,412319110.0,4123.0,4123,0412319110,Civil Engineering,Lokmanya Tilak Jankalyan Shikshan Sanstha Priyadarshani College Of Engineering Nagpur,Fully Mapped
580.0,18380.0,81.9965966,412324210.0,4123.0,4123,0412324210,Computer Science and Engineering,Lokmanya Tilak Jankalyan Shikshan Sanstha Priyadarshani College Of Engineering Nagpur,Fully Mapped
581.0,22929.0,77.8322522,412324610.0,4123.0,4123,0412324610,Information Technology,Lokmanya Tilak Jankalyan Shikshan Sanstha Priyadarshani College Of Engineering Nagpur,Fully Mapped
582.0,26478.0,74.5994626,412325110.0,4123.0,4123,0412325110,Computer Technology,Lokmanya Tilak Jankalyan Shikshan Sanstha Priyadarshani College Of Engineering Nagpur,Fully Mapped
583.0,30933.0,70.864798,412326510.0,4123.0,4123,0412326510,Industrial IoT,Lokmanya Tilak Jankalyan Shikshan Sanstha Priyadarshani College Of Engineering Nagpur,Fully Mapped
584.0,42075.0,61.6494691,412329310.0,4123.0,4123,0412329310,Electrical Engineering,Lokmanya Tilak Jankalyan Shikshan Sanstha Priyadarshani College Of Engineering Nagpur,Fully Mapped
585.0,35358.0,67.1114593,412337010.0,4123.0,4123,0412337010,Electronics and Communication Engineering,Lokmanya Tilak Jankalyan Shikshan Sanstha Priyadarshani College Of Engineering Nagpur,Fully Mapped
586.0,33371.0,68.8876446,412337210.0,4123.0,4123,0412337210,Electronics and Telecommunication Engg,Lokmanya Tilak Jankalyan Shikshan Sanstha Priyadarshani College Of Engineering Nagpur,Fully Mapped
587.0,36695.0,65.8994288,412350710.0,4123.0,4123,0412350710,Chemical Engineering,Lokmanya Tilak Jankalyan Shikshan Sanstha Priyadarshani College Of Engineering Nagpur,Fully Mapped
588.0,47996.0,56.678482,412361210.0,4123.0,4123,0412361210,Mechanical Engineering,Lokmanya Tilak Jankalyan Shikshan Sanstha Priyadarshani College Of Engineering Nagpur,Fully Mapped
589.0,24458.0,76.4471767,412399510.0,4123.0,4123,0412399510,Artificial Intelligence and Data Science,Lokmanya Tilak Jankalyan Shikshan Sanstha Priyadarshani College Of Engineering Nagpur,Fully Mapped
590.0,67107.0,39.6460738,413324210.0,4133.0,4133,0413324210,Computer Science and Engineering,Sanmarg Shikshan Sanstha S Smt. Radhikatai Pandav College Of Engineering Nagpur,Fully Mapped
591.0,67912.0,38.8393771,413324510.0,4133.0,4133,0413324510,Computer Engineering,Sanmarg Shikshan Sanstha S Smt. Radhikatai Pandav College Of Engineering Nagpur,Fully Mapped
592.0,90863.0,0.4034685,413329310.0,4133.0,4133,0413329310,Electrical Engineering,Sanmarg Shikshan Sanstha S Smt. Radhikatai Pandav College Of Engineering Nagpur,Fully Mapped
593.0,82587.0,20.4121178,413337210.0,4133.0,4133,0413337210,Electronics and Telecommunication Engg,Sanmarg Shikshan Sanstha S Smt. Radhikatai Pandav College Of Engineering Nagpur,Fully Mapped
594.0,90105.0,3.7117624,413361210.0,4133.0,4133,0413361210,Mechanical Engineering,Sanmarg Shikshan Sanstha S Smt. Radhikatai Pandav College Of Engineering Nagpur,Fully Mapped
595.0,46069.0,58.2828077,413424210.0,4134.0,4134,0413424210,Computer Science and Engineering,Guru Nanak Institute Of Engineering Technology Kalmeshwar Nagpur,Fully Mapped
596.0,59461.0,46.6555544,413424610.0,4134.0,4134,0413424610,Information Technology,Guru Nanak Institute Of Engineering Technology Kalmeshwar Nagpur,Fully Mapped
597.0,87339.0,11.4305218,413429310.0,4134.0,4134,0413429310,Electrical Engineering,Guru Nanak Institute Of Engineering Technology Kalmeshwar Nagpur,Fully Mapped
598.0,73919.0,32.2397305,413437210.0,4134.0,4134,0413437210,Electronics and Telecommunication Engg,Guru Nanak Institute Of Engineering Technology Kalmeshwar Nagpur,Fully Mapped
599.0,67791.0,38.9966089,413491210.0,4134.0,4134,0413491210,Computer Science and Engineering(Data Science),Guru Nanak Institute Of Engineering Technology Kalmeshwar Nagpur,Fully Mapped
600.0,65062.0,41.4812919,413499710.0,4134.0,4134,0413499710,Artificial Intelligence,Guru Nanak Institute Of Engineering Technology Kalmeshwar Nagpur,Fully Mapped
601.0,189009.0,1.4065109,413519110.0,4135.0,4135,0413519110,Civil Engineering,Amar Seva Mandal S Shree Govindrao Vanjari College Of Engineering Technology Nagpur,Fully Mapped
602.0,68225.0,38.3127902,413524210.0,4135.0,4135,0413524210,Computer Science and Engineering,Amar Seva Mandal S Shree Govindrao Vanjari College Of Engineering Technology Nagpur,Fully Mapped
603.0,76218.0,29.3959598,413524610.0,4135.0,4135,0413524610,Information Technology,Amar Seva Mandal S Shree Govindrao Vanjari College Of Engineering Technology Nagpur,Fully Mapped
604.0,88112.0,9.7453109,413529310.0,4135.0,4135,0413529310,Electrical Engineering,Amar Seva Mandal S Shree Govindrao Vanjari College Of Engineering Technology Nagpur,Fully Mapped
605.0,77108.0,28.4411368,413537210.0,4135.0,4135,0413537210,Electronics and Telecommunication Engg,Amar Seva Mandal S Shree Govindrao Vanjari College Of Engineering Technology Nagpur,Fully Mapped
606.0,182928.0,12.6044134,413561210.0,4135.0,4135,0413561210,Mechanical Engineering,Amar Seva Mandal S Shree Govindrao Vanjari College Of Engineering Technology Nagpur,Fully Mapped
607.0,56611.0,49.2613509,413619110.0,4136.0,4136,0413619110,Civil Engineering,Lokmanya Tilak Jankalyan Shikshan Sastha Priyadarshini J. L. College Of Engineering Nagpur,Fully Mapped
608.0,25312.0,75.7783297,413624210.0,4136.0,4136,0413624210,Computer Science and Engineering,Lokmanya Tilak Jankalyan Shikshan Sastha Priyadarshini J. L. College Of Engineering Nagpur,Fully Mapped
609.0,40066.0,63.2748837,413629310.0,4136.0,4136,0413629310,Electrical Engineering,Lokmanya Tilak Jankalyan Shikshan Sastha Priyadarshini J. L. College Of Engineering Nagpur,Fully Mapped
610.0,25819.0,75.2964062,413637210.0,4136.0,4136,0413637210,Electronics and Telecommunication Engg,Lokmanya Tilak Jankalyan Shikshan Sastha Priyadarshini J. L. College Of Engineering Nagpur,Fully Mapped
611.0,20806.0,79.7563616,413699710.0,4136.0,4136,0413699710,Artificial Intelligence,Lokmanya Tilak Jankalyan Shikshan Sastha Priyadarshini J. L. College Of Engineering Nagpur,Fully Mapped
612.0,28991.0,72.5709482,413724210.0,4137.0,4137,0413724210,Computer Science and Engineering,Sir Shantilal Badjate Charitable Trust S S. B. Jain Institute Of Technology Management Research Nagpur,Fully Mapped
613.0,42395.0,61.2790648,413729310.0,4137.0,4137,0413729310,Electrical Engineering,Sir Shantilal Badjate Charitable Trust S S. B. Jain Institute Of Technology Management Research Nagpur,Fully Mapped
614.0,36297.0,66.365478,413737210.0,4137.0,4137,0413737210,Electronics and Telecommunication Engg,Sir Shantilal Badjate Charitable Trust S S. B. Jain Institute Of Technology Management Research Nagpur,Fully Mapped
615.0,31048.0,70.8363852,413791110.0,4137.0,4137,0413791110,Computer Science and Engineering(Artificial Intelligence and Machine Learning),Sir Shantilal Badjate Charitable Trust S S. B. Jain Institute Of Technology Management Research Nagpur,Fully Mapped
616.0,33712.0,68.5714997,413791210.0,4137.0,4137,0413791210,Computer Science and Engineering(Data Science),Sir Shantilal Badjate Charitable Trust S S. B. Jain Institute Of Technology Management Research Nagpur,Fully Mapped
617.0,70159.0,36.3198089,413819110.0,4138.0,4138,0413819110,Civil Engineering,Jaidev Education Society J D College Of Engineering And Management Nagpur,Fully Mapped
618.0,36257.0,66.3978839,413824210.0,4138.0,4138,0413824210,Computer Science and Engineering,Jaidev Education Society J D College Of Engineering And Management Nagpur,Fully Mapped
619.0,44405.0,59.7739944,413824610.0,4138.0,4138,0413824610,Information Technology,Jaidev Education Society J D College Of Engineering And Management Nagpur,Fully Mapped
620.0,59160.0,46.8194101,413829310.0,4138.0,4138,0413829310,Electrical Engineering,Jaidev Education Society J D College Of Engineering And Management Nagpur,Fully Mapped
621.0,54239.0,51.3638644,413837210.0,4138.0,4138,0413837210,Electronics and Telecommunication Engg,Jaidev Education Society J D College Of Engineering And Management Nagpur,Fully Mapped
622.0,59888.0,46.2986911,413861210.0,4138.0,4138,0413861210,Mechanical Engineering,Jaidev Education Society J D College Of Engineering And Management Nagpur,Fully Mapped
623.0,48879.0,56.0063988,413891210.0,4138.0,4138,0413891210,Computer Science and Engineering(Data Science),Jaidev Education Society J D College Of Engineering And Management Nagpur,Fully Mapped
624.0,45478.0,58.7311745,413899710.0,4138.0,4138,0413899710,Artificial Intelligence,Jaidev Education Society J D College Of Engineering And Management Nagpur,Fully Mapped
625.0,42004.0,61.6583065,413924210.0,4139.0,4139,0413924210,Computer Science and Engineering,Samridhi Sarwajanik Charitable Trust Jhulelal Institute Of Technology Nagpur,Fully Mapped
626.0,53920.0,51.6406469,413929310.0,4139.0,4139,0413929310,Electrical Engineering,Samridhi Sarwajanik Charitable Trust Jhulelal Institute Of Technology Nagpur,Fully Mapped
627.0,51612.0,53.4623008,413984410.0,4139.0,4139,0413984410,Electronics and Computer Engineering,Samridhi Sarwajanik Charitable Trust Jhulelal Institute Of Technology Nagpur,Fully Mapped
628.0,47772.0,56.8895744,413991110.0,4139.0,4139,0413991110,Computer Science and Engineering(Artificial Intelligence and Machine Learning),Samridhi Sarwajanik Charitable Trust Jhulelal Institute Of Technology Nagpur,Fully Mapped
629.0,49492.0,55.3933038,413992810.0,4139.0,4139,0413992810,Electronics and Communication(Advanced Communication Technology),Samridhi Sarwajanik Charitable Trust Jhulelal Institute Of Technology Nagpur,Fully Mapped
630.0,105073.0,83.1983982,414124510.0,4141.0,4141,0414124510,Computer Engineering,Shriram Gram Vikas Shikshan Sanstha Vilasrao Deshmukh College Of Engineering And Technology Nagpur,Fully Mapped
631.0,120476.0,72.3242844,414199510.0,4141.0,4141,0414199510,Artificial Intelligence and Data Science,Shriram Gram Vikas Shikshan Sanstha Vilasrao Deshmukh College Of Engineering And Technology Nagpur,Fully Mapped
632.0,47947.0,56.8654349,414219110.0,4142.0,4142,0414219110,Civil Engineering,G H Raisoni College Of Engineering Management Nagpur,Fully Mapped
633.0,17979.0,82.3229774,414224210.0,4142.0,4142,0414224210,Computer Science and Engineering,G H Raisoni College Of Engineering Management Nagpur,Fully Mapped
634.0,19777.0,80.7263661,414224610.0,4142.0,4142,0414224610,Information Technology,G H Raisoni College Of Engineering Management Nagpur,Fully Mapped
635.0,38610.0,64.3768291,414229310.0,4142.0,4142,0414229310,Electrical Engineering,G H Raisoni College Of Engineering Management Nagpur,Fully Mapped
636.0,23933.0,76.9870398,414237210.0,4142.0,4142,0414237210,Electronics and Telecommunication Engg,G H Raisoni College Of Engineering Management Nagpur,Fully Mapped
637.0,44598.0,59.6793493,414261210.0,4142.0,4142,0414261210,Mechanical Engineering,G H Raisoni College Of Engineering Management Nagpur,Fully Mapped
638.0,21022.0,79.6181326,414291010.0,4142.0,4142,0414291010,Computer Science and Engineering(Cyber Security),G H Raisoni College Of Engineering Management Nagpur,Fully Mapped
639.0,22427.0,78.2248689,414291710.0,4142.0,4142,0414291710,Data Science,G H Raisoni College Of Engineering Management Nagpur,Fully Mapped
640.0,23106.0,77.7169206,414299710.0,4142.0,4142,0414299710,Artificial Intelligence,G H Raisoni College Of Engineering Management Nagpur,Fully Mapped
641.0,80651.0,23.6756595,414319110.0,4143.0,4143,0414319110,Civil Engineering,Sanmarg Shikshan Sanstha Mandukarrao Pandav College Of Engineering Bhandara,Fully Mapped
642.0,186969.0,5.5604039,414324510.0,4143.0,4143,0414324510,Computer Engineering,Sanmarg Shikshan Sanstha Mandukarrao Pandav College Of Engineering Bhandara,Fully Mapped
643.0,70306.0,36.2120221,414419110.0,4144.0,4144,0414419110,Civil Engineering,Shri. Sai Shikshan Sanstha Nagpur Institute Of Technology Nagpur,Fully Mapped
644.0,58000.0,48.0513547,414424210.0,4144.0,4144,0414424210,Computer Science and Engineering,Shri. Sai Shikshan Sanstha Nagpur Institute Of Technology Nagpur,Fully Mapped
645.0,62199.0,44.2014356,414424610.0,4144.0,4144,0414424610,Information Technology,Shri. Sai Shikshan Sanstha Nagpur Institute Of Technology Nagpur,Fully Mapped
646.0,74998.0,30.7427511,414429310.0,4144.0,4144,0414429310,Electrical Engineering,Shri. Sai Shikshan Sanstha Nagpur Institute Of Technology Nagpur,Fully Mapped
647.0,180369.0,16.2423214,414519110.0,4145.0,4145,0414519110,Civil Engineering,Wainganga College Of Engineering And Management Dongargaon Nagpur,Fully Mapped
648.0,60212.0,46.0832398,414524210.0,4145.0,4145,0414524210,Computer Science and Engineering,Wainganga College Of Engineering And Management Dongargaon Nagpur,Fully Mapped
649.0,71817.0,34.69594,414529310.0,4145.0,4145,0414529310,Electrical Engineering,Wainganga College Of Engineering And Management Dongargaon Nagpur,Fully Mapped
650.0,62277.0,44.050881,414537210.0,4145.0,4145,0414537210,Electronics and Telecommunication Engg,Wainganga College Of Engineering And Management Dongargaon Nagpur,Fully Mapped
651.0,89384.0,6.1071226,414561210.0,4145.0,4145,0414561210,Mechanical Engineering,Wainganga College Of Engineering And Management Dongargaon Nagpur,Fully Mapped
652.0,58700.0,47.4238693,414599510.0,4145.0,4145,0414599510,Artificial Intelligence and Data Science,Wainganga College Of Engineering And Management Dongargaon Nagpur,Fully Mapped
653.0,61120.0,45.2445766,414719110.0,4147.0,4147,0414719110,Civil Engineering,K.D.K. College Of Engineering Nagpur,Fully Mapped
654.0,31540.0,70.5136833,414724210.0,4147.0,4147,0414724210,Computer Science and Engineering,K.D.K. College Of Engineering Nagpur,Fully Mapped
655.0,37044.0,65.7022258,414724610.0,4147.0,4147,0414724610,Information Technology,K.D.K. College Of Engineering Nagpur,Fully Mapped
656.0,58417.0,47.5550319,414729310.0,4147.0,4147,0414729310,Electrical Engineering,K.D.K. College Of Engineering Nagpur,Fully Mapped
657.0,44971.0,59.2301802,414737210.0,4147.0,4147,0414737210,Electronics and Telecommunication Engg,K.D.K. College Of Engineering Nagpur,Fully Mapped
658.0,44317.0,59.8276777,414761210.0,4147.0,4147,0414761210,Mechanical Engineering,K.D.K. College Of Engineering Nagpur,Fully Mapped
659.0,39717.0,63.5337786,414799510.0,4147.0,4147,0414799510,Artificial Intelligence and Data Science,K.D.K. College Of Engineering Nagpur,Fully Mapped
660.0,65719.0,40.9215197,415100210.0,4151.0,4151,0415100210,Aeronautical Engineering,Tulsiramji Gaikwad Patil College Of Engineering Technology Nagpur,Fully Mapped
661.0,31745.0,71.3804113,415108210.0,4151.0,4151,0415108210,Bio Technology,Tulsiramji Gaikwad Patil College Of Engineering Technology Nagpur,Fully Mapped
662.0,32672.0,70.7219012,415108210.0,4151.0,4151,0415108210,Bio Technology,Tulsiramji Gaikwad Patil College Of Engineering Technology Nagpur,Fully Mapped
663.0,79741.0,24.6845018,415119110.0,4151.0,4151,0415119110,Civil Engineering,Tulsiramji Gaikwad Patil College Of Engineering Technology Nagpur,Fully Mapped
664.0,46829.0,57.7205882,415124210.0,4151.0,4151,0415124210,Computer Science and Engineering,Tulsiramji Gaikwad Patil College Of Engineering Technology Nagpur,Fully Mapped
665.0,56510.0,49.3223255,415124610.0,4151.0,4151,0415124610,Information Technology,Tulsiramji Gaikwad Patil College Of Engineering Technology Nagpur,Fully Mapped
666.0,63528.0,42.945065,415129310.0,4151.0,4151,0415129310,Electrical Engineering,Tulsiramji Gaikwad Patil College Of Engineering Technology Nagpur,Fully Mapped
667.0,54455.0,51.1269778,415137010.0,4151.0,4151,0415137010,Electronics and Communication Engineering,Tulsiramji Gaikwad Patil College Of Engineering Technology Nagpur,Fully Mapped
668.0,80122.0,24.2014082,415161210.0,4151.0,4151,0415161210,Mechanical Engineering,Tulsiramji Gaikwad Patil College Of Engineering Technology Nagpur,Fully Mapped
669.0,60339.0,45.8118701,415191210.0,4151.0,4151,0415191210,Computer Science and Engineering(Data Science),Tulsiramji Gaikwad Patil College Of Engineering Technology Nagpur,Fully Mapped
670.0,61328.0,45.1836004,415192110.0,4151.0,4151,0415192110,Artificial Intelligence and Machine Learning,Tulsiramji Gaikwad Patil College Of Engineering Technology Nagpur,Fully Mapped
671.0,184007.0,10.8656299,416319110.0,4163.0,4163,0416319110,Civil Engineering,Rajiv Gandhi College Of Engineering Research Technology Chandrapur,Fully Mapped
672.0,59223.0,46.7185244,416324210.0,4163.0,4163,0416324210,Computer Science and Engineering,Rajiv Gandhi College Of Engineering Research Technology Chandrapur,Fully Mapped
673.0,85189.0,15.9812368,416329310.0,4163.0,4163,0416329310,Electrical Engineering,Rajiv Gandhi College Of Engineering Research Technology Chandrapur,Fully Mapped
674.0,79307.0,25.200015,416337010.0,4163.0,4163,0416337010,Electronics and Communication Engineering,Rajiv Gandhi College Of Engineering Research Technology Chandrapur,Fully Mapped
675.0,89904.0,4.5411494,416361210.0,4163.0,4163,0416361210,Mechanical Engineering,Rajiv Gandhi College Of Engineering Research Technology Chandrapur,Fully Mapped
676.0,61152.0,45.2445766,416370110.0,4163.0,4163,0416370110,Mining Engineering,Rajiv Gandhi College Of Engineering Research Technology Chandrapur,Fully Mapped
677.0,62065.0,44.2947607,416391210.0,4163.0,4163,0416391210,Computer Science and Engineering(Data Science),Rajiv Gandhi College Of Engineering Research Technology Chandrapur,Fully Mapped
678.0,43527.0,60.301262,416719110.0,4167.0,4167,0416719110,Civil Engineering,Yeshwantrao Chavan College Of Engineering Wanadongri Nagpur,Fully Mapped
679.0,10552.0,89.0565174,416724210.0,4167.0,4167,0416724210,Computer Science and Engineering,Yeshwantrao Chavan College Of Engineering Wanadongri Nagpur,Fully Mapped
680.0,15735.0,84.335504,416724610.0,4167.0,4167,0416724610,Information Technology,Yeshwantrao Chavan College Of Engineering Wanadongri Nagpur,Fully Mapped
681.0,17643.0,82.6084538,416725110.0,4167.0,4167,0416725110,Computer Technology,Yeshwantrao Chavan College Of Engineering Wanadongri Nagpur,Fully Mapped
682.0,19045.0,81.3751833,416725710.0,4167.0,4167,0416725710,Computer Science and Design,Yeshwantrao Chavan College Of Engineering Wanadongri Nagpur,Fully Mapped
683.0,18033.0,82.321624,416726710.0,4167.0,4167,0416726710,Computer Science and Engineering (IoT),Yeshwantrao Chavan College Of Engineering Wanadongri Nagpur,Fully Mapped
684.0,32161.0,69.7929881,416735610.0,4167.0,4167,0416735610,Electrical Engg[Electronics and Power],Yeshwantrao Chavan College Of Engineering Wanadongri Nagpur,Fully Mapped
685.0,21697.0,78.9227248,416737210.0,4167.0,4167,0416737210,Electronics and Telecommunication Engg,Yeshwantrao Chavan College Of Engineering Wanadongri Nagpur,Fully Mapped
686.0,26628.0,74.5733907,416737610.0,4167.0,4167,0416737610,Electronics Engineering,Yeshwantrao Chavan College Of Engineering Wanadongri Nagpur,Fully Mapped
687.0,27723.0,73.7173337,416737810.0,4167.0,4167,0416737810,Electronics Engineering ( VLSI Design and Technology),Yeshwantrao Chavan College Of Engineering Wanadongri Nagpur,Fully Mapped
688.0,39774.0,63.4728961,416761210.0,4167.0,4167,0416761210,Mechanical Engineering,Yeshwantrao Chavan College Of Engineering Wanadongri Nagpur,Fully Mapped
689.0,10657.0,89.0292149,416791110.0,4167.0,4167,0416791110,Computer Science and Engineering(Artificial Intelligence and Machine Learning),Yeshwantrao Chavan College Of Engineering Wanadongri Nagpur,Fully Mapped
690.0,17644.0,82.6084538,416799510.0,4167.0,4167,0416799510,Artificial Intelligence and Data Science,Yeshwantrao Chavan College Of Engineering Wanadongri Nagpur,Fully Mapped
691.0,90609.0,1.7829163,417219110.0,4172.0,4172,0417219110,Civil Engineering,Anjuman College Of Engineering Technology Nagpur,Fully Mapped
692.0,37785.0,65.0561876,417224210.0,4172.0,4172,0417224210,Computer Science and Engineering,Anjuman College Of Engineering Technology Nagpur,Fully Mapped
693.0,43385.0,60.57336,417226310.0,4172.0,4172,0417226310,Artificial Intelligence (AI) and Data Science,Anjuman College Of Engineering Technology Nagpur,Fully Mapped
694.0,80182.0,24.2014082,417229310.0,4172.0,4172,0417229310,Electrical Engineering,Anjuman College Of Engineering Technology Nagpur,Fully Mapped
695.0,47399.0,57.3147779,417237210.0,4172.0,4172,0417237210,Electronics and Telecommunication Engg,Anjuman College Of Engineering Technology Nagpur,Fully Mapped
696.0,77007.0,28.4607938,417261210.0,4172.0,4172,0417261210,Mechanical Engineering,Anjuman College Of Engineering Technology Nagpur,Fully Mapped
697.0,46670.0,57.761302,417419110.0,4174.0,4174,0417419110,Civil Engineering,St. Vincent Pallotti College Of Engineering Technology Nagpur,Fully Mapped
698.0,15666.0,84.4427928,417424510.0,4174.0,4174,0417424510,Computer Engineering,St. Vincent Pallotti College Of Engineering Technology Nagpur,Fully Mapped
699.0,21775.0,78.9149832,417424610.0,4174.0,4174,0417424610,Information Technology,St. Vincent Pallotti College Of Engineering Technology Nagpur,Fully Mapped
700.0,21336.0,79.3129321,417426010.0,4174.0,4174,0417426010,Computer Science and Engineering (Cyber Security),St. Vincent Pallotti College Of Engineering Technology Nagpur,Fully Mapped
701.0,22607.0,78.1648862,417426210.0,4174.0,4174,0417426210,Computer Science and Business Systems,St. Vincent Pallotti College Of Engineering Technology Nagpur,Fully Mapped
702.0,29810.0,71.871636,417426510.0,4174.0,4174,0417426510,Industrial IoT,St. Vincent Pallotti College Of Engineering Technology Nagpur,Fully Mapped
703.0,35319.0,67.1114593,417429310.0,4174.0,4174,0417429310,Electrical Engineering,St. Vincent Pallotti College Of Engineering Technology Nagpur,Fully Mapped
704.0,25286.0,75.7901666,417437210.0,4174.0,4174,0417437210,Electronics and Telecommunication Engg,St. Vincent Pallotti College Of Engineering Technology Nagpur,Fully Mapped
705.0,38824.0,64.3278996,417461210.0,4174.0,4174,0417461210,Mechanical Engineering,St. Vincent Pallotti College Of Engineering Technology Nagpur,Fully Mapped
706.0,19902.0,80.6013534,417491210.0,4174.0,4174,0417491210,Computer Science and Engineering(Data Science),St. Vincent Pallotti College Of Engineering Technology Nagpur,Fully Mapped
707.0,22321.0,78.3168455,417499710.0,4174.0,4174,0417499710,Artificial Intelligence,St. Vincent Pallotti College Of Engineering Technology Nagpur,Fully Mapped
708.0,76256.0,29.3959598,417524210.0,4175.0,4175,0417524210,Computer Science and Engineering,Jmss Shri Shankarprasad Agnihotri College Of Engineering Wardha,Fully Mapped
709.0,183526.0,11.4858097,417537210.0,4175.0,4175,0417537210,Electronics and Telecommunication Engg,Jmss Shri Shankarprasad Agnihotri College Of Engineering Wardha,Fully Mapped
710.0,64662.0,42.0665339,417719110.0,4177.0,4177,0417719110,Civil Engineering,Priyadarshini Bhagwati College Of Engineering Harpur Nagar Umred Road Nagpur,Fully Mapped
711.0,22921.0,77.8322522,417724210.0,4177.0,4177,0417724210,Computer Science and Engineering,Priyadarshini Bhagwati College Of Engineering Harpur Nagar Umred Road Nagpur,Fully Mapped
712.0,26039.0,75.1570798,417724610.0,4177.0,4177,0417724610,Information Technology,Priyadarshini Bhagwati College Of Engineering Harpur Nagar Umred Road Nagpur,Fully Mapped
713.0,46405.0,57.9935072,417737010.0,4177.0,4177,0417737010,Electronics and Communication Engineering,Priyadarshini Bhagwati College Of Engineering Harpur Nagar Umred Road Nagpur,Fully Mapped
714.0,59068.0,46.8194101,417761210.0,4177.0,4177,0417761210,Mechanical Engineering,Priyadarshini Bhagwati College Of Engineering Harpur Nagar Umred Road Nagpur,Fully Mapped
715.0,189529.0,0.0565857,418124510.0,4181.0,4181,0418124510,Computer Engineering,Swaminarayan Siddhanta Institute Of Technology Nagpur,Fully Mapped
716.0,175062.0,23.9858471,418137210.0,4181.0,4181,0418137210,Electronics and Telecommunication Engg,Swaminarayan Siddhanta Institute Of Technology Nagpur,Fully Mapped
717.0,167147.0,32.8344132,418824210.0,4188.0,4188,0418824210,Computer Science and Engineering,Krushi Jivan Vikas Pratishthan Ballarpur Institute Of Technology Mouza Bamni,Fully Mapped
718.0,187923.0,3.7972607,418837210.0,4188.0,4188,0418837210,Electronics and Telecommunication Engg,Krushi Jivan Vikas Pratishthan Ballarpur Institute Of Technology Mouza Bamni,Fully Mapped
719.0,163119.0,42.2216419,418850310.0,4188.0,4188,0418850310,Food Technology,Krushi Jivan Vikas Pratishthan Ballarpur Institute Of Technology Mouza Bamni,Fully Mapped
720.0,166429.0,39.0405373,418850310.0,4188.0,4188,0418850310,Food Technology,Krushi Jivan Vikas Pratishthan Ballarpur Institute Of Technology Mouza Bamni,Fully Mapped
721.0,62139.0,46.7162819,418850310.0,4188.0,4188,0418850310,Food Technology,Krushi Jivan Vikas Pratishthan Ballarpur Institute Of Technology Mouza Bamni,Fully Mapped
722.0,80905.0,28.3786419,418850310.0,4188.0,4188,0418850310,Food Technology,Krushi Jivan Vikas Pratishthan Ballarpur Institute Of Technology Mouza Bamni,Fully Mapped
723.0,146176.0,53.517849,419024210.0,4190.0,4190,0419024210,Computer Science and Engineering,M.D. Yergude Memorial Shikshan Prasarak Mandal S Shri Sai College Of Engineering Technology Bhadrawati,Fully Mapped
724.0,103026.0,84.7973394,419037010.0,4190.0,4190,0419037010,Electronics and Communication Engineering,M.D. Yergude Memorial Shikshan Prasarak Mandal S Shri Sai College Of Engineering Technology Bhadrawati,Fully Mapped
725.0,75199.0,30.6843745,419224210.0,4192.0,4192,0419224210,Computer Science and Engineering,Maitraya Education Society Nagarjuna Institute Of Engineering Technology Management Nagpur,Fully Mapped
726.0,77008.0,28.4607938,419291110.0,4192.0,4192,0419291110,Computer Science and Engineering(Artificial Intelligence and Machine Learning),Maitraya Education Society Nagarjuna Institute Of Engineering Technology Management Nagpur,Fully Mapped
727.0,58468.0,47.5550319,419324210.0,4193.0,4193,0419324210,Computer Science and Engineering,K.D.M. Education Society Vidharbha Institute Of Technology Umred Road Nagpur,Fully Mapped
728.0,71520.0,34.7387002,419329310.0,4193.0,4193,0419329310,Electrical Engineering,K.D.M. Education Society Vidharbha Institute Of Technology Umred Road Nagpur,Fully Mapped
729.0,104062.0,84.0259309,419391110.0,4193.0,4193,0419391110,Computer Science and Engineering(Artificial Intelligence and Machine Learning),K.D.M. Education Society Vidharbha Institute Of Technology Umred Road Nagpur,Fully Mapped
730.0,83152.0,19.7606727,419391210.0,4193.0,4193,0419391210,Computer Science and Engineering(Data Science),K.D.M. Education Society Vidharbha Institute Of Technology Umred Road Nagpur,Fully Mapped
732.0,157315.0,43.1231034,419619110.0,4196.0,4196,0419619110,Civil Engineering,Gurunanak Educational Society S Gurunanak Institute Of Technology Nagpur,Fully Mapped
733.0,61336.0,45.1836004,419624210.0,4196.0,4196,0419624210,Computer Science and Engineering,Gurunanak Educational Society S Gurunanak Institute Of Technology Nagpur,Fully Mapped
734.0,188079.0,3.245658,419637210.0,4196.0,4196,0419637210,Electronics and Telecommunication Engg,Gurunanak Educational Society S Gurunanak Institute Of Technology Nagpur,Fully Mapped
735.0,71884.0,34.6883545,419691010.0,4196.0,4196,0419691010,Computer Science and Engineering(Cyber Security),Gurunanak Educational Society S Gurunanak Institute Of Technology Nagpur,Fully Mapped
736.0,62999.0,43.5428977,419691210.0,4196.0,4196,0419691210,Computer Science and Engineering(Data Science),Gurunanak Educational Society S Gurunanak Institute Of Technology Nagpur,Fully Mapped
737.0,64208.0,42.4493618,419692110.0,4196.0,4196,0419692110,Artificial Intelligence and Machine Learning,Gurunanak Educational Society S Gurunanak Institute Of Technology Nagpur,Fully Mapped
738.0,167401.0,32.2475132,419724210.0,4197.0,4197,0419724210,Computer Science and Engineering,Jai Mahakali Shikshan Sanstha Agnihotri College Of Engineering Sindhi(Meghe),Fully Mapped
739.0,73176.0,33.1064403,428524610.0,4285.0,4285,0428524610,Information Technology,V M Institute Of Engineering And Technology Dongargaon Nagpur,Fully Mapped
740.0,86430.0,13.5512762,428561210.0,4285.0,4285,0428561210,Mechanical Engineering,V M Institute Of Engineering And Technology Dongargaon Nagpur,Fully Mapped
744.0,74448.0,31.5996204,461319110.0,4613.0,4613,0461319110,Civil Engineering,Suryodaya College Of Engineering Technology Nagpur,Fully Mapped
745.0,49913.0,55.0466064,461324510.0,4613.0,4613,0461324510,Computer Engineering,Suryodaya College Of Engineering Technology Nagpur,Fully Mapped
746.0,62529.0,43.7966904,461326510.0,4613.0,4613,0461326510,Industrial IoT,Suryodaya College Of Engineering Technology Nagpur,Fully Mapped
747.0,73986.0,32.0362067,461329310.0,4613.0,4613,0461329310,Electrical Engineering,Suryodaya College Of Engineering Technology Nagpur,Fully Mapped
748.0,42760.0,61.021199,461337210.0,4613.0,4613,0461337210,Electronics and Telecommunication Engg,Suryodaya College Of Engineering Technology Nagpur,Fully Mapped
749.0,67481.0,39.3011281,461361210.0,4613.0,4613,0461361210,Mechanical Engineering,Suryodaya College Of Engineering Technology Nagpur,Fully Mapped
750.0,51030.0,54.2004802,461391210.0,4613.0,4613,0461391210,Computer Science and Engineering(Data Science),Suryodaya College Of Engineering Technology Nagpur,Fully Mapped
751.0,90328.0,2.9264651,464824210.0,4648.0,4648,0464824210,Computer Science and Engineering,R.V. Parankar College Of Engineering Technology Arvi Dist Wardha,Fully Mapped
752.0,182879.0,12.6135136,464824610.0,4648.0,4648,0464824610,Information Technology,R.V. Parankar College Of Engineering Technology Arvi Dist Wardha,Fully Mapped
753.0,74986.0,30.7427511,464919110.0,4649.0,4649,0464919110,Civil Engineering,Bajaj Institute Of Technology Wardha,Fully Mapped
754.0,32143.0,69.8571928,464924510.0,4649.0,4649,0464924510,Computer Engineering,Bajaj Institute Of Technology Wardha,Fully Mapped
755.0,32475.0,69.5628064,464929310.0,4649.0,4649,0464929310,Electrical Engineering,Bajaj Institute Of Technology Wardha,Fully Mapped
756.0,44382.0,59.8276777,464961210.0,4649.0,4649,0464961210,Mechanical Engineering,Bajaj Institute Of Technology Wardha,Fully Mapped
757.0,114114.0,76.7300255,470324210.0,4703.0,4703,0470324210,Computer Science and Engineering,Somayya Institute of Technology Chandrapur,Fully Mapped
758.0,85029.0,16.2641599,510319110.0,5103.0,5103,0510319110,Civil Engineering,Shri Shivaji Vidya Prasarak Sanstha S Late Bapusaheb Shivaji Rao Deore College Of Engineering Dhule,Fully Mapped
759.0,48175.0,56.4946109,510324510.0,5103.0,5103,0510324510,Computer Engineering,Shri Shivaji Vidya Prasarak Sanstha S Late Bapusaheb Shivaji Rao Deore College Of Engineering Dhule,Fully Mapped
760.0,60666.0,45.6287618,510337210.0,5103.0,5103,0510337210,Electronics and Telecommunication Engg,Shri Shivaji Vidya Prasarak Sanstha S Late Bapusaheb Shivaji Rao Deore College Of Engineering Dhule,Fully Mapped
761.0,75866.0,29.8015715,510337610.0,5103.0,5103,0510337610,Electronics Engineering,Shri Shivaji Vidya Prasarak Sanstha S Late Bapusaheb Shivaji Rao Deore College Of Engineering Dhule,Fully Mapped
762.0,79990.0,24.2340612,510361210.0,5103.0,5103,0510361210,Mechanical Engineering,Shri Shivaji Vidya Prasarak Sanstha S Late Bapusaheb Shivaji Rao Deore College Of Engineering Dhule,Fully Mapped
763.0,52150.0,53.0226888,510384410.0,5103.0,5103,0510384410,Electronics and Computer Engineering,Shri Shivaji Vidya Prasarak Sanstha S Late Bapusaheb Shivaji Rao Deore College Of Engineering Dhule,Fully Mapped
764.0,181608.0,14.3617021,510419110.0,5104.0,5104,0510419110,Civil Engineering,Shramsadhana Bombay Trust College Of Engineering Technology Jalgaon,Fully Mapped
765.0,41395.0,62.2153939,510424510.0,5104.0,5104,0510424510,Computer Engineering,Shramsadhana Bombay Trust College Of Engineering Technology Jalgaon,Fully Mapped
766.0,58411.0,47.5550319,510429310.0,5104.0,5104,0510429310,Electrical Engineering,Shramsadhana Bombay Trust College Of Engineering Technology Jalgaon,Fully Mapped
767.0,42680.0,61.0395438,510437210.0,5104.0,5104,0510437210,Electronics and Telecommunication Engg,Shramsadhana Bombay Trust College Of Engineering Technology Jalgaon,Fully Mapped
768.0,69060.0,37.6420166,510461210.0,5104.0,5104,0510461210,Mechanical Engineering,Shramsadhana Bombay Trust College Of Engineering Technology Jalgaon,Fully Mapped
769.0,63315.0,43.02146,510624510.0,5106.0,5106,0510624510,Computer Engineering,Khandesh College Education Society S College Of Engineering And Management Jalgaon,Fully Mapped
770.0,183967.0,10.8656299,510629310.0,5106.0,5106,0510629310,Electrical Engineering,Khandesh College Education Society S College Of Engineering And Management Jalgaon,Fully Mapped
771.0,183593.0,11.4858097,510684410.0,5106.0,5106,0510684410,Electronics and Computer Engineering,Khandesh College Education Society S College Of Engineering And Management Jalgaon,Fully Mapped
772.0,76918.0,28.4639143,510691210.0,5106.0,5106,0510691210,Computer Science and Engineering(Data Science),Khandesh College Education Society S College Of Engineering And Management Jalgaon,Fully Mapped
773.0,46982.0,57.6698395,510819110.0,5108.0,5108,0510819110,Civil Engineering,Maratha Vidya Prasarak Samaj S Karmaveer Adv. Baburao Ganpatrao Thakare College Of Engineering Nashik,Fully Mapped
774.0,23524.0,77.3255329,510824510.0,5108.0,5108,0510824510,Computer Engineering,Maratha Vidya Prasarak Samaj S Karmaveer Adv. Baburao Ganpatrao Thakare College Of Engineering Nashik,Fully Mapped
775.0,25381.0,75.6601092,510824610.0,5108.0,5108,0510824610,Information Technology,Maratha Vidya Prasarak Samaj S Karmaveer Adv. Baburao Ganpatrao Thakare College Of Engineering Nashik,Fully Mapped
776.0,26567.0,74.5733907,510826310.0,5108.0,5108,0510826310,Artificial Intelligence (AI) and Data Science,Maratha Vidya Prasarak Samaj S Karmaveer Adv. Baburao Ganpatrao Thakare College Of Engineering Nashik,Fully Mapped
777.0,41095.0,62.3601588,510829310.0,5108.0,5108,0510829310,Electrical Engineering,Maratha Vidya Prasarak Samaj S Karmaveer Adv. Baburao Ganpatrao Thakare College Of Engineering Nashik,Fully Mapped
778.0,28017.0,73.3421663,510837210.0,5108.0,5108,0510837210,Electronics and Telecommunication Engg,Maratha Vidya Prasarak Samaj S Karmaveer Adv. Baburao Ganpatrao Thakare College Of Engineering Nashik,Fully Mapped
779.0,43753.0,60.1566683,510846410.0,5108.0,5108,0510846410,Instrumentation and Control Engineering,Maratha Vidya Prasarak Samaj S Karmaveer Adv. Baburao Ganpatrao Thakare College Of Engineering Nashik,Fully Mapped
780.0,33118.0,69.0384236,510861210.0,5108.0,5108,0510861210,Mechanical Engineering,Maratha Vidya Prasarak Samaj S Karmaveer Adv. Baburao Ganpatrao Thakare College Of Engineering Nashik,Fully Mapped
781.0,69900.0,36.5687902,510919110.0,5109.0,5109,0510919110,Civil Engineering,Sandip Foundation Sandip Institute Of Technology And Research Centre Mahiravani Nashik,Fully Mapped
782.0,35342.0,67.1114593,510924510.0,5109.0,5109,0510924510,Computer Engineering,Sandip Foundation Sandip Institute Of Technology And Research Centre Mahiravani Nashik,Fully Mapped
783.0,36156.0,66.4297542,510924610.0,5109.0,5109,0510924610,Information Technology,Sandip Foundation Sandip Institute Of Technology And Research Centre Mahiravani Nashik,Fully Mapped
784.0,47343.0,57.3147779,510929310.0,5109.0,5109,0510929310,Electrical Engineering,Sandip Foundation Sandip Institute Of Technology And Research Centre Mahiravani Nashik,Fully Mapped
785.0,40842.0,62.5868591,510937210.0,5109.0,5109,0510937210,Electronics and Telecommunication Engg,Sandip Foundation Sandip Institute Of Technology And Research Centre Mahiravani Nashik,Fully Mapped
786.0,33402.0,68.8362969,510956610.0,5109.0,5109,0510956610,Computer Science,Sandip Foundation Sandip Institute Of Technology And Research Centre Mahiravani Nashik,Fully Mapped
787.0,60305.0,45.8887471,510961210.0,5109.0,5109,0510961210,Mechanical Engineering,Sandip Foundation Sandip Institute Of Technology And Research Centre Mahiravani Nashik,Fully Mapped
788.0,43895.0,60.1000986,510991610.0,5109.0,5109,0510991610,Automation and Robotics,Sandip Foundation Sandip Institute Of Technology And Research Centre Mahiravani Nashik,Fully Mapped
789.0,38588.0,64.415516,510992110.0,5109.0,5109,0510992110,Artificial Intelligence and Machine Learning,Sandip Foundation Sandip Institute Of Technology And Research Centre Mahiravani Nashik,Fully Mapped
790.0,30500.0,71.3374029,510999510.0,5109.0,5109,0510999510,Artificial Intelligence and Data Science,Sandip Foundation Sandip Institute Of Technology And Research Centre Mahiravani Nashik,Fully Mapped
791.0,41045.0,62.3601588,512119110.0,5121.0,5121,0512119110,Civil Engineering,K. K. Wagh Institute Of Engineering Education And Research Nashik,Fully Mapped
792.0,20826.0,79.7563616,512121910.0,5121.0,5121,0512121910,Robotics and Automation,K. K. Wagh Institute Of Engineering Education And Research Nashik,Fully Mapped
793.0,10843.0,88.8337138,512124510.0,5121.0,5121,0512124510,Computer Engineering,K. K. Wagh Institute Of Engineering Education And Research Nashik,Fully Mapped
794.0,12635.0,87.236404,512124610.0,5121.0,5121,0512124610,Information Technology,K. K. Wagh Institute Of Engineering Education And Research Nashik,Fully Mapped
795.0,14977.0,85.1042245,512125710.0,5121.0,5121,0512125710,Computer Science and Design,K. K. Wagh Institute Of Engineering Education And Research Nashik,Fully Mapped
796.0,28363.0,72.9923375,512129310.0,5121.0,5121,0512129310,Electrical Engineering,K. K. Wagh Institute Of Engineering Education And Research Nashik,Fully Mapped
797.0,18896.0,81.5080014,512137210.0,5121.0,5121,0512137210,Electronics and Telecommunication Engg,K. K. Wagh Institute Of Engineering Education And Research Nashik,Fully Mapped
798.0,39220.0,63.8828633,512150710.0,5121.0,5121,0512150710,Chemical Engineering,K. K. Wagh Institute Of Engineering Education And Research Nashik,Fully Mapped
799.0,30941.0,70.864798,512161210.0,5121.0,5121,0512161210,Mechanical Engineering,K. K. Wagh Institute Of Engineering Education And Research Nashik,Fully Mapped
800.0,14862.0,85.1743347,512199510.0,5121.0,5121,0512199510,Artificial Intelligence and Data Science,K. K. Wagh Institute Of Engineering Education And Research Nashik,Fully Mapped
801.0,189175.0,1.0475793,512419110.0,5124.0,5124,0512419110,Civil Engineering,Jagadamba Education Soc. Nashik S S.N.D. College Of Engineering Reserch Babulgaon,Fully Mapped
802.0,48816.0,56.0063988,512424510.0,5124.0,5124,0512424510,Computer Engineering,Jagadamba Education Soc. Nashik S S.N.D. College Of Engineering Reserch Babulgaon,Fully Mapped
803.0,52633.0,52.9550499,512424610.0,5124.0,5124,0512424610,Information Technology,Jagadamba Education Soc. Nashik S S.N.D. College Of Engineering Reserch Babulgaon,Fully Mapped
804.0,188551.0,2.3998331,512429310.0,5124.0,5124,0512429310,Electrical Engineering,Jagadamba Education Soc. Nashik S S.N.D. College Of Engineering Reserch Babulgaon,Fully Mapped
805.0,180657.0,15.9989858,512461210.0,5124.0,5124,0512461210,Mechanical Engineering,Jagadamba Education Soc. Nashik S S.N.D. College Of Engineering Reserch Babulgaon,Fully Mapped
806.0,177645.0,20.7289199,512462410.0,5124.0,5124,0512462410,Mechatronics Engineering,Jagadamba Education Soc. Nashik S S.N.D. College Of Engineering Reserch Babulgaon,Fully Mapped
807.0,70365.0,36.131373,512484410.0,5124.0,5124,0512484410,Electronics and Computer Engineering,Jagadamba Education Soc. Nashik S S.N.D. College Of Engineering Reserch Babulgaon,Fully Mapped
808.0,52323.0,52.9946164,512524510.0,5125.0,5125,0512524510,Computer Engineering,Pravara Rural Education Society S Sir Visvesvaraya Institute Of Technology Chincholi Dist. Nashik,Fully Mapped
809.0,53193.0,52.1336234,512524610.0,5125.0,5125,0512524610,Information Technology,Pravara Rural Education Society S Sir Visvesvaraya Institute Of Technology Chincholi Dist. Nashik,Fully Mapped
810.0,76471.0,29.1881299,512550710.0,5125.0,5125,0512550710,Chemical Engineering,Pravara Rural Education Society S Sir Visvesvaraya Institute Of Technology Chincholi Dist. Nashik,Fully Mapped
811.0,59686.0,46.5149107,512584410.0,5125.0,5125,0512584410,Electronics and Computer Engineering,Pravara Rural Education Society S Sir Visvesvaraya Institute Of Technology Chincholi Dist. Nashik,Fully Mapped
812.0,42392.0,61.2790648,513019110.0,5130.0,5130,0513019110,Civil Engineering,Brahma Valley College Of Engineering Research Trimbakeshwar Nashik,Fully Mapped
813.0,53320.0,52.1076408,513024510.0,5130.0,5130,0513024510,Computer Engineering,Brahma Valley College Of Engineering Research Trimbakeshwar Nashik,Fully Mapped
814.0,182136.0,13.647753,513029310.0,5130.0,5130,0513029310,Electrical Engineering,Brahma Valley College Of Engineering Research Trimbakeshwar Nashik,Fully Mapped
815.0,61854.0,44.4375985,513919110.0,5139.0,5139,0513919110,Civil Engineering,Pravara Rural College Of Engineering Loni Pravaranagar Ahmednagar.,Fully Mapped
816.0,31581.0,70.4645815,513924510.0,5139.0,5139,0513924510,Computer Engineering,Pravara Rural College Of Engineering Loni Pravaranagar Ahmednagar.,Fully Mapped
817.0,36820.0,65.8983654,513924610.0,5139.0,5139,0513924610,Information Technology,Pravara Rural College Of Engineering Loni Pravaranagar Ahmednagar.,Fully Mapped
818.0,40435.0,62.8786263,513937210.0,5139.0,5139,0513937210,Electronics and Telecommunication Engg,Pravara Rural College Of Engineering Loni Pravaranagar Ahmednagar.,Fully Mapped
819.0,52978.0,52.3748972,513946410.0,5139.0,5139,0513946410,Instrumentation and Control Engineering,Pravara Rural College Of Engineering Loni Pravaranagar Ahmednagar.,Fully Mapped
820.0,62921.0,43.5542521,513950710.0,5139.0,5139,0513950710,Chemical Engineering,Pravara Rural College Of Engineering Loni Pravaranagar Ahmednagar.,Fully Mapped
821.0,51880.0,53.2931173,513961210.0,5139.0,5139,0513961210,Mechanical Engineering,Pravara Rural College Of Engineering Loni Pravaranagar Ahmednagar.,Fully Mapped
822.0,45477.0,58.7311745,513984410.0,5139.0,5139,0513984410,Electronics and Computer Engineering,Pravara Rural College Of Engineering Loni Pravaranagar Ahmednagar.,Fully Mapped
823.0,49243.0,55.591767,513991610.0,5139.0,5139,0513991610,Automation and Robotics,Pravara Rural College Of Engineering Loni Pravaranagar Ahmednagar.,Fully Mapped
824.0,35573.0,66.9206113,513999510.0,5139.0,5139,0513999510,Artificial Intelligence and Data Science,Pravara Rural College Of Engineering Loni Pravaranagar Ahmednagar.,Fully Mapped
825.0,54004.0,51.4671199,515119110.0,5151.0,5151,0515119110,Civil Engineering,Met Bhujbal Knowledge City Met League S Engineering College Adgaon Nashik.,Fully Mapped
826.0,19927.0,80.5577669,515124510.0,5151.0,5151,0515124510,Computer Engineering,Met Bhujbal Knowledge City Met League S Engineering College Adgaon Nashik.,Fully Mapped
827.0,19593.0,80.9001683,515124610.0,5151.0,5151,0515124610,Information Technology,Met Bhujbal Knowledge City Met League S Engineering College Adgaon Nashik.,Fully Mapped
828.0,42468.0,61.2790648,515129310.0,5151.0,5151,0515129310,Electrical Engineering,Met Bhujbal Knowledge City Met League S Engineering College Adgaon Nashik.,Fully Mapped
829.0,33723.0,68.5714997,515137210.0,5151.0,5151,0515137210,Electronics and Telecommunication Engg,Met Bhujbal Knowledge City Met League S Engineering College Adgaon Nashik.,Fully Mapped
830.0,50993.0,54.2765449,515161210.0,5151.0,5151,0515161210,Mechanical Engineering,Met Bhujbal Knowledge City Met League S Engineering College Adgaon Nashik.,Fully Mapped
831.0,22246.0,78.388962,515199510.0,5151.0,5151,0515199510,Artificial Intelligence and Data Science,Met Bhujbal Knowledge City Met League S Engineering College Adgaon Nashik.,Fully Mapped
832.0,188499.0,2.4070689,515219110.0,5152.0,5152,0515219110,Civil Engineering,G H Raisoni College Of Engineering And Management Jalgaon,Fully Mapped
833.0,37115.0,65.6589399,515224210.0,5152.0,5152,0515224210,Computer Science and Engineering,G H Raisoni College Of Engineering And Management Jalgaon,Fully Mapped
834.0,44279.0,59.94795,515224610.0,5152.0,5152,0515224610,Information Technology,G H Raisoni College Of Engineering And Management Jalgaon,Fully Mapped
835.0,58549.0,47.4653812,515229310.0,5152.0,5152,0515229310,Electrical Engineering,G H Raisoni College Of Engineering And Management Jalgaon,Fully Mapped
836.0,48574.0,56.2235696,515237210.0,5152.0,5152,0515237210,Electronics and Telecommunication Engg,G H Raisoni College Of Engineering And Management Jalgaon,Fully Mapped
837.0,55372.0,50.2204774,515261210.0,5152.0,5152,0515261210,Mechanical Engineering,G H Raisoni College Of Engineering And Management Jalgaon,Fully Mapped
838.0,39724.0,63.5337786,515291110.0,5152.0,5152,0515291110,Computer Science and Engineering(Artificial Intelligence and Machine Learning),G H Raisoni College Of Engineering And Management Jalgaon,Fully Mapped
839.0,42481.0,61.2790648,515291210.0,5152.0,5152,0515291210,Computer Science and Engineering(Data Science),G H Raisoni College Of Engineering And Management Jalgaon,Fully Mapped
840.0,37930.0,64.978915,515291310.0,5152.0,5152,0515291310,Computer Science and Engineering (Artificial Intelligence),G H Raisoni College Of Engineering And Management Jalgaon,Fully Mapped
841.0,59049.0,46.8194101,516019110.0,5160.0,5160,0516019110,Civil Engineering,Sanjivani Rural Education Society S Sanjivani College Of Engineering Kopargaon,Fully Mapped
842.0,13367.0,86.5071035,516024510.0,5160.0,5160,0516024510,Computer Engineering,Sanjivani Rural Education Society S Sanjivani College Of Engineering Kopargaon,Fully Mapped
843.0,15486.0,84.6185669,516024610.0,5160.0,5160,0516024610,Information Technology,Sanjivani Rural Education Society S Sanjivani College Of Engineering Kopargaon,Fully Mapped
844.0,35940.0,66.6376422,516029310.0,5160.0,5160,0516029310,Electrical Engineering,Sanjivani Rural Education Society S Sanjivani College Of Engineering Kopargaon,Fully Mapped
845.0,39521.0,63.6133463,516061210.0,5160.0,5160,0516061210,Mechanical Engineering,Sanjivani Rural Education Society S Sanjivani College Of Engineering Kopargaon,Fully Mapped
846.0,18304.0,82.0169298,516084410.0,5160.0,5160,0516084410,Electronics and Computer Engineering,Sanjivani Rural Education Society S Sanjivani College Of Engineering Kopargaon,Fully Mapped
847.0,59519.0,46.6555544,516091510.0,5160.0,5160,0516091510,Structural Engineering,Sanjivani Rural Education Society S Sanjivani College Of Engineering Kopargaon,Fully Mapped
848.0,78529.0,26.4868719,516119110.0,5161.0,5161,0516119110,Civil Engineering,Dr. Vithalrao Vikhe Patil College Of Engineering Ahmednagar,Fully Mapped
849.0,36792.0,65.8983654,516124510.0,5161.0,5161,0516124510,Computer Engineering,Dr. Vithalrao Vikhe Patil College Of Engineering Ahmednagar,Fully Mapped
850.0,42299.0,61.4554456,516124610.0,5161.0,5161,0516124610,Information Technology,Dr. Vithalrao Vikhe Patil College Of Engineering Ahmednagar,Fully Mapped
851.0,47371.0,57.3147779,516125710.0,5161.0,5161,0516125710,Computer Science and Design,Dr. Vithalrao Vikhe Patil College Of Engineering Ahmednagar,Fully Mapped
852.0,58800.0,47.4197507,516129310.0,5161.0,5161,0516129310,Electrical Engineering,Dr. Vithalrao Vikhe Patil College Of Engineering Ahmednagar,Fully Mapped
853.0,47493.0,57.3011125,516137210.0,5161.0,5161,0516137210,Electronics and Telecommunication Engg,Dr. Vithalrao Vikhe Patil College Of Engineering Ahmednagar,Fully Mapped
854.0,188030.0,3.4404128,516137810.0,5161.0,5161,0516137810,Electronics Engineering ( VLSI Design and Technology),Dr. Vithalrao Vikhe Patil College Of Engineering Ahmednagar,Fully Mapped
855.0,65336.0,41.305105,516161210.0,5161.0,5161,0516161210,Mechanical Engineering,Dr. Vithalrao Vikhe Patil College Of Engineering Ahmednagar,Fully Mapped
856.0,45947.0,58.5234498,516199510.0,5161.0,5161,0516199510,Artificial Intelligence and Data Science,Dr. Vithalrao Vikhe Patil College Of Engineering Ahmednagar,Fully Mapped
857.0,60558.0,45.6439853,516219110.0,5162.0,5162,0516219110,Civil Engineering,Amrutvahini Sheti Shikshan Vikas Sanstha S Amrutvahini College Of Engineering Sangamner,Fully Mapped
858.0,19088.0,81.3266412,516224510.0,5162.0,5162,0516224510,Computer Engineering,Amrutvahini Sheti Shikshan Vikas Sanstha S Amrutvahini College Of Engineering Sangamner,Fully Mapped
859.0,22248.0,78.388962,516224610.0,5162.0,5162,0516224610,Information Technology,Amrutvahini Sheti Shikshan Vikas Sanstha S Amrutvahini College Of Engineering Sangamner,Fully Mapped
860.0,43258.0,60.7119548,516229310.0,5162.0,5162,0516229310,Electrical Engineering,Amrutvahini Sheti Shikshan Vikas Sanstha S Amrutvahini College Of Engineering Sangamner,Fully Mapped
861.0,29870.0,71.8367839,516237210.0,5162.0,5162,0516237210,Electronics and Telecommunication Engg,Amrutvahini Sheti Shikshan Vikas Sanstha S Amrutvahini College Of Engineering Sangamner,Fully Mapped
862.0,45595.0,58.6610048,516261210.0,5162.0,5162,0516261210,Mechanical Engineering,Amrutvahini Sheti Shikshan Vikas Sanstha S Amrutvahini College Of Engineering Sangamner,Fully Mapped
863.0,26044.0,75.1570798,516284410.0,5162.0,5162,0516284410,Electronics and Computer Engineering,Amrutvahini Sheti Shikshan Vikas Sanstha S Amrutvahini College Of Engineering Sangamner,Fully Mapped
864.0,36044.0,66.5046002,516291610.0,5162.0,5162,0516291610,Automation and Robotics,Amrutvahini Sheti Shikshan Vikas Sanstha S Amrutvahini College Of Engineering Sangamner,Fully Mapped
865.0,22598.0,78.1648862,516299510.0,5162.0,5162,0516299510,Artificial Intelligence and Data Science,Amrutvahini Sheti Shikshan Vikas Sanstha S Amrutvahini College Of Engineering Sangamner,Fully Mapped
867.0,43752.0,60.227841,516424510.0,5164.0,5164,0516424510,Computer Engineering,P.S.G.V.P. Mandal S D.N. Patel College Of Engineering Shahada Dist. Nandurbar,Fully Mapped
868.0,175645.0,22.5020163,516429310.0,5164.0,5164,0516429310,Electrical Engineering,P.S.G.V.P. Mandal S D.N. Patel College Of Engineering Shahada Dist. Nandurbar,Fully Mapped
869.0,86155.0,14.0892338,516446610.0,5164.0,5164,0516446610,Instrumentation Engineering,P.S.G.V.P. Mandal S D.N. Patel College Of Engineering Shahada Dist. Nandurbar,Fully Mapped
870.0,163842.0,36.6283954,516824510.0,5168.0,5168,0516824510,Computer Engineering,T.M.E. Society S J.T.Mahajan College Of Engineering Faizpur,Fully Mapped
871.0,88374.0,8.9507403,516919110.0,5169.0,5169,0516919110,Civil Engineering,Nagaon Education Society S Gangamai College Of Engineering Nagaon Tal Dist Dhule,Fully Mapped
872.0,75768.0,29.8279581,516924510.0,5169.0,5169,0516924510,Computer Engineering,Nagaon Education Society S Gangamai College Of Engineering Nagaon Tal Dist Dhule,Fully Mapped
873.0,88589.0,8.3109763,516961210.0,5169.0,5169,0516961210,Mechanical Engineering,Nagaon Education Society S Gangamai College Of Engineering Nagaon Tal Dist Dhule,Fully Mapped
874.0,67328.0,39.4204787,517024210.0,5170.0,5170,0517024210,Computer Science and Engineering,Hindi Seva Mandal S Shri Sant Gadgebaba College Of Engineering Technology Bhusawal,Fully Mapped
875.0,84688.0,16.7208039,517091210.0,5170.0,5170,0517091210,Computer Science and Engineering(Data Science),Hindi Seva Mandal S Shri Sant Gadgebaba College Of Engineering Technology Bhusawal,Fully Mapped
876.0,66508.0,40.0503434,517124510.0,5171.0,5171,0517124510,Computer Engineering,Godavari Foundation S Godavari College Of Engineering Jalgaon,Fully Mapped
877.0,71552.0,34.7241777,517126310.0,5171.0,5171,0517126310,Artificial Intelligence (AI) and Data Science,Godavari Foundation S Godavari College Of Engineering Jalgaon,Fully Mapped
878.0,73227.0,33.0683459,517129310.0,5171.0,5171,0517129310,Electrical Engineering,Godavari Foundation S Godavari College Of Engineering Jalgaon,Fully Mapped
879.0,176679.0,21.472809,517137210.0,5171.0,5171,0517137210,Electronics and Telecommunication Engg,Godavari Foundation S Godavari College Of Engineering Jalgaon,Fully Mapped
880.0,41363.0,62.2176714,517219110.0,5172.0,5172,0517219110,Civil Engineering,R. C. Patel Institute Of Technology Shirpur,Fully Mapped
881.0,19592.0,80.9001683,517224510.0,5172.0,5172,0517224510,Computer Engineering,R. C. Patel Institute Of Technology Shirpur,Fully Mapped
882.0,20849.0,79.7461739,517224610.0,5172.0,5172,0517224610,Information Technology,R. C. Patel Institute Of Technology Shirpur,Fully Mapped
883.0,35544.0,66.9569433,517229310.0,5172.0,5172,0517229310,Electrical Engineering,R. C. Patel Institute Of Technology Shirpur,Fully Mapped
884.0,26481.0,74.5994626,517237210.0,5172.0,5172,0517237210,Electronics and Telecommunication Engg,R. C. Patel Institute Of Technology Shirpur,Fully Mapped
885.0,30452.0,71.3374029,517261210.0,5172.0,5172,0517261210,Mechanical Engineering,R. C. Patel Institute Of Technology Shirpur,Fully Mapped
886.0,24023.0,76.8948429,517292110.0,5172.0,5172,0517292110,Artificial Intelligence and Machine Learning,R. C. Patel Institute Of Technology Shirpur,Fully Mapped
887.0,50767.0,54.3171452,517319110.0,5173.0,5173,0517319110,Civil Engineering,Snjb S Late Sau. Kantabai Bhavarlalji Jain College Of Engineering (Jain Gurukul) Neminagar Chandwad (Nashik),Fully Mapped
888.0,24472.0,76.4471767,517324510.0,5173.0,5173,0517324510,Computer Engineering,Snjb S Late Sau. Kantabai Bhavarlalji Jain College Of Engineering (Jain Gurukul) Neminagar Chandwad (Nashik),Fully Mapped
889.0,34697.0,67.6467548,517337210.0,5173.0,5173,0517337210,Electronics and Telecommunication Engg,Snjb S Late Sau. Kantabai Bhavarlalji Jain College Of Engineering (Jain Gurukul) Neminagar Chandwad (Nashik),Fully Mapped
890.0,46371.0,57.9935072,517361210.0,5173.0,5173,0517361210,Mechanical Engineering,Snjb S Late Sau. Kantabai Bhavarlalji Jain College Of Engineering (Jain Gurukul) Neminagar Chandwad (Nashik),Fully Mapped
891.0,25229.0,75.7901666,517399510.0,5173.0,5173,0517399510,Artificial Intelligence and Data Science,Snjb S Late Sau. Kantabai Bhavarlalji Jain College Of Engineering (Jain Gurukul) Neminagar Chandwad (Nashik),Fully Mapped
892.0,87467.0,11.2180094,517719110.0,5177.0,5177,0517719110,Civil Engineering,Matoshri College Of Engineering And Research Centre Eklahare Nashik,Fully Mapped
893.0,42391.0,61.2790648,517724510.0,5177.0,5177,0517724510,Computer Engineering,Matoshri College Of Engineering And Research Centre Eklahare Nashik,Fully Mapped
894.0,46470.0,57.9773249,517724610.0,5177.0,5177,0517724610,Information Technology,Matoshri College Of Engineering And Research Centre Eklahare Nashik,Fully Mapped
895.0,70129.0,36.3198089,517729310.0,5177.0,5177,0517729310,Electrical Engineering,Matoshri College Of Engineering And Research Centre Eklahare Nashik,Fully Mapped
896.0,50209.0,54.8536973,517737210.0,5177.0,5177,0517737210,Electronics and Telecommunication Engg,Matoshri College Of Engineering And Research Centre Eklahare Nashik,Fully Mapped
897.0,69881.0,36.5687902,517761210.0,5177.0,5177,0517761210,Mechanical Engineering,Matoshri College Of Engineering And Research Centre Eklahare Nashik,Fully Mapped
898.0,65046.0,41.4812919,517784410.0,5177.0,5177,0517784410,Electronics and Computer Engineering,Matoshri College Of Engineering And Research Centre Eklahare Nashik,Fully Mapped
899.0,46662.0,57.761302,517799510.0,5177.0,5177,0517799510,Artificial Intelligence and Data Science,Matoshri College Of Engineering And Research Centre Eklahare Nashik,Fully Mapped
900.0,62422.0,43.9711053,517924510.0,5179.0,5179,0517924510,Computer Engineering,Vishwabharati Academy S College Of Engineering Ahmednagar,Fully Mapped
901.0,34325.0,67.9496851,517926310.0,5179.0,5179,0517926310,Artificial Intelligence (AI) and Data Science,Vishwabharati Academy S College Of Engineering Ahmednagar,Fully Mapped
902.0,73256.0,33.0683459,517984410.0,5179.0,5179,0517984410,Electronics and Computer Engineering,Vishwabharati Academy S College Of Engineering Ahmednagar,Fully Mapped
903.0,71999.0,34.5491435,518119110.0,5181.0,5181,0518119110,Civil Engineering,Gokhale Education Society S R.H. Sapat College Of Engineering Management Studies And Research Nashik,Fully Mapped
904.0,31959.0,70.1399487,518124510.0,5181.0,5181,0518124510,Computer Engineering,Gokhale Education Society S R.H. Sapat College Of Engineering Management Studies And Research Nashik,Fully Mapped
905.0,46131.0,58.2354795,518129310.0,5181.0,5181,0518129310,Electrical Engineering,Gokhale Education Society S R.H. Sapat College Of Engineering Management Studies And Research Nashik,Fully Mapped
906.0,40198.0,63.1830907,518137210.0,5181.0,5181,0518137210,Electronics and Telecommunication Engg,Gokhale Education Society S R.H. Sapat College Of Engineering Management Studies And Research Nashik,Fully Mapped
907.0,64183.0,42.4493618,518161210.0,5181.0,5181,0518161210,Mechanical Engineering,Gokhale Education Society S R.H. Sapat College Of Engineering Management Studies And Research Nashik,Fully Mapped
908.0,34617.0,67.7379619,518199510.0,5181.0,5181,0518199510,Artificial Intelligence and Data Science,Gokhale Education Society S R.H. Sapat College Of Engineering Management Studies And Research Nashik,Fully Mapped
909.0,48720.0,56.0687777,518224510.0,5182.0,5182,0518224510,Computer Engineering,Kalyani Charitable Trust Late Gambhirrao Natuba Sapkal College Of Engineering Anjaneri Trimbakeshwar Road Nashik,Fully Mapped
910.0,51920.0,53.150422,518226310.0,5182.0,5182,0518226310,Artificial Intelligence (AI) and Data Science,Kalyani Charitable Trust Late Gambhirrao Natuba Sapkal College Of Engineering Anjaneri Trimbakeshwar Road Nashik,Fully Mapped
911.0,68160.0,38.3127902,518237210.0,5182.0,5182,0518237210,Electronics and Telecommunication Engg,Kalyani Charitable Trust Late Gambhirrao Natuba Sapkal College Of Engineering Anjaneri Trimbakeshwar Road Nashik,Fully Mapped
912.0,72770.0,33.4093671,518261210.0,5182.0,5182,0518261210,Mechanical Engineering,Kalyani Charitable Trust Late Gambhirrao Natuba Sapkal College Of Engineering Anjaneri Trimbakeshwar Road Nashik,Fully Mapped
913.0,61461.0,44.9891467,518424510.0,5184.0,5184,0518424510,Computer Engineering,Amruta Vaishnavi Education Welfare Trust S Shatabdi Institute Of Engineering Research Agaskhind Tal. Sinnar,Fully Mapped
914.0,85659.0,15.0697103,518429310.0,5184.0,5184,0518429310,Electrical Engineering,Amruta Vaishnavi Education Welfare Trust S Shatabdi Institute Of Engineering Research Agaskhind Tal. Sinnar,Fully Mapped
915.0,87782.0,10.545867,518437210.0,5184.0,5184,0518437210,Electronics and Telecommunication Engg,Amruta Vaishnavi Education Welfare Trust S Shatabdi Institute Of Engineering Research Agaskhind Tal. Sinnar,Fully Mapped
916.0,32331.0,69.7521771,524425710.0,5244.0,5244,0524425710,Computer Science and Design,Met S Institute Of Technology Polytechnic Bhujbal Knowledge City Adgaon Nashik,Fully Mapped
917.0,38126.0,64.7440805,524491610.0,5244.0,5244,0524491610,Automation and Robotics,Met S Institute Of Technology Polytechnic Bhujbal Knowledge City Adgaon Nashik,Fully Mapped
918.0,84781.0,16.5539567,524492210.0,5244.0,5244,0524492210,Civil and Environmental Engineering,Met S Institute Of Technology Polytechnic Bhujbal Knowledge City Adgaon Nashik,Fully Mapped
919.0,67870.0,38.8711359,525624510.0,5256.0,5256,0525624510,Computer Engineering,Matoshri Education Soceity Matoshri Asarabai Polytechnic Nashik,Fully Mapped
920.0,78468.0,26.4868719,525624610.0,5256.0,5256,0525624610,Information Technology,Matoshri Education Soceity Matoshri Asarabai Polytechnic Nashik,Fully Mapped
921.0,71098.0,35.2437565,526324510.0,5263.0,5263,0526324510,Computer Engineering,Matoshri Education Soceity Matoshri Institute Of Technology Dhanore Nashik,Fully Mapped
922.0,189031.0,1.368368,526329310.0,5263.0,5263,0526329310,Electrical Engineering,Matoshri Education Soceity Matoshri Institute Of Technology Dhanore Nashik,Fully Mapped
923.0,189345.0,0.5934459,526337210.0,5263.0,5263,0526337210,Electronics and Telecommunication Engg,Matoshri Education Soceity Matoshri Institute Of Technology Dhanore Nashik,Fully Mapped
924.0,61736.0,44.5556551,530324510.0,5303.0,5303,0530324510,Computer Engineering,Hon. Shri. Babanrao Pachpute Vichardhara Trust Group Of Institutions (Integrated Campus)-Parikrama Kashti Shrigondha,Fully Mapped
925.0,85722.0,14.9105997,530329310.0,5303.0,5303,0530329310,Electrical Engineering,Hon. Shri. Babanrao Pachpute Vichardhara Trust Group Of Institutions (Integrated Campus)-Parikrama Kashti Shrigondha,Fully Mapped
926.0,189369.0,0.505173,530361210.0,5303.0,5303,0530361210,Mechanical Engineering,Hon. Shri. Babanrao Pachpute Vichardhara Trust Group Of Institutions (Integrated Campus)-Parikrama Kashti Shrigondha,Fully Mapped
927.0,87685.0,10.6652834,530384410.0,5303.0,5303,0530384410,Electronics and Computer Engineering,Hon. Shri. Babanrao Pachpute Vichardhara Trust Group Of Institutions (Integrated Campus)-Parikrama Kashti Shrigondha,Fully Mapped
928.0,61130.0,45.2445766,532229310.0,5322.0,5322,0532229310,Electrical Engineering,Jamia Institute Of Engineering And Management Studies Akkalkuwa,Fully Mapped
929.0,23786.0,77.0955651,533024510.0,5330.0,5330,0533024510,Computer Engineering,Pune Vidyarthi Griha S College Of Engineering Shrikrushna S. Dhamankar Institute Of Management Nashik,Fully Mapped
930.0,31217.0,70.5982353,533024610.0,5330.0,5330,0533024610,Information Technology,Pune Vidyarthi Griha S College Of Engineering Shrikrushna S. Dhamankar Institute Of Management Nashik,Fully Mapped
931.0,39216.0,63.8828633,533037210.0,5330.0,5330,0533037210,Electronics and Telecommunication Engg,Pune Vidyarthi Griha S College Of Engineering Shrikrushna S. Dhamankar Institute Of Management Nashik,Fully Mapped
932.0,67468.0,39.3011281,533061210.0,5330.0,5330,0533061210,Mechanical Engineering,Pune Vidyarthi Griha S College Of Engineering Shrikrushna S. Dhamankar Institute Of Management Nashik,Fully Mapped
933.0,35572.0,66.9206113,533099510.0,5330.0,5330,0533099510,Artificial Intelligence and Data Science,Pune Vidyarthi Griha S College Of Engineering Shrikrushna S. Dhamankar Institute Of Management Nashik,Fully Mapped
934.0,84669.0,16.7854751,533119110.0,5331.0,5331,0533119110,Civil Engineering,Sandip Foundation S Sandip Institute Of Engineering Management Nashik,Fully Mapped
935.0,38261.0,64.7153175,533124510.0,5331.0,5331,0533124510,Computer Engineering,Sandip Foundation S Sandip Institute Of Engineering Management Nashik,Fully Mapped
936.0,59925.0,46.2084543,533129310.0,5331.0,5331,0533129310,Electrical Engineering,Sandip Foundation S Sandip Institute Of Engineering Management Nashik,Fully Mapped
937.0,44383.0,59.8276777,533137210.0,5331.0,5331,0533137210,Electronics and Telecommunication Engg,Sandip Foundation S Sandip Institute Of Engineering Management Nashik,Fully Mapped
938.0,72794.0,33.3713735,533161210.0,5331.0,5331,0533161210,Mechanical Engineering,Sandip Foundation S Sandip Institute Of Engineering Management Nashik,Fully Mapped
939.0,90634.0,1.6534794,536525110.0,5365.0,5365,0536525110,Computer Technology,Vardhaman Education Welfare Society Ahinsa Institute Of Technology Post. Dondaicha Dhule,Fully Mapped
941.0,185690.0,7.8389114,538019110.0,5380.0,5380,0538019110,Civil Engineering,Adsul S Technical Campus Chas Dist. Ahmednagar,Fully Mapped
942.0,161617.0,38.8659877,538024510.0,5380.0,5380,0538024510,Computer Engineering,Adsul S Technical Campus Chas Dist. Ahmednagar,Fully Mapped
943.0,108263.0,80.7858869,538024610.0,5380.0,5380,0538024610,Information Technology,Adsul S Technical Campus Chas Dist. Ahmednagar,Fully Mapped
944.0,178684.0,18.7028082,538029310.0,5380.0,5380,0538029310,Electrical Engineering,Adsul S Technical Campus Chas Dist. Ahmednagar,Fully Mapped
945.0,185994.0,7.3207233,538037210.0,5380.0,5380,0538037210,Electronics and Telecommunication Engg,Adsul S Technical Campus Chas Dist. Ahmednagar,Fully Mapped
946.0,182860.0,12.6135136,538061210.0,5380.0,5380,0538061210,Mechanical Engineering,Adsul S Technical Campus Chas Dist. Ahmednagar,Fully Mapped
947.0,77137.0,28.3886848,538099510.0,5380.0,5380,0538099510,Artificial Intelligence and Data Science,Adsul S Technical Campus Chas Dist. Ahmednagar,Fully Mapped
948.0,164561.0,35.5925864,538119110.0,5381.0,5381,0538119110,Civil Engineering,Shri. Jaykumar Rawal Institute Of Technology Dondaicha.,Fully Mapped
949.0,90657.0,1.5836133,538124210.0,5381.0,5381,0538124210,Computer Science and Engineering,Shri. Jaykumar Rawal Institute Of Technology Dondaicha.,Fully Mapped
950.0,51841.0,53.3955403,538224510.0,5382.0,5382,0538224510,Computer Engineering,Ahmednagar Jilha Maratha Vidya Prasarak Samajache Shri. Chhatrapati Shivaji Maharaj College Of Engineering Nepti,Fully Mapped
951.0,59123.0,46.8194101,538226310.0,5382.0,5382,0538226310,Artificial Intelligence (AI) and Data Science,Ahmednagar Jilha Maratha Vidya Prasarak Samajache Shri. Chhatrapati Shivaji Maharaj College Of Engineering Nepti,Fully Mapped
952.0,80963.0,23.0331736,538237210.0,5382.0,5382,0538237210,Electronics and Telecommunication Engg,Ahmednagar Jilha Maratha Vidya Prasarak Samajache Shri. Chhatrapati Shivaji Maharaj College Of Engineering Nepti,Fully Mapped
953.0,89289.0,6.4046591,538261210.0,5382.0,5382,0538261210,Mechanical Engineering,Ahmednagar Jilha Maratha Vidya Prasarak Samajache Shri. Chhatrapati Shivaji Maharaj College Of Engineering Nepti,Fully Mapped
954.0,81984.0,21.3577918,539019110.0,5390.0,5390,0539019110,Civil Engineering,K.V.N. Naik S. P. Sansth S Loknete Gopinathji Munde Institute Of Engineering Education Research Nashik.,Fully Mapped
955.0,41285.0,62.2381196,539024510.0,5390.0,5390,0539024510,Computer Engineering,K.V.N. Naik S. P. Sansth S Loknete Gopinathji Munde Institute Of Engineering Education Research Nashik.,Fully Mapped
956.0,47009.0,57.5186655,539024610.0,5390.0,5390,0539024610,Information Technology,K.V.N. Naik S. P. Sansth S Loknete Gopinathji Munde Institute Of Engineering Education Research Nashik.,Fully Mapped
957.0,72931.0,33.2232604,539029310.0,5390.0,5390,0539029310,Electrical Engineering,K.V.N. Naik S. P. Sansth S Loknete Gopinathji Munde Institute Of Engineering Education Research Nashik.,Fully Mapped
958.0,73366.0,32.8713018,539061210.0,5390.0,5390,0539061210,Mechanical Engineering,K.V.N. Naik S. P. Sansth S Loknete Gopinathji Munde Institute Of Engineering Education Research Nashik.,Fully Mapped
959.0,51630.0,53.4623008,539092110.0,5390.0,5390,0539092110,Artificial Intelligence and Machine Learning,K.V.N. Naik S. P. Sansth S Loknete Gopinathji Munde Institute Of Engineering Education Research Nashik.,Fully Mapped
960.0,56467.0,49.3223255,539624510.0,5396.0,5396,0539624510,Computer Engineering,College Of Engineering And Technology North Maharashtra Knowledge City Jalgaon,Fully Mapped
961.0,89744.0,5.040813,539629310.0,5396.0,5396,0539629310,Electrical Engineering,College Of Engineering And Technology North Maharashtra Knowledge City Jalgaon,Fully Mapped
962.0,77469.0,27.9307838,539919110.0,5399.0,5399,0539919110,Civil Engineering,Sanghavi College Of Engineering Varvandi Nashik.,Fully Mapped
963.0,52996.0,52.3748972,539924510.0,5399.0,5399,0539924510,Computer Engineering,Sanghavi College Of Engineering Varvandi Nashik.,Fully Mapped
964.0,56344.0,49.3963053,539924610.0,5399.0,5399,0539924610,Information Technology,Sanghavi College Of Engineering Varvandi Nashik.,Fully Mapped
965.0,83678.0,18.5486338,539929310.0,5399.0,5399,0539929310,Electrical Engineering,Sanghavi College Of Engineering Varvandi Nashik.,Fully Mapped
966.0,100577.0,86.8244074,539961210.0,5399.0,5399,0539961210,Mechanical Engineering,Sanghavi College Of Engineering Varvandi Nashik.,Fully Mapped
967.0,67530.0,39.3011281,539992110.0,5399.0,5399,0539992110,Artificial Intelligence and Machine Learning,Sanghavi College Of Engineering Varvandi Nashik.,Fully Mapped
968.0,79191.0,25.5104705,540119110.0,5401.0,5401,0540119110,Civil Engineering,Jawahar Education Society S Institute Of Technology Management Research Nashik.,Fully Mapped
969.0,57958.0,48.0513547,540124510.0,5401.0,5401,0540124510,Computer Engineering,Jawahar Education Society S Institute Of Technology Management Research Nashik.,Fully Mapped
970.0,63106.0,43.4350639,540124610.0,5401.0,5401,0540124610,Information Technology,Jawahar Education Society S Institute Of Technology Management Research Nashik.,Fully Mapped
971.0,66397.0,40.0503434,540126310.0,5401.0,5401,0540126310,Artificial Intelligence (AI) and Data Science,Jawahar Education Society S Institute Of Technology Management Research Nashik.,Fully Mapped
972.0,82144.0,21.1562196,540129310.0,5401.0,5401,0540129310,Electrical Engineering,Jawahar Education Society S Institute Of Technology Management Research Nashik.,Fully Mapped
973.0,89302.0,6.3828736,540161210.0,5401.0,5401,0540161210,Mechanical Engineering,Jawahar Education Society S Institute Of Technology Management Research Nashik.,Fully Mapped
974.0,78801.0,25.7633394,540184410.0,5401.0,5401,0540184410,Electronics and Computer Engineering,Jawahar Education Society S Institute Of Technology Management Research Nashik.,Fully Mapped
975.0,182250.0,13.6336642,540824510.0,5408.0,5408,0540824510,Computer Engineering,Vidya Niketan College Of Engineering Bota Sangamner,Fully Mapped
976.0,130248.0,65.5460439,540924510.0,5409.0,5409,0540924510,Computer Engineering,Rajiv Gandhi College Of Engineering At Post Karjule Hariya Tal.Parner Dist.Ahmednagar,Fully Mapped
977.0,130594.0,65.3627105,541124510.0,5411.0,5411,0541124510,Computer Engineering,Maulana Mukhtar Ahmad Nadvi Technical Campus Malegaon.,Fully Mapped
978.0,70339.0,36.131373,541129310.0,5411.0,5411,0541129310,Electrical Engineering,Maulana Mukhtar Ahmad Nadvi Technical Campus Malegaon.,Fully Mapped
979.0,78121.0,26.9375191,541137210.0,5411.0,5411,0541137210,Electronics and Telecommunication Engg,Maulana Mukhtar Ahmad Nadvi Technical Campus Malegaon.,Fully Mapped
980.0,89813.0,4.8349057,541137210.0,5411.0,5411,0541137210,Electronics and Telecommunication Engg,Maulana Mukhtar Ahmad Nadvi Technical Campus Malegaon.,Fully Mapped
981.0,73030.0,33.1628052,541819110.0,5418.0,5418,0541819110,Civil Engineering,Guru Gobind Singh College Of Engineering Research Centre Nashik.,Fully Mapped
982.0,34845.0,67.5334522,541824510.0,5418.0,5418,0541824510,Computer Engineering,Guru Gobind Singh College Of Engineering Research Centre Nashik.,Fully Mapped
983.0,36193.0,66.3978839,541826310.0,5418.0,5418,0541826310,Artificial Intelligence (AI) and Data Science,Guru Gobind Singh College Of Engineering Research Centre Nashik.,Fully Mapped
984.0,60485.0,45.7000902,541829310.0,5418.0,5418,0541829310,Electrical Engineering,Guru Gobind Singh College Of Engineering Research Centre Nashik.,Fully Mapped
985.0,58904.0,47.3497393,541861210.0,5418.0,5418,0541861210,Mechanical Engineering,Guru Gobind Singh College Of Engineering Research Centre Nashik.,Fully Mapped
986.0,49384.0,55.5827825,541891610.0,5418.0,5418,0541891610,Automation and Robotics,Guru Gobind Singh College Of Engineering Research Centre Nashik.,Fully Mapped
987.0,26038.0,75.1570798,543324510.0,5433.0,5433,0543324510,Computer Engineering,R.C. Patel College Of Engineering And Polytechnic Shirpur,Fully Mapped
988.0,34015.0,68.2394281,543324610.0,5433.0,5433,0543324610,Information Technology,R.C. Patel College Of Engineering And Polytechnic Shirpur,Fully Mapped
989.0,47433.0,57.3147779,543384410.0,5433.0,5433,0543384410,Electronics and Computer Engineering,R.C. Patel College Of Engineering And Polytechnic Shirpur,Fully Mapped
990.0,31977.0,70.1399487,543392110.0,5433.0,5433,0543392110,Artificial Intelligence and Machine Learning,R.C. Patel College Of Engineering And Polytechnic Shirpur,Fully Mapped
991.0,55803.0,49.8308643,544919110.0,5449.0,5449,0544919110,Civil Engineering,Shri Vile Parle Kelavani Mandal S Institute Of Technology Dhule,Fully Mapped
992.0,26649.0,74.5577528,544924510.0,5449.0,5449,0544924510,Computer Engineering,Shri Vile Parle Kelavani Mandal S Institute Of Technology Dhule,Fully Mapped
993.0,27685.0,73.7173337,544924610.0,5449.0,5449,0544924610,Information Technology,Shri Vile Parle Kelavani Mandal S Institute Of Technology Dhule,Fully Mapped
994.0,42654.0,61.0395438,544929310.0,5449.0,5449,0544929310,Electrical Engineering,Shri Vile Parle Kelavani Mandal S Institute Of Technology Dhule,Fully Mapped
995.0,47842.0,56.8895744,544961210.0,5449.0,5449,0544961210,Mechanical Engineering,Shri Vile Parle Kelavani Mandal S Institute Of Technology Dhule,Fully Mapped
996.0,35318.0,67.1114593,544991710.0,5449.0,5449,0544991710,Data Science,Shri Vile Parle Kelavani Mandal S Institute Of Technology Dhule,Fully Mapped
997.0,31941.0,70.1399487,544992110.0,5449.0,5449,0544992110,Artificial Intelligence and Machine Learning,Shri Vile Parle Kelavani Mandal S Institute Of Technology Dhule,Fully Mapped
998.0,187839.0,3.8930757,549724510.0,5497.0,5497,0549724510,Computer Engineering,P.G. College Of Engineering Technology Nandurbar,Fully Mapped
999.0,54187.0,51.3638644,554524210.0,5545.0,5545,0554524210,Computer Science and Engineering,Shri. Vile Parle Kelwani Mandal's College of Engineering Shirpur,Fully Mapped
