sr_no,rank,percentile,choice_code,institute_code,college_code,course_code,course_name,college_name,mapping_status
1.0,14789.0,85.2493707,110124610.0,1101.0,1101,0110124610,Information Technology,Shri Sant Gajanan Maharaj College Of Engineering Shegaon,Fully Mapped
2.0,36978.0,65.7022258,110161210.0,1101.0,1101,0110161210,Mechanical Engineering,Shri Sant Gajanan Maharaj College Of Engineering Shegaon,Fully Mapped
3.0,21832.0,78.847542,110137210.0,1101.0,1101,0110137210,Electronics and Telecommunication Engg,Shri Sant Gajanan Maharaj College Of Engineering Shegaon,Fully Mapped
4.0,9553.0,90.0150514,110124210.0,1101.0,1101,0110124210,Computer Science and Engineering,Shri Sant Gajanan Maharaj College Of Engineering Shegaon,Fully Mapped
5.0,29415.0,72.1885748,110135610.0,1101.0,1101,0110135610,Electrical Engg[Electronics and Power],Shri Sant Gajanan Maharaj College Of Engineering Shegaon,Fully Mapped
6.0,38190.0,64.7375694,110526710.0,1105.0,1105,0110526710,Computer Science and Engineering (IoT),Prof. Ram Meghe Institute Of Technology Research Amravati,Fully Mapped
7.0,57176.0,48.6301306,110519110.0,1105.0,1105,0110519110,Civil Engineering,Prof. Ram Meghe Institute Of Technology Research Amravati,Fully Mapped
8.0,56656.0,49.2543008,110561210.0,1105.0,1105,0110561210,Mechanical Engineering,Prof. Ram Meghe Institute Of Technology Research Amravati,Fully Mapped
9.0,36070.0,66.4622994,110537210.0,1105.0,1105,0110537210,Electronics and Telecommunication Engg,Prof. Ram Meghe Institute Of Technology Research Amravati,Fully Mapped
10.0,31019.0,70.8363852,110526310.0,1105.0,1105,0110526310,Artificial Intelligence (AI) and Data Science,Prof. Ram Meghe Institute Of Technology Research Amravati,Fully Mapped
11.0,20345.0,80.2427627,110524210.0,1105.0,1105,0110524210,Computer Science and Engineering,Prof. Ram Meghe Institute Of Technology Research Amravati,Fully Mapped
12.0,27689.0,73.7173337,110524610.0,1105.0,1105,0110524610,Information Technology,Prof. Ram Meghe Institute Of Technology Research Amravati,Fully Mapped
13.0,43688.0,60.227841,110791110.0,1107.0,1107,0110791110,Computer Science and Engineering(Artificial Intelligence and Machine Learning),P. R. Pote Patil College Of Engineering Management Amravati,Fully Mapped
14.0,39430.0,63.6291843,110799510.0,1107.0,1107,0110799510,Artificial Intelligence and Data Science,P. R. Pote Patil College Of Engineering Management Amravati,Fully Mapped
15.0,46149.0,58.2354795,110729310.0,1107.0,1107,0110729310,Electrical Engineering,P. R. Pote Patil College Of Engineering Management Amravati,Fully Mapped
16.0,57209.0,48.6301306,110761210.0,1107.0,1107,0110761210,Mechanical Engineering,P. R. Pote Patil College Of Engineering Management Amravati,Fully Mapped
17.0,27050.0,74.1809752,110724210.0,1107.0,1107,0110724210,Computer Science and Engineering,P. R. Pote Patil College Of Engineering Management Amravati,Fully Mapped
18.0,40173.0,63.223538,110737210.0,1107.0,1107,0110737210,Electronics and Telecommunication Engg,P. R. Pote Patil College Of Engineering Management Amravati,Fully Mapped
19.0,55027.0,50.6386042,110719110.0,1107.0,1107,0110719110,Civil Engineering,P. R. Pote Patil College Of Engineering Management Amravati,Fully Mapped
20.0,41148.0,62.3601588,111437210.0,1114.0,1114,0111437210,Electronics and Telecommunication Engg,Sipna Shikshan Prasarak Mandal College Of Engineering Technology Amravati,Fully Mapped
21.0,39928.0,63.376341,111426310.0,1114.0,1114,0111426310,Artificial Intelligence (AI) and Data Science,Sipna Shikshan Prasarak Mandal College Of Engineering Technology Amravati,Fully Mapped
22.0,58364.0,47.6296012,111419110.0,1114.0,1114,0111419110,Civil Engineering,Sipna Shikshan Prasarak Mandal College Of Engineering Technology Amravati,Fully Mapped
23.0,58238.0,47.7566256,111461210.0,1114.0,1114,0111461210,Mechanical Engineering,Sipna Shikshan Prasarak Mandal College Of Engineering Technology Amravati,Fully Mapped
24.0,33580.0,68.6174754,111424610.0,1114.0,1114,0111424610,Information Technology,Sipna Shikshan Prasarak Mandal College Of Engineering Technology Amravati,Fully Mapped
25.0,29534.0,72.1098321,111424210.0,1114.0,1114,0111424210,Computer Science and Engineering,Sipna Shikshan Prasarak Mandal College Of Engineering Technology Amravati,Fully Mapped
26.0,44638.0,59.5678435,111624210.0,1116.0,1116,0111624210,Computer Science and Engineering,Shri Shivaji Education Society S College Of Engineering And Technology Akola,Fully Mapped
27.0,53742.0,51.7517536,111624610.0,1116.0,1116,0111624610,Information Technology,Shri Shivaji Education Society S College Of Engineering And Technology Akola,Fully Mapped
28.0,79145.0,25.5813182,111650710.0,1116.0,1116,0111650710,Chemical Engineering,Shri Shivaji Education Society S College Of Engineering And Technology Akola,Fully Mapped
29.0,75792.0,29.8279581,111619110.0,1116.0,1116,0111619110,Civil Engineering,Shri Shivaji Education Society S College Of Engineering And Technology Akola,Fully Mapped
30.0,77577.0,27.8601519,111661210.0,1116.0,1116,0111661210,Mechanical Engineering,Shri Shivaji Education Society S College Of Engineering And Technology Akola,Fully Mapped
31.0,143453.0,55.1151268,111719110.0,1117.0,1117,0111719110,Civil Engineering,Janata Shikshan Prasarak Mandal S Babasaheb Naik College Of Engineering Pusad,Fully Mapped
32.0,163568.0,36.6611018,111761210.0,1117.0,1117,0111761210,Mechanical Engineering,Janata Shikshan Prasarak Mandal S Babasaheb Naik College Of Engineering Pusad,Fully Mapped
33.0,84557.0,17.0796568,111735610.0,1117.0,1117,0111735610,Electrical Engg[Electronics and Power],Janata Shikshan Prasarak Mandal S Babasaheb Naik College Of Engineering Pusad,Fully Mapped
34.0,58193.0,47.7771826,111724210.0,1117.0,1117,0111724210,Computer Science and Engineering,Janata Shikshan Prasarak Mandal S Babasaheb Naik College Of Engineering Pusad,Fully Mapped
35.0,61139.0,45.2445766,111799510.0,1117.0,1117,0111799510,Artificial Intelligence and Data Science,Janata Shikshan Prasarak Mandal S Babasaheb Naik College Of Engineering Pusad,Fully Mapped
36.0,48560.0,56.2235696,111924210.0,1119.0,1119,0111924210,Computer Science and Engineering,Paramhansa Ramkrishna Maunibaba Shikshan Santha S Anuradha Engineering College Chikhali,Fully Mapped
37.0,175587.0,22.5662265,111961210.0,1119.0,1119,0111961210,Mechanical Engineering,Paramhansa Ramkrishna Maunibaba Shikshan Santha S Anuradha Engineering College Chikhali,Fully Mapped
38.0,62971.0,43.5428977,111924610.0,1119.0,1119,0111924610,Information Technology,Paramhansa Ramkrishna Maunibaba Shikshan Santha S Anuradha Engineering College Chikhali,Fully Mapped
39.0,180260.0,16.2979967,111950710.0,1119.0,1119,0111950710,Chemical Engineering,Paramhansa Ramkrishna Maunibaba Shikshan Santha S Anuradha Engineering College Chikhali,Fully Mapped
40.0,72620.0,33.4714446,111937210.0,1119.0,1119,0111937210,Electronics and Telecommunication Engg,Paramhansa Ramkrishna Maunibaba Shikshan Santha S Anuradha Engineering College Chikhali,Fully Mapped
41.0,71696.0,34.7059173,112019110.0,1120.0,1120,0112019110,Civil Engineering,Jawaharlal Darda Institute Of Engineering And Technology Yavatmal,Fully Mapped
42.0,59575.0,46.5960891,112089310.0,1120.0,1120,0112089310,Textile Engineering / Technology,Jawaharlal Darda Institute Of Engineering And Technology Yavatmal,Fully Mapped
43.0,39235.0,63.8828633,112050710.0,1120.0,1120,0112050710,Chemical Engineering,Jawaharlal Darda Institute Of Engineering And Technology Yavatmal,Fully Mapped
44.0,20521.0,80.0308535,112024210.0,1120.0,1120,0112024210,Computer Science and Engineering,Jawaharlal Darda Institute Of Engineering And Technology Yavatmal,Fully Mapped
45.0,67571.0,39.1527671,112061210.0,1120.0,1120,0112061210,Mechanical Engineering,Jawaharlal Darda Institute Of Engineering And Technology Yavatmal,Fully Mapped
46.0,54032.0,51.4671199,112029310.0,1120.0,1120,0112029310,Electrical Engineering,Jawaharlal Darda Institute Of Engineering And Technology Yavatmal,Fully Mapped
47.0,26849.0,74.4735956,112037210.0,1120.0,1120,0112037210,Electronics and Telecommunication Engg,Jawaharlal Darda Institute Of Engineering And Technology Yavatmal,Fully Mapped
48.0,36487.0,66.2569654,112124210.0,1121.0,1121,0112124210,Computer Science and Engineering,Shri Hanuman Vyayam Prasarak Mandals College Of Engineering Technology Amravati,Fully Mapped
49.0,49991.0,55.0466064,112137210.0,1121.0,1121,0112137210,Electronics and Telecommunication Engg,Shri Hanuman Vyayam Prasarak Mandals College Of Engineering Technology Amravati,Fully Mapped
50.0,44216.0,59.94795,112124610.0,1121.0,1121,0112124610,Information Technology,Shri Hanuman Vyayam Prasarak Mandals College Of Engineering Technology Amravati,Fully Mapped
51.0,61498.0,44.8443341,112161210.0,1121.0,1121,0112161210,Mechanical Engineering,Shri Hanuman Vyayam Prasarak Mandals College Of Engineering Technology Amravati,Fully Mapped
52.0,75946.0,29.7188447,112319110.0,1123.0,1123,0112319110,Civil Engineering,Dr.Rajendra Gode Institute Of Technology Research Amravati,Fully Mapped
53.0,47619.0,57.0199716,112324210.0,1123.0,1123,0112324210,Computer Science and Engineering,Dr.Rajendra Gode Institute Of Technology Research Amravati,Fully Mapped
54.0,79671.0,24.8312223,112361210.0,1123.0,1123,0112361210,Mechanical Engineering,Dr.Rajendra Gode Institute Of Technology Research Amravati,Fully Mapped
55.0,58743.0,47.4238693,112337210.0,1123.0,1123,0112337210,Electronics and Telecommunication Engg,Dr.Rajendra Gode Institute Of Technology Research Amravati,Fully Mapped
56.0,82271.0,21.0827014,112529310.0,1125.0,1125,0112529310,Electrical Engineering,Dwarka Bahu Uddeshiya Gramin Vikas Foundation Rajarshi Shahu College Of Engineering Buldhana,Fully Mapped
57.0,60705.0,45.5083235,112524210.0,1125.0,1125,0112524210,Computer Science and Engineering,Dwarka Bahu Uddeshiya Gramin Vikas Foundation Rajarshi Shahu College Of Engineering Buldhana,Fully Mapped
58.0,83917.0,18.2888686,112526310.0,1125.0,1125,0112526310,Artificial Intelligence (AI) and Data Science,Dwarka Bahu Uddeshiya Gramin Vikas Foundation Rajarshi Shahu College Of Engineering Buldhana,Fully Mapped
59.0,183676.0,11.4128678,112561210.0,1125.0,1125,0112561210,Mechanical Engineering,Dwarka Bahu Uddeshiya Gramin Vikas Foundation Rajarshi Shahu College Of Engineering Buldhana,Fully Mapped
60.0,184972.0,9.2050034,112519110.0,1125.0,1125,0112519110,Civil Engineering,Dwarka Bahu Uddeshiya Gramin Vikas Foundation Rajarshi Shahu College Of Engineering Buldhana,Fully Mapped
61.0,170724.0,28.7732713,112619110.0,1126.0,1126,0112619110,Civil Engineering,Takshashila Institute Of Engineering Technology Darapur Amravati,Fully Mapped
62.0,85436.0,15.4875273,112661210.0,1126.0,1126,0112661210,Mechanical Engineering,Takshashila Institute Of Engineering Technology Darapur Amravati,Fully Mapped
63.0,164932.0,35.2166182,112629310.0,1126.0,1126,0112629310,Electrical Engineering,Takshashila Institute Of Engineering Technology Darapur Amravati,Fully Mapped
64.0,80986.0,23.0331736,112637210.0,1126.0,1126,0112637210,Electronics and Telecommunication Engg,Takshashila Institute Of Engineering Technology Darapur Amravati,Fully Mapped
65.0,57767.0,48.2678103,112624210.0,1126.0,1126,0112624210,Computer Science and Engineering,Takshashila Institute Of Engineering Technology Darapur Amravati,Fully Mapped
66.0,67991.0,38.7568676,112737210.0,1127.0,1127,0112737210,Electronics and Telecommunication Engg,Jagadambha Bahuuddeshiya Gramin Vikas Sanstha S Jagdambha College Of Engineering And Technology Yavatmal,Fully Mapped
67.0,72097.0,34.4865069,112729310.0,1127.0,1127,0112729310,Electrical Engineering,Jagadambha Bahuuddeshiya Gramin Vikas Sanstha S Jagdambha College Of Engineering And Technology Yavatmal,Fully Mapped
68.0,57238.0,48.6301306,112724510.0,1127.0,1127,0112724510,Computer Engineering,Jagadambha Bahuuddeshiya Gramin Vikas Sanstha S Jagdambha College Of Engineering And Technology Yavatmal,Fully Mapped
69.0,89886.0,4.5569597,112719110.0,1127.0,1127,0112719110,Civil Engineering,Jagadambha Bahuuddeshiya Gramin Vikas Sanstha S Jagdambha College Of Engineering And Technology Yavatmal,Fully Mapped
70.0,154759.0,45.521922,112761210.0,1127.0,1127,0112761210,Mechanical Engineering,Jagadambha Bahuuddeshiya Gramin Vikas Sanstha S Jagdambha College Of Engineering And Technology Yavatmal,Fully Mapped
71.0,32502.0,69.5628064,112824210.0,1128.0,1128,0112824210,Computer Science and Engineering,Prof Ram Meghe College Of Engineering And Management Badnera,Fully Mapped
72.0,44607.0,59.6793493,112891210.0,1128.0,1128,0112891210,Computer Science and Engineering(Data Science),Prof Ram Meghe College Of Engineering And Management Badnera,Fully Mapped
73.0,40369.0,62.8786263,112824610.0,1128.0,1128,0112824610,Information Technology,Prof Ram Meghe College Of Engineering And Management Badnera,Fully Mapped
74.0,49599.0,55.223755,112829310.0,1128.0,1128,0112829310,Electrical Engineering,Prof Ram Meghe College Of Engineering And Management Badnera,Fully Mapped
75.0,41906.0,61.8146129,112837210.0,1128.0,1128,0112837210,Electronics and Telecommunication Engg,Prof Ram Meghe College Of Engineering And Management Badnera,Fully Mapped
76.0,59319.0,46.7162819,112819110.0,1128.0,1128,0112819110,Civil Engineering,Prof Ram Meghe College Of Engineering And Management Badnera,Fully Mapped
77.0,183169.0,11.9971742,113019110.0,1130.0,1130,0113019110,Civil Engineering,Vision Buldhana Educational Welfare Society S Pankaj Laddhad Institute Of Technology Management Studies Yelgaon,Fully Mapped
78.0,86261.0,13.7213186,113037210.0,1130.0,1130,0113037210,Electronics and Telecommunication Engg,Vision Buldhana Educational Welfare Society S Pankaj Laddhad Institute Of Technology Management Studies Yelgaon,Fully Mapped
79.0,73264.0,32.923184,113024210.0,1130.0,1130,0113024210,Computer Science and Engineering,Vision Buldhana Educational Welfare Society S Pankaj Laddhad Institute Of Technology Management Studies Yelgaon,Fully Mapped
80.0,187602.0,4.3685242,113061210.0,1130.0,1130,0113061210,Mechanical Engineering,Vision Buldhana Educational Welfare Society S Pankaj Laddhad Institute Of Technology Management Studies Yelgaon,Fully Mapped
81.0,188407.0,2.7203264,113035610.0,1130.0,1130,0113035610,Electrical Engg[Electronics and Power],Vision Buldhana Educational Welfare Society S Pankaj Laddhad Institute Of Technology Management Studies Yelgaon,Fully Mapped
82.0,88132.0,9.7453109,118029310.0,1180.0,1180,0118029310,Electrical Engineering,Sanmati Engineering College Sawargaon Barde Washim,Fully Mapped
83.0,171300.0,28.0884374,118026310.0,1180.0,1180,0118026310,Artificial Intelligence (AI) and Data Science,Sanmati Engineering College Sawargaon Barde Washim,Fully Mapped
84.0,70621.0,36.0345296,118024210.0,1180.0,1180,0118024210,Computer Science and Engineering,Sanmati Engineering College Sawargaon Barde Washim,Fully Mapped
85.0,89225.0,6.6246734,118261210.0,1182.0,1182,0118261210,Mechanical Engineering,Padmashri Dr. V.B. Kolte College Of Engineering Malkapur Buldhana,Fully Mapped
86.0,170529.0,28.8690743,118219110.0,1182.0,1182,0118219110,Civil Engineering,Padmashri Dr. V.B. Kolte College Of Engineering Malkapur Buldhana,Fully Mapped
87.0,76524.0,28.9672655,118229310.0,1182.0,1182,0118229310,Electrical Engineering,Padmashri Dr. V.B. Kolte College Of Engineering Malkapur Buldhana,Fully Mapped
88.0,63420.0,42.9943278,118224210.0,1182.0,1182,0118224210,Computer Science and Engineering,Padmashri Dr. V.B. Kolte College Of Engineering Malkapur Buldhana,Fully Mapped
89.0,61969.0,44.4375985,126519110.0,1265.0,1265,0126519110,Civil Engineering,Mauli Group Of Institutions College Of Engineering And Technology Shegaon.,Fully Mapped
90.0,38434.0,64.5326492,126524610.0,1265.0,1265,0126524610,Information Technology,Mauli Group Of Institutions College Of Engineering And Technology Shegaon.,Fully Mapped
91.0,64295.0,42.2955322,126561210.0,1265.0,1265,0126561210,Mechanical Engineering,Mauli Group Of Institutions College Of Engineering And Technology Shegaon.,Fully Mapped
92.0,55673.0,49.9215366,126535610.0,1265.0,1265,0126535610,Electrical Engg[Electronics and Power],Mauli Group Of Institutions College Of Engineering And Technology Shegaon.,Fully Mapped
93.0,44508.0,59.6793493,126537210.0,1265.0,1265,0126537210,Electronics and Telecommunication Engg,Mauli Group Of Institutions College Of Engineering And Technology Shegaon.,Fully Mapped
94.0,33561.0,68.6174754,126524210.0,1265.0,1265,0126524210,Computer Science and Engineering,Mauli Group Of Institutions College Of Engineering And Technology Shegaon.,Fully Mapped
95.0,73533.0,32.7021369,126837210.0,1268.0,1268,0126837210,Electronics and Telecommunication Engg,Siddhivinayak Technical Campus School Of Engineering Research Technology Shirasgon Nile,Fully Mapped
96.0,83427.0,19.0349497,126899510.0,1268.0,1268,0126899510,Artificial Intelligence and Data Science,Siddhivinayak Technical Campus School Of Engineering Research Technology Shirasgon Nile,Fully Mapped
97.0,69836.0,36.6180714,126824210.0,1268.0,1268,0126824210,Computer Science and Engineering,Siddhivinayak Technical Campus School Of Engineering Research Technology Shirasgon Nile,Fully Mapped
98.0,172721.0,26.1271353,126835610.0,1268.0,1268,0126835610,Electrical Engg[Electronics and Power],Siddhivinayak Technical Campus School Of Engineering Research Technology Shirasgon Nile,Fully Mapped
99.0,180747.0,15.9803473,126819110.0,1268.0,1268,0126819110,Civil Engineering,Siddhivinayak Technical Campus School Of Engineering Research Technology Shirasgon Nile,Fully Mapped
100.0,185879.0,7.5978015,126861210.0,1268.0,1268,0126861210,Mechanical Engineering,Siddhivinayak Technical Campus School Of Engineering Research Technology Shirasgon Nile,Fully Mapped
101.0,183958.0,11.0205778,127629310.0,1276.0,1276,0127629310,Electrical Engineering,Manav School Of Engineering Technology Gut No. 1035 Nagpur Surat Highway Nh No. 6 Tal.Vyala Balapur Akola 444302,Fully Mapped
102.0,61299.0,45.1836004,127624510.0,1276.0,1276,0127624510,Computer Engineering,Manav School Of Engineering Technology Gut No. 1035 Nagpur Surat Highway Nh No. 6 Tal.Vyala Balapur Akola 444302,Fully Mapped
103.0,13924.0,86.0367532,203290410.0,2032.0,2032,0203290410,Chemical Engineering,Institute Of Chemical Technology Mumbai Marathwada Off Campus Jalna,Fully Mapped
104.0,86944.0,12.4411139,211199510.0,2111.0,2111,0211199510,Artificial Intelligence and Data Science,Everest Education Society Group Of Institutions (Integrated Campus) Ohar,Fully Mapped
105.0,185242.0,8.8405987,211129310.0,2111.0,2111,0211129310,Electrical Engineering,Everest Education Society Group Of Institutions (Integrated Campus) Ohar,Fully Mapped
106.0,173388.0,25.6482713,211192110.0,2111.0,2111,0211192110,Artificial Intelligence and Machine Learning,Everest Education Society Group Of Institutions (Integrated Campus) Ohar,Fully Mapped
107.0,48693.0,56.0687777,211124210.0,2111.0,2111,0211124210,Computer Science and Engineering,Everest Education Society Group Of Institutions (Integrated Campus) Ohar,Fully Mapped
108.0,177463.0,20.9331029,211293210.0,2112.0,2112,0211293210,5G,Shree Yash Pratishthan Shreeyash College Of Engineering And Technology Aurangabad,Fully Mapped
109.0,185877.0,7.5978015,211292910.0,2112.0,2112,0211292910,VLSI,Shree Yash Pratishthan Shreeyash College Of Engineering And Technology Aurangabad,Fully Mapped
110.0,66399.0,40.0503434,211291210.0,2112.0,2112,0211291210,Computer Science and Engineering(Data Science),Shree Yash Pratishthan Shreeyash College Of Engineering And Technology Aurangabad,Fully Mapped
111.0,60940.0,45.4182813,211291110.0,2112.0,2112,0211291110,Computer Science and Engineering(Artificial Intelligence and Machine Learning),Shree Yash Pratishthan Shreeyash College Of Engineering And Technology Aurangabad,Fully Mapped
112.0,160335.0,40.1066152,211219110.0,2112.0,2112,0211219110,Civil Engineering,Shree Yash Pratishthan Shreeyash College Of Engineering And Technology Aurangabad,Fully Mapped
113.0,50926.0,54.2765449,211224210.0,2112.0,2112,0211224210,Computer Science and Engineering,Shree Yash Pratishthan Shreeyash College Of Engineering And Technology Aurangabad,Fully Mapped
114.0,158760.0,42.1597155,211261210.0,2112.0,2112,0211261210,Mechanical Engineering,Shree Yash Pratishthan Shreeyash College Of Engineering And Technology Aurangabad,Fully Mapped
115.0,74007.0,32.0057037,211284410.0,2112.0,2112,0211284410,Electronics and Computer Engineering,Shree Yash Pratishthan Shreeyash College Of Engineering And Technology Aurangabad,Fully Mapped
116.0,84221.0,17.7085708,211229310.0,2112.0,2112,0211229310,Electrical Engineering,Shree Yash Pratishthan Shreeyash College Of Engineering And Technology Aurangabad,Fully Mapped
117.0,44632.0,59.5678435,211325710.0,2113.0,2113,0211325710,Computer Science and Design,G. S. Mandal S Maharashtra Institute Of Technology Aurangabad,Fully Mapped
118.0,38650.0,64.3372475,211326310.0,2113.0,2113,0211326310,Artificial Intelligence (AI) and Data Science,G. S. Mandal S Maharashtra Institute Of Technology Aurangabad,Fully Mapped
119.0,29484.0,72.1862872,211324210.0,2113.0,2113,0211324210,Computer Science and Engineering,G. S. Mandal S Maharashtra Institute Of Technology Aurangabad,Fully Mapped
120.0,70590.0,36.0432717,211362410.0,2113.0,2113,0211362410,Mechatronics Engineering,G. S. Mandal S Maharashtra Institute Of Technology Aurangabad,Fully Mapped
121.0,41450.0,62.0849504,211337210.0,2113.0,2113,0211337210,Electronics and Telecommunication Engg,G. S. Mandal S Maharashtra Institute Of Technology Aurangabad,Fully Mapped
122.0,70161.0,36.3198089,211319110.0,2113.0,2113,0211319110,Civil Engineering,G. S. Mandal S Maharashtra Institute Of Technology Aurangabad,Fully Mapped
123.0,52611.0,52.9550499,211384410.0,2113.0,2113,0211384410,Electronics and Computer Engineering,G. S. Mandal S Maharashtra Institute Of Technology Aurangabad,Fully Mapped
124.0,28413.0,74.0390958,211301110.0,2113.0,2113,0211301110,Agricultural Engineering,G. S. Mandal S Maharashtra Institute Of Technology Aurangabad,Fully Mapped
125.0,65818.0,40.8432271,211329310.0,2113.0,2113,0211329310,Electrical Engineering,G. S. Mandal S Maharashtra Institute Of Technology Aurangabad,Fully Mapped
126.0,75555.0,30.4829638,211361210.0,2113.0,2113,0211361210,Mechanical Engineering,G. S. Mandal S Maharashtra Institute Of Technology Aurangabad,Fully Mapped
127.0,30192.0,72.7256174,211301110.0,2113.0,2113,0211301110,Agricultural Engineering,G. S. Mandal S Maharashtra Institute Of Technology Aurangabad,Fully Mapped
128.0,189099.0,1.1972353,211350110.0,2113.0,2113,0211350110,Plastic and Polymer Engineering,G. S. Mandal S Maharashtra Institute Of Technology Aurangabad,Fully Mapped
129.0,71486.0,34.7387002,211461210.0,2114.0,2114,0211461210,Mechanical Engineering,Deogiri Institute Of Engineering And Management Studies Aurangabad,Fully Mapped
130.0,76441.0,29.2883952,211419110.0,2114.0,2114,0211419110,Civil Engineering,Deogiri Institute Of Engineering And Management Studies Aurangabad,Fully Mapped
131.0,28516.0,72.8734519,211491110.0,2114.0,2114,0211491110,Computer Science and Engineering(Artificial Intelligence and Machine Learning),Deogiri Institute Of Engineering And Management Studies Aurangabad,Fully Mapped
132.0,40948.0,62.4401366,211437210.0,2114.0,2114,0211437210,Electronics and Telecommunication Engg,Deogiri Institute Of Engineering And Management Studies Aurangabad,Fully Mapped
133.0,20686.0,79.8386962,211424210.0,2114.0,2114,0211424210,Computer Science and Engineering,Deogiri Institute Of Engineering And Management Studies Aurangabad,Fully Mapped
134.0,69101.0,37.6420166,211626310.0,2116.0,2116,0211626310,Artificial Intelligence (AI) and Data Science,Matoshri Pratishan S Group Of Institutions (Integrated Campus) Kupsarwadi Nanded,Fully Mapped
135.0,59926.0,46.2084543,211624210.0,2116.0,2116,0211624210,Computer Science and Engineering,Matoshri Pratishan S Group Of Institutions (Integrated Campus) Kupsarwadi Nanded,Fully Mapped
136.0,88046.0,10.0424586,211637210.0,2116.0,2116,0211637210,Electronics and Telecommunication Engg,Matoshri Pratishan S Group Of Institutions (Integrated Campus) Kupsarwadi Nanded,Fully Mapped
137.0,77522.0,27.8601519,211691110.0,2116.0,2116,0211691110,Computer Science and Engineering(Artificial Intelligence and Machine Learning),Matoshri Pratishan S Group Of Institutions (Integrated Campus) Kupsarwadi Nanded,Fully Mapped
138.0,173961.0,24.7657909,211619110.0,2116.0,2116,0211619110,Civil Engineering,Matoshri Pratishan S Group Of Institutions (Integrated Campus) Kupsarwadi Nanded,Fully Mapped
139.0,187808.0,3.89399,211629310.0,2116.0,2116,0211629310,Electrical Engineering,Matoshri Pratishan S Group Of Institutions (Integrated Campus) Kupsarwadi Nanded,Fully Mapped
140.0,29079.0,72.5289287,212724210.0,2127.0,2127,0212724210,Computer Science and Engineering,Mahatma Gandhi Missions College Of Engineering Hingoli Rd Nanded.,Fully Mapped
141.0,48833.0,56.0063988,212792110.0,2127.0,2127,0212792110,Artificial Intelligence and Machine Learning,Mahatma Gandhi Missions College Of Engineering Hingoli Rd Nanded.,Fully Mapped
142.0,68305.0,38.1695803,212761210.0,2127.0,2127,0212761210,Mechanical Engineering,Mahatma Gandhi Missions College Of Engineering Hingoli Rd Nanded.,Fully Mapped
143.0,44397.0,59.8276777,212737210.0,2127.0,2127,0212737210,Electronics and Telecommunication Engg,Mahatma Gandhi Missions College Of Engineering Hingoli Rd Nanded.,Fully Mapped
144.0,77194.0,28.1395457,212791610.0,2127.0,2127,0212791610,Automation and Robotics,Mahatma Gandhi Missions College Of Engineering Hingoli Rd Nanded.,Fully Mapped
145.0,38741.0,64.3362689,212724610.0,2127.0,2127,0212724610,Information Technology,Mahatma Gandhi Missions College Of Engineering Hingoli Rd Nanded.,Fully Mapped
146.0,68074.0,38.6254844,212719110.0,2127.0,2127,0212719110,Civil Engineering,Mahatma Gandhi Missions College Of Engineering Hingoli Rd Nanded.,Fully Mapped
147.0,57149.0,48.7069037,212991110.0,2129.0,2129,0212991110,Computer Science and Engineering(Artificial Intelligence and Machine Learning),M.S. Bidve Engineering College Latur,Fully Mapped
148.0,60111.0,46.1308076,212937210.0,2129.0,2129,0212937210,Electronics and Telecommunication Engg,M.S. Bidve Engineering College Latur,Fully Mapped
149.0,46209.0,58.230345,212924610.0,2129.0,2129,0212924610,Information Technology,M.S. Bidve Engineering College Latur,Fully Mapped
150.0,33596.0,68.6174754,212924210.0,2129.0,2129,0212924210,Computer Science and Engineering,M.S. Bidve Engineering College Latur,Fully Mapped
151.0,89542.0,5.6390354,212919110.0,2129.0,2129,0212919110,Civil Engineering,M.S. Bidve Engineering College Latur,Fully Mapped
152.0,90054.0,3.980963,212929310.0,2129.0,2129,0212929310,Electrical Engineering,M.S. Bidve Engineering College Latur,Fully Mapped
153.0,188194.0,3.1263256,212961210.0,2129.0,2129,0212961210,Mechanical Engineering,M.S. Bidve Engineering College Latur,Fully Mapped
154.0,188589.0,2.3547683,213019110.0,2130.0,2130,0213019110,Civil Engineering,Terna Public Charitable Trust S College Of Engineering Osmanabad,Fully Mapped
155.0,188926.0,1.6171274,213061210.0,2130.0,2130,0213061210,Mechanical Engineering,Terna Public Charitable Trust S College Of Engineering Osmanabad,Fully Mapped
156.0,159706.0,40.7306838,213037210.0,2130.0,2130,0213037210,Electronics and Telecommunication Engg,Terna Public Charitable Trust S College Of Engineering Osmanabad,Fully Mapped
157.0,54062.0,51.4671199,213024210.0,2130.0,2130,0213024210,Computer Science and Engineering,Terna Public Charitable Trust S College Of Engineering Osmanabad,Fully Mapped
158.0,75743.0,30.2248659,213099510.0,2130.0,2130,0213099510,Artificial Intelligence and Data Science,Terna Public Charitable Trust S College Of Engineering Osmanabad,Fully Mapped
159.0,142139.0,56.846611,213124210.0,2131.0,2131,0213124210,Computer Science and Engineering,Shree Tuljabhavani College Of Engineering Tuljapur,Fully Mapped
160.0,186640.0,6.2330849,213119110.0,2131.0,2131,0213119110,Civil Engineering,Shree Tuljabhavani College Of Engineering Tuljapur,Fully Mapped
161.0,186861.0,5.825722,213137210.0,2131.0,2131,0213137210,Electronics and Telecommunication Engg,Shree Tuljabhavani College Of Engineering Tuljapur,Fully Mapped
162.0,186209.0,6.8368204,213319110.0,2133.0,2133,0213319110,Civil Engineering,Mahatma Basaweshwar Education Society S College Of Engineering Ambejogai,Fully Mapped
163.0,72606.0,33.561676,213324210.0,2133.0,2133,0213324210,Computer Science and Engineering,Mahatma Basaweshwar Education Society S College Of Engineering Ambejogai,Fully Mapped
164.0,167023.0,32.8923205,213384410.0,2133.0,2133,0213384410,Electronics and Computer Engineering,Mahatma Basaweshwar Education Society S College Of Engineering Ambejogai,Fully Mapped
165.0,187957.0,3.6167117,213329310.0,2133.0,2133,0213329310,Electrical Engineering,Mahatma Basaweshwar Education Society S College Of Engineering Ambejogai,Fully Mapped
166.0,189499.0,0.147904,213461510.0,2134.0,2134,0213461510,Mechanical & Automation Engineering,Peoples Education Society S College Of Engineering Aurangabad,Fully Mapped
167.0,40375.0,62.8786263,213424210.0,2134.0,2134,0213424210,Computer Science and Engineering,Peoples Education Society S College Of Engineering Aurangabad,Fully Mapped
168.0,186793.0,6.0443251,213437810.0,2134.0,2134,0213437810,Electronics Engineering ( VLSI Design and Technology),Peoples Education Society S College Of Engineering Aurangabad,Fully Mapped
169.0,176102.0,22.1725851,213419110.0,2134.0,2134,0213419110,Civil Engineering,Peoples Education Society S College Of Engineering Aurangabad,Fully Mapped
170.0,67678.0,39.1527671,213484410.0,2134.0,2134,0213484410,Electronics and Computer Engineering,Peoples Education Society S College Of Engineering Aurangabad,Fully Mapped
171.0,55644.0,49.9560715,213491210.0,2134.0,2134,0213491210,Computer Science and Engineering(Data Science),Peoples Education Society S College Of Engineering Aurangabad,Fully Mapped
172.0,88989.0,7.3036635,213429310.0,2134.0,2134,0213429310,Electrical Engineering,Peoples Education Society S College Of Engineering Aurangabad,Fully Mapped
173.0,71831.0,34.69594,213591110.0,2135.0,2135,0213591110,Computer Science and Engineering(Artificial Intelligence and Machine Learning),Hi-Tech Institute Of Technology Aurangabad,Fully Mapped
174.0,61538.0,44.8443341,213524210.0,2135.0,2135,0213524210,Computer Science and Engineering,Hi-Tech Institute Of Technology Aurangabad,Fully Mapped
175.0,161718.0,38.8659877,213561210.0,2135.0,2135,0213561210,Mechanical Engineering,Hi-Tech Institute Of Technology Aurangabad,Fully Mapped
176.0,181564.0,14.3617021,213519110.0,2135.0,2135,0213519110,Civil Engineering,Hi-Tech Institute Of Technology Aurangabad,Fully Mapped
177.0,181523.0,14.7377685,213661210.0,2136.0,2136,0213661210,Mechanical Engineering,Aditya Engineering College Beed,Fully Mapped
178.0,163826.0,36.6283954,213619110.0,2136.0,2136,0213619110,Civil Engineering,Aditya Engineering College Beed,Fully Mapped
179.0,157326.0,43.1231034,213624610.0,2136.0,2136,0213624610,Information Technology,Aditya Engineering College Beed,Fully Mapped
180.0,187742.0,4.0184508,213629310.0,2136.0,2136,0213629310,Electrical Engineering,Aditya Engineering College Beed,Fully Mapped
181.0,177057.0,21.0368242,213692110.0,2136.0,2136,0213692110,Artificial Intelligence and Machine Learning,Aditya Engineering College Beed,Fully Mapped
182.0,108941.0,80.4298831,213691210.0,2136.0,2136,0213691210,Computer Science and Engineering(Data Science),Aditya Engineering College Beed,Fully Mapped
183.0,88531.0,8.6286825,213637210.0,2136.0,2136,0213637210,Electronics and Telecommunication Engg,Aditya Engineering College Beed,Fully Mapped
184.0,84415.0,17.2078076,213624210.0,2136.0,2136,0213624210,Computer Science and Engineering,Aditya Engineering College Beed,Fully Mapped
185.0,108324.0,80.7858869,213729710.0,2137.0,2137,0213729710,Electrical and Electronics Engineering,Nagnathappa Halge Engineering College Parli Beed,Fully Mapped
186.0,180343.0,16.2423214,213724210.0,2137.0,2137,0213724210,Computer Science and Engineering,Nagnathappa Halge Engineering College Parli Beed,Fully Mapped
187.0,179453.0,17.776617,213819110.0,2138.0,2138,0213819110,Civil Engineering,Matsyodari Shikshan Sansatha S College Of Engineering And Technology Jalna,Fully Mapped
188.0,179662.0,17.3380806,213861210.0,2138.0,2138,0213861210,Mechanical Engineering,Matsyodari Shikshan Sansatha S College Of Engineering And Technology Jalna,Fully Mapped
189.0,164518.0,35.5925864,213829310.0,2138.0,2138,0213829310,Electrical Engineering,Matsyodari Shikshan Sansatha S College Of Engineering And Technology Jalna,Fully Mapped
190.0,57356.0,48.5852903,213824210.0,2138.0,2138,0213824210,Computer Science and Engineering,Matsyodari Shikshan Sansatha S College Of Engineering And Technology Jalna,Fully Mapped
191.0,181902.0,13.9490359,214619110.0,2146.0,2146,0214619110,Civil Engineering,Adarsh Shikshan Prasarak Mandal S K. T. Patil College Of Engineering And Technology Osmanabad,Fully Mapped
192.0,176882.0,21.3858708,214624210.0,2146.0,2146,0214624210,Computer Science and Engineering,Adarsh Shikshan Prasarak Mandal S K. T. Patil College Of Engineering And Technology Osmanabad,Fully Mapped
193.0,184807.0,9.5359294,225029310.0,2250.0,2250,0225029310,Electrical Engineering,Aurangabad College Of Engineering Naygaon Savangi Aurangabad,Fully Mapped
194.0,184957.0,9.2050034,225019110.0,2250.0,2250,0225019110,Civil Engineering,Aurangabad College Of Engineering Naygaon Savangi Aurangabad,Fully Mapped
195.0,188165.0,3.1374668,225061210.0,2250.0,2250,0225061210,Mechanical Engineering,Aurangabad College Of Engineering Naygaon Savangi Aurangabad,Fully Mapped
196.0,17710.0,82.5855887,225024210.0,2250.0,2250,0225024210,Computer Science and Engineering,Aurangabad College Of Engineering Naygaon Savangi Aurangabad,Fully Mapped
197.0,17283.0,82.9590386,225037210.0,2250.0,2250,0225037210,Electronics and Telecommunication Engg,Aurangabad College Of Engineering Naygaon Savangi Aurangabad,Fully Mapped
198.0,59497.0,46.6555544,225224210.0,2252.0,2252,0225224210,Computer Science and Engineering,Marathwada Shikshan Prasarak Mandal S Shri Shivaji Institute Of Engineering And Management Studies Parbhani,Fully Mapped
199.0,186303.0,6.7863525,225261210.0,2252.0,2252,0225261210,Mechanical Engineering,Marathwada Shikshan Prasarak Mandal S Shri Shivaji Institute Of Engineering And Management Studies Parbhani,Fully Mapped
200.0,179997.0,16.7391126,225219110.0,2252.0,2252,0225219110,Civil Engineering,Marathwada Shikshan Prasarak Mandal S Shri Shivaji Institute Of Engineering And Management Studies Parbhani,Fully Mapped
201.0,148017.0,51.2783205,225229710.0,2252.0,2252,0225229710,Electrical and Electronics Engineering,Marathwada Shikshan Prasarak Mandal S Shri Shivaji Institute Of Engineering And Management Studies Parbhani,Fully Mapped
202.0,64678.0,42.0665339,225424610.0,2254.0,2254,0225424610,Information Technology,Vilasrao Deshmukh Foundation Group Of Institutions Latur,Fully Mapped
203.0,171955.0,27.5123271,225437210.0,2254.0,2254,0225437210,Electronics and Telecommunication Engg,Vilasrao Deshmukh Foundation Group Of Institutions Latur,Fully Mapped
204.0,79313.0,25.200015,225429310.0,2254.0,2254,0225429310,Electrical Engineering,Vilasrao Deshmukh Foundation Group Of Institutions Latur,Fully Mapped
205.0,44476.0,59.6793493,225424510.0,2254.0,2254,0225424510,Computer Engineering,Vilasrao Deshmukh Foundation Group Of Institutions Latur,Fully Mapped
206.0,110766.0,79.1318865,225419110.0,2254.0,2254,0225419110,Civil Engineering,Vilasrao Deshmukh Foundation Group Of Institutions Latur,Fully Mapped
207.0,172612.0,27.1291039,228224610.0,2282.0,2282,0228224610,Information Technology,Aditya Education Trust S Mitthulalji Sarada Polytechnic Nalwandi Road Beed,Fully Mapped
208.0,179586.0,17.7533973,228224510.0,2282.0,2282,0228224510,Computer Engineering,Aditya Education Trust S Mitthulalji Sarada Polytechnic Nalwandi Road Beed,Fully Mapped
209.0,73971.0,32.0362067,228290010.0,2282.0,2282,0228290010,Electronics and Computer Science,Aditya Education Trust S Mitthulalji Sarada Polytechnic Nalwandi Road Beed,Fully Mapped
210.0,188808.0,1.8370822,228219110.0,2282.0,2282,0228219110,Civil Engineering,Aditya Education Trust S Mitthulalji Sarada Polytechnic Nalwandi Road Beed,Fully Mapped
211.0,188264.0,3.0431498,250829310.0,2508.0,2508,0250829310,Electrical Engineering,Gramin Technical And Management Campus Nanded.,Fully Mapped
212.0,37295.0,66.9569433,250850310.0,2508.0,2508,0250850310,Food Technology,Gramin Technical And Management Campus Nanded.,Fully Mapped
213.0,161922.0,38.7773761,250819110.0,2508.0,2508,0250819110,Civil Engineering,Gramin Technical And Management Campus Nanded.,Fully Mapped
214.0,172377.0,27.4048925,250837210.0,2508.0,2508,0250837210,Electronics and Telecommunication Engg,Gramin Technical And Management Campus Nanded.,Fully Mapped
215.0,186814.0,5.9571815,250861210.0,2508.0,2508,0250861210,Mechanical Engineering,Gramin Technical And Management Campus Nanded.,Fully Mapped
216.0,75852.0,29.8076469,250824510.0,2508.0,2508,0250824510,Computer Engineering,Gramin Technical And Management Campus Nanded.,Fully Mapped
217.0,37245.0,67.0143149,250850310.0,2508.0,2508,0250850310,Food Technology,Gramin Technical And Management Campus Nanded.,Fully Mapped
218.0,182617.0,13.0626183,251629710.0,2516.0,2516,0251629710,Electrical and Electronics Engineering,International Centre Of Excellence In Engineering And Management (Iceem),Fully Mapped
219.0,167003.0,32.8923205,251661210.0,2516.0,2516,0251661210,Mechanical Engineering,International Centre Of Excellence In Engineering And Management (Iceem),Fully Mapped
220.0,66393.0,40.0503434,251624210.0,2516.0,2516,0251624210,Computer Science and Engineering,International Centre Of Excellence In Engineering And Management (Iceem),Fully Mapped
221.0,148874.0,50.8618056,251619110.0,2516.0,2516,0251619110,Civil Engineering,International Centre Of Excellence In Engineering And Management (Iceem),Fully Mapped
222.0,67250.0,39.4612222,251692110.0,2516.0,2516,0251692110,Artificial Intelligence and Machine Learning,International Centre Of Excellence In Engineering And Management (Iceem),Fully Mapped
223.0,180647.0,15.9989858,252299510.0,2522.0,2522,0252299510,Artificial Intelligence and Data Science,Stmei S Sandipani Technical Campus-Faculty Of Engineering Latur.,Fully Mapped
224.0,189205.0,0.9572868,252237210.0,2522.0,2522,0252237210,Electronics and Telecommunication Engg,Stmei S Sandipani Technical Campus-Faculty Of Engineering Latur.,Fully Mapped
225.0,65937.0,40.8058819,252224510.0,2522.0,2522,0252224510,Computer Engineering,Stmei S Sandipani Technical Campus-Faculty Of Engineering Latur.,Fully Mapped
226.0,43483.0,60.3847628,253399510.0,2533.0,2533,0253399510,Artificial Intelligence and Data Science,Csmss Chh. Shahu College Of Engineering Aurangabad,Fully Mapped
227.0,67894.0,38.8393771,253337810.0,2533.0,2533,0253337810,Electronics Engineering ( VLSI Design and Technology),Csmss Chh. Shahu College Of Engineering Aurangabad,Fully Mapped
228.0,71128.0,35.2437565,253319110.0,2533.0,2533,0253319110,Civil Engineering,Csmss Chh. Shahu College Of Engineering Aurangabad,Fully Mapped
229.0,53281.0,52.1076408,253384410.0,2533.0,2533,0253384410,Electronics and Computer Engineering,Csmss Chh. Shahu College Of Engineering Aurangabad,Fully Mapped
230.0,62935.0,43.5542521,253329310.0,2533.0,2533,0253329310,Electrical Engineering,Csmss Chh. Shahu College Of Engineering Aurangabad,Fully Mapped
231.0,31631.0,70.4405987,253324210.0,2533.0,2533,0253324210,Computer Science and Engineering,Csmss Chh. Shahu College Of Engineering Aurangabad,Fully Mapped
232.0,59373.0,46.697584,253392810.0,2533.0,2533,0253392810,Electronics and Communication(Advanced Communication Technology),Csmss Chh. Shahu College Of Engineering Aurangabad,Fully Mapped
233.0,77486.0,27.9307838,253361210.0,2533.0,2533,0253361210,Mechanical Engineering,Csmss Chh. Shahu College Of Engineering Aurangabad,Fully Mapped
234.0,181866.0,13.9490359,263724510.0,2637.0,2637,0263724510,Computer Engineering,Jijau Institute Of Engineering Technology And Management Khandgaon (Bendri) Taluka Naigaon District Nanded,Fully Mapped
235.0,189233.0,0.8519303,263724610.0,2637.0,2637,0263724610,Information Technology,Jijau Institute Of Engineering Technology And Management Khandgaon (Bendri) Taluka Naigaon District Nanded,Fully Mapped
236.0,74949.0,30.8156734,263799710.0,2637.0,2637,0263799710,Artificial Intelligence,Jijau Institute Of Engineering Technology And Management Khandgaon (Bendri) Taluka Naigaon District Nanded,Fully Mapped
237.0,54295.0,51.2103001,264199710.0,2641.0,2641,0264199710,Artificial Intelligence,Dr. V.K. Patil College Of Engineering Technology,Fully Mapped
238.0,57150.0,48.7069037,264124210.0,2641.0,2641,0264124210,Computer Science and Engineering,Dr. V.K. Patil College Of Engineering Technology,Fully Mapped
239.0,179251.0,18.1477824,266624210.0,2666.0,2666,0266624210,Computer Science and Engineering,Mangaldeep College Of Engineering,Fully Mapped
240.0,187453.0,4.7766958,266692110.0,2666.0,2666,0266692110,Artificial Intelligence and Machine Learning,Mangaldeep College Of Engineering,Fully Mapped
241.0,54831.0,50.8381311,266656610.0,2666.0,2666,0266656610,Computer Science,Mangaldeep College Of Engineering,Fully Mapped
242.0,71914.0,34.5898521,266624610.0,2666.0,2666,0266624610,Information Technology,Mangaldeep College Of Engineering,Fully Mapped
247.0,1233.0,98.0422552,303651310.0,3036.0,3036,0303651310,Pharmaceuticals Chemistry and Technology,Institute Of Chemical Technology Matunga Mumbai,Fully Mapped
248.0,4149.0,95.0335946,303651110.0,3036.0,3036,0303651110,Dyestuff Technology,Institute Of Chemical Technology Matunga Mumbai,Fully Mapped
249.0,3772.0,95.3846296,303651210.0,3036.0,3036,0303651210,"Oil,Oleochemicals and Surfactants Technology",Institute Of Chemical Technology Matunga Mumbai,Fully Mapped
250.0,1571.0,97.6643351,303653410.0,3036.0,3036,0303653410,Food Engineering and Technology,Institute Of Chemical Technology Matunga Mumbai,Fully Mapped
251.0,1413.0,97.7758164,303650710.0,3036.0,3036,0303650710,Chemical Engineering,Institute Of Chemical Technology Matunga Mumbai,Fully Mapped
252.0,6058.0,93.2788198,303651410.0,3036.0,3036,0303651410,Fibres and Textile Processing Technology,Institute Of Chemical Technology Matunga Mumbai,Fully Mapped
253.0,3967.0,95.2020137,303672910.0,3036.0,3036,0303672910,Surface Coating Technology,Institute Of Chemical Technology Matunga Mumbai,Fully Mapped
254.0,2259.0,96.9662187,303653410.0,3036.0,3036,0303653410,Food Engineering and Technology,Institute Of Chemical Technology Matunga Mumbai,Fully Mapped
255.0,1740.0,97.449015,303651910.0,3036.0,3036,0303651910,Polymer Engineering and Technology,Institute Of Chemical Technology Matunga Mumbai,Fully Mapped
256.0,20625.0,79.9938634,313537210.0,3135.0,3135,0313537210,Electronics and Telecommunication Engg,Manjara Charitable Trust S Rajiv Gandhi Institute Of Technology Mumbai,Fully Mapped
257.0,11629.0,88.0726109,313524610.0,3135.0,3135,0313524610,Information Technology,Manjara Charitable Trust S Rajiv Gandhi Institute Of Technology Mumbai,Fully Mapped
258.0,27325.0,73.8736469,313561210.0,3135.0,3135,0313561210,Mechanical Engineering,Manjara Charitable Trust S Rajiv Gandhi Institute Of Technology Mumbai,Fully Mapped
259.0,8419.0,91.057679,313524510.0,3135.0,3135,0313524510,Computer Engineering,Manjara Charitable Trust S Rajiv Gandhi Institute Of Technology Mumbai,Fully Mapped
260.0,11877.0,87.8187154,313599510.0,3135.0,3135,0313599510,Artificial Intelligence and Data Science,Manjara Charitable Trust S Rajiv Gandhi Institute Of Technology Mumbai,Fully Mapped
261.0,24082.0,76.8179496,313946110.0,3139.0,3139,0313946110,Bio Medical Engineering,Vidyalankar Institute Of Technology Wadala Mumbai,Fully Mapped
262.0,11147.0,88.5757175,313937210.0,3139.0,3139,0313937210,Electronics and Telecommunication Engg,Vidyalankar Institute Of Technology Wadala Mumbai,Fully Mapped
263.0,9485.0,90.0729553,313990010.0,3139.0,3139,0313990010,Electronics and Computer Science,Vidyalankar Institute Of Technology Wadala Mumbai,Fully Mapped
264.0,5573.0,93.7415056,313924510.0,3139.0,3139,0313924510,Computer Engineering,Vidyalankar Institute Of Technology Wadala Mumbai,Fully Mapped
265.0,7027.0,92.3810414,313924610.0,3139.0,3139,0313924610,Information Technology,Vidyalankar Institute Of Technology Wadala Mumbai,Fully Mapped
266.0,7874.0,91.5884494,314324510.0,3143.0,3143,0314324510,Computer Engineering,Thakur Shyamnarayan Engineering College Mumbai,Fully Mapped
267.0,9228.0,90.3004853,314391110.0,3143.0,3143,0314391110,Computer Science and Engineering(Artificial Intelligence and Machine Learning),Thakur Shyamnarayan Engineering College Mumbai,Fully Mapped
268.0,11176.0,88.5659516,314384410.0,3143.0,3143,0314384410,Electronics and Computer Engineering,Thakur Shyamnarayan Engineering College Mumbai,Fully Mapped
269.0,24690.0,76.3280246,314361210.0,3143.0,3143,0314361210,Mechanical Engineering,Thakur Shyamnarayan Engineering College Mumbai,Fully Mapped
270.0,10332.0,89.2609183,314324610.0,3143.0,3143,0314324610,Information Technology,Thakur Shyamnarayan Engineering College Mumbai,Fully Mapped
271.0,33101.0,69.0529025,314692010.0,3146.0,3146,0314692010,Computer Science and Engineering (Internet of Things and Cyber Security Including Block Chain Technology),Jawahar Education Society S Annasaheb Chudaman Patil College Of Engineering Kharghar Navi Mumbai,Fully Mapped
272.0,29114.0,72.4780171,314624610.0,3146.0,3146,0314624610,Information Technology,Jawahar Education Society S Annasaheb Chudaman Patil College Of Engineering Kharghar Navi Mumbai,Fully Mapped
273.0,35616.0,66.9185014,314637210.0,3146.0,3146,0314637210,Electronics and Telecommunication Engg,Jawahar Education Society S Annasaheb Chudaman Patil College Of Engineering Kharghar Navi Mumbai,Fully Mapped
274.0,70982.0,35.3619737,314661210.0,3146.0,3146,0314661210,Mechanical Engineering,Jawahar Education Society S Annasaheb Chudaman Patil College Of Engineering Kharghar Navi Mumbai,Fully Mapped
275.0,32005.0,70.0821202,314699510.0,3146.0,3146,0314699510,Artificial Intelligence and Data Science,Jawahar Education Society S Annasaheb Chudaman Patil College Of Engineering Kharghar Navi Mumbai,Fully Mapped
276.0,68862.0,37.9717565,314629310.0,3146.0,3146,0314629310,Electrical Engineering,Jawahar Education Society S Annasaheb Chudaman Patil College Of Engineering Kharghar Navi Mumbai,Fully Mapped
277.0,24290.0,76.5791743,314624510.0,3146.0,3146,0314624510,Computer Engineering,Jawahar Education Society S Annasaheb Chudaman Patil College Of Engineering Kharghar Navi Mumbai,Fully Mapped
278.0,128043.0,67.0458361,314761210.0,3147.0,3147,0314761210,Mechanical Engineering,Saraswati Education Society Yadavrao Tasgaonkar Institute Of Engineering Technology Karjat,Fully Mapped
279.0,44786.0,59.3903304,314792110.0,3147.0,3147,0314792110,Artificial Intelligence and Machine Learning,Saraswati Education Society Yadavrao Tasgaonkar Institute Of Engineering Technology Karjat,Fully Mapped
280.0,34476.0,67.8377823,314724510.0,3147.0,3147,0314724510,Computer Engineering,Saraswati Education Society Yadavrao Tasgaonkar Institute Of Engineering Technology Karjat,Fully Mapped
281.0,43495.0,60.3847628,314791710.0,3147.0,3147,0314791710,Data Science,Saraswati Education Society Yadavrao Tasgaonkar Institute Of Engineering Technology Karjat,Fully Mapped
282.0,182720.0,13.0427194,314729310.0,3147.0,3147,0314729310,Electrical Engineering,Saraswati Education Society Yadavrao Tasgaonkar Institute Of Engineering Technology Karjat,Fully Mapped
283.0,43292.0,60.5916673,314724610.0,3147.0,3147,0314724610,Information Technology,Saraswati Education Society Yadavrao Tasgaonkar Institute Of Engineering Technology Karjat,Fully Mapped
284.0,20313.0,80.2781689,314837210.0,3148.0,3148,0314837210,Electronics and Telecommunication Engg,Mahavir Education Trust S Shah Anchor Kutchhi Engineering College Mumbai,Fully Mapped
285.0,11966.0,87.7580323,314824610.0,3148.0,3148,0314824610,Information Technology,Mahavir Education Trust S Shah Anchor Kutchhi Engineering College Mumbai,Fully Mapped
286.0,10547.0,89.0565174,314824510.0,3148.0,3148,0314824510,Computer Engineering,Mahavir Education Trust S Shah Anchor Kutchhi Engineering College Mumbai,Fully Mapped
287.0,17384.0,82.8318919,314890010.0,3148.0,3148,0314890010,Electronics and Computer Science,Mahavir Education Trust S Shah Anchor Kutchhi Engineering College Mumbai,Fully Mapped
288.0,26354.0,74.7405584,314893310.0,3148.0,3148,0314893310,Electronics and Communication (Advanced Communication Technology),Mahavir Education Trust S Shah Anchor Kutchhi Engineering College Mumbai,Fully Mapped
289.0,23158.0,77.655845,314837810.0,3148.0,3148,0314837810,Electronics Engineering ( VLSI Design and Technology),Mahavir Education Trust S Shah Anchor Kutchhi Engineering College Mumbai,Fully Mapped
290.0,14579.0,85.440886,314825210.0,3148.0,3148,0314825210,Cyber Security,Mahavir Education Trust S Shah Anchor Kutchhi Engineering College Mumbai,Fully Mapped
291.0,9971.0,89.6205775,314899510.0,3148.0,3148,0314899510,Artificial Intelligence and Data Science,Mahavir Education Trust S Shah Anchor Kutchhi Engineering College Mumbai,Fully Mapped
292.0,77340.0,28.0421799,315461210.0,3154.0,3154,0315461210,Mechanical Engineering,Saraswati Education Society S Saraswati College Of Engineering Kharghar Navi Mumbai,Fully Mapped
293.0,29081.0,72.5289287,315424610.0,3154.0,3154,0315424610,Information Technology,Saraswati Education Society S Saraswati College Of Engineering Kharghar Navi Mumbai,Fully Mapped
294.0,27517.0,73.7412359,315491210.0,3154.0,3154,0315491210,Computer Science and Engineering(Data Science),Saraswati Education Society S Saraswati College Of Engineering Kharghar Navi Mumbai,Fully Mapped
295.0,23696.0,77.1915267,315424510.0,3154.0,3154,0315424510,Computer Engineering,Saraswati Education Society S Saraswati College Of Engineering Kharghar Navi Mumbai,Fully Mapped
296.0,44489.0,59.6793493,315460210.0,3154.0,3154,0315460210,Automobile Engineering,Saraswati Education Society S Saraswati College Of Engineering Kharghar Navi Mumbai,Fully Mapped
297.0,152499.0,47.6302148,315419110.0,3154.0,3154,0315419110,Civil Engineering,Saraswati Education Society S Saraswati College Of Engineering Kharghar Navi Mumbai,Fully Mapped
298.0,29694.0,71.9728478,315491110.0,3154.0,3154,0315491110,Computer Science and Engineering(Artificial Intelligence and Machine Learning),Saraswati Education Society S Saraswati College Of Engineering Kharghar Navi Mumbai,Fully Mapped
299.0,36080.0,66.4622994,317546110.0,3175.0,3175,0317546110,Bio Medical Engineering,M.G.M. S College Of Engineering And Technology Kamothe Navi Mumbai,Fully Mapped
300.0,54931.0,50.7538718,317591610.0,3175.0,3175,0317591610,Automation and Robotics,M.G.M. S College Of Engineering And Technology Kamothe Navi Mumbai,Fully Mapped
301.0,56370.0,49.3963053,317550710.0,3175.0,3175,0317550710,Chemical Engineering,M.G.M. S College Of Engineering And Technology Kamothe Navi Mumbai,Fully Mapped
302.0,33284.0,68.9875832,317537210.0,3175.0,3175,0317537210,Electronics and Telecommunication Engg,M.G.M. S College Of Engineering And Technology Kamothe Navi Mumbai,Fully Mapped
303.0,26935.0,74.3085106,317591110.0,3175.0,3175,0317591110,Computer Science and Engineering(Artificial Intelligence and Machine Learning),M.G.M. S College Of Engineering And Technology Kamothe Navi Mumbai,Fully Mapped
304.0,29519.0,72.1862872,317591210.0,3175.0,3175,0317591210,Computer Science and Engineering(Data Science),M.G.M. S College Of Engineering And Technology Kamothe Navi Mumbai,Fully Mapped
305.0,55794.0,49.8308643,317529310.0,3175.0,3175,0317529310,Electrical Engineering,M.G.M. S College Of Engineering And Technology Kamothe Navi Mumbai,Fully Mapped
306.0,25537.0,75.5203488,317524510.0,3175.0,3175,0317524510,Computer Engineering,M.G.M. S College Of Engineering And Technology Kamothe Navi Mumbai,Fully Mapped
307.0,84088.0,17.9423292,317519110.0,3175.0,3175,0317519110,Civil Engineering,M.G.M. S College Of Engineering And Technology Kamothe Navi Mumbai,Fully Mapped
308.0,28590.0,72.8403762,317524610.0,3175.0,3175,0317524610,Information Technology,M.G.M. S College Of Engineering And Technology Kamothe Navi Mumbai,Fully Mapped
309.0,67131.0,39.6460738,317561210.0,3175.0,3175,0317561210,Mechanical Engineering,M.G.M. S College Of Engineering And Technology Kamothe Navi Mumbai,Fully Mapped
310.0,11109.0,88.5892135,317661210.0,3176.0,3176,0317661210,Mechanical Engineering,Thakur College Of Engineering And Technology Kandivali Mumbai,Fully Mapped
311.0,4412.0,94.7900336,317624510.0,3176.0,3176,0317624510,Computer Engineering,Thakur College Of Engineering And Technology Kandivali Mumbai,Fully Mapped
312.0,5128.0,94.0961293,317624610.0,3176.0,3176,0317624610,Information Technology,Thakur College Of Engineering And Technology Kandivali Mumbai,Fully Mapped
313.0,7095.0,92.2811716,317625310.0,3176.0,3176,0317625310,Internet of Things (IoT),Thakur College Of Engineering And Technology Kandivali Mumbai,Fully Mapped
314.0,7775.0,91.6565651,317637210.0,3176.0,3176,0317637210,Electronics and Telecommunication Engg,Thakur College Of Engineering And Technology Kandivali Mumbai,Fully Mapped
315.0,6235.0,93.1239053,317699510.0,3176.0,3176,0317699510,Artificial Intelligence and Data Science,Thakur College Of Engineering And Technology Kandivali Mumbai,Fully Mapped
316.0,4934.0,94.2702553,317691010.0,3176.0,3176,0317691010,Computer Science and Engineering(Cyber Security),Thakur College Of Engineering And Technology Kandivali Mumbai,Fully Mapped
317.0,15820.0,84.2977742,317619110.0,3176.0,3176,0317619110,Civil Engineering,Thakur College Of Engineering And Technology Kandivali Mumbai,Fully Mapped
318.0,6470.0,92.9074906,317690010.0,3176.0,3176,0317690010,Electronics and Computer Science,Thakur College Of Engineering And Technology Kandivali Mumbai,Fully Mapped
319.0,6612.0,92.7513289,317692110.0,3176.0,3176,0317692110,Artificial Intelligence and Machine Learning,Thakur College Of Engineering And Technology Kandivali Mumbai,Fully Mapped
320.0,18961.0,81.4196126,317625910.0,3176.0,3176,0317625910,Mechanical and Mechatronics Engineering (Additive Manufacturing),Thakur College Of Engineering And Technology Kandivali Mumbai,Fully Mapped
321.0,3273.0,95.8584051,318237210.0,3182.0,3182,0318237210,Electronics and Telecommunication Engg,Thadomal Shahani Engineering College Bandra Mumbai,Fully Mapped
322.0,6811.0,92.5689123,318250710.0,3182.0,3182,0318250710,Chemical Engineering,Thadomal Shahani Engineering College Bandra Mumbai,Fully Mapped
323.0,2347.0,96.7784981,318224610.0,3182.0,3182,0318224610,Information Technology,Thadomal Shahani Engineering College Bandra Mumbai,Fully Mapped
324.0,2421.0,96.7045445,318299510.0,3182.0,3182,0318299510,Artificial Intelligence and Data Science,Thadomal Shahani Engineering College Bandra Mumbai,Fully Mapped
325.0,1905.0,97.2664115,318224510.0,3182.0,3182,0318224510,Computer Engineering,Thadomal Shahani Engineering College Bandra Mumbai,Fully Mapped
326.0,15824.0,84.2977742,318392010.0,3183.0,3183,0318392010,Computer Science and Engineering (Internet of Things and Cyber Security Including Block Chain Technology),Anjuman-I-Islam S M.H. Saboo Siddik College Of Engineering Byculla Mumbai,Fully Mapped
327.0,18908.0,81.5080014,318391110.0,3183.0,3183,0318391110,Computer Science and Engineering(Artificial Intelligence and Machine Learning),Anjuman-I-Islam S M.H. Saboo Siddik College Of Engineering Byculla Mumbai,Fully Mapped
328.0,13044.0,86.7971076,318324510.0,3183.0,3183,0318324510,Computer Engineering,Anjuman-I-Islam S M.H. Saboo Siddik College Of Engineering Byculla Mumbai,Fully Mapped
329.0,17464.0,82.7686005,318324610.0,3183.0,3183,0318324610,Information Technology,Anjuman-I-Islam S M.H. Saboo Siddik College Of Engineering Byculla Mumbai,Fully Mapped
330.0,53055.0,52.2708244,318319110.0,3183.0,3183,0318319110,Civil Engineering,Anjuman-I-Islam S M.H. Saboo Siddik College Of Engineering Byculla Mumbai,Fully Mapped
331.0,28654.0,72.7936103,318337210.0,3183.0,3183,0318337210,Electronics and Telecommunication Engg,Anjuman-I-Islam S M.H. Saboo Siddik College Of Engineering Byculla Mumbai,Fully Mapped
332.0,61812.0,44.5556551,318361610.0,3183.0,3183,0318361610,Mechanical Engineering Automobile,Anjuman-I-Islam S M.H. Saboo Siddik College Of Engineering Byculla Mumbai,Fully Mapped
333.0,35406.0,67.1114593,318361210.0,3183.0,3183,0318361210,Mechanical Engineering,Anjuman-I-Islam S M.H. Saboo Siddik College Of Engineering Byculla Mumbai,Fully Mapped
334.0,5575.0,93.7401825,318490010.0,3184.0,3184,0318490010,Electronics and Computer Science,Fr. Conceicao Rodrigues College Of Engineering Bandra Mumbai,Fully Mapped
335.0,3842.0,95.3214041,318424510.0,3184.0,3184,0318424510,Computer Engineering,Fr. Conceicao Rodrigues College Of Engineering Bandra Mumbai,Fully Mapped
336.0,9214.0,90.3321954,318461210.0,3184.0,3184,0318461210,Mechanical Engineering,Fr. Conceicao Rodrigues College Of Engineering Bandra Mumbai,Fully Mapped
337.0,4303.0,94.8772566,318424210.0,3184.0,3184,0318424210,Computer Science and Engineering,Fr. Conceicao Rodrigues College Of Engineering Bandra Mumbai,Fully Mapped
338.0,4860.0,94.3599176,318590010.0,3185.0,3185,0318590010,Electronics and Computer Science,Vivekanand Education Society S Institute Of Technology Chembur Mumbai,Fully Mapped
339.0,3034.0,96.0945433,318524510.0,3185.0,3185,0318524510,Computer Engineering,Vivekanand Education Society S Institute Of Technology Chembur Mumbai,Fully Mapped
340.0,4169.0,94.989548,318524610.0,3185.0,3185,0318524610,Information Technology,Vivekanand Education Society S Institute Of Technology Chembur Mumbai,Fully Mapped
341.0,4327.0,94.8604079,318599510.0,3185.0,3185,0318599510,Artificial Intelligence and Data Science,Vivekanand Education Society S Institute Of Technology Chembur Mumbai,Fully Mapped
342.0,6789.0,92.5846928,318591610.0,3185.0,3185,0318591610,Automation and Robotics,Vivekanand Education Society S Institute Of Technology Chembur Mumbai,Fully Mapped
343.0,5956.0,93.373663,318537210.0,3185.0,3185,0318537210,Electronics and Telecommunication Engg,Vivekanand Education Society S Institute Of Technology Chembur Mumbai,Fully Mapped
344.0,32152.0,69.8571928,318737210.0,3187.0,3187,0318737210,Electronics and Telecommunication Engg,N.Y.S.S. S Datta Meghe College Of Engineering Airoli Navi Mumbai,Fully Mapped
345.0,40371.0,62.8786263,318750710.0,3187.0,3187,0318750710,Chemical Engineering,N.Y.S.S. S Datta Meghe College Of Engineering Airoli Navi Mumbai,Fully Mapped
346.0,20728.0,79.7844567,318724610.0,3187.0,3187,0318724610,Information Technology,N.Y.S.S. S Datta Meghe College Of Engineering Airoli Navi Mumbai,Fully Mapped
347.0,87610.0,10.8929793,318791810.0,3187.0,3187,0318791810,Civil and infrastructure Engineering,N.Y.S.S. S Datta Meghe College Of Engineering Airoli Navi Mumbai,Fully Mapped
348.0,23418.0,77.4599403,318799510.0,3187.0,3187,0318799510,Artificial Intelligence and Data Science,N.Y.S.S. S Datta Meghe College Of Engineering Airoli Navi Mumbai,Fully Mapped
349.0,15950.0,84.1755688,318724510.0,3187.0,3187,0318724510,Computer Engineering,N.Y.S.S. S Datta Meghe College Of Engineering Airoli Navi Mumbai,Fully Mapped
350.0,44309.0,59.8276777,318761210.0,3187.0,3187,0318761210,Mechanical Engineering,N.Y.S.S. S Datta Meghe College Of Engineering Airoli Navi Mumbai,Fully Mapped
351.0,71204.0,34.9375047,318719110.0,3187.0,3187,0318719110,Civil Engineering,N.Y.S.S. S Datta Meghe College Of Engineering Airoli Navi Mumbai,Fully Mapped
352.0,17044.0,83.184894,318824510.0,3188.0,3188,0318824510,Computer Engineering,Vasantdada Patil Pratishthan S College Of Engineering And Visual Arts Sion Mumbai,Fully Mapped
353.0,60014.0,46.1869686,318862410.0,3188.0,3188,0318862410,Mechatronics Engineering,Vasantdada Patil Pratishthan S College Of Engineering And Visual Arts Sion Mumbai,Fully Mapped
354.0,23359.0,77.4619979,318890010.0,3188.0,3188,0318890010,Electronics and Computer Science,Vasantdada Patil Pratishthan S College Of Engineering And Visual Arts Sion Mumbai,Fully Mapped
355.0,21070.0,79.5722895,318824610.0,3188.0,3188,0318824610,Information Technology,Vasantdada Patil Pratishthan S College Of Engineering And Visual Arts Sion Mumbai,Fully Mapped
356.0,21952.0,78.7132557,318891110.0,3188.0,3188,0318891110,Computer Science and Engineering(Artificial Intelligence and Machine Learning),Vasantdada Patil Pratishthan S College Of Engineering And Visual Arts Sion Mumbai,Fully Mapped
357.0,29362.0,72.2758087,318950710.0,3189.0,3189,0318950710,Chemical Engineering,Bharati Vidyapeeth College Of Engineering Navi Mumbai,Fully Mapped
358.0,20889.0,79.6757881,318937210.0,3189.0,3189,0318937210,Electronics and Telecommunication Engg,Bharati Vidyapeeth College Of Engineering Navi Mumbai,Fully Mapped
359.0,41975.0,61.6843972,318946610.0,3189.0,3189,0318946610,Instrumentation Engineering,Bharati Vidyapeeth College Of Engineering Navi Mumbai,Fully Mapped
360.0,9165.0,90.3809302,318924510.0,3189.0,3189,0318924510,Computer Engineering,Bharati Vidyapeeth College Of Engineering Navi Mumbai,Fully Mapped
361.0,9823.0,89.753633,318924610.0,3189.0,3189,0318924610,Information Technology,Bharati Vidyapeeth College Of Engineering Navi Mumbai,Fully Mapped
362.0,45623.0,58.6610048,318961210.0,3189.0,3189,0318961210,Mechanical Engineering,Bharati Vidyapeeth College Of Engineering Navi Mumbai,Fully Mapped
363.0,75560.0,30.4829638,319019110.0,3190.0,3190,0319019110,Civil Engineering,Terna Engineering College Nerul Navi Mumbai,Fully Mapped
364.0,51291.0,53.85405,319061210.0,3190.0,3190,0319061210,Mechanical Engineering,Terna Engineering College Nerul Navi Mumbai,Fully Mapped
365.0,63203.0,43.1588279,319062410.0,3190.0,3190,0319062410,Mechatronics Engineering,Terna Engineering College Nerul Navi Mumbai,Fully Mapped
366.0,16234.0,83.9138867,319024610.0,3190.0,3190,0319024610,Information Technology,Terna Engineering College Nerul Navi Mumbai,Fully Mapped
367.0,37287.0,65.517274,319037610.0,3190.0,3190,0319037610,Electronics Engineering,Terna Engineering College Nerul Navi Mumbai,Fully Mapped
368.0,16066.0,84.0198186,319026310.0,3190.0,3190,0319026310,Artificial Intelligence (AI) and Data Science,Terna Engineering College Nerul Navi Mumbai,Fully Mapped
369.0,15096.0,84.9387797,319024510.0,3190.0,3190,0319024510,Computer Engineering,Terna Engineering College Nerul Navi Mumbai,Fully Mapped
370.0,31395.0,70.5787934,319037210.0,3190.0,3190,0319037210,Electronics and Telecommunication Engg,Terna Engineering College Nerul Navi Mumbai,Fully Mapped
371.0,58768.0,47.4197507,319229310.0,3192.0,3192,0319229310,Electrical Engineering,Smt. Indira Gandhi College Of Engineering Navi Mumbai,Fully Mapped
372.0,29889.0,71.8011248,319292010.0,3192.0,3192,0319292010,Computer Science and Engineering (Internet of Things and Cyber Security Including Block Chain Technology),Smt. Indira Gandhi College Of Engineering Navi Mumbai,Fully Mapped
373.0,20569.0,80.0274115,319224510.0,3192.0,3192,0319224510,Computer Engineering,Smt. Indira Gandhi College Of Engineering Navi Mumbai,Fully Mapped
374.0,25242.0,75.7901666,319299510.0,3192.0,3192,0319299510,Artificial Intelligence and Data Science,Smt. Indira Gandhi College Of Engineering Navi Mumbai,Fully Mapped
375.0,23824.0,77.08122,319291110.0,3192.0,3192,0319291110,Computer Science and Engineering(Artificial Intelligence and Machine Learning),Smt. Indira Gandhi College Of Engineering Navi Mumbai,Fully Mapped
376.0,63237.0,43.1588279,319261210.0,3192.0,3192,0319261210,Mechanical Engineering,Smt. Indira Gandhi College Of Engineering Navi Mumbai,Fully Mapped
377.0,77671.0,27.270665,319361210.0,3193.0,3193,0319361210,Mechanical Engineering,Shivajirao S. Jondhale College Of Engineering Dombivali Mumbai,Fully Mapped
378.0,64664.0,42.0665339,319350710.0,3193.0,3193,0319350710,Chemical Engineering,Shivajirao S. Jondhale College Of Engineering Dombivali Mumbai,Fully Mapped
379.0,30432.0,71.3445815,319392110.0,3193.0,3193,0319392110,Artificial Intelligence and Machine Learning,Shivajirao S. Jondhale College Of Engineering Dombivali Mumbai,Fully Mapped
380.0,28909.0,72.6699075,319324510.0,3193.0,3193,0319324510,Computer Engineering,Shivajirao S. Jondhale College Of Engineering Dombivali Mumbai,Fully Mapped
381.0,47076.0,57.5186655,319337210.0,3193.0,3193,0319337210,Electronics and Telecommunication Engg,Shivajirao S. Jondhale College Of Engineering Dombivali Mumbai,Fully Mapped
382.0,31468.0,70.5477463,319324610.0,3193.0,3193,0319324610,Information Technology,Shivajirao S. Jondhale College Of Engineering Dombivali Mumbai,Fully Mapped
383.0,16449.0,83.6733531,319424610.0,3194.0,3194,0319424610,Information Technology,Vidyavardhini S College Of Engineering And Technology Vasai,Fully Mapped
384.0,27843.0,73.6143868,319437210.0,3194.0,3194,0319437210,Electronics and Telecommunication Engg,Vidyavardhini S College Of Engineering And Technology Vasai,Fully Mapped
385.0,21472.0,79.1146984,319491210.0,3194.0,3194,0319491210,Computer Science and Engineering(Data Science),Vidyavardhini S College Of Engineering And Technology Vasai,Fully Mapped
386.0,43427.0,60.57336,319461210.0,3194.0,3194,0319461210,Mechanical Engineering,Vidyavardhini S College Of Engineering And Technology Vasai,Fully Mapped
387.0,15441.0,84.6392764,319424510.0,3194.0,3194,0319424510,Computer Engineering,Vidyavardhini S College Of Engineering And Technology Vasai,Fully Mapped
388.0,72026.0,34.5491435,319419110.0,3194.0,3194,0319419110,Civil Engineering,Vidyavardhini S College Of Engineering And Technology Vasai,Fully Mapped
389.0,48460.0,56.2873843,319437810.0,3194.0,3194,0319437810,Electronics Engineering ( VLSI Design and Technology),Vidyavardhini S College Of Engineering And Technology Vasai,Fully Mapped
390.0,16686.0,83.5374616,319499510.0,3194.0,3194,0319499510,Artificial Intelligence and Data Science,Vidyavardhini S College Of Engineering And Technology Vasai,Fully Mapped
391.0,53643.0,51.7541555,319661210.0,3196.0,3196,0319661210,Mechanical Engineering,Lokmanya Tilak College Of Engineering Kopar Khairane Navi Mumbai,Fully Mapped
392.0,13094.0,86.7630872,319624510.0,3196.0,3196,0319624510,Computer Engineering,Lokmanya Tilak College Of Engineering Kopar Khairane Navi Mumbai,Fully Mapped
393.0,19800.0,80.7176074,319692010.0,3196.0,3196,0319692010,Computer Science and Engineering (Internet of Things and Cyber Security Including Block Chain Technology),Lokmanya Tilak College Of Engineering Kopar Khairane Navi Mumbai,Fully Mapped
394.0,18956.0,81.4533784,319691210.0,3196.0,3196,0319691210,Computer Science and Engineering(Data Science),Lokmanya Tilak College Of Engineering Kopar Khairane Navi Mumbai,Fully Mapped
395.0,28335.0,72.9923375,319637210.0,3196.0,3196,0319637210,Electronics and Telecommunication Engg,Lokmanya Tilak College Of Engineering Kopar Khairane Navi Mumbai,Fully Mapped
396.0,20121.0,80.3927437,319691110.0,3196.0,3196,0319691110,Computer Science and Engineering(Artificial Intelligence and Machine Learning),Lokmanya Tilak College Of Engineering Kopar Khairane Navi Mumbai,Fully Mapped
397.0,39033.0,64.1774008,319629310.0,3196.0,3196,0319629310,Electrical Engineering,Lokmanya Tilak College Of Engineering Kopar Khairane Navi Mumbai,Fully Mapped
398.0,19570.0,80.9683243,319761210.0,3197.0,3197,0319761210,Mechanical Engineering,Agnel Charities Fr. C. Rodrigues Institute Of Technology Vashi Navi Mumbai,Fully Mapped
399.0,7119.0,92.2750972,319737210.0,3197.0,3197,0319737210,Electronics and Telecommunication Engg,Agnel Charities Fr. C. Rodrigues Institute Of Technology Vashi Navi Mumbai,Fully Mapped
400.0,5220.0,94.0133696,319724610.0,3197.0,3197,0319724610,Information Technology,Agnel Charities Fr. C. Rodrigues Institute Of Technology Vashi Navi Mumbai,Fully Mapped
401.0,4870.0,94.3579407,319724510.0,3197.0,3197,0319724510,Computer Engineering,Agnel Charities Fr. C. Rodrigues Institute Of Technology Vashi Navi Mumbai,Fully Mapped
402.0,8839.0,90.6707135,319729310.0,3197.0,3197,0319729310,Electrical Engineering,Agnel Charities Fr. C. Rodrigues Institute Of Technology Vashi Navi Mumbai,Fully Mapped
403.0,45359.0,58.8742611,319899510.0,3198.0,3198,0319899510,Artificial Intelligence and Data Science,Konkan Gyanpeeth College Of Engineering Karjat,Fully Mapped
404.0,44712.0,59.4921959,319824610.0,3198.0,3198,0319824610,Information Technology,Konkan Gyanpeeth College Of Engineering Karjat,Fully Mapped
405.0,37913.0,64.978915,319824210.0,3198.0,3198,0319824210,Computer Science and Engineering,Konkan Gyanpeeth College Of Engineering Karjat,Fully Mapped
406.0,38414.0,64.5643132,319824510.0,3198.0,3198,0319824510,Computer Engineering,Konkan Gyanpeeth College Of Engineering Karjat,Fully Mapped
407.0,1849.0,97.325162,319992010.0,3199.0,3199,0319992010,Computer Science and Engineering (Internet of Things and Cyber Security Including Block Chain Technology),Shri Vile Parle Kelvani Mandal S Dwarkadas J. Sanghvi College Of Engineering Vile Parle Mumbai,Fully Mapped
408.0,4074.0,95.0958991,319961210.0,3199.0,3199,0319961210,Mechanical Engineering,Shri Vile Parle Kelvani Mandal S Dwarkadas J. Sanghvi College Of Engineering Vile Parle Mumbai,Fully Mapped
409.0,1500.0,97.6683893,319924610.0,3199.0,3199,0319924610,Information Technology,Shri Vile Parle Kelvani Mandal S Dwarkadas J. Sanghvi College Of Engineering Vile Parle Mumbai,Fully Mapped
410.0,1593.0,97.5892053,319991210.0,3199.0,3199,0319991210,Computer Science and Engineering(Data Science),Shri Vile Parle Kelvani Mandal S Dwarkadas J. Sanghvi College Of Engineering Vile Parle Mumbai,Fully Mapped
411.0,2498.0,96.6168085,319937210.0,3199.0,3199,0319937210,Electronics and Telecommunication Engg,Shri Vile Parle Kelvani Mandal S Dwarkadas J. Sanghvi College Of Engineering Vile Parle Mumbai,Fully Mapped
412.0,885.0,98.4023558,319924510.0,3199.0,3199,0319924510,Computer Engineering,Shri Vile Parle Kelvani Mandal S Dwarkadas J. Sanghvi College Of Engineering Vile Parle Mumbai,Fully Mapped
413.0,1760.0,97.421707,319992110.0,3199.0,3199,0319992110,Artificial Intelligence and Machine Learning,Shri Vile Parle Kelvani Mandal S Dwarkadas J. Sanghvi College Of Engineering Vile Parle Mumbai,Fully Mapped
414.0,1488.0,97.6970007,319926310.0,3199.0,3199,0319926310,Artificial Intelligence (AI) and Data Science,Shri Vile Parle Kelvani Mandal S Dwarkadas J. Sanghvi College Of Engineering Vile Parle Mumbai,Fully Mapped
415.0,49332.0,55.591767,320091010.0,3200.0,3200,0320091010,Computer Science and Engineering(Cyber Security),Hope Foundation And Research Center S Finolex Academy Of Management And Technology Ratnagiri,Fully Mapped
416.0,35862.0,66.6655105,320091110.0,3200.0,3200,0320091110,Computer Science and Engineering(Artificial Intelligence and Machine Learning),Hope Foundation And Research Center S Finolex Academy Of Management And Technology Ratnagiri,Fully Mapped
417.0,47457.0,57.3011125,320024610.0,3200.0,3200,0320024610,Information Technology,Hope Foundation And Research Center S Finolex Academy Of Management And Technology Ratnagiri,Fully Mapped
418.0,141506.0,57.1543272,320061210.0,3200.0,3200,0320061210,Mechanical Engineering,Hope Foundation And Research Center S Finolex Academy Of Management And Technology Ratnagiri,Fully Mapped
419.0,144943.0,54.0859766,320029310.0,3200.0,3200,0320029310,Electrical Engineering,Hope Foundation And Research Center S Finolex Academy Of Management And Technology Ratnagiri,Fully Mapped
420.0,72616.0,33.4714446,320037210.0,3200.0,3200,0320037210,Electronics and Telecommunication Engg,Hope Foundation And Research Center S Finolex Academy Of Management And Technology Ratnagiri,Fully Mapped
421.0,88509.0,8.7363016,320050710.0,3200.0,3200,0320050710,Chemical Engineering,Hope Foundation And Research Center S Finolex Academy Of Management And Technology Ratnagiri,Fully Mapped
422.0,34916.0,67.470831,320161210.0,3201.0,3201,0320161210,Mechanical Engineering,Rizvi Education Society S Rizvi College Of Engineering Bandra Mumbai,Fully Mapped
423.0,40182.0,63.223538,320119110.0,3201.0,3201,0320119110,Civil Engineering,Rizvi Education Society S Rizvi College Of Engineering Bandra Mumbai,Fully Mapped
424.0,17745.0,82.5427557,320190010.0,3201.0,3201,0320190010,Electronics and Computer Science,Rizvi Education Society S Rizvi College Of Engineering Bandra Mumbai,Fully Mapped
425.0,10395.0,89.238464,320124510.0,3201.0,3201,0320124510,Computer Engineering,Rizvi Education Society S Rizvi College Of Engineering Bandra Mumbai,Fully Mapped
426.0,11421.0,88.3203208,320199510.0,3201.0,3201,0320199510,Artificial Intelligence and Data Science,Rizvi Education Society S Rizvi College Of Engineering Bandra Mumbai,Fully Mapped
427.0,86003.0,14.3670255,320290010.0,3202.0,3202,0320290010,Electronics and Computer Science,Rajendra Mane College Of Engineering Technology Ambav Deorukh,Fully Mapped
428.0,61110.0,45.2445766,320224510.0,3202.0,3202,0320224510,Computer Engineering,Rajendra Mane College Of Engineering Technology Ambav Deorukh,Fully Mapped
429.0,18609.0,81.7745907,320390010.0,3203.0,3203,0320390010,Electronics and Computer Science,Atharva College Of Engineering Malad(West) Mumbai,Fully Mapped
430.0,26320.0,74.7742358,320337210.0,3203.0,3203,0320337210,Electronics and Telecommunication Engg,Atharva College Of Engineering Malad(West) Mumbai,Fully Mapped
431.0,34256.0,68.1212955,320329310.0,3203.0,3203,0320329310,Electrical Engineering,Atharva College Of Engineering Malad(West) Mumbai,Fully Mapped
432.0,12653.0,87.184401,320324510.0,3203.0,3203,0320324510,Computer Engineering,Atharva College Of Engineering Malad(West) Mumbai,Fully Mapped
433.0,15040.0,85.0419414,320324610.0,3203.0,3203,0320324610,Information Technology,Atharva College Of Engineering Malad(West) Mumbai,Fully Mapped
434.0,17458.0,82.7686005,320429310.0,3204.0,3204,0320429310,Electrical Engineering,St. Francis Institute Of Technology Borivali Mumbai,Fully Mapped
435.0,13744.0,86.1641248,320437210.0,3204.0,3204,0320437210,Electronics and Telecommunication Engg,St. Francis Institute Of Technology Borivali Mumbai,Fully Mapped
436.0,12306.0,87.499065,320490010.0,3204.0,3204,0320490010,Electronics and Computer Science,St. Francis Institute Of Technology Borivali Mumbai,Fully Mapped
437.0,8216.0,91.2411348,320492110.0,3204.0,3204,0320492110,Artificial Intelligence and Machine Learning,St. Francis Institute Of Technology Borivali Mumbai,Fully Mapped
438.0,6673.0,92.682472,320424510.0,3204.0,3204,0320424510,Computer Engineering,St. Francis Institute Of Technology Borivali Mumbai,Fully Mapped
439.0,7842.0,91.6054439,320424610.0,3204.0,3204,0320424610,Information Technology,St. Francis Institute Of Technology Borivali Mumbai,Fully Mapped
440.0,26499.0,74.5994626,320461210.0,3204.0,3204,0320461210,Mechanical Engineering,St. Francis Institute Of Technology Borivali Mumbai,Fully Mapped
441.0,166666.0,33.5585964,320629310.0,3206.0,3206,0320629310,Electrical Engineering,S.S.P.M. S College Of Engineering Kankavli,Fully Mapped
442.0,174252.0,24.4231968,320662410.0,3206.0,3206,0320662410,Mechatronics Engineering,S.S.P.M. S College Of Engineering Kankavli,Fully Mapped
443.0,188927.0,1.6171274,320661210.0,3206.0,3206,0320661210,Mechanical Engineering,S.S.P.M. S College Of Engineering Kankavli,Fully Mapped
444.0,22985.0,77.8322511,320656610.0,3206.0,3206,0320656610,Computer Science,S.S.P.M. S College Of Engineering Kankavli,Fully Mapped
445.0,61064.0,45.3164723,320691110.0,3206.0,3206,0320691110,Computer Science and Engineering(Artificial Intelligence and Machine Learning),S.S.P.M. S College Of Engineering Kankavli,Fully Mapped
446.0,86432.0,13.5512762,320690010.0,3206.0,3206,0320690010,Electronics and Computer Science,S.S.P.M. S College Of Engineering Kankavli,Fully Mapped
447.0,48973.0,55.836263,320624510.0,3206.0,3206,0320624510,Computer Engineering,S.S.P.M. S College Of Engineering Kankavli,Fully Mapped
448.0,11885.0,87.8125666,320724610.0,3207.0,3207,0320724610,Information Technology,Mahatma Education Society S Pillai College Of Engineering New Panvel,Fully Mapped
449.0,15875.0,84.2471428,320790010.0,3207.0,3207,0320790010,Electronics and Computer Science,Mahatma Education Society S Pillai College Of Engineering New Panvel,Fully Mapped
450.0,29901.0,71.8011248,320761210.0,3207.0,3207,0320761210,Mechanical Engineering,Mahatma Education Society S Pillai College Of Engineering New Panvel,Fully Mapped
451.0,10788.0,88.8546124,320724510.0,3207.0,3207,0320724510,Computer Engineering,Mahatma Education Society S Pillai College Of Engineering New Panvel,Fully Mapped
452.0,19093.0,81.3266412,320737210.0,3207.0,3207,0320737210,Electronics and Telecommunication Engg,Mahatma Education Society S Pillai College Of Engineering New Panvel,Fully Mapped
453.0,34440.0,67.8813538,320760210.0,3207.0,3207,0320760210,Automobile Engineering,Mahatma Education Society S Pillai College Of Engineering New Panvel,Fully Mapped
454.0,7367.0,92.0869394,320824610.0,3208.0,3208,0320824610,Information Technology,Don Bosco Institute Of Technology Mumbai,Fully Mapped
455.0,6037.0,93.2917186,320824510.0,3208.0,3208,0320824510,Computer Engineering,Don Bosco Institute Of Technology Mumbai,Fully Mapped
456.0,13635.0,86.282876,320837210.0,3208.0,3208,0320837210,Electronics and Telecommunication Engg,Don Bosco Institute Of Technology Mumbai,Fully Mapped
457.0,25271.0,75.7901666,320861210.0,3208.0,3208,0320861210,Mechanical Engineering,Don Bosco Institute Of Technology Mumbai,Fully Mapped
458.0,4639.0,94.5520602,320937210.0,3209.0,3209,0320937210,Electronics and Telecommunication Engg,K J Somaiya Institute Of Technology,Fully Mapped
459.0,4214.0,94.9581147,320999510.0,3209.0,3209,0320999510,Artificial Intelligence and Data Science,K J Somaiya Institute Of Technology,Fully Mapped
460.0,2934.0,96.1987432,320924510.0,3209.0,3209,0320924510,Computer Engineering,K J Somaiya Institute Of Technology,Fully Mapped
461.0,3916.0,95.2492023,320924610.0,3209.0,3209,0320924610,Information Technology,K J Somaiya Institute Of Technology,Fully Mapped
462.0,33670.0,68.6174754,321037210.0,3210.0,3210,0321037210,Electronics and Telecommunication Engg,Excelsior Education Society S K.C. College Of Engineering And Management Studies And Research Kopri Thane (E),Fully Mapped
463.0,27652.0,73.7173337,321024610.0,3210.0,3210,0321024610,Information Technology,Excelsior Education Society S K.C. College Of Engineering And Management Studies And Research Kopri Thane (E),Fully Mapped
464.0,23155.0,77.655845,321024510.0,3210.0,3210,0321024510,Computer Engineering,Excelsior Education Society S K.C. College Of Engineering And Management Studies And Research Kopri Thane (E),Fully Mapped
465.0,6147.0,93.2038376,321124510.0,3211.0,3211,0321124510,Computer Engineering,S.I.E.S. Graduate School Of Technology Nerul Navi Mumbai,Fully Mapped
466.0,10550.0,89.0565174,321190010.0,3211.0,3211,0321190010,Electronics and Computer Science,S.I.E.S. Graduate School Of Technology Nerul Navi Mumbai,Fully Mapped
467.0,10181.0,89.4363827,321192110.0,3211.0,3211,0321192110,Artificial Intelligence and Machine Learning,S.I.E.S. Graduate School Of Technology Nerul Navi Mumbai,Fully Mapped
468.0,10195.0,89.4276667,321192010.0,3211.0,3211,0321192010,Computer Science and Engineering (Internet of Things and Cyber Security Including Block Chain Technology),S.I.E.S. Graduate School Of Technology Nerul Navi Mumbai,Fully Mapped
469.0,8455.0,91.0448398,321199510.0,3211.0,3211,0321199510,Artificial Intelligence and Data Science,S.I.E.S. Graduate School Of Technology Nerul Navi Mumbai,Fully Mapped
470.0,7839.0,91.6054439,321124610.0,3211.0,3211,0321124610,Information Technology,S.I.E.S. Graduate School Of Technology Nerul Navi Mumbai,Fully Mapped
471.0,14068.0,85.8963155,321137210.0,3211.0,3211,0321137210,Electronics and Telecommunication Engg,S.I.E.S. Graduate School Of Technology Nerul Navi Mumbai,Fully Mapped
472.0,174498.0,24.3094646,321219110.0,3212.0,3212,0321219110,Civil Engineering,Watumull Institute Of Engineering Technology Ulhasnagar,Fully Mapped
473.0,33897.0,68.3359129,321224510.0,3212.0,3212,0321224510,Computer Engineering,Watumull Institute Of Engineering Technology Ulhasnagar,Fully Mapped
474.0,11241.0,88.4954015,321437210.0,3214.0,3214,0321437210,Electronics and Telecommunication Engg,Xavier Institute Of Engineering C O Xavier Technical Institute Mahim Mumbai,Fully Mapped
475.0,7749.0,91.6746484,321492010.0,3214.0,3214,0321492010,Computer Science and Engineering (Internet of Things and Cyber Security Including Block Chain Technology),Xavier Institute Of Engineering C O Xavier Technical Institute Mahim Mumbai,Fully Mapped
476.0,6438.0,92.9169333,321424510.0,3214.0,3214,0321424510,Computer Engineering,Xavier Institute Of Engineering C O Xavier Technical Institute Mahim Mumbai,Fully Mapped
477.0,8243.0,91.2334144,321424610.0,3214.0,3214,0321424610,Information Technology,Xavier Institute Of Engineering C O Xavier Technical Institute Mahim Mumbai,Fully Mapped
478.0,613.0,98.8014556,321524210.0,3215.0,3215,0321524210,Computer Science and Engineering,Bhartiya Vidya Bhavan S Sardar Patel Institute Of Technology Andheri Mumbai,Fully Mapped
479.0,1225.0,97.9944274,321537210.0,3215.0,3215,0321537210,Electronics and Telecommunication Engg,Bhartiya Vidya Bhavan S Sardar Patel Institute Of Technology Andheri Mumbai,Fully Mapped
480.0,652.0,98.758923,321524510.0,3215.0,3215,0321524510,Computer Engineering,Bhartiya Vidya Bhavan S Sardar Patel Institute Of Technology Andheri Mumbai,Fully Mapped
481.0,65051.0,41.4812919,321624510.0,3216.0,3216,0321624510,Computer Engineering,Gharda Foundation S Gharda Institute Of Technology Khed Ratnagiri,Fully Mapped
482.0,60262.0,46.0832398,321691110.0,3216.0,3216,0321691110,Computer Science and Engineering(Artificial Intelligence and Machine Learning),Gharda Foundation S Gharda Institute Of Technology Khed Ratnagiri,Fully Mapped
483.0,82073.0,21.1825746,321637210.0,3216.0,3216,0321637210,Electronics and Telecommunication Engg,Gharda Foundation S Gharda Institute Of Technology Khed Ratnagiri,Fully Mapped
484.0,164458.0,35.6703287,321661210.0,3216.0,3216,0321661210,Mechanical Engineering,Gharda Foundation S Gharda Institute Of Technology Khed Ratnagiri,Fully Mapped
485.0,145323.0,53.8203081,321650710.0,3216.0,3216,0321650710,Chemical Engineering,Gharda Foundation S Gharda Institute Of Technology Khed Ratnagiri,Fully Mapped
486.0,187235.0,5.0055145,321619110.0,3216.0,3216,0321619110,Civil Engineering,Gharda Foundation S Gharda Institute Of Technology Khed Ratnagiri,Fully Mapped
487.0,160869.0,39.5390798,321791610.0,3217.0,3217,0321791610,Automation and Robotics,Vighnaharata Trust S Shivajirao S. Jondhale College Of Engineering Technology Shahapur Asangaon Dist Thane,Fully Mapped
488.0,70409.0,36.1142708,321737210.0,3217.0,3217,0321737210,Electronics and Telecommunication Engg,Vighnaharata Trust S Shivajirao S. Jondhale College Of Engineering Technology Shahapur Asangaon Dist Thane,Fully Mapped
489.0,41958.0,61.6843972,321724510.0,3217.0,3217,0321724510,Computer Engineering,Vighnaharata Trust S Shivajirao S. Jondhale College Of Engineering Technology Shahapur Asangaon Dist Thane,Fully Mapped
490.0,29487.0,72.1862872,321891210.0,3218.0,3218,0321891210,Computer Science and Engineering(Data Science),Aldel Education Trust S St. John College Of Engineering Management Vevoor Palghar,Fully Mapped
491.0,34415.0,67.8982939,321890010.0,3218.0,3218,0321890010,Electronics and Computer Science,Aldel Education Trust S St. John College Of Engineering Management Vevoor Palghar,Fully Mapped
492.0,22455.0,78.2179976,321824510.0,3218.0,3218,0321824510,Computer Engineering,Aldel Education Trust S St. John College Of Engineering Management Vevoor Palghar,Fully Mapped
493.0,29250.0,72.36187,321892110.0,3218.0,3218,0321892110,Artificial Intelligence and Machine Learning,Aldel Education Trust S St. John College Of Engineering Management Vevoor Palghar,Fully Mapped
494.0,26894.0,74.3948499,321824610.0,3218.0,3218,0321824610,Information Technology,Aldel Education Trust S St. John College Of Engineering Management Vevoor Palghar,Fully Mapped
495.0,58673.0,47.4238693,321861210.0,3218.0,3218,0321861210,Mechanical Engineering,Aldel Education Trust S St. John College Of Engineering Management Vevoor Palghar,Fully Mapped
496.0,181379.0,15.1214416,321819110.0,3218.0,3218,0321819110,Civil Engineering,Aldel Education Trust S St. John College Of Engineering Management Vevoor Palghar,Fully Mapped
497.0,87126.0,11.8688758,321937210.0,3219.0,3219,0321937210,Electronics and Telecommunication Engg,Koti Vidya Charitable Trust S Smt. Alamuri Ratnamala Institute Of Engineering And Technology Sapgaon Tal. Shahapur,Fully Mapped
498.0,76348.0,29.3650075,321929310.0,3219.0,3219,0321929310,Electrical Engineering,Koti Vidya Charitable Trust S Smt. Alamuri Ratnamala Institute Of Engineering And Technology Sapgaon Tal. Shahapur,Fully Mapped
499.0,187948.0,3.6167117,321919110.0,3219.0,3219,0321919110,Civil Engineering,Koti Vidya Charitable Trust S Smt. Alamuri Ratnamala Institute Of Engineering And Technology Sapgaon Tal. Shahapur,Fully Mapped
500.0,57913.0,48.1018012,321924510.0,3219.0,3219,0321924510,Computer Engineering,Koti Vidya Charitable Trust S Smt. Alamuri Ratnamala Institute Of Engineering And Technology Sapgaon Tal. Shahapur,Fully Mapped
501.0,61865.0,44.4375985,321991110.0,3219.0,3219,0321991110,Computer Science and Engineering(Artificial Intelligence and Machine Learning),Koti Vidya Charitable Trust S Smt. Alamuri Ratnamala Institute Of Engineering And Technology Sapgaon Tal. Shahapur,Fully Mapped
502.0,38297.0,64.7153175,321924610.0,3219.0,3219,0321924610,Information Technology,Koti Vidya Charitable Trust S Smt. Alamuri Ratnamala Institute Of Engineering And Technology Sapgaon Tal. Shahapur,Fully Mapped
503.0,54643.0,50.9711006,322024510.0,3220.0,3220,0322024510,Computer Engineering,Yadavrao Tasgaonkar College Of Engineering Management,Fully Mapped
504.0,74369.0,31.6655269,322019110.0,3220.0,3220,0322019110,Civil Engineering,Yadavrao Tasgaonkar College Of Engineering Management,Fully Mapped
505.0,44726.0,59.4141074,322025210.0,3220.0,3220,0322025210,Cyber Security,Yadavrao Tasgaonkar College Of Engineering Management,Fully Mapped
506.0,61121.0,45.2445766,322024610.0,3220.0,3220,0322024610,Information Technology,Yadavrao Tasgaonkar College Of Engineering Management,Fully Mapped
507.0,70347.0,36.131373,322092110.0,3220.0,3220,0322092110,Artificial Intelligence and Machine Learning,Yadavrao Tasgaonkar College Of Engineering Management,Fully Mapped
508.0,170000.0,29.6395567,322037210.0,3220.0,3220,0322037210,Electronics and Telecommunication Engg,Yadavrao Tasgaonkar College Of Engineering Management,Fully Mapped
509.0,151693.0,48.0648514,322161210.0,3221.0,3221,0322161210,Mechanical Engineering,Vishnu Waman Thakur Charitable Trust S Viva Institute Of Technology Virar,Fully Mapped
510.0,64781.0,42.0212766,322192610.0,3221.0,3221,0322192610,Electrical and Computer Engineering,Vishnu Waman Thakur Charitable Trust S Viva Institute Of Technology Virar,Fully Mapped
511.0,47545.0,57.2424075,322191110.0,3221.0,3221,0322191110,Computer Science and Engineering(Artificial Intelligence and Machine Learning),Vishnu Waman Thakur Charitable Trust S Viva Institute Of Technology Virar,Fully Mapped
512.0,141100.0,57.2163252,322119110.0,3221.0,3221,0322119110,Civil Engineering,Vishnu Waman Thakur Charitable Trust S Viva Institute Of Technology Virar,Fully Mapped
513.0,56073.0,49.5814558,322137210.0,3221.0,3221,0322137210,Electronics and Telecommunication Engg,Vishnu Waman Thakur Charitable Trust S Viva Institute Of Technology Virar,Fully Mapped
514.0,31295.0,70.5982353,322124510.0,3221.0,3221,0322124510,Computer Engineering,Vishnu Waman Thakur Charitable Trust S Viva Institute Of Technology Virar,Fully Mapped
515.0,33885.0,68.3359129,322224510.0,3222.0,3222,0322224510,Computer Engineering,Haji Jamaluddin Thim Trust S Theem College Of Engineering At. Villege Betegaon Boisar,Fully Mapped
516.0,45024.0,59.2301802,322224610.0,3222.0,3222,0322224610,Information Technology,Haji Jamaluddin Thim Trust S Theem College Of Engineering At. Villege Betegaon Boisar,Fully Mapped
517.0,189479.0,0.1846877,322260210.0,3222.0,3222,0322260210,Automobile Engineering,Haji Jamaluddin Thim Trust S Theem College Of Engineering At. Villege Betegaon Boisar,Fully Mapped
518.0,70196.0,36.3198089,322229310.0,3222.0,3222,0322229310,Electrical Engineering,Haji Jamaluddin Thim Trust S Theem College Of Engineering At. Villege Betegaon Boisar,Fully Mapped
519.0,58426.0,47.5550319,322291110.0,3222.0,3222,0322291110,Computer Science and Engineering(Artificial Intelligence and Machine Learning),Haji Jamaluddin Thim Trust S Theem College Of Engineering At. Villege Betegaon Boisar,Fully Mapped
520.0,153373.0,46.5102928,322261210.0,3222.0,3222,0322261210,Mechanical Engineering,Haji Jamaluddin Thim Trust S Theem College Of Engineering At. Villege Betegaon Boisar,Fully Mapped
521.0,176732.0,21.472809,322219110.0,3222.0,3222,0322219110,Civil Engineering,Haji Jamaluddin Thim Trust S Theem College Of Engineering At. Villege Betegaon Boisar,Fully Mapped
522.0,62003.0,44.2947607,322361210.0,3223.0,3223,0322361210,Mechanical Engineering,Mahatma Education Society S Pillai Hoc College Of Engineering Technology Tal. Khalapur. Dist. Raigad,Fully Mapped
523.0,24599.0,76.3543069,322324510.0,3223.0,3223,0322324510,Computer Engineering,Mahatma Education Society S Pillai Hoc College Of Engineering Technology Tal. Khalapur. Dist. Raigad,Fully Mapped
524.0,140393.0,57.414259,322319110.0,3223.0,3223,0322319110,Civil Engineering,Mahatma Education Society S Pillai Hoc College Of Engineering Technology Tal. Khalapur. Dist. Raigad,Fully Mapped
525.0,36654.0,66.0357656,322390010.0,3223.0,3223,0322390010,Electronics and Computer Science,Mahatma Education Society S Pillai Hoc College Of Engineering Technology Tal. Khalapur. Dist. Raigad,Fully Mapped
526.0,38447.0,64.5326492,322392610.0,3223.0,3223,0322392610,Electrical and Computer Engineering,Mahatma Education Society S Pillai Hoc College Of Engineering Technology Tal. Khalapur. Dist. Raigad,Fully Mapped
527.0,31679.0,70.4103342,322324610.0,3223.0,3223,0322324610,Information Technology,Mahatma Education Society S Pillai Hoc College Of Engineering Technology Tal. Khalapur. Dist. Raigad,Fully Mapped
528.0,53545.0,51.809323,322424510.0,3224.0,3224,0322424510,Computer Engineering,Leela Education Society G.V. Acharya Institute Of Engineering And Technology Shelu Karjat,Fully Mapped
529.0,88493.0,8.7798489,322492010.0,3224.0,3224,0322492010,Computer Science and Engineering (Internet of Things and Cyber Security Including Block Chain Technology),Leela Education Society G.V. Acharya Institute Of Engineering And Technology Shelu Karjat,Fully Mapped
530.0,70311.0,36.2120221,322491110.0,3224.0,3224,0322491110,Computer Science and Engineering(Artificial Intelligence and Machine Learning),Leela Education Society G.V. Acharya Institute Of Engineering And Technology Shelu Karjat,Fully Mapped
531.0,142979.0,55.3559436,325729310.0,3257.0,3257,0325729310,Electrical Engineering,Vidya Prasarak Mandal S College Of Engineering Thane,Fully Mapped
532.0,62252.0,44.1712256,325791610.0,3257.0,3257,0325791610,Automation and Robotics,Vidya Prasarak Mandal S College Of Engineering Thane,Fully Mapped
533.0,52491.0,52.9675315,325737210.0,3257.0,3257,0325737210,Electronics and Telecommunication Engg,Vidya Prasarak Mandal S College Of Engineering Thane,Fully Mapped
534.0,25885.0,75.2255614,325724510.0,3257.0,3257,0325724510,Computer Engineering,Vidya Prasarak Mandal S College Of Engineering Thane,Fully Mapped
535.0,32482.0,69.5628064,325724610.0,3257.0,3257,0325724610,Information Technology,Vidya Prasarak Mandal S College Of Engineering Thane,Fully Mapped
536.0,83925.0,18.2751981,327793410.0,3277.0,3277,0327793410,Civil Engineering and Planning,Pravin Rohidas Patil College Of Engineering Technology,Fully Mapped
537.0,38486.0,64.4498458,327724610.0,3277.0,3277,0327724610,Information Technology,Pravin Rohidas Patil College Of Engineering Technology,Fully Mapped
538.0,168488.0,31.4286926,327793510.0,3277.0,3277,0327793510,Electronics and Biomedical Engineering,Pravin Rohidas Patil College Of Engineering Technology,Fully Mapped
539.0,33671.0,68.6174754,327724510.0,3277.0,3277,0327724510,Computer Engineering,Pravin Rohidas Patil College Of Engineering Technology,Fully Mapped
540.0,175023.0,23.9858471,327735610.0,3277.0,3277,0327735610,Electrical Engg[Electronics and Power],Pravin Rohidas Patil College Of Engineering Technology,Fully Mapped
541.0,185326.0,8.4810177,327761510.0,3277.0,3277,0327761510,Mechanical & Automation Engineering,Pravin Rohidas Patil College Of Engineering Technology,Fully Mapped
542.0,178449.0,19.1157452,335161210.0,3351.0,3351,0335161210,Mechanical Engineering,Bharat College Of Engineering Kanhor Badlapur(W),Fully Mapped
543.0,63640.0,42.7279999,335191210.0,3351.0,3351,0335191210,Computer Science and Engineering(Data Science),Bharat College Of Engineering Kanhor Badlapur(W),Fully Mapped
544.0,53671.0,51.7541555,335191110.0,3351.0,3351,0335191110,Computer Science and Engineering(Artificial Intelligence and Machine Learning),Bharat College Of Engineering Kanhor Badlapur(W),Fully Mapped
545.0,42910.0,60.9834559,335124510.0,3351.0,3351,0335124510,Computer Engineering,Bharat College Of Engineering Kanhor Badlapur(W),Fully Mapped
546.0,56414.0,49.3223255,335156810.0,3351.0,3351,0335156810,Computer Science and Information Technology,Bharat College Of Engineering Kanhor Badlapur(W),Fully Mapped
547.0,83790.0,18.4438201,335392010.0,3353.0,3353,0335392010,Computer Science and Engineering (Internet of Things and Cyber Security Including Block Chain Technology),Dilkap Research Institute Of Engineering And Management Studies At.Mamdapur Post- Neral Tal- Karjat Mumbai,Fully Mapped
548.0,56780.0,49.2401216,335324610.0,3353.0,3353,0335324610,Information Technology,Dilkap Research Institute Of Engineering And Management Studies At.Mamdapur Post- Neral Tal- Karjat Mumbai,Fully Mapped
549.0,66198.0,40.3058173,335324510.0,3353.0,3353,0335324510,Computer Engineering,Dilkap Research Institute Of Engineering And Management Studies At.Mamdapur Post- Neral Tal- Karjat Mumbai,Fully Mapped
550.0,72368.0,33.8362967,335392110.0,3353.0,3353,0335392110,Artificial Intelligence and Machine Learning,Dilkap Research Institute Of Engineering And Management Studies At.Mamdapur Post- Neral Tal- Karjat Mumbai,Fully Mapped
551.0,173954.0,24.7657909,335361210.0,3353.0,3353,0335361210,Mechanical Engineering,Dilkap Research Institute Of Engineering And Management Studies At.Mamdapur Post- Neral Tal- Karjat Mumbai,Fully Mapped
552.0,16682.0,83.5374616,342324510.0,3423.0,3423,0342324510,Computer Engineering,Shree L.R. Tiwari College Of Engineering Mira Road Mumbai,Fully Mapped
553.0,26303.0,74.7919,342361210.0,3423.0,3423,0342361210,Mechanical Engineering,Shree L.R. Tiwari College Of Engineering Mira Road Mumbai,Fully Mapped
554.0,25863.0,75.2255614,342390010.0,3423.0,3423,0342390010,Electronics and Computer Science,Shree L.R. Tiwari College Of Engineering Mira Road Mumbai,Fully Mapped
555.0,31776.0,70.224362,342337210.0,3423.0,3423,0342337210,Electronics and Telecommunication Engg,Shree L.R. Tiwari College Of Engineering Mira Road Mumbai,Fully Mapped
556.0,24457.0,76.4471767,342324610.0,3423.0,3423,0342324610,Information Technology,Shree L.R. Tiwari College Of Engineering Mira Road Mumbai,Fully Mapped
557.0,38193.0,64.7375694,342319110.0,3423.0,3423,0342319110,Civil Engineering,Shree L.R. Tiwari College Of Engineering Mira Road Mumbai,Fully Mapped
558.0,59405.0,46.697584,343624510.0,3436.0,3436,0343624510,Computer Engineering,B.R. Harne College Of Engineering Technology Karav Tal-Ambernath.,Fully Mapped
559.0,67617.0,39.1527671,343624610.0,3436.0,3436,0343624610,Information Technology,B.R. Harne College Of Engineering Technology Karav Tal-Ambernath.,Fully Mapped
560.0,68904.0,37.8563695,343691110.0,3436.0,3436,0343691110,Computer Science and Engineering(Artificial Intelligence and Machine Learning),B.R. Harne College Of Engineering Technology Karav Tal-Ambernath.,Fully Mapped
561.0,147441.0,52.0276576,343629310.0,3436.0,3436,0343629310,Electrical Engineering,B.R. Harne College Of Engineering Technology Karav Tal-Ambernath.,Fully Mapped
562.0,80424.0,23.7911679,343690010.0,3436.0,3436,0343690010,Electronics and Computer Science,B.R. Harne College Of Engineering Technology Karav Tal-Ambernath.,Fully Mapped
563.0,34667.0,67.6618121,343991210.0,3439.0,3439,0343991210,Computer Science and Engineering(Data Science),Anjuman-I-Islam S Kalsekar Technical Campus Panvel,Fully Mapped
564.0,61739.0,44.5556551,343992610.0,3439.0,3439,0343992610,Electrical and Computer Engineering,Anjuman-I-Islam S Kalsekar Technical Campus Panvel,Fully Mapped
565.0,83280.0,19.379384,343919110.0,3439.0,3439,0343919110,Civil Engineering,Anjuman-I-Islam S Kalsekar Technical Campus Panvel,Fully Mapped
566.0,36349.0,66.365478,343990010.0,3439.0,3439,0343990010,Electronics and Computer Science,Anjuman-I-Islam S Kalsekar Technical Campus Panvel,Fully Mapped
567.0,57421.0,48.5377286,343961210.0,3439.0,3439,0343961210,Mechanical Engineering,Anjuman-I-Islam S Kalsekar Technical Campus Panvel,Fully Mapped
568.0,32722.0,69.5118917,343991110.0,3439.0,3439,0343991110,Computer Science and Engineering(Artificial Intelligence and Machine Learning),Anjuman-I-Islam S Kalsekar Technical Campus Panvel,Fully Mapped
569.0,28085.0,73.2786671,343924510.0,3439.0,3439,0343924510,Computer Engineering,Anjuman-I-Islam S Kalsekar Technical Campus Panvel,Fully Mapped
570.0,76882.0,28.5249776,344024510.0,3440.0,3440,0344024510,Computer Engineering,Metropolitan Institute Of Technology Management Sukhalwad Sindhudurg.,Fully Mapped
571.0,175709.0,22.5020163,344537210.0,3445.0,3445,0344537210,Electronics and Telecommunication Engg,Vishwatmak Jangli Maharaj Ashram Trust (Kokamthan) Atma Malik Institute Of Technology Research,Fully Mapped
572.0,62260.0,44.1712256,344592110.0,3445.0,3445,0344592110,Artificial Intelligence and Machine Learning,Vishwatmak Jangli Maharaj Ashram Trust (Kokamthan) Atma Malik Institute Of Technology Research,Fully Mapped
573.0,76810.0,28.6332617,344592010.0,3445.0,3445,0344592010,Computer Science and Engineering (Internet of Things and Cyber Security Including Block Chain Technology),Vishwatmak Jangli Maharaj Ashram Trust (Kokamthan) Atma Malik Institute Of Technology Research,Fully Mapped
574.0,68107.0,38.4339263,344524510.0,3445.0,3445,0344524510,Computer Engineering,Vishwatmak Jangli Maharaj Ashram Trust (Kokamthan) Atma Malik Institute Of Technology Research,Fully Mapped
575.0,68714.0,38.0226644,344724510.0,3447.0,3447,0344724510,Computer Engineering,G.M.Vedak Institute Of Technology Tala Raigad.,Fully Mapped
576.0,31173.0,70.7434834,346024610.0,3460.0,3460,0346024610,Information Technology,Universal College Of Engineering Kaman Dist. Palghar,Fully Mapped
577.0,32327.0,69.7521771,346092110.0,3460.0,3460,0346092110,Artificial Intelligence and Machine Learning,Universal College Of Engineering Kaman Dist. Palghar,Fully Mapped
578.0,39740.0,63.5337786,346092410.0,3460.0,3460,0346092410,Data Engineering,Universal College Of Engineering Kaman Dist. Palghar,Fully Mapped
579.0,27727.0,73.7173337,346024510.0,3460.0,3460,0346024510,Computer Engineering,Universal College Of Engineering Kaman Dist. Palghar,Fully Mapped
580.0,75677.0,30.3053358,346224510.0,3462.0,3462,0346224510,Computer Engineering,Vpm S Maharshi Parshuram College Of Engineering Velneshwar Ratnagiri.,Fully Mapped
581.0,188973.0,1.5201824,346229310.0,3462.0,3462,0346229310,Electrical Engineering,Vpm S Maharshi Parshuram College Of Engineering Velneshwar Ratnagiri.,Fully Mapped
582.0,80773.0,23.3384091,346284410.0,3462.0,3462,0346284410,Electronics and Computer Engineering,Vpm S Maharshi Parshuram College Of Engineering Velneshwar Ratnagiri.,Fully Mapped
583.0,27824.0,73.6143868,346524210.0,3465.0,3465,0346524210,Computer Science and Engineering,Ideal Institute Of Technology Wada Dist.Thane,Fully Mapped
584.0,104486.0,83.6467428,346529310.0,3465.0,3465,0346529310,Electrical Engineering,Ideal Institute Of Technology Wada Dist.Thane,Fully Mapped
585.0,140613.0,57.3310702,346561210.0,3465.0,3465,0346561210,Mechanical Engineering,Ideal Institute Of Technology Wada Dist.Thane,Fully Mapped
586.0,175374.0,22.974757,346519110.0,3465.0,3465,0346519110,Civil Engineering,Ideal Institute Of Technology Wada Dist.Thane,Fully Mapped
587.0,54919.0,50.8208297,346537210.0,3465.0,3465,0346537210,Electronics and Telecommunication Engg,Ideal Institute Of Technology Wada Dist.Thane,Fully Mapped
588.0,186262.0,6.7863525,346729310.0,3467.0,3467,0346729310,Electrical Engineering,Vishwaniketan S Institute Of Management Entrepreneurship And Engineering Technology(I Meet) Khalapur Dist Raigad,Fully Mapped
589.0,121101.0,71.7682877,346761210.0,3467.0,3467,0346761210,Mechanical Engineering,Vishwaniketan S Institute Of Management Entrepreneurship And Engineering Technology(I Meet) Khalapur Dist Raigad,Fully Mapped
590.0,77344.0,27.9984424,346737210.0,3467.0,3467,0346737210,Electronics and Telecommunication Engg,Vishwaniketan S Institute Of Management Entrepreneurship And Engineering Technology(I Meet) Khalapur Dist Raigad,Fully Mapped
591.0,52765.0,52.6966136,346791110.0,3467.0,3467,0346791110,Computer Science and Engineering(Artificial Intelligence and Machine Learning),Vishwaniketan S Institute Of Management Entrepreneurship And Engineering Technology(I Meet) Khalapur Dist Raigad,Fully Mapped
592.0,23031.0,77.7755664,346724510.0,3467.0,3467,0346724510,Computer Engineering,Vishwaniketan S Institute Of Management Entrepreneurship And Engineering Technology(I Meet) Khalapur Dist Raigad,Fully Mapped
593.0,20422.0,80.201963,347024210.0,3470.0,3470,0347024210,Computer Science and Engineering,Yashwantrao Bhonsale Institute Of Technology,Fully Mapped
594.0,67330.0,39.4204787,347024510.0,3470.0,3470,0347024510,Computer Engineering,Yashwantrao Bhonsale Institute Of Technology,Fully Mapped
595.0,173673.0,25.5139718,347029310.0,3470.0,3470,0347029310,Electrical Engineering,Yashwantrao Bhonsale Institute Of Technology,Fully Mapped
596.0,173847.0,25.0606208,347061210.0,3470.0,3470,0347061210,Mechanical Engineering,Yashwantrao Bhonsale Institute Of Technology,Fully Mapped
597.0,33585.0,68.6174754,347125710.0,3471.0,3471,0347125710,Computer Science and Design,New Horizon Institute Of Technology Management Thane,Fully Mapped
598.0,64508.0,42.2324016,347161210.0,3471.0,3471,0347161210,Mechanical Engineering,New Horizon Institute Of Technology Management Thane,Fully Mapped
599.0,161409.0,38.8849565,347119110.0,3471.0,3471,0347119110,Civil Engineering,New Horizon Institute Of Technology Management Thane,Fully Mapped
600.0,27023.0,74.2031381,347124510.0,3471.0,3471,0347124510,Computer Engineering,New Horizon Institute Of Technology Management Thane,Fully Mapped
601.0,28441.0,72.9696541,347199510.0,3471.0,3471,0347199510,Artificial Intelligence and Data Science,New Horizon Institute Of Technology Management Thane,Fully Mapped
602.0,66969.0,39.7199436,347162410.0,3471.0,3471,0347162410,Mechatronics Engineering,New Horizon Institute Of Technology Management Thane,Fully Mapped
603.0,49978.0,55.0466064,347519110.0,3475.0,3475,0347519110,Civil Engineering,A. P. Shah Institute Of Technology Thane,Fully Mapped
604.0,16484.0,83.6471647,347524510.0,3475.0,3475,0347524510,Computer Engineering,A. P. Shah Institute Of Technology Thane,Fully Mapped
605.0,20591.0,80.0165591,347524610.0,3475.0,3475,0347524610,Information Technology,A. P. Shah Institute Of Technology Thane,Fully Mapped
606.0,18119.0,82.2058537,347591110.0,3475.0,3475,0347591110,Computer Science and Engineering(Artificial Intelligence and Machine Learning),A. P. Shah Institute Of Technology Thane,Fully Mapped
607.0,28790.0,72.7256174,347561210.0,3475.0,3475,0347561210,Mechanical Engineering,A. P. Shah Institute Of Technology Thane,Fully Mapped
608.0,20199.0,80.3777053,347591210.0,3475.0,3475,0347591210,Computer Science and Engineering(Data Science),A. P. Shah Institute Of Technology Thane,Fully Mapped
609.0,184289.0,10.2692323,347761210.0,3477.0,3477,0347761210,Mechanical Engineering,Chhartrapati Shivaji Maharaj Institute Of Technology Shedung Panvel,Fully Mapped
610.0,34026.0,68.2394281,347724510.0,3477.0,3477,0347724510,Computer Engineering,Chhartrapati Shivaji Maharaj Institute Of Technology Shedung Panvel,Fully Mapped
611.0,51771.0,53.4068257,350326310.0,3503.0,3503,0350326310,Artificial Intelligence (AI) and Data Science,Indala College Of Engineering Bapsai Tal.Kalyan,Fully Mapped
612.0,52326.0,52.9946164,350324610.0,3503.0,3503,0350324610,Information Technology,Indala College Of Engineering Bapsai Tal.Kalyan,Fully Mapped
613.0,43788.0,60.1566683,350324510.0,3503.0,3503,0350324510,Computer Engineering,Indala College Of Engineering Bapsai Tal.Kalyan,Fully Mapped
614.0,61769.0,44.5556551,354691110.0,3546.0,3546,0354691110,Computer Science and Engineering(Artificial Intelligence and Machine Learning),Devi Mahalaxmi College Of Engineering And Technology,Fully Mapped
615.0,73536.0,32.7021369,354661210.0,3546.0,3546,0354661210,Mechanical Engineering,Devi Mahalaxmi College Of Engineering And Technology,Fully Mapped
616.0,60378.0,45.8118701,354624510.0,3546.0,3546,0354624510,Computer Engineering,Devi Mahalaxmi College Of Engineering And Technology,Fully Mapped
617.0,79651.0,24.8312223,410461210.0,4104.0,4104,0410461210,Mechanical Engineering,Kavi Kulguru Institute Of Technology Science Ramtek,Fully Mapped
618.0,54848.0,50.8208297,410437010.0,4104.0,4104,0410437010,Electronics and Communication Engineering,Kavi Kulguru Institute Of Technology Science Ramtek,Fully Mapped
619.0,48473.0,56.2873843,410424610.0,4104.0,4104,0410424610,Information Technology,Kavi Kulguru Institute Of Technology Science Ramtek,Fully Mapped
620.0,89607.0,5.4813318,410419110.0,4104.0,4104,0410419110,Civil Engineering,Kavi Kulguru Institute Of Technology Science Ramtek,Fully Mapped
621.0,72218.0,34.3450426,410429310.0,4104.0,4104,0410429310,Electrical Engineering,Kavi Kulguru Institute Of Technology Science Ramtek,Fully Mapped
622.0,47861.0,56.8895744,410425110.0,4104.0,4104,0410425110,Computer Technology,Kavi Kulguru Institute Of Technology Science Ramtek,Fully Mapped
623.0,29860.0,71.8367839,411629310.0,4116.0,4116,0411629310,Electrical Engineering,Ankush Shikshan Sanstha S G.H.Raisoni College Of Engineering Nagpur,Fully Mapped
624.0,40376.0,62.8786263,411661210.0,4116.0,4116,0411661210,Mechanical Engineering,Ankush Shikshan Sanstha S G.H.Raisoni College Of Engineering Nagpur,Fully Mapped
625.0,45420.0,58.7987235,411619110.0,4116.0,4116,0411619110,Civil Engineering,Ankush Shikshan Sanstha S G.H.Raisoni College Of Engineering Nagpur,Fully Mapped
626.0,20571.0,80.025619,411637210.0,4116.0,4116,0411637210,Electronics and Telecommunication Engg,Ankush Shikshan Sanstha S G.H.Raisoni College Of Engineering Nagpur,Fully Mapped
627.0,19235.0,81.1580882,411691710.0,4116.0,4116,0411691710,Data Science,Ankush Shikshan Sanstha S G.H.Raisoni College Of Engineering Nagpur,Fully Mapped
628.0,18264.0,82.038844,411626010.0,4116.0,4116,0411626010,Computer Science and Engineering (Cyber Security),Ankush Shikshan Sanstha S G.H.Raisoni College Of Engineering Nagpur,Fully Mapped
629.0,18930.0,81.4533784,411699710.0,4116.0,4116,0411699710,Artificial Intelligence,Ankush Shikshan Sanstha S G.H.Raisoni College Of Engineering Nagpur,Fully Mapped
630.0,18679.0,81.6857523,411624610.0,4116.0,4116,0411624610,Information Technology,Ankush Shikshan Sanstha S G.H.Raisoni College Of Engineering Nagpur,Fully Mapped
631.0,31934.0,70.1399487,411637610.0,4116.0,4116,0411637610,Electronics Engineering,Ankush Shikshan Sanstha S G.H.Raisoni College Of Engineering Nagpur,Fully Mapped
632.0,20126.0,80.3927437,411626710.0,4116.0,4116,0411626710,Computer Science and Engineering (IoT),Ankush Shikshan Sanstha S G.H.Raisoni College Of Engineering Nagpur,Fully Mapped
633.0,13681.0,86.2249254,411691310.0,4116.0,4116,0411691310,Computer Science and Engineering (Artificial Intelligence),Ankush Shikshan Sanstha S G.H.Raisoni College Of Engineering Nagpur,Fully Mapped
634.0,10942.0,88.770852,411624210.0,4116.0,4116,0411624210,Computer Science and Engineering,Ankush Shikshan Sanstha S G.H.Raisoni College Of Engineering Nagpur,Fully Mapped
635.0,16400.0,83.6968283,411691110.0,4116.0,4116,0411691110,Computer Science and Engineering(Artificial Intelligence and Machine Learning),Ankush Shikshan Sanstha S G.H.Raisoni College Of Engineering Nagpur,Fully Mapped
636.0,74278.0,31.7534969,411824510.0,4118.0,4118,0411824510,Computer Engineering,Bapurao Deshmukh College Of Engineering Sevagram,Fully Mapped
637.0,172036.0,27.4155342,411829310.0,4118.0,4118,0411829310,Electrical Engineering,Bapurao Deshmukh College Of Engineering Sevagram,Fully Mapped
638.0,79980.0,24.2419994,411837210.0,4118.0,4118,0411837210,Electronics and Telecommunication Engg,Bapurao Deshmukh College Of Engineering Sevagram,Fully Mapped
639.0,184026.0,10.8656299,411819110.0,4118.0,4118,0411819110,Civil Engineering,Bapurao Deshmukh College Of Engineering Sevagram,Fully Mapped
640.0,42998.0,60.9699146,412329310.0,4123.0,4123,0412329310,Electrical Engineering,Lokmanya Tilak Jankalyan Shikshan Sanstha Priyadarshani College Of Engineering Nagpur,Fully Mapped
641.0,33983.0,68.3128033,412337010.0,4123.0,4123,0412337010,Electronics and Communication Engineering,Lokmanya Tilak Jankalyan Shikshan Sanstha Priyadarshani College Of Engineering Nagpur,Fully Mapped
642.0,47833.0,56.8895744,412361210.0,4123.0,4123,0412361210,Mechanical Engineering,Lokmanya Tilak Jankalyan Shikshan Sanstha Priyadarshani College Of Engineering Nagpur,Fully Mapped
643.0,21775.0,78.9149832,412324610.0,4123.0,4123,0412324610,Information Technology,Lokmanya Tilak Jankalyan Shikshan Sanstha Priyadarshani College Of Engineering Nagpur,Fully Mapped
644.0,34021.0,68.2394281,412326510.0,4123.0,4123,0412326510,Industrial IoT,Lokmanya Tilak Jankalyan Shikshan Sanstha Priyadarshani College Of Engineering Nagpur,Fully Mapped
645.0,50680.0,54.4576426,412319110.0,4123.0,4123,0412319110,Civil Engineering,Lokmanya Tilak Jankalyan Shikshan Sanstha Priyadarshani College Of Engineering Nagpur,Fully Mapped
646.0,27698.0,73.7173337,412337210.0,4123.0,4123,0412337210,Electronics and Telecommunication Engg,Lokmanya Tilak Jankalyan Shikshan Sanstha Priyadarshani College Of Engineering Nagpur,Fully Mapped
647.0,25016.0,75.9911294,412326610.0,4123.0,4123,0412326610,Robotics and Artificial Intelligence,Lokmanya Tilak Jankalyan Shikshan Sanstha Priyadarshani College Of Engineering Nagpur,Fully Mapped
648.0,17753.0,82.5370258,412324210.0,4123.0,4123,0412324210,Computer Science and Engineering,Lokmanya Tilak Jankalyan Shikshan Sanstha Priyadarshani College Of Engineering Nagpur,Fully Mapped
649.0,9084.0,90.8009996,412308210.0,4123.0,4123,0412308210,Bio Technology,Lokmanya Tilak Jankalyan Shikshan Sanstha Priyadarshani College Of Engineering Nagpur,Fully Mapped
650.0,19593.0,80.9001683,412300210.0,4123.0,4123,0412300210,Aeronautical Engineering,Lokmanya Tilak Jankalyan Shikshan Sanstha Priyadarshani College Of Engineering Nagpur,Fully Mapped
651.0,23106.0,77.7169206,412325110.0,4123.0,4123,0412325110,Computer Technology,Lokmanya Tilak Jankalyan Shikshan Sanstha Priyadarshani College Of Engineering Nagpur,Fully Mapped
652.0,37405.0,65.280942,412350710.0,4123.0,4123,0412350710,Chemical Engineering,Lokmanya Tilak Jankalyan Shikshan Sanstha Priyadarshani College Of Engineering Nagpur,Fully Mapped
653.0,20504.0,80.0308535,412399510.0,4123.0,4123,0412399510,Artificial Intelligence and Data Science,Lokmanya Tilak Jankalyan Shikshan Sanstha Priyadarshani College Of Engineering Nagpur,Fully Mapped
654.0,51363.0,53.7750944,413324210.0,4133.0,4133,0413324210,Computer Science and Engineering,Sanmarg Shikshan Sanstha S Smt. Radhikatai Pandav College Of Engineering Nagpur,Fully Mapped
655.0,155516.0,44.5064233,413329310.0,4133.0,4133,0413329310,Electrical Engineering,Sanmarg Shikshan Sanstha S Smt. Radhikatai Pandav College Of Engineering Nagpur,Fully Mapped
656.0,80996.0,23.0331736,413337210.0,4133.0,4133,0413337210,Electronics and Telecommunication Engg,Sanmarg Shikshan Sanstha S Smt. Radhikatai Pandav College Of Engineering Nagpur,Fully Mapped
657.0,67398.0,39.3456878,413324510.0,4133.0,4133,0413324510,Computer Engineering,Sanmarg Shikshan Sanstha S Smt. Radhikatai Pandav College Of Engineering Nagpur,Fully Mapped
658.0,189425.0,0.3403592,413319110.0,4133.0,4133,0413319110,Civil Engineering,Sanmarg Shikshan Sanstha S Smt. Radhikatai Pandav College Of Engineering Nagpur,Fully Mapped
659.0,189164.0,1.0596742,413361210.0,4133.0,4133,0413361210,Mechanical Engineering,Sanmarg Shikshan Sanstha S Smt. Radhikatai Pandav College Of Engineering Nagpur,Fully Mapped
660.0,70061.0,36.4386792,413437210.0,4134.0,4134,0413437210,Electronics and Telecommunication Engg,Guru Nanak Institute Of Engineering Technology Kalmeshwar Nagpur,Fully Mapped
661.0,62981.0,43.5428977,413491210.0,4134.0,4134,0413491210,Computer Science and Engineering(Data Science),Guru Nanak Institute Of Engineering Technology Kalmeshwar Nagpur,Fully Mapped
662.0,164465.0,35.6703287,413429310.0,4134.0,4134,0413429310,Electrical Engineering,Guru Nanak Institute Of Engineering Technology Kalmeshwar Nagpur,Fully Mapped
663.0,57861.0,48.1018012,413499710.0,4134.0,4134,0413499710,Artificial Intelligence,Guru Nanak Institute Of Engineering Technology Kalmeshwar Nagpur,Fully Mapped
664.0,55116.0,50.5898108,413424610.0,4134.0,4134,0413424610,Information Technology,Guru Nanak Institute Of Engineering Technology Kalmeshwar Nagpur,Fully Mapped
665.0,34946.0,67.470831,413424210.0,4134.0,4134,0413424210,Computer Science and Engineering,Guru Nanak Institute Of Engineering Technology Kalmeshwar Nagpur,Fully Mapped
666.0,54274.0,51.2103001,413524210.0,4135.0,4135,0413524210,Computer Science and Engineering,Amar Seva Mandal S Shree Govindrao Vanjari College Of Engineering Technology Nagpur,Fully Mapped
667.0,61846.0,44.5556551,413524610.0,4135.0,4135,0413524610,Information Technology,Amar Seva Mandal S Shree Govindrao Vanjari College Of Engineering Technology Nagpur,Fully Mapped
668.0,166343.0,34.1954023,413529310.0,4135.0,4135,0413529310,Electrical Engineering,Amar Seva Mandal S Shree Govindrao Vanjari College Of Engineering Technology Nagpur,Fully Mapped
669.0,74897.0,30.9483531,413537210.0,4135.0,4135,0413537210,Electronics and Telecommunication Engg,Amar Seva Mandal S Shree Govindrao Vanjari College Of Engineering Technology Nagpur,Fully Mapped
670.0,183720.0,11.4128678,413561210.0,4135.0,4135,0413561210,Mechanical Engineering,Amar Seva Mandal S Shree Govindrao Vanjari College Of Engineering Technology Nagpur,Fully Mapped
671.0,185057.0,8.946165,413519110.0,4135.0,4135,0413519110,Civil Engineering,Amar Seva Mandal S Shree Govindrao Vanjari College Of Engineering Technology Nagpur,Fully Mapped
672.0,46806.0,57.7205882,413629310.0,4136.0,4136,0413629310,Electrical Engineering,Lokmanya Tilak Jankalyan Shikshan Sastha Priyadarshini J. L. College Of Engineering Nagpur,Fully Mapped
673.0,51513.0,53.5662784,413619110.0,4136.0,4136,0413619110,Civil Engineering,Lokmanya Tilak Jankalyan Shikshan Sastha Priyadarshini J. L. College Of Engineering Nagpur,Fully Mapped
674.0,33661.0,68.6174754,413637210.0,4136.0,4136,0413637210,Electronics and Telecommunication Engg,Lokmanya Tilak Jankalyan Shikshan Sastha Priyadarshini J. L. College Of Engineering Nagpur,Fully Mapped
675.0,23445.0,77.4599403,413699710.0,4136.0,4136,0413699710,Artificial Intelligence,Lokmanya Tilak Jankalyan Shikshan Sastha Priyadarshini J. L. College Of Engineering Nagpur,Fully Mapped
676.0,20163.0,80.3777053,413624210.0,4136.0,4136,0413624210,Computer Science and Engineering,Lokmanya Tilak Jankalyan Shikshan Sastha Priyadarshini J. L. College Of Engineering Nagpur,Fully Mapped
677.0,37043.0,65.7022258,413729310.0,4137.0,4137,0413729310,Electrical Engineering,Sir Shantilal Badjate Charitable Trust S S. B. Jain Institute Of Technology Management Research Nagpur,Fully Mapped
678.0,25939.0,75.1739746,413724210.0,4137.0,4137,0413724210,Computer Science and Engineering,Sir Shantilal Badjate Charitable Trust S S. B. Jain Institute Of Technology Management Research Nagpur,Fully Mapped
679.0,28068.0,73.3320946,413791210.0,4137.0,4137,0413791210,Computer Science and Engineering(Data Science),Sir Shantilal Badjate Charitable Trust S S. B. Jain Institute Of Technology Management Research Nagpur,Fully Mapped
680.0,27821.0,73.6143868,413791110.0,4137.0,4137,0413791110,Computer Science and Engineering(Artificial Intelligence and Machine Learning),Sir Shantilal Badjate Charitable Trust S S. B. Jain Institute Of Technology Management Research Nagpur,Fully Mapped
681.0,34880.0,67.5012775,413737210.0,4137.0,4137,0413737210,Electronics and Telecommunication Engg,Sir Shantilal Badjate Charitable Trust S S. B. Jain Institute Of Technology Management Research Nagpur,Fully Mapped
682.0,42076.0,61.6108161,413761210.0,4137.0,4137,0413761210,Mechanical Engineering,Sir Shantilal Badjate Charitable Trust S S. B. Jain Institute Of Technology Management Research Nagpur,Fully Mapped
683.0,46567.0,57.8069025,413829310.0,4138.0,4138,0413829310,Electrical Engineering,Jaidev Education Society J D College Of Engineering And Management Nagpur,Fully Mapped
684.0,64652.0,42.0665339,413819110.0,4138.0,4138,0413819110,Civil Engineering,Jaidev Education Society J D College Of Engineering And Management Nagpur,Fully Mapped
685.0,27080.0,74.1650661,413824210.0,4138.0,4138,0413824210,Computer Science and Engineering,Jaidev Education Society J D College Of Engineering And Management Nagpur,Fully Mapped
686.0,43578.0,60.2808884,413891210.0,4138.0,4138,0413891210,Computer Science and Engineering(Data Science),Jaidev Education Society J D College Of Engineering And Management Nagpur,Fully Mapped
687.0,42760.0,61.021199,413837210.0,4138.0,4138,0413837210,Electronics and Telecommunication Engg,Jaidev Education Society J D College Of Engineering And Management Nagpur,Fully Mapped
688.0,67613.0,39.1527671,413861210.0,4138.0,4138,0413861210,Mechanical Engineering,Jaidev Education Society J D College Of Engineering And Management Nagpur,Fully Mapped
689.0,39797.0,63.4720353,413824610.0,4138.0,4138,0413824610,Information Technology,Jaidev Education Society J D College Of Engineering And Management Nagpur,Fully Mapped
690.0,37685.0,65.2090332,413899710.0,4138.0,4138,0413899710,Artificial Intelligence,Jaidev Education Society J D College Of Engineering And Management Nagpur,Fully Mapped
691.0,47772.0,56.8895744,413984410.0,4139.0,4139,0413984410,Electronics and Computer Engineering,Samridhi Sarwajanik Charitable Trust Jhulelal Institute Of Technology Nagpur,Fully Mapped
692.0,57628.0,48.292859,413961210.0,4139.0,4139,0413961210,Mechanical Engineering,Samridhi Sarwajanik Charitable Trust Jhulelal Institute Of Technology Nagpur,Fully Mapped
693.0,36845.0,65.8025383,413924210.0,4139.0,4139,0413924210,Computer Science and Engineering,Samridhi Sarwajanik Charitable Trust Jhulelal Institute Of Technology Nagpur,Fully Mapped
694.0,43284.0,60.5916673,413991110.0,4139.0,4139,0413991110,Computer Science and Engineering(Artificial Intelligence and Machine Learning),Samridhi Sarwajanik Charitable Trust Jhulelal Institute Of Technology Nagpur,Fully Mapped
695.0,48717.0,56.0687777,413992810.0,4139.0,4139,0413992810,Electronics and Communication(Advanced Communication Technology),Samridhi Sarwajanik Charitable Trust Jhulelal Institute Of Technology Nagpur,Fully Mapped
696.0,53125.0,52.1845339,413929310.0,4139.0,4139,0413929310,Electrical Engineering,Samridhi Sarwajanik Charitable Trust Jhulelal Institute Of Technology Nagpur,Fully Mapped
697.0,188235.0,3.0676127,414124510.0,4141.0,4141,0414124510,Computer Engineering,Shriram Gram Vikas Shikshan Sanstha Vilasrao Deshmukh College Of Engineering And Technology Nagpur,Fully Mapped
698.0,77756.0,27.2136862,414199510.0,4141.0,4141,0414199510,Artificial Intelligence and Data Science,Shriram Gram Vikas Shikshan Sanstha Vilasrao Deshmukh College Of Engineering And Technology Nagpur,Fully Mapped
699.0,20400.0,80.2235814,414291010.0,4142.0,4142,0414291010,Computer Science and Engineering(Cyber Security),G H Raisoni College Of Engineering Management Nagpur,Fully Mapped
700.0,37758.0,65.0561876,414219110.0,4142.0,4142,0414219110,Civil Engineering,G H Raisoni College Of Engineering Management Nagpur,Fully Mapped
701.0,21707.0,78.9227248,414291710.0,4142.0,4142,0414291710,Data Science,G H Raisoni College Of Engineering Management Nagpur,Fully Mapped
702.0,14365.0,85.5871602,414224610.0,4142.0,4142,0414224610,Information Technology,G H Raisoni College Of Engineering Management Nagpur,Fully Mapped
703.0,22921.0,77.8322522,414237210.0,4142.0,4142,0414237210,Electronics and Telecommunication Engg,G H Raisoni College Of Engineering Management Nagpur,Fully Mapped
704.0,11216.0,88.4984729,414224210.0,4142.0,4142,0414224210,Computer Science and Engineering,G H Raisoni College Of Engineering Management Nagpur,Fully Mapped
705.0,41150.0,62.3601588,414261210.0,4142.0,4142,0414261210,Mechanical Engineering,G H Raisoni College Of Engineering Management Nagpur,Fully Mapped
706.0,21889.0,78.7607666,414299710.0,4142.0,4142,0414299710,Artificial Intelligence,G H Raisoni College Of Engineering Management Nagpur,Fully Mapped
707.0,28501.0,72.908636,414229310.0,4142.0,4142,0414229310,Electrical Engineering,G H Raisoni College Of Engineering Management Nagpur,Fully Mapped
708.0,155420.0,44.8929536,414324510.0,4143.0,4143,0414324510,Computer Engineering,Sanmarg Shikshan Sanstha Mandukarrao Pandav College Of Engineering Bhandara,Fully Mapped
709.0,128489.0,66.8404462,414319110.0,4143.0,4143,0414319110,Civil Engineering,Sanmarg Shikshan Sanstha Mandukarrao Pandav College Of Engineering Bhandara,Fully Mapped
710.0,49779.0,55.1090064,414424210.0,4144.0,4144,0414424210,Computer Science and Engineering,Shri. Sai Shikshan Sanstha Nagpur Institute Of Technology Nagpur,Fully Mapped
711.0,85468.0,15.398999,414429310.0,4144.0,4144,0414429310,Electrical Engineering,Shri. Sai Shikshan Sanstha Nagpur Institute Of Technology Nagpur,Fully Mapped
712.0,56193.0,49.4522425,414424610.0,4144.0,4144,0414424610,Information Technology,Shri. Sai Shikshan Sanstha Nagpur Institute Of Technology Nagpur,Fully Mapped
713.0,86613.0,13.2515047,414461210.0,4144.0,4144,0414461210,Mechanical Engineering,Shri. Sai Shikshan Sanstha Nagpur Institute Of Technology Nagpur,Fully Mapped
714.0,174011.0,24.7657909,414419110.0,4144.0,4144,0414419110,Civil Engineering,Shri. Sai Shikshan Sanstha Nagpur Institute Of Technology Nagpur,Fully Mapped
715.0,169848.0,29.6395567,414519110.0,4145.0,4145,0414519110,Civil Engineering,Wainganga College Of Engineering And Management Dongargaon Nagpur,Fully Mapped
716.0,53096.0,52.1845339,414599510.0,4145.0,4145,0414599510,Artificial Intelligence and Data Science,Wainganga College Of Engineering And Management Dongargaon Nagpur,Fully Mapped
717.0,88464.0,8.8095594,414561210.0,4145.0,4145,0414561210,Mechanical Engineering,Wainganga College Of Engineering And Management Dongargaon Nagpur,Fully Mapped
718.0,54900.0,50.8208297,414537210.0,4145.0,4145,0414537210,Electronics and Telecommunication Engg,Wainganga College Of Engineering And Management Dongargaon Nagpur,Fully Mapped
719.0,51027.0,54.2004802,414524210.0,4145.0,4145,0414524210,Computer Science and Engineering,Wainganga College Of Engineering And Management Dongargaon Nagpur,Fully Mapped
720.0,77549.0,27.8601519,414529310.0,4145.0,4145,0414529310,Electrical Engineering,Wainganga College Of Engineering And Management Dongargaon Nagpur,Fully Mapped
721.0,60206.0,46.0832398,414719110.0,4147.0,4147,0414719110,Civil Engineering,K.D.K. College Of Engineering Nagpur,Fully Mapped
722.0,36030.0,66.5773877,414724610.0,4147.0,4147,0414724610,Information Technology,K.D.K. College Of Engineering Nagpur,Fully Mapped
723.0,57377.0,48.5852903,414729310.0,4147.0,4147,0414729310,Electrical Engineering,K.D.K. College Of Engineering Nagpur,Fully Mapped
724.0,55724.0,49.8710905,414761210.0,4147.0,4147,0414761210,Mechanical Engineering,K.D.K. College Of Engineering Nagpur,Fully Mapped
725.0,31949.0,70.1399487,414724210.0,4147.0,4147,0414724210,Computer Science and Engineering,K.D.K. College Of Engineering Nagpur,Fully Mapped
726.0,39898.0,63.3987981,414799510.0,4147.0,4147,0414799510,Artificial Intelligence and Data Science,K.D.K. College Of Engineering Nagpur,Fully Mapped
727.0,44405.0,59.7739944,414737210.0,4147.0,4147,0414737210,Electronics and Telecommunication Engg,K.D.K. College Of Engineering Nagpur,Fully Mapped
728.0,78765.0,25.7694988,415161210.0,4151.0,4151,0415161210,Mechanical Engineering,Tulsiramji Gaikwad Patil College Of Engineering Technology Nagpur,Fully Mapped
729.0,74014.0,32.0057037,415129310.0,4151.0,4151,0415129310,Electrical Engineering,Tulsiramji Gaikwad Patil College Of Engineering Technology Nagpur,Fully Mapped
730.0,60104.0,46.1308076,415192110.0,4151.0,4151,0415192110,Artificial Intelligence and Machine Learning,Tulsiramji Gaikwad Patil College Of Engineering Technology Nagpur,Fully Mapped
731.0,80074.0,24.2039028,415119110.0,4151.0,4151,0415119110,Civil Engineering,Tulsiramji Gaikwad Patil College Of Engineering Technology Nagpur,Fully Mapped
732.0,58027.0,48.0088741,415191210.0,4151.0,4151,0415191210,Computer Science and Engineering(Data Science),Tulsiramji Gaikwad Patil College Of Engineering Technology Nagpur,Fully Mapped
733.0,68316.0,38.1695803,415137010.0,4151.0,4151,0415137010,Electronics and Communication Engineering,Tulsiramji Gaikwad Patil College Of Engineering Technology Nagpur,Fully Mapped
734.0,25034.0,76.9338484,415108210.0,4151.0,4151,0415108210,Bio Technology,Tulsiramji Gaikwad Patil College Of Engineering Technology Nagpur,Fully Mapped
735.0,45610.0,58.6610048,415100210.0,4151.0,4151,0415100210,Aeronautical Engineering,Tulsiramji Gaikwad Patil College Of Engineering Technology Nagpur,Fully Mapped
736.0,43046.0,60.8949481,415124210.0,4151.0,4151,0415124210,Computer Science and Engineering,Tulsiramji Gaikwad Patil College Of Engineering Technology Nagpur,Fully Mapped
737.0,48826.0,56.0063988,415124610.0,4151.0,4151,0415124610,Information Technology,Tulsiramji Gaikwad Patil College Of Engineering Technology Nagpur,Fully Mapped
738.0,25962.0,76.1582002,415108210.0,4151.0,4151,0415108210,Bio Technology,Tulsiramji Gaikwad Patil College Of Engineering Technology Nagpur,Fully Mapped
739.0,70350.0,36.131373,416337010.0,4163.0,4163,0416337010,Electronics and Communication Engineering,Rajiv Gandhi College Of Engineering Research Technology Chandrapur,Fully Mapped
740.0,46826.0,57.7205882,416324210.0,4163.0,4163,0416324210,Computer Science and Engineering,Rajiv Gandhi College Of Engineering Research Technology Chandrapur,Fully Mapped
741.0,165372.0,34.805294,416319110.0,4163.0,4163,0416319110,Civil Engineering,Rajiv Gandhi College Of Engineering Research Technology Chandrapur,Fully Mapped
742.0,146176.0,53.517849,416361210.0,4163.0,4163,0416361210,Mechanical Engineering,Rajiv Gandhi College Of Engineering Research Technology Chandrapur,Fully Mapped
743.0,65725.0,40.8865248,416370110.0,4163.0,4163,0416370110,Mining Engineering,Rajiv Gandhi College Of Engineering Research Technology Chandrapur,Fully Mapped
744.0,76892.0,28.4639143,416329310.0,4163.0,4163,0416329310,Electrical Engineering,Rajiv Gandhi College Of Engineering Research Technology Chandrapur,Fully Mapped
745.0,56680.0,49.2543008,416391210.0,4163.0,4163,0416391210,Computer Science and Engineering(Data Science),Rajiv Gandhi College Of Engineering Research Technology Chandrapur,Fully Mapped
746.0,11058.0,88.648279,416791110.0,4167.0,4167,0416791110,Computer Science and Engineering(Artificial Intelligence and Machine Learning),Yeshwantrao Chavan College Of Engineering Wanadongri Nagpur,Fully Mapped
747.0,18103.0,82.2058537,416725710.0,4167.0,4167,0416725710,Computer Science and Design,Yeshwantrao Chavan College Of Engineering Wanadongri Nagpur,Fully Mapped
748.0,35934.0,66.6376422,416735610.0,4167.0,4167,0416735610,Electrical Engg[Electronics and Power],Yeshwantrao Chavan College Of Engineering Wanadongri Nagpur,Fully Mapped
749.0,20796.0,79.7597457,416737210.0,4167.0,4167,0416737210,Electronics and Telecommunication Engg,Yeshwantrao Chavan College Of Engineering Wanadongri Nagpur,Fully Mapped
750.0,16097.0,83.9824953,416799510.0,4167.0,4167,0416799510,Artificial Intelligence and Data Science,Yeshwantrao Chavan College Of Engineering Wanadongri Nagpur,Fully Mapped
751.0,16495.0,83.6440646,416726710.0,4167.0,4167,0416726710,Computer Science and Engineering (IoT),Yeshwantrao Chavan College Of Engineering Wanadongri Nagpur,Fully Mapped
752.0,9405.0,90.1760513,416724210.0,4167.0,4167,0416724210,Computer Science and Engineering,Yeshwantrao Chavan College Of Engineering Wanadongri Nagpur,Fully Mapped
753.0,17199.0,82.971086,416725110.0,4167.0,4167,0416725110,Computer Technology,Yeshwantrao Chavan College Of Engineering Wanadongri Nagpur,Fully Mapped
754.0,42920.0,60.9834559,416719110.0,4167.0,4167,0416719110,Civil Engineering,Yeshwantrao Chavan College Of Engineering Wanadongri Nagpur,Fully Mapped
755.0,37912.0,65.0225298,416761210.0,4167.0,4167,0416761210,Mechanical Engineering,Yeshwantrao Chavan College Of Engineering Wanadongri Nagpur,Fully Mapped
756.0,31269.0,70.5982353,416737810.0,4167.0,4167,0416737810,Electronics Engineering ( VLSI Design and Technology),Yeshwantrao Chavan College Of Engineering Wanadongri Nagpur,Fully Mapped
757.0,28941.0,72.6133542,416737610.0,4167.0,4167,0416737610,Electronics Engineering,Yeshwantrao Chavan College Of Engineering Wanadongri Nagpur,Fully Mapped
758.0,16085.0,84.004736,416724610.0,4167.0,4167,0416724610,Information Technology,Yeshwantrao Chavan College Of Engineering Wanadongri Nagpur,Fully Mapped
759.0,33445.0,68.7472982,417226310.0,4172.0,4172,0417226310,Artificial Intelligence (AI) and Data Science,Anjuman College Of Engineering Technology Nagpur,Fully Mapped
760.0,35127.0,67.296186,417224210.0,4172.0,4172,0417224210,Computer Science and Engineering,Anjuman College Of Engineering Technology Nagpur,Fully Mapped
761.0,71726.0,34.7059173,417261210.0,4172.0,4172,0417261210,Mechanical Engineering,Anjuman College Of Engineering Technology Nagpur,Fully Mapped
762.0,70346.0,36.131373,417229310.0,4172.0,4172,0417229310,Electrical Engineering,Anjuman College Of Engineering Technology Nagpur,Fully Mapped
763.0,44322.0,59.8276777,417237210.0,4172.0,4172,0417237210,Electronics and Telecommunication Engg,Anjuman College Of Engineering Technology Nagpur,Fully Mapped
764.0,74406.0,31.6061014,417219110.0,4172.0,4172,0417219110,Civil Engineering,Anjuman College Of Engineering Technology Nagpur,Fully Mapped
765.0,21770.0,78.9149832,417437210.0,4174.0,4174,0417437210,Electronics and Telecommunication Engg,St. Vincent Pallotti College Of Engineering Technology Nagpur,Fully Mapped
766.0,21996.0,78.6760812,417426210.0,4174.0,4174,0417426210,Computer Science and Business Systems,St. Vincent Pallotti College Of Engineering Technology Nagpur,Fully Mapped
767.0,36564.0,66.1194727,417426510.0,4174.0,4174,0417426510,Industrial IoT,St. Vincent Pallotti College Of Engineering Technology Nagpur,Fully Mapped
768.0,44298.0,59.8276777,417419110.0,4174.0,4174,0417419110,Civil Engineering,St. Vincent Pallotti College Of Engineering Technology Nagpur,Fully Mapped
769.0,32688.0,69.5118917,417429310.0,4174.0,4174,0417429310,Electrical Engineering,St. Vincent Pallotti College Of Engineering Technology Nagpur,Fully Mapped
770.0,16684.0,83.5374616,417491210.0,4174.0,4174,0417491210,Computer Science and Engineering(Data Science),St. Vincent Pallotti College Of Engineering Technology Nagpur,Fully Mapped
771.0,17064.0,83.0984451,417424610.0,4174.0,4174,0417424610,Information Technology,St. Vincent Pallotti College Of Engineering Technology Nagpur,Fully Mapped
772.0,16283.0,83.8028169,417424510.0,4174.0,4174,0417424510,Computer Engineering,St. Vincent Pallotti College Of Engineering Technology Nagpur,Fully Mapped
773.0,18771.0,81.6427323,417426010.0,4174.0,4174,0417426010,Computer Science and Engineering (Cyber Security),St. Vincent Pallotti College Of Engineering Technology Nagpur,Fully Mapped
774.0,19660.0,80.8264647,417499710.0,4174.0,4174,0417499710,Artificial Intelligence,St. Vincent Pallotti College Of Engineering Technology Nagpur,Fully Mapped
775.0,35205.0,67.1648348,417461210.0,4174.0,4174,0417461210,Mechanical Engineering,St. Vincent Pallotti College Of Engineering Technology Nagpur,Fully Mapped
776.0,61055.0,45.3164723,417524210.0,4175.0,4175,0417524210,Computer Science and Engineering,Jmss Shri Shankarprasad Agnihotri College Of Engineering Wardha,Fully Mapped
777.0,182209.0,13.647753,417561210.0,4175.0,4175,0417561210,Mechanical Engineering,Jmss Shri Shankarprasad Agnihotri College Of Engineering Wardha,Fully Mapped
778.0,170135.0,29.3071786,417537210.0,4175.0,4175,0417537210,Electronics and Telecommunication Engg,Jmss Shri Shankarprasad Agnihotri College Of Engineering Wardha,Fully Mapped
779.0,61976.0,44.2947607,417719110.0,4177.0,4177,0417719110,Civil Engineering,Priyadarshini Bhagwati College Of Engineering Harpur Nagar Umred Road Nagpur,Fully Mapped
780.0,38764.0,64.3362689,417737010.0,4177.0,4177,0417737010,Electronics and Communication Engineering,Priyadarshini Bhagwati College Of Engineering Harpur Nagar Umred Road Nagpur,Fully Mapped
781.0,55642.0,49.9560715,417761210.0,4177.0,4177,0417761210,Mechanical Engineering,Priyadarshini Bhagwati College Of Engineering Harpur Nagar Umred Road Nagpur,Fully Mapped
782.0,18453.0,81.8937208,417724210.0,4177.0,4177,0417724210,Computer Science and Engineering,Priyadarshini Bhagwati College Of Engineering Harpur Nagar Umred Road Nagpur,Fully Mapped
783.0,22802.0,77.9653458,417724610.0,4177.0,4177,0417724610,Information Technology,Priyadarshini Bhagwati College Of Engineering Harpur Nagar Umred Road Nagpur,Fully Mapped
784.0,90630.0,1.6546662,418137210.0,4181.0,4181,0418137210,Electronics and Telecommunication Engg,Swaminarayan Siddhanta Institute Of Technology Nagpur,Fully Mapped
785.0,183335.0,11.7746273,418161210.0,4181.0,4181,0418161210,Mechanical Engineering,Swaminarayan Siddhanta Institute Of Technology Nagpur,Fully Mapped
786.0,176831.0,21.3858708,418124510.0,4181.0,4181,0418124510,Computer Engineering,Swaminarayan Siddhanta Institute Of Technology Nagpur,Fully Mapped
787.0,185180.0,8.8405987,418119110.0,4181.0,4181,0418119110,Civil Engineering,Swaminarayan Siddhanta Institute Of Technology Nagpur,Fully Mapped
788.0,183867.0,11.047683,418861210.0,4188.0,4188,0418861210,Mechanical Engineering,Krushi Jivan Vikas Pratishthan Ballarpur Institute Of Technology Mouza Bamni,Fully Mapped
789.0,186942.0,5.6508269,418829310.0,4188.0,4188,0418829310,Electrical Engineering,Krushi Jivan Vikas Pratishthan Ballarpur Institute Of Technology Mouza Bamni,Fully Mapped
790.0,88623.0,8.2703088,418824210.0,4188.0,4188,0418824210,Computer Science and Engineering,Krushi Jivan Vikas Pratishthan Ballarpur Institute Of Technology Mouza Bamni,Fully Mapped
791.0,164067.0,36.2134011,418837210.0,4188.0,4188,0418837210,Electronics and Telecommunication Engg,Krushi Jivan Vikas Pratishthan Ballarpur Institute Of Technology Mouza Bamni,Fully Mapped
792.0,188789.0,1.8820002,418819110.0,4188.0,4188,0418819110,Civil Engineering,Krushi Jivan Vikas Pratishthan Ballarpur Institute Of Technology Mouza Bamni,Fully Mapped
793.0,187916.0,3.8658496,418870110.0,4188.0,4188,0418870110,Mining Engineering,Krushi Jivan Vikas Pratishthan Ballarpur Institute Of Technology Mouza Bamni,Fully Mapped
794.0,66951.0,42.5611485,418850310.0,4188.0,4188,0418850310,Food Technology,Krushi Jivan Vikas Pratishthan Ballarpur Institute Of Technology Mouza Bamni,Fully Mapped
795.0,73704.0,36.260019,418850310.0,4188.0,4188,0418850310,Food Technology,Krushi Jivan Vikas Pratishthan Ballarpur Institute Of Technology Mouza Bamni,Fully Mapped
796.0,187692.0,4.1087911,419037010.0,4190.0,4190,0419037010,Electronics and Communication Engineering,M.D. Yergude Memorial Shikshan Prasarak Mandal S Shri Sai College Of Engineering Technology Bhadrawati,Fully Mapped
797.0,88491.0,8.7798489,419029310.0,4190.0,4190,0419029310,Electrical Engineering,M.D. Yergude Memorial Shikshan Prasarak Mandal S Shri Sai College Of Engineering Technology Bhadrawati,Fully Mapped
798.0,171719.0,27.6622718,419024210.0,4190.0,4190,0419024210,Computer Science and Engineering,M.D. Yergude Memorial Shikshan Prasarak Mandal S Shri Sai College Of Engineering Technology Bhadrawati,Fully Mapped
799.0,183839.0,11.047683,419235610.0,4192.0,4192,0419235610,Electrical Engg[Electronics and Power],Maitraya Education Society Nagarjuna Institute Of Engineering Technology Management Nagpur,Fully Mapped
800.0,56647.0,49.2543008,419224210.0,4192.0,4192,0419224210,Computer Science and Engineering,Maitraya Education Society Nagarjuna Institute Of Engineering Technology Management Nagpur,Fully Mapped
801.0,74928.0,30.9483531,419291110.0,4192.0,4192,0419291110,Computer Science and Engineering(Artificial Intelligence and Machine Learning),Maitraya Education Society Nagarjuna Institute Of Engineering Technology Management Nagpur,Fully Mapped
802.0,63347.0,43.02146,419391210.0,4193.0,4193,0419391210,Computer Science and Engineering(Data Science),K.D.M. Education Society Vidharbha Institute Of Technology Umred Road Nagpur,Fully Mapped
803.0,164503.0,35.6703287,419329310.0,4193.0,4193,0419329310,Electrical Engineering,K.D.M. Education Society Vidharbha Institute Of Technology Umred Road Nagpur,Fully Mapped
804.0,173966.0,24.7657909,419361210.0,4193.0,4193,0419361210,Mechanical Engineering,K.D.M. Education Society Vidharbha Institute Of Technology Umred Road Nagpur,Fully Mapped
805.0,52299.0,53.0111146,419391110.0,4193.0,4193,0419391110,Computer Science and Engineering(Artificial Intelligence and Machine Learning),K.D.M. Education Society Vidharbha Institute Of Technology Umred Road Nagpur,Fully Mapped
806.0,37980.0,64.905018,419324210.0,4193.0,4193,0419324210,Computer Science and Engineering,K.D.M. Education Society Vidharbha Institute Of Technology Umred Road Nagpur,Fully Mapped
807.0,70516.0,36.0468249,419337010.0,4193.0,4193,0419337010,Electronics and Communication Engineering,K.D.M. Education Society Vidharbha Institute Of Technology Umred Road Nagpur,Fully Mapped
808.0,58890.0,47.3676202,419691010.0,4196.0,4196,0419691010,Computer Science and Engineering(Cyber Security),Gurunanak Educational Society S Gurunanak Institute Of Technology Nagpur,Fully Mapped
809.0,79885.0,24.3000585,419637210.0,4196.0,4196,0419637210,Electronics and Telecommunication Engg,Gurunanak Educational Society S Gurunanak Institute Of Technology Nagpur,Fully Mapped
810.0,70548.0,36.0468249,419692110.0,4196.0,4196,0419692110,Artificial Intelligence and Machine Learning,Gurunanak Educational Society S Gurunanak Institute Of Technology Nagpur,Fully Mapped
811.0,47279.0,57.3240008,419624210.0,4196.0,4196,0419624210,Computer Science and Engineering,Gurunanak Educational Society S Gurunanak Institute Of Technology Nagpur,Fully Mapped
812.0,69428.0,37.1033368,419691210.0,4196.0,4196,0419691210,Computer Science and Engineering(Data Science),Gurunanak Educational Society S Gurunanak Institute Of Technology Nagpur,Fully Mapped
813.0,187435.0,4.8593455,419619110.0,4196.0,4196,0419619110,Civil Engineering,Gurunanak Educational Society S Gurunanak Institute Of Technology Nagpur,Fully Mapped
814.0,153404.0,46.5102928,419724210.0,4197.0,4197,0419724210,Computer Science and Engineering,Jai Mahakali Shikshan Sanstha Agnihotri College Of Engineering Sindhi(Meghe),Fully Mapped
815.0,183817.0,11.387767,419737010.0,4197.0,4197,0419737010,Electronics and Communication Engineering,Jai Mahakali Shikshan Sanstha Agnihotri College Of Engineering Sindhi(Meghe),Fully Mapped
816.0,182793.0,12.6135136,419729310.0,4197.0,4197,0419729310,Electrical Engineering,Jai Mahakali Shikshan Sanstha Agnihotri College Of Engineering Sindhi(Meghe),Fully Mapped
817.0,186786.0,6.0443251,428529310.0,4285.0,4285,0428529310,Electrical Engineering,V M Institute Of Engineering And Technology Dongargaon Nagpur,Fully Mapped
818.0,63900.0,42.551712,428519110.0,4285.0,4285,0428519110,Civil Engineering,V M Institute Of Engineering And Technology Dongargaon Nagpur,Fully Mapped
819.0,66630.0,40.0084975,428524610.0,4285.0,4285,0428524610,Information Technology,V M Institute Of Engineering And Technology Dongargaon Nagpur,Fully Mapped
820.0,167819.0,32.0977394,430224510.0,4302.0,4302,0430224510,Computer Engineering,Gondia Education Society S Manoharbhai Patel Institute Of Engineering Technology Shahapur Bhandara,Fully Mapped
821.0,187242.0,5.0033245,430261210.0,4302.0,4302,0430261210,Mechanical Engineering,Gondia Education Society S Manoharbhai Patel Institute Of Engineering Technology Shahapur Bhandara,Fully Mapped
822.0,188471.0,2.4419751,430219110.0,4302.0,4302,0430219110,Civil Engineering,Gondia Education Society S Manoharbhai Patel Institute Of Engineering Technology Shahapur Bhandara,Fully Mapped
826.0,59492.0,46.6555544,461326510.0,4613.0,4613,0461326510,Industrial IoT,Suryodaya College Of Engineering Technology Nagpur,Fully Mapped
827.0,81837.0,21.6377935,461361210.0,4613.0,4613,0461361210,Mechanical Engineering,Suryodaya College Of Engineering Technology Nagpur,Fully Mapped
828.0,47323.0,57.3147779,461391210.0,4613.0,4613,0461391210,Computer Science and Engineering(Data Science),Suryodaya College Of Engineering Technology Nagpur,Fully Mapped
829.0,59622.0,46.5681292,461337210.0,4613.0,4613,0461337210,Electronics and Telecommunication Engg,Suryodaya College Of Engineering Technology Nagpur,Fully Mapped
830.0,46527.0,57.8069025,461324510.0,4613.0,4613,0461324510,Computer Engineering,Suryodaya College Of Engineering Technology Nagpur,Fully Mapped
831.0,73612.0,32.6240189,461329310.0,4613.0,4613,0461329310,Electrical Engineering,Suryodaya College Of Engineering Technology Nagpur,Fully Mapped
832.0,78131.0,26.9375191,461319110.0,4613.0,4613,0461319110,Civil Engineering,Suryodaya College Of Engineering Technology Nagpur,Fully Mapped
833.0,88316.0,9.0713172,464824610.0,4648.0,4648,0464824610,Information Technology,R.V. Parankar College Of Engineering Technology Arvi Dist Wardha,Fully Mapped
834.0,87558.0,11.0628966,464824210.0,4648.0,4648,0464824210,Computer Science and Engineering,R.V. Parankar College Of Engineering Technology Arvi Dist Wardha,Fully Mapped
835.0,187628.0,4.3427669,464829310.0,4648.0,4648,0464829310,Electrical Engineering,R.V. Parankar College Of Engineering Technology Arvi Dist Wardha,Fully Mapped
836.0,52089.0,53.0226888,464919110.0,4649.0,4649,0464919110,Civil Engineering,Bajaj Institute Of Technology Wardha,Fully Mapped
837.0,28877.0,72.7256174,464924510.0,4649.0,4649,0464924510,Computer Engineering,Bajaj Institute Of Technology Wardha,Fully Mapped
838.0,43855.0,60.1042781,464929310.0,4649.0,4649,0464929310,Electrical Engineering,Bajaj Institute Of Technology Wardha,Fully Mapped
839.0,45347.0,58.8742611,464961210.0,4649.0,4649,0464961210,Mechanical Engineering,Bajaj Institute Of Technology Wardha,Fully Mapped
840.0,83019.0,19.9863358,467993610.0,4679.0,4679,0467993610,Fire Engineering,Karanjekar College Of Engineering Management Sakoli,Fully Mapped
841.0,165773.0,34.5790896,467924210.0,4679.0,4679,0467924210,Computer Science and Engineering,Karanjekar College Of Engineering Management Sakoli,Fully Mapped
842.0,54029.0,51.4671199,467929310.0,4679.0,4679,0467929310,Electrical Engineering,Karanjekar College Of Engineering Management Sakoli,Fully Mapped
843.0,180687.0,15.9803473,467999710.0,4679.0,4679,0467999710,Artificial Intelligence,Karanjekar College Of Engineering Management Sakoli,Fully Mapped
844.0,73631.0,32.6240189,510319110.0,5103.0,5103,0510319110,Civil Engineering,Shri Shivaji Vidya Prasarak Sanstha S Late Bapusaheb Shivaji Rao Deore College Of Engineering Dhule,Fully Mapped
845.0,70369.0,36.131373,510337610.0,5103.0,5103,0510337610,Electronics Engineering,Shri Shivaji Vidya Prasarak Sanstha S Late Bapusaheb Shivaji Rao Deore College Of Engineering Dhule,Fully Mapped
846.0,44552.0,59.6793493,510324510.0,5103.0,5103,0510324510,Computer Engineering,Shri Shivaji Vidya Prasarak Sanstha S Late Bapusaheb Shivaji Rao Deore College Of Engineering Dhule,Fully Mapped
847.0,68299.0,38.1695803,510361210.0,5103.0,5103,0510361210,Mechanical Engineering,Shri Shivaji Vidya Prasarak Sanstha S Late Bapusaheb Shivaji Rao Deore College Of Engineering Dhule,Fully Mapped
848.0,56839.0,49.2401216,510337210.0,5103.0,5103,0510337210,Electronics and Telecommunication Engg,Shri Shivaji Vidya Prasarak Sanstha S Late Bapusaheb Shivaji Rao Deore College Of Engineering Dhule,Fully Mapped
849.0,55720.0,49.8710905,510384410.0,5103.0,5103,0510384410,Electronics and Computer Engineering,Shri Shivaji Vidya Prasarak Sanstha S Late Bapusaheb Shivaji Rao Deore College Of Engineering Dhule,Fully Mapped
850.0,38372.0,64.7153175,510424510.0,5104.0,5104,0510424510,Computer Engineering,Shramsadhana Bombay Trust College Of Engineering Technology Jalgaon,Fully Mapped
851.0,64131.0,42.4493618,510450710.0,5104.0,5104,0510450710,Chemical Engineering,Shramsadhana Bombay Trust College Of Engineering Technology Jalgaon,Fully Mapped
852.0,62462.0,43.928898,510461210.0,5104.0,5104,0510461210,Mechanical Engineering,Shramsadhana Bombay Trust College Of Engineering Technology Jalgaon,Fully Mapped
853.0,46606.0,57.8061345,510437210.0,5104.0,5104,0510437210,Electronics and Telecommunication Engg,Shramsadhana Bombay Trust College Of Engineering Technology Jalgaon,Fully Mapped
854.0,68375.0,38.1372939,510429310.0,5104.0,5104,0510429310,Electrical Engineering,Shramsadhana Bombay Trust College Of Engineering Technology Jalgaon,Fully Mapped
855.0,84650.0,16.7854751,510419110.0,5104.0,5104,0510419110,Civil Engineering,Shramsadhana Bombay Trust College Of Engineering Technology Jalgaon,Fully Mapped
856.0,169638.0,30.4575002,510629310.0,5106.0,5106,0510629310,Electrical Engineering,Khandesh College Education Society S College Of Engineering And Management Jalgaon,Fully Mapped
857.0,84012.0,18.0068996,510684410.0,5106.0,5106,0510684410,Electronics and Computer Engineering,Khandesh College Education Society S College Of Engineering And Management Jalgaon,Fully Mapped
858.0,58961.0,46.8430082,510691210.0,5106.0,5106,0510691210,Computer Science and Engineering(Data Science),Khandesh College Education Society S College Of Engineering And Management Jalgaon,Fully Mapped
859.0,189005.0,1.4065109,510661210.0,5106.0,5106,0510661210,Mechanical Engineering,Khandesh College Education Society S College Of Engineering And Management Jalgaon,Fully Mapped
860.0,53445.0,52.0362075,510624510.0,5106.0,5106,0510624510,Computer Engineering,Khandesh College Education Society S College Of Engineering And Management Jalgaon,Fully Mapped
861.0,27480.0,73.7627293,510824610.0,5108.0,5108,0510824610,Information Technology,Maratha Vidya Prasarak Samaj S Karmaveer Adv. Baburao Ganpatrao Thakare College Of Engineering Nashik,Fully Mapped
862.0,50731.0,54.3784475,510819110.0,5108.0,5108,0510819110,Civil Engineering,Maratha Vidya Prasarak Samaj S Karmaveer Adv. Baburao Ganpatrao Thakare College Of Engineering Nashik,Fully Mapped
863.0,31921.0,70.1399487,510837210.0,5108.0,5108,0510837210,Electronics and Telecommunication Engg,Maratha Vidya Prasarak Samaj S Karmaveer Adv. Baburao Ganpatrao Thakare College Of Engineering Nashik,Fully Mapped
864.0,28937.0,72.6699075,510826310.0,5108.0,5108,0510826310,Artificial Intelligence (AI) and Data Science,Maratha Vidya Prasarak Samaj S Karmaveer Adv. Baburao Ganpatrao Thakare College Of Engineering Nashik,Fully Mapped
865.0,24370.0,76.4636614,510824510.0,5108.0,5108,0510824510,Computer Engineering,Maratha Vidya Prasarak Samaj S Karmaveer Adv. Baburao Ganpatrao Thakare College Of Engineering Nashik,Fully Mapped
866.0,45167.0,59.1550456,510846410.0,5108.0,5108,0510846410,Instrumentation and Control Engineering,Maratha Vidya Prasarak Samaj S Karmaveer Adv. Baburao Ganpatrao Thakare College Of Engineering Nashik,Fully Mapped
867.0,48419.0,56.2873843,510861210.0,5108.0,5108,0510861210,Mechanical Engineering,Maratha Vidya Prasarak Samaj S Karmaveer Adv. Baburao Ganpatrao Thakare College Of Engineering Nashik,Fully Mapped
868.0,41042.0,62.3601588,510829310.0,5108.0,5108,0510829310,Electrical Engineering,Maratha Vidya Prasarak Samaj S Karmaveer Adv. Baburao Ganpatrao Thakare College Of Engineering Nashik,Fully Mapped
869.0,37946.0,64.978915,510992110.0,5109.0,5109,0510992110,Artificial Intelligence and Machine Learning,Sandip Foundation Sandip Institute Of Technology And Research Centre Mahiravani Nashik,Fully Mapped
870.0,55964.0,49.8111979,510991610.0,5109.0,5109,0510991610,Automation and Robotics,Sandip Foundation Sandip Institute Of Technology And Research Centre Mahiravani Nashik,Fully Mapped
871.0,55396.0,50.1654969,510929310.0,5109.0,5109,0510929310,Electrical Engineering,Sandip Foundation Sandip Institute Of Technology And Research Centre Mahiravani Nashik,Fully Mapped
872.0,32353.0,69.7145887,510924510.0,5109.0,5109,0510924510,Computer Engineering,Sandip Foundation Sandip Institute Of Technology And Research Centre Mahiravani Nashik,Fully Mapped
873.0,33402.0,68.8362969,510999510.0,5109.0,5109,0510999510,Artificial Intelligence and Data Science,Sandip Foundation Sandip Institute Of Technology And Research Centre Mahiravani Nashik,Fully Mapped
874.0,34036.0,68.2394281,510924610.0,5109.0,5109,0510924610,Information Technology,Sandip Foundation Sandip Institute Of Technology And Research Centre Mahiravani Nashik,Fully Mapped
875.0,28250.0,73.133099,510956610.0,5109.0,5109,0510956610,Computer Science,Sandip Foundation Sandip Institute Of Technology And Research Centre Mahiravani Nashik,Fully Mapped
876.0,38532.0,64.4404871,510937210.0,5109.0,5109,0510937210,Electronics and Telecommunication Engg,Sandip Foundation Sandip Institute Of Technology And Research Centre Mahiravani Nashik,Fully Mapped
877.0,69110.0,37.6039393,510919110.0,5109.0,5109,0510919110,Civil Engineering,Sandip Foundation Sandip Institute Of Technology And Research Centre Mahiravani Nashik,Fully Mapped
878.0,62301.0,44.050881,510961210.0,5109.0,5109,0510961210,Mechanical Engineering,Sandip Foundation Sandip Institute Of Technology And Research Centre Mahiravani Nashik,Fully Mapped
879.0,12953.0,86.8609531,512124610.0,5121.0,5121,0512124610,Information Technology,K. K. Wagh Institute Of Engineering Education And Research Nashik,Fully Mapped
880.0,25950.0,75.1739746,512121910.0,5121.0,5121,0512121910,Robotics and Automation,K. K. Wagh Institute Of Engineering Education And Research Nashik,Fully Mapped
881.0,34257.0,68.1212955,512161210.0,5121.0,5121,0512161210,Mechanical Engineering,K. K. Wagh Institute Of Engineering Education And Research Nashik,Fully Mapped
882.0,17672.0,82.6064894,512137210.0,5121.0,5121,0512137210,Electronics and Telecommunication Engg,K. K. Wagh Institute Of Engineering Education And Research Nashik,Fully Mapped
883.0,14483.0,85.5110299,512199510.0,5121.0,5121,0512199510,Artificial Intelligence and Data Science,K. K. Wagh Institute Of Engineering Education And Research Nashik,Fully Mapped
884.0,15970.0,84.1755688,512125710.0,5121.0,5121,0512125710,Computer Science and Design,K. K. Wagh Institute Of Engineering Education And Research Nashik,Fully Mapped
885.0,40654.0,62.744513,512150710.0,5121.0,5121,0512150710,Chemical Engineering,K. K. Wagh Institute Of Engineering Education And Research Nashik,Fully Mapped
886.0,40372.0,62.8786263,512119110.0,5121.0,5121,0512119110,Civil Engineering,K. K. Wagh Institute Of Engineering Education And Research Nashik,Fully Mapped
887.0,29625.0,72.0547535,512129310.0,5121.0,5121,0512129310,Electrical Engineering,K. K. Wagh Institute Of Engineering Education And Research Nashik,Fully Mapped
888.0,10464.0,89.1917153,512124510.0,5121.0,5121,0512124510,Computer Engineering,K. K. Wagh Institute Of Engineering Education And Research Nashik,Fully Mapped
889.0,45122.0,59.1819949,512424510.0,5124.0,5124,0512424510,Computer Engineering,Jagadamba Education Soc. Nashik S S.N.D. College Of Engineering Reserch Babulgaon,Fully Mapped
890.0,83695.0,18.5486338,512462410.0,5124.0,5124,0512462410,Mechatronics Engineering,Jagadamba Education Soc. Nashik S S.N.D. College Of Engineering Reserch Babulgaon,Fully Mapped
891.0,51724.0,53.4068257,512424610.0,5124.0,5124,0512424610,Information Technology,Jagadamba Education Soc. Nashik S S.N.D. College Of Engineering Reserch Babulgaon,Fully Mapped
892.0,164339.0,35.6703287,512429310.0,5124.0,5124,0512429310,Electrical Engineering,Jagadamba Education Soc. Nashik S S.N.D. College Of Engineering Reserch Babulgaon,Fully Mapped
893.0,158508.0,42.2200941,512461210.0,5124.0,5124,0512461210,Mechanical Engineering,Jagadamba Education Soc. Nashik S S.N.D. College Of Engineering Reserch Babulgaon,Fully Mapped
894.0,169815.0,30.3265615,512419110.0,5124.0,5124,0512419110,Civil Engineering,Jagadamba Education Soc. Nashik S S.N.D. College Of Engineering Reserch Babulgaon,Fully Mapped
895.0,78604.0,26.308509,512484410.0,5124.0,5124,0512484410,Electronics and Computer Engineering,Jagadamba Education Soc. Nashik S S.N.D. College Of Engineering Reserch Babulgaon,Fully Mapped
896.0,52083.0,53.0226888,512524610.0,5125.0,5125,0512524610,Information Technology,Pravara Rural Education Society S Sir Visvesvaraya Institute Of Technology Chincholi Dist. Nashik,Fully Mapped
897.0,65521.0,41.0479619,512584410.0,5125.0,5125,0512584410,Electronics and Computer Engineering,Pravara Rural Education Society S Sir Visvesvaraya Institute Of Technology Chincholi Dist. Nashik,Fully Mapped
898.0,72402.0,33.6208642,512550710.0,5125.0,5125,0512550710,Chemical Engineering,Pravara Rural Education Society S Sir Visvesvaraya Institute Of Technology Chincholi Dist. Nashik,Fully Mapped
899.0,37124.0,65.640873,512524510.0,5125.0,5125,0512524510,Computer Engineering,Pravara Rural Education Society S Sir Visvesvaraya Institute Of Technology Chincholi Dist. Nashik,Fully Mapped
900.0,51510.0,53.5662784,513024510.0,5130.0,5130,0513024510,Computer Engineering,Brahma Valley College Of Engineering Research Trimbakeshwar Nashik,Fully Mapped
901.0,177212.0,21.0368242,513019110.0,5130.0,5130,0513019110,Civil Engineering,Brahma Valley College Of Engineering Research Trimbakeshwar Nashik,Fully Mapped
902.0,164085.0,36.2134011,513029310.0,5130.0,5130,0513029310,Electrical Engineering,Brahma Valley College Of Engineering Research Trimbakeshwar Nashik,Fully Mapped
903.0,188612.0,2.3525003,513061210.0,5130.0,5130,0513061210,Mechanical Engineering,Brahma Valley College Of Engineering Research Trimbakeshwar Nashik,Fully Mapped
904.0,52378.0,52.9715081,513961210.0,5139.0,5139,0513961210,Mechanical Engineering,Pravara Rural College Of Engineering Loni Pravaranagar Ahmednagar.,Fully Mapped
905.0,34868.0,67.5095821,513999510.0,5139.0,5139,0513999510,Artificial Intelligence and Data Science,Pravara Rural College Of Engineering Loni Pravaranagar Ahmednagar.,Fully Mapped
906.0,52318.0,52.9946164,513991610.0,5139.0,5139,0513991610,Automation and Robotics,Pravara Rural College Of Engineering Loni Pravaranagar Ahmednagar.,Fully Mapped
907.0,43406.0,60.57336,513937210.0,5139.0,5139,0513937210,Electronics and Telecommunication Engg,Pravara Rural College Of Engineering Loni Pravaranagar Ahmednagar.,Fully Mapped
908.0,64900.0,41.7350505,513946410.0,5139.0,5139,0513946410,Instrumentation and Control Engineering,Pravara Rural College Of Engineering Loni Pravaranagar Ahmednagar.,Fully Mapped
909.0,62856.0,43.5597145,513950710.0,5139.0,5139,0513950710,Chemical Engineering,Pravara Rural College Of Engineering Loni Pravaranagar Ahmednagar.,Fully Mapped
910.0,64866.0,41.7350505,513919110.0,5139.0,5139,0513919110,Civil Engineering,Pravara Rural College Of Engineering Loni Pravaranagar Ahmednagar.,Fully Mapped
911.0,36669.0,66.0357656,513924610.0,5139.0,5139,0513924610,Information Technology,Pravara Rural College Of Engineering Loni Pravaranagar Ahmednagar.,Fully Mapped
912.0,43112.0,60.8949481,513984410.0,5139.0,5139,0513984410,Electronics and Computer Engineering,Pravara Rural College Of Engineering Loni Pravaranagar Ahmednagar.,Fully Mapped
913.0,30995.0,70.8363852,513924510.0,5139.0,5139,0513924510,Computer Engineering,Pravara Rural College Of Engineering Loni Pravaranagar Ahmednagar.,Fully Mapped
914.0,44668.0,59.5678435,515129310.0,5151.0,5151,0515129310,Electrical Engineering,Met Bhujbal Knowledge City Met League S Engineering College Adgaon Nashik.,Fully Mapped
915.0,25984.0,75.1712957,515199510.0,5151.0,5151,0515199510,Artificial Intelligence and Data Science,Met Bhujbal Knowledge City Met League S Engineering College Adgaon Nashik.,Fully Mapped
916.0,34588.0,67.8308824,515137210.0,5151.0,5151,0515137210,Electronics and Telecommunication Engg,Met Bhujbal Knowledge City Met League S Engineering College Adgaon Nashik.,Fully Mapped
917.0,52859.0,52.4962805,515119110.0,5151.0,5151,0515119110,Civil Engineering,Met Bhujbal Knowledge City Met League S Engineering College Adgaon Nashik.,Fully Mapped
918.0,50964.0,54.2765449,515161210.0,5151.0,5151,0515161210,Mechanical Engineering,Met Bhujbal Knowledge City Met League S Engineering College Adgaon Nashik.,Fully Mapped
919.0,24118.0,76.7599056,515124510.0,5151.0,5151,0515124510,Computer Engineering,Met Bhujbal Knowledge City Met League S Engineering College Adgaon Nashik.,Fully Mapped
920.0,24455.0,76.4471767,515124610.0,5151.0,5151,0515124610,Information Technology,Met Bhujbal Knowledge City Met League S Engineering College Adgaon Nashik.,Fully Mapped
921.0,32763.0,69.4141317,515291310.0,5152.0,5152,0515291310,Computer Science and Engineering (Artificial Intelligence),G H Raisoni College Of Engineering And Management Jalgaon,Fully Mapped
922.0,69866.0,36.6180714,515219110.0,5152.0,5152,0515219110,Civil Engineering,G H Raisoni College Of Engineering And Management Jalgaon,Fully Mapped
923.0,64154.0,42.4493618,515261210.0,5152.0,5152,0515261210,Mechanical Engineering,G H Raisoni College Of Engineering And Management Jalgaon,Fully Mapped
924.0,55372.0,50.2204774,515229310.0,5152.0,5152,0515229310,Electrical Engineering,G H Raisoni College Of Engineering And Management Jalgaon,Fully Mapped
925.0,44949.0,59.2301802,515237210.0,5152.0,5152,0515237210,Electronics and Telecommunication Engg,G H Raisoni College Of Engineering And Management Jalgaon,Fully Mapped
926.0,27492.0,73.7627293,515224210.0,5152.0,5152,0515224210,Computer Science and Engineering,G H Raisoni College Of Engineering And Management Jalgaon,Fully Mapped
927.0,35630.0,66.9185014,515224610.0,5152.0,5152,0515224610,Information Technology,G H Raisoni College Of Engineering And Management Jalgaon,Fully Mapped
928.0,35301.0,67.1469863,515291110.0,5152.0,5152,0515291110,Computer Science and Engineering(Artificial Intelligence and Machine Learning),G H Raisoni College Of Engineering And Management Jalgaon,Fully Mapped
929.0,32123.0,69.8655117,515291210.0,5152.0,5152,0515291210,Computer Science and Engineering(Data Science),G H Raisoni College Of Engineering And Management Jalgaon,Fully Mapped
930.0,33644.0,68.6174754,516029310.0,5160.0,5160,0516029310,Electrical Engineering,Sanjivani Rural Education Society S Sanjivani College Of Engineering Kopargaon,Fully Mapped
931.0,55854.0,49.8142964,516091510.0,5160.0,5160,0516091510,Structural Engineering,Sanjivani Rural Education Society S Sanjivani College Of Engineering Kopargaon,Fully Mapped
932.0,35940.0,66.6376422,516061210.0,5160.0,5160,0516061210,Mechanical Engineering,Sanjivani Rural Education Society S Sanjivani College Of Engineering Kopargaon,Fully Mapped
933.0,19248.0,81.1580882,516024610.0,5160.0,5160,0516024610,Information Technology,Sanjivani Rural Education Society S Sanjivani College Of Engineering Kopargaon,Fully Mapped
934.0,14822.0,85.2005235,516024510.0,5160.0,5160,0516024510,Computer Engineering,Sanjivani Rural Education Society S Sanjivani College Of Engineering Kopargaon,Fully Mapped
935.0,21792.0,78.9149832,516084410.0,5160.0,5160,0516084410,Electronics and Computer Engineering,Sanjivani Rural Education Society S Sanjivani College Of Engineering Kopargaon,Fully Mapped
936.0,55155.0,50.5250721,516019110.0,5160.0,5160,0516019110,Civil Engineering,Sanjivani Rural Education Society S Sanjivani College Of Engineering Kopargaon,Fully Mapped
937.0,28762.0,72.7256174,516062410.0,5160.0,5160,0516062410,Mechatronics Engineering,Sanjivani Rural Education Society S Sanjivani College Of Engineering Kopargaon,Fully Mapped
938.0,176650.0,21.472809,516137810.0,5161.0,5161,0516137810,Electronics Engineering ( VLSI Design and Technology),Dr. Vithalrao Vikhe Patil College Of Engineering Ahmednagar,Fully Mapped
939.0,71269.0,34.9375047,516129310.0,5161.0,5161,0516129310,Electrical Engineering,Dr. Vithalrao Vikhe Patil College Of Engineering Ahmednagar,Fully Mapped
940.0,72938.0,33.2232604,516161210.0,5161.0,5161,0516161210,Mechanical Engineering,Dr. Vithalrao Vikhe Patil College Of Engineering Ahmednagar,Fully Mapped
941.0,52100.0,53.0226888,516125710.0,5161.0,5161,0516125710,Computer Science and Design,Dr. Vithalrao Vikhe Patil College Of Engineering Ahmednagar,Fully Mapped
942.0,36192.0,66.3978839,516124510.0,5161.0,5161,0516124510,Computer Engineering,Dr. Vithalrao Vikhe Patil College Of Engineering Ahmednagar,Fully Mapped
943.0,46401.0,57.9935072,516137210.0,5161.0,5161,0516137210,Electronics and Telecommunication Engg,Dr. Vithalrao Vikhe Patil College Of Engineering Ahmednagar,Fully Mapped
944.0,41227.0,62.2823599,516124610.0,5161.0,5161,0516124610,Information Technology,Dr. Vithalrao Vikhe Patil College Of Engineering Ahmednagar,Fully Mapped
945.0,46510.0,57.8069025,516199510.0,5161.0,5161,0516199510,Artificial Intelligence and Data Science,Dr. Vithalrao Vikhe Patil College Of Engineering Ahmednagar,Fully Mapped
946.0,84648.0,16.7854751,516119110.0,5161.0,5161,0516119110,Civil Engineering,Dr. Vithalrao Vikhe Patil College Of Engineering Ahmednagar,Fully Mapped
947.0,42143.0,61.524704,516291610.0,5162.0,5162,0516291610,Automation and Robotics,Amrutvahini Sheti Shikshan Vikas Sanstha S Amrutvahini College Of Engineering Sangamner,Fully Mapped
948.0,42444.0,61.2790648,516261210.0,5162.0,5162,0516261210,Mechanical Engineering,Amrutvahini Sheti Shikshan Vikas Sanstha S Amrutvahini College Of Engineering Sangamner,Fully Mapped
949.0,22238.0,78.4959203,516224610.0,5162.0,5162,0516224610,Information Technology,Amrutvahini Sheti Shikshan Vikas Sanstha S Amrutvahini College Of Engineering Sangamner,Fully Mapped
950.0,31795.0,70.2057789,516237210.0,5162.0,5162,0516237210,Electronics and Telecommunication Engg,Amrutvahini Sheti Shikshan Vikas Sanstha S Amrutvahini College Of Engineering Sangamner,Fully Mapped
951.0,18212.0,82.1733811,516224510.0,5162.0,5162,0516224510,Computer Engineering,Amrutvahini Sheti Shikshan Vikas Sanstha S Amrutvahini College Of Engineering Sangamner,Fully Mapped
952.0,28355.0,72.9923375,516299510.0,5162.0,5162,0516299510,Artificial Intelligence and Data Science,Amrutvahini Sheti Shikshan Vikas Sanstha S Amrutvahini College Of Engineering Sangamner,Fully Mapped
953.0,57216.0,48.6301306,516219110.0,5162.0,5162,0516219110,Civil Engineering,Amrutvahini Sheti Shikshan Vikas Sanstha S Amrutvahini College Of Engineering Sangamner,Fully Mapped
954.0,41095.0,62.3601588,516229310.0,5162.0,5162,0516229310,Electrical Engineering,Amrutvahini Sheti Shikshan Vikas Sanstha S Amrutvahini College Of Engineering Sangamner,Fully Mapped
955.0,31006.0,70.8363852,516284410.0,5162.0,5162,0516284410,Electronics and Computer Engineering,Amrutvahini Sheti Shikshan Vikas Sanstha S Amrutvahini College Of Engineering Sangamner,Fully Mapped
956.0,158886.0,41.8427081,516429310.0,5164.0,5164,0516429310,Electrical Engineering,P.S.G.V.P. Mandal S D.N. Patel College Of Engineering Shahada Dist. Nandurbar,Fully Mapped
957.0,79301.0,25.200015,516437210.0,5164.0,5164,0516437210,Electronics and Telecommunication Engg,P.S.G.V.P. Mandal S D.N. Patel College Of Engineering Shahada Dist. Nandurbar,Fully Mapped
958.0,86155.0,14.0892338,516446610.0,5164.0,5164,0516446610,Instrumentation Engineering,P.S.G.V.P. Mandal S D.N. Patel College Of Engineering Shahada Dist. Nandurbar,Fully Mapped
959.0,187625.0,4.3427669,516461210.0,5164.0,5164,0516461210,Mechanical Engineering,P.S.G.V.P. Mandal S D.N. Patel College Of Engineering Shahada Dist. Nandurbar,Fully Mapped
960.0,39786.0,63.4720353,516424510.0,5164.0,5164,0516424510,Computer Engineering,P.S.G.V.P. Mandal S D.N. Patel College Of Engineering Shahada Dist. Nandurbar,Fully Mapped
961.0,88595.0,8.3109763,516419110.0,5164.0,5164,0516419110,Civil Engineering,P.S.G.V.P. Mandal S D.N. Patel College Of Engineering Shahada Dist. Nandurbar,Fully Mapped
962.0,71393.0,34.7551904,516824510.0,5168.0,5168,0516824510,Computer Engineering,T.M.E. Society S J.T.Mahajan College Of Engineering Faizpur,Fully Mapped
963.0,174765.0,24.0471793,516837210.0,5168.0,5168,0516837210,Electronics and Telecommunication Engg,T.M.E. Society S J.T.Mahajan College Of Engineering Faizpur,Fully Mapped
964.0,182595.0,13.0626183,516929310.0,5169.0,5169,0516929310,Electrical Engineering,Nagaon Education Society S Gangamai College Of Engineering Nagaon Tal Dist Dhule,Fully Mapped
965.0,145185.0,54.0550229,516919110.0,5169.0,5169,0516919110,Civil Engineering,Nagaon Education Society S Gangamai College Of Engineering Nagaon Tal Dist Dhule,Fully Mapped
966.0,189045.0,1.3269101,516961210.0,5169.0,5169,0516961210,Mechanical Engineering,Nagaon Education Society S Gangamai College Of Engineering Nagaon Tal Dist Dhule,Fully Mapped
967.0,70352.0,36.131373,516924510.0,5169.0,5169,0516924510,Computer Engineering,Nagaon Education Society S Gangamai College Of Engineering Nagaon Tal Dist Dhule,Fully Mapped
968.0,90614.0,1.7683837,516937210.0,5169.0,5169,0516937210,Electronics and Telecommunication Engg,Nagaon Education Society S Gangamai College Of Engineering Nagaon Tal Dist Dhule,Fully Mapped
969.0,76910.0,28.4639143,517091210.0,5170.0,5170,0517091210,Computer Science and Engineering(Data Science),Hindi Seva Mandal S Shri Sant Gadgebaba College Of Engineering Technology Bhusawal,Fully Mapped
970.0,72471.0,33.5699354,517024210.0,5170.0,5170,0517024210,Computer Science and Engineering,Hindi Seva Mandal S Shri Sant Gadgebaba College Of Engineering Technology Bhusawal,Fully Mapped
971.0,80511.0,23.7322411,517084410.0,5170.0,5170,0517084410,Electronics and Computer Engineering,Hindi Seva Mandal S Shri Sant Gadgebaba College Of Engineering Technology Bhusawal,Fully Mapped
972.0,79051.0,25.5853094,517037210.0,5170.0,5170,0517037210,Electronics and Telecommunication Engg,Hindi Seva Mandal S Shri Sant Gadgebaba College Of Engineering Technology Bhusawal,Fully Mapped
973.0,189100.0,1.1972353,517029310.0,5170.0,5170,0517029310,Electrical Engineering,Hindi Seva Mandal S Shri Sant Gadgebaba College Of Engineering Technology Bhusawal,Fully Mapped
974.0,178615.0,18.7034184,517019110.0,5170.0,5170,0517019110,Civil Engineering,Hindi Seva Mandal S Shri Sant Gadgebaba College Of Engineering Technology Bhusawal,Fully Mapped
975.0,178570.0,18.7034184,517129310.0,5171.0,5171,0517129310,Electrical Engineering,Godavari Foundation S Godavari College Of Engineering Jalgaon,Fully Mapped
976.0,74777.0,31.0231213,517137210.0,5171.0,5171,0517137210,Electronics and Telecommunication Engg,Godavari Foundation S Godavari College Of Engineering Jalgaon,Fully Mapped
977.0,56379.0,49.3963053,517124510.0,5171.0,5171,0517124510,Computer Engineering,Godavari Foundation S Godavari College Of Engineering Jalgaon,Fully Mapped
978.0,63097.0,43.4350639,517126310.0,5171.0,5171,0517126310,Artificial Intelligence (AI) and Data Science,Godavari Foundation S Godavari College Of Engineering Jalgaon,Fully Mapped
979.0,35859.0,66.6655105,517219110.0,5172.0,5172,0517219110,Civil Engineering,R. C. Patel Institute Of Technology Shirpur,Fully Mapped
980.0,30929.0,70.864798,517229310.0,5172.0,5172,0517229310,Electrical Engineering,R. C. Patel Institute Of Technology Shirpur,Fully Mapped
981.0,19324.0,81.1206661,517224510.0,5172.0,5172,0517224510,Computer Engineering,R. C. Patel Institute Of Technology Shirpur,Fully Mapped
982.0,23402.0,77.4599403,517224610.0,5172.0,5172,0517224610,Information Technology,R. C. Patel Institute Of Technology Shirpur,Fully Mapped
983.0,24432.0,76.4471767,517292110.0,5172.0,5172,0517292110,Artificial Intelligence and Machine Learning,R. C. Patel Institute Of Technology Shirpur,Fully Mapped
984.0,35978.0,66.6376422,517261210.0,5172.0,5172,0517261210,Mechanical Engineering,R. C. Patel Institute Of Technology Shirpur,Fully Mapped
985.0,22886.0,77.8322522,517291210.0,5172.0,5172,0517291210,Computer Science and Engineering(Data Science),R. C. Patel Institute Of Technology Shirpur,Fully Mapped
986.0,21764.0,78.9149832,517299510.0,5172.0,5172,0517299510,Artificial Intelligence and Data Science,R. C. Patel Institute Of Technology Shirpur,Fully Mapped
987.0,28044.0,73.3320946,517237210.0,5172.0,5172,0517237210,Electronics and Telecommunication Engg,R. C. Patel Institute Of Technology Shirpur,Fully Mapped
988.0,45787.0,58.5764923,517361210.0,5173.0,5173,0517361210,Mechanical Engineering,Snjb S Late Sau. Kantabai Bhavarlalji Jain College Of Engineering (Jain Gurukul) Neminagar Chandwad (Nashik),Fully Mapped
989.0,29752.0,71.8775001,517324510.0,5173.0,5173,0517324510,Computer Engineering,Snjb S Late Sau. Kantabai Bhavarlalji Jain College Of Engineering (Jain Gurukul) Neminagar Chandwad (Nashik),Fully Mapped
990.0,32044.0,69.9483766,517399510.0,5173.0,5173,0517399510,Artificial Intelligence and Data Science,Snjb S Late Sau. Kantabai Bhavarlalji Jain College Of Engineering (Jain Gurukul) Neminagar Chandwad (Nashik),Fully Mapped
991.0,49944.0,55.0466064,517319110.0,5173.0,5173,0517319110,Civil Engineering,Snjb S Late Sau. Kantabai Bhavarlalji Jain College Of Engineering (Jain Gurukul) Neminagar Chandwad (Nashik),Fully Mapped
992.0,35795.0,66.6655105,517337210.0,5173.0,5173,0517337210,Electronics and Telecommunication Engg,Snjb S Late Sau. Kantabai Bhavarlalji Jain College Of Engineering (Jain Gurukul) Neminagar Chandwad (Nashik),Fully Mapped
993.0,86404.0,13.5512762,517719110.0,5177.0,5177,0517719110,Civil Engineering,Matoshri College Of Engineering And Research Centre Eklahare Nashik,Fully Mapped
994.0,40315.0,62.9605616,517724510.0,5177.0,5177,0517724510,Computer Engineering,Matoshri College Of Engineering And Research Centre Eklahare Nashik,Fully Mapped
995.0,47493.0,57.3011125,517737210.0,5177.0,5177,0517737210,Electronics and Telecommunication Engg,Matoshri College Of Engineering And Research Centre Eklahare Nashik,Fully Mapped
996.0,65673.0,40.9215197,517729310.0,5177.0,5177,0517729310,Electrical Engineering,Matoshri College Of Engineering And Research Centre Eklahare Nashik,Fully Mapped
997.0,72931.0,33.2232604,517761210.0,5177.0,5177,0517761210,Mechanical Engineering,Matoshri College Of Engineering And Research Centre Eklahare Nashik,Fully Mapped
998.0,45656.0,58.6258093,517799510.0,5177.0,5177,0517799510,Artificial Intelligence and Data Science,Matoshri College Of Engineering And Research Centre Eklahare Nashik,Fully Mapped
999.0,58904.0,47.3497393,517784410.0,5177.0,5177,0517784410,Electronics and Computer Engineering,Matoshri College Of Engineering And Research Centre Eklahare Nashik,Fully Mapped
